step,value,metric,run
25000,1000.0,eval/mean_ep_length,ppo_hier_items200_h1000\PPO_1
50000,1000.0,eval/mean_ep_length,ppo_hier_items200_h1000\PPO_1
75000,1000.0,eval/mean_ep_length,ppo_hier_items200_h1000\PPO_1
100000,1000.0,eval/mean_ep_length,ppo_hier_items200_h1000\PPO_1
125000,1000.0,eval/mean_ep_length,ppo_hier_items200_h1000\PPO_1
150000,1000.0,eval/mean_ep_length,ppo_hier_items200_h1000\PPO_1
175000,1000.0,eval/mean_ep_length,ppo_hier_items200_h1000\PPO_1
200000,1000.0,eval/mean_ep_length,ppo_hier_items200_h1000\PPO_1
225000,1000.0,eval/mean_ep_length,ppo_hier_items200_h1000\PPO_1
250000,1000.0,eval/mean_ep_length,ppo_hier_items200_h1000\PPO_1
275000,1000.0,eval/mean_ep_length,ppo_hier_items200_h1000\PPO_1
300000,1000.0,eval/mean_ep_length,ppo_hier_items200_h1000\PPO_1
325000,1000.0,eval/mean_ep_length,ppo_hier_items200_h1000\PPO_1
350000,1000.0,eval/mean_ep_length,ppo_hier_items200_h1000\PPO_1
375000,1000.0,eval/mean_ep_length,ppo_hier_items200_h1000\PPO_1
400000,1000.0,eval/mean_ep_length,ppo_hier_items200_h1000\PPO_1
425000,1000.0,eval/mean_ep_length,ppo_hier_items200_h1000\PPO_1
450000,1000.0,eval/mean_ep_length,ppo_hier_items200_h1000\PPO_1
475000,1000.0,eval/mean_ep_length,ppo_hier_items200_h1000\PPO_1
500000,1000.0,eval/mean_ep_length,ppo_hier_items200_h1000\PPO_1
525000,1000.0,eval/mean_ep_length,ppo_hier_items200_h1000\PPO_1
550000,1000.0,eval/mean_ep_length,ppo_hier_items200_h1000\PPO_1
575000,1000.0,eval/mean_ep_length,ppo_hier_items200_h1000\PPO_1
600000,1000.0,eval/mean_ep_length,ppo_hier_items200_h1000\PPO_1
625000,1000.0,eval/mean_ep_length,ppo_hier_items200_h1000\PPO_1
650000,1000.0,eval/mean_ep_length,ppo_hier_items200_h1000\PPO_1
675000,1000.0,eval/mean_ep_length,ppo_hier_items200_h1000\PPO_1
700000,1000.0,eval/mean_ep_length,ppo_hier_items200_h1000\PPO_1
725000,1000.0,eval/mean_ep_length,ppo_hier_items200_h1000\PPO_1
750000,1000.0,eval/mean_ep_length,ppo_hier_items200_h1000\PPO_1
775000,1000.0,eval/mean_ep_length,ppo_hier_items200_h1000\PPO_1
800000,1000.0,eval/mean_ep_length,ppo_hier_items200_h1000\PPO_1
825000,1000.0,eval/mean_ep_length,ppo_hier_items200_h1000\PPO_1
850000,1000.0,eval/mean_ep_length,ppo_hier_items200_h1000\PPO_1
875000,1000.0,eval/mean_ep_length,ppo_hier_items200_h1000\PPO_1
900000,1000.0,eval/mean_ep_length,ppo_hier_items200_h1000\PPO_1
925000,1000.0,eval/mean_ep_length,ppo_hier_items200_h1000\PPO_1
950000,1000.0,eval/mean_ep_length,ppo_hier_items200_h1000\PPO_1
975000,1000.0,eval/mean_ep_length,ppo_hier_items200_h1000\PPO_1
1000000,1000.0,eval/mean_ep_length,ppo_hier_items200_h1000\PPO_1
1025000,1000.0,eval/mean_ep_length,ppo_hier_items200_h1000\PPO_1
1050000,1000.0,eval/mean_ep_length,ppo_hier_items200_h1000\PPO_1
1075000,1000.0,eval/mean_ep_length,ppo_hier_items200_h1000\PPO_1
1100000,1000.0,eval/mean_ep_length,ppo_hier_items200_h1000\PPO_1
1125000,1000.0,eval/mean_ep_length,ppo_hier_items200_h1000\PPO_1
1150000,1000.0,eval/mean_ep_length,ppo_hier_items200_h1000\PPO_1
1175000,1000.0,eval/mean_ep_length,ppo_hier_items200_h1000\PPO_1
1200000,1000.0,eval/mean_ep_length,ppo_hier_items200_h1000\PPO_1
1225000,1000.0,eval/mean_ep_length,ppo_hier_items200_h1000\PPO_1
1250000,1000.0,eval/mean_ep_length,ppo_hier_items200_h1000\PPO_1
1275000,1000.0,eval/mean_ep_length,ppo_hier_items200_h1000\PPO_1
1300000,1000.0,eval/mean_ep_length,ppo_hier_items200_h1000\PPO_1
1325000,1000.0,eval/mean_ep_length,ppo_hier_items200_h1000\PPO_1
1350000,1000.0,eval/mean_ep_length,ppo_hier_items200_h1000\PPO_1
1375000,1000.0,eval/mean_ep_length,ppo_hier_items200_h1000\PPO_1
1400000,1000.0,eval/mean_ep_length,ppo_hier_items200_h1000\PPO_1
1425000,1000.0,eval/mean_ep_length,ppo_hier_items200_h1000\PPO_1
1450000,1000.0,eval/mean_ep_length,ppo_hier_items200_h1000\PPO_1
1475000,1000.0,eval/mean_ep_length,ppo_hier_items200_h1000\PPO_1
1500000,1000.0,eval/mean_ep_length,ppo_hier_items200_h1000\PPO_1
1525000,1000.0,eval/mean_ep_length,ppo_hier_items200_h1000\PPO_1
1550000,1000.0,eval/mean_ep_length,ppo_hier_items200_h1000\PPO_1
1575000,1000.0,eval/mean_ep_length,ppo_hier_items200_h1000\PPO_1
1600000,1000.0,eval/mean_ep_length,ppo_hier_items200_h1000\PPO_1
25000,-93.4898910522461,eval/mean_reward,ppo_hier_items200_h1000\PPO_1
32768,-93.4898910522461,eval/mean_reward,ppo_hier_items200_h1000\PPO_1
50000,-95.68985748291016,eval/mean_reward,ppo_hier_items200_h1000\PPO_1
65536,-95.68985748291016,eval/mean_reward,ppo_hier_items200_h1000\PPO_1
75000,-94.58987426757812,eval/mean_reward,ppo_hier_items200_h1000\PPO_1
98304,-94.58987426757812,eval/mean_reward,ppo_hier_items200_h1000\PPO_1
100000,-95.68985748291016,eval/mean_reward,ppo_hier_items200_h1000\PPO_1
125000,-95.68985748291016,eval/mean_reward,ppo_hier_items200_h1000\PPO_1
131072,-95.68985748291016,eval/mean_reward,ppo_hier_items200_h1000\PPO_1
150000,-95.68985748291016,eval/mean_reward,ppo_hier_items200_h1000\PPO_1
163840,-95.68985748291016,eval/mean_reward,ppo_hier_items200_h1000\PPO_1
175000,-95.68985748291016,eval/mean_reward,ppo_hier_items200_h1000\PPO_1
196608,-95.68985748291016,eval/mean_reward,ppo_hier_items200_h1000\PPO_1
200000,-95.68985748291016,eval/mean_reward,ppo_hier_items200_h1000\PPO_1
225000,-95.68985748291016,eval/mean_reward,ppo_hier_items200_h1000\PPO_1
229376,-95.68985748291016,eval/mean_reward,ppo_hier_items200_h1000\PPO_1
250000,-95.68985748291016,eval/mean_reward,ppo_hier_items200_h1000\PPO_1
262144,-95.68985748291016,eval/mean_reward,ppo_hier_items200_h1000\PPO_1
275000,-95.68984985351562,eval/mean_reward,ppo_hier_items200_h1000\PPO_1
294912,-95.68984985351562,eval/mean_reward,ppo_hier_items200_h1000\PPO_1
300000,-95.68985748291016,eval/mean_reward,ppo_hier_items200_h1000\PPO_1
325000,-95.68985748291016,eval/mean_reward,ppo_hier_items200_h1000\PPO_1
327680,-95.68985748291016,eval/mean_reward,ppo_hier_items200_h1000\PPO_1
350000,-95.68985748291016,eval/mean_reward,ppo_hier_items200_h1000\PPO_1
360448,-95.68985748291016,eval/mean_reward,ppo_hier_items200_h1000\PPO_1
375000,-95.68984985351562,eval/mean_reward,ppo_hier_items200_h1000\PPO_1
393216,-95.68984985351562,eval/mean_reward,ppo_hier_items200_h1000\PPO_1
400000,-95.68985748291016,eval/mean_reward,ppo_hier_items200_h1000\PPO_1
425000,-95.68985748291016,eval/mean_reward,ppo_hier_items200_h1000\PPO_1
425984,-95.68985748291016,eval/mean_reward,ppo_hier_items200_h1000\PPO_1
450000,-95.68985748291016,eval/mean_reward,ppo_hier_items200_h1000\PPO_1
458752,-95.68985748291016,eval/mean_reward,ppo_hier_items200_h1000\PPO_1
475000,-94.58987426757812,eval/mean_reward,ppo_hier_items200_h1000\PPO_1
491520,-94.58987426757812,eval/mean_reward,ppo_hier_items200_h1000\PPO_1
500000,-95.68984985351562,eval/mean_reward,ppo_hier_items200_h1000\PPO_1
524288,-95.68984985351562,eval/mean_reward,ppo_hier_items200_h1000\PPO_1
525000,-95.68984985351562,eval/mean_reward,ppo_hier_items200_h1000\PPO_1
550000,-95.68984985351562,eval/mean_reward,ppo_hier_items200_h1000\PPO_1
557056,-95.68984985351562,eval/mean_reward,ppo_hier_items200_h1000\PPO_1
575000,-95.68984985351562,eval/mean_reward,ppo_hier_items200_h1000\PPO_1
589824,-95.68984985351562,eval/mean_reward,ppo_hier_items200_h1000\PPO_1
600000,-95.68984985351562,eval/mean_reward,ppo_hier_items200_h1000\PPO_1
622592,-95.68984985351562,eval/mean_reward,ppo_hier_items200_h1000\PPO_1
625000,-95.68984985351562,eval/mean_reward,ppo_hier_items200_h1000\PPO_1
650000,-95.68984985351562,eval/mean_reward,ppo_hier_items200_h1000\PPO_1
655360,-95.68984985351562,eval/mean_reward,ppo_hier_items200_h1000\PPO_1
675000,-94.58987426757812,eval/mean_reward,ppo_hier_items200_h1000\PPO_1
688128,-94.58987426757812,eval/mean_reward,ppo_hier_items200_h1000\PPO_1
700000,-94.58987426757812,eval/mean_reward,ppo_hier_items200_h1000\PPO_1
720896,-94.58987426757812,eval/mean_reward,ppo_hier_items200_h1000\PPO_1
725000,-94.58987426757812,eval/mean_reward,ppo_hier_items200_h1000\PPO_1
750000,-94.58987426757812,eval/mean_reward,ppo_hier_items200_h1000\PPO_1
753664,-94.58987426757812,eval/mean_reward,ppo_hier_items200_h1000\PPO_1
775000,-94.58987426757812,eval/mean_reward,ppo_hier_items200_h1000\PPO_1
786432,-94.58987426757812,eval/mean_reward,ppo_hier_items200_h1000\PPO_1
800000,-93.4898910522461,eval/mean_reward,ppo_hier_items200_h1000\PPO_1
819200,-93.4898910522461,eval/mean_reward,ppo_hier_items200_h1000\PPO_1
825000,-94.58987426757812,eval/mean_reward,ppo_hier_items200_h1000\PPO_1
850000,-94.58987426757812,eval/mean_reward,ppo_hier_items200_h1000\PPO_1
851968,-94.58987426757812,eval/mean_reward,ppo_hier_items200_h1000\PPO_1
875000,-95.68984985351562,eval/mean_reward,ppo_hier_items200_h1000\PPO_1
884736,-95.68984985351562,eval/mean_reward,ppo_hier_items200_h1000\PPO_1
900000,-94.58987426757812,eval/mean_reward,ppo_hier_items200_h1000\PPO_1
917504,-94.58987426757812,eval/mean_reward,ppo_hier_items200_h1000\PPO_1
925000,-93.4898910522461,eval/mean_reward,ppo_hier_items200_h1000\PPO_1
950000,-93.4898910522461,eval/mean_reward,ppo_hier_items200_h1000\PPO_1
950272,-93.4898910522461,eval/mean_reward,ppo_hier_items200_h1000\PPO_1
975000,-93.4898910522461,eval/mean_reward,ppo_hier_items200_h1000\PPO_1
983040,-93.4898910522461,eval/mean_reward,ppo_hier_items200_h1000\PPO_1
1000000,-93.4898910522461,eval/mean_reward,ppo_hier_items200_h1000\PPO_1
1015808,-93.4898910522461,eval/mean_reward,ppo_hier_items200_h1000\PPO_1
1025000,-93.4898910522461,eval/mean_reward,ppo_hier_items200_h1000\PPO_1
1048576,-93.4898910522461,eval/mean_reward,ppo_hier_items200_h1000\PPO_1
1050000,-89.27996826171875,eval/mean_reward,ppo_hier_items200_h1000\PPO_1
1075000,-89.27996826171875,eval/mean_reward,ppo_hier_items200_h1000\PPO_1
1081344,-89.27996826171875,eval/mean_reward,ppo_hier_items200_h1000\PPO_1
1100000,-89.27996826171875,eval/mean_reward,ppo_hier_items200_h1000\PPO_1
1114112,-89.27996826171875,eval/mean_reward,ppo_hier_items200_h1000\PPO_1
1125000,-94.58987426757812,eval/mean_reward,ppo_hier_items200_h1000\PPO_1
1146880,-94.58987426757812,eval/mean_reward,ppo_hier_items200_h1000\PPO_1
1150000,-94.58987426757812,eval/mean_reward,ppo_hier_items200_h1000\PPO_1
1175000,-94.58987426757812,eval/mean_reward,ppo_hier_items200_h1000\PPO_1
1179648,-94.58987426757812,eval/mean_reward,ppo_hier_items200_h1000\PPO_1
1200000,-93.4898910522461,eval/mean_reward,ppo_hier_items200_h1000\PPO_1
1212416,-93.4898910522461,eval/mean_reward,ppo_hier_items200_h1000\PPO_1
1225000,-94.58987426757812,eval/mean_reward,ppo_hier_items200_h1000\PPO_1
1245184,-94.58987426757812,eval/mean_reward,ppo_hier_items200_h1000\PPO_1
1250000,-94.58987426757812,eval/mean_reward,ppo_hier_items200_h1000\PPO_1
1275000,-94.58987426757812,eval/mean_reward,ppo_hier_items200_h1000\PPO_1
1277952,-94.58987426757812,eval/mean_reward,ppo_hier_items200_h1000\PPO_1
1300000,-94.58987426757812,eval/mean_reward,ppo_hier_items200_h1000\PPO_1
1310720,-94.58987426757812,eval/mean_reward,ppo_hier_items200_h1000\PPO_1
1325000,-94.58987426757812,eval/mean_reward,ppo_hier_items200_h1000\PPO_1
1343488,-94.58987426757812,eval/mean_reward,ppo_hier_items200_h1000\PPO_1
1350000,-94.58987426757812,eval/mean_reward,ppo_hier_items200_h1000\PPO_1
1375000,-94.58987426757812,eval/mean_reward,ppo_hier_items200_h1000\PPO_1
1376256,-94.58987426757812,eval/mean_reward,ppo_hier_items200_h1000\PPO_1
1400000,-95.68985748291016,eval/mean_reward,ppo_hier_items200_h1000\PPO_1
1409024,-95.68985748291016,eval/mean_reward,ppo_hier_items200_h1000\PPO_1
1425000,-94.58987426757812,eval/mean_reward,ppo_hier_items200_h1000\PPO_1
1441792,-94.58987426757812,eval/mean_reward,ppo_hier_items200_h1000\PPO_1
1450000,-95.68985748291016,eval/mean_reward,ppo_hier_items200_h1000\PPO_1
1474560,-95.68985748291016,eval/mean_reward,ppo_hier_items200_h1000\PPO_1
1475000,-94.58987426757812,eval/mean_reward,ppo_hier_items200_h1000\PPO_1
1500000,-94.58987426757812,eval/mean_reward,ppo_hier_items200_h1000\PPO_1
1507328,-94.58987426757812,eval/mean_reward,ppo_hier_items200_h1000\PPO_1
1525000,-94.58987426757812,eval/mean_reward,ppo_hier_items200_h1000\PPO_1
1540096,-94.58987426757812,eval/mean_reward,ppo_hier_items200_h1000\PPO_1
1550000,-94.58987426757812,eval/mean_reward,ppo_hier_items200_h1000\PPO_1
1572864,-94.58987426757812,eval/mean_reward,ppo_hier_items200_h1000\PPO_1
1575000,-94.58987426757812,eval/mean_reward,ppo_hier_items200_h1000\PPO_1
1600000,-94.58987426757812,eval/mean_reward,ppo_hier_items200_h1000\PPO_1
1605632,-94.58987426757812,eval/mean_reward,ppo_hier_items200_h1000\PPO_1
25000,0.0,global/total_mastered,ppo_hier_items200_h1000\PPO_1
32768,0.0,global/total_mastered,ppo_hier_items200_h1000\PPO_1
50000,0.0,global/total_mastered,ppo_hier_items200_h1000\PPO_1
65536,0.0,global/total_mastered,ppo_hier_items200_h1000\PPO_1
75000,2.0,global/total_mastered,ppo_hier_items200_h1000\PPO_1
98304,2.0,global/total_mastered,ppo_hier_items200_h1000\PPO_1
100000,4.0,global/total_mastered,ppo_hier_items200_h1000\PPO_1
125000,9.0,global/total_mastered,ppo_hier_items200_h1000\PPO_1
131072,3.0,global/total_mastered,ppo_hier_items200_h1000\PPO_1
150000,25.0,global/total_mastered,ppo_hier_items200_h1000\PPO_1
163840,8.0,global/total_mastered,ppo_hier_items200_h1000\PPO_1
175000,33.0,global/total_mastered,ppo_hier_items200_h1000\PPO_1
196608,13.0,global/total_mastered,ppo_hier_items200_h1000\PPO_1
200000,46.0,global/total_mastered,ppo_hier_items200_h1000\PPO_1
225000,0.0,global/total_mastered,ppo_hier_items200_h1000\PPO_1
229376,19.0,global/total_mastered,ppo_hier_items200_h1000\PPO_1
250000,2.0,global/total_mastered,ppo_hier_items200_h1000\PPO_1
262144,21.0,global/total_mastered,ppo_hier_items200_h1000\PPO_1
275000,4.0,global/total_mastered,ppo_hier_items200_h1000\PPO_1
294912,31.0,global/total_mastered,ppo_hier_items200_h1000\PPO_1
300000,13.0,global/total_mastered,ppo_hier_items200_h1000\PPO_1
325000,20.0,global/total_mastered,ppo_hier_items200_h1000\PPO_1
327680,46.0,global/total_mastered,ppo_hier_items200_h1000\PPO_1
350000,32.0,global/total_mastered,ppo_hier_items200_h1000\PPO_1
360448,0.0,global/total_mastered,ppo_hier_items200_h1000\PPO_1
375000,45.0,global/total_mastered,ppo_hier_items200_h1000\PPO_1
393216,0.0,global/total_mastered,ppo_hier_items200_h1000\PPO_1
400000,34.0,global/total_mastered,ppo_hier_items200_h1000\PPO_1
425000,1.0,global/total_mastered,ppo_hier_items200_h1000\PPO_1
425984,1.0,global/total_mastered,ppo_hier_items200_h1000\PPO_1
450000,2.0,global/total_mastered,ppo_hier_items200_h1000\PPO_1
458752,4.0,global/total_mastered,ppo_hier_items200_h1000\PPO_1
475000,7.0,global/total_mastered,ppo_hier_items200_h1000\PPO_1
491520,10.0,global/total_mastered,ppo_hier_items200_h1000\PPO_1
500000,6.0,global/total_mastered,ppo_hier_items200_h1000\PPO_1
524288,13.0,global/total_mastered,ppo_hier_items200_h1000\PPO_1
525000,17.0,global/total_mastered,ppo_hier_items200_h1000\PPO_1
550000,24.0,global/total_mastered,ppo_hier_items200_h1000\PPO_1
557056,16.0,global/total_mastered,ppo_hier_items200_h1000\PPO_1
575000,50.0,global/total_mastered,ppo_hier_items200_h1000\PPO_1
589824,28.0,global/total_mastered,ppo_hier_items200_h1000\PPO_1
600000,71.0,global/total_mastered,ppo_hier_items200_h1000\PPO_1
622592,40.0,global/total_mastered,ppo_hier_items200_h1000\PPO_1
625000,0.0,global/total_mastered,ppo_hier_items200_h1000\PPO_1
650000,4.0,global/total_mastered,ppo_hier_items200_h1000\PPO_1
655360,54.0,global/total_mastered,ppo_hier_items200_h1000\PPO_1
675000,11.0,global/total_mastered,ppo_hier_items200_h1000\PPO_1
688128,0.0,global/total_mastered,ppo_hier_items200_h1000\PPO_1
700000,22.0,global/total_mastered,ppo_hier_items200_h1000\PPO_1
720896,1.0,global/total_mastered,ppo_hier_items200_h1000\PPO_1
725000,35.0,global/total_mastered,ppo_hier_items200_h1000\PPO_1
750000,43.0,global/total_mastered,ppo_hier_items200_h1000\PPO_1
753664,4.0,global/total_mastered,ppo_hier_items200_h1000\PPO_1
775000,68.0,global/total_mastered,ppo_hier_items200_h1000\PPO_1
786432,10.0,global/total_mastered,ppo_hier_items200_h1000\PPO_1
800000,72.0,global/total_mastered,ppo_hier_items200_h1000\PPO_1
819200,15.0,global/total_mastered,ppo_hier_items200_h1000\PPO_1
825000,0.0,global/total_mastered,ppo_hier_items200_h1000\PPO_1
850000,5.0,global/total_mastered,ppo_hier_items200_h1000\PPO_1
851968,29.0,global/total_mastered,ppo_hier_items200_h1000\PPO_1
875000,18.0,global/total_mastered,ppo_hier_items200_h1000\PPO_1
884736,34.0,global/total_mastered,ppo_hier_items200_h1000\PPO_1
900000,30.0,global/total_mastered,ppo_hier_items200_h1000\PPO_1
917504,55.0,global/total_mastered,ppo_hier_items200_h1000\PPO_1
925000,44.0,global/total_mastered,ppo_hier_items200_h1000\PPO_1
950000,61.0,global/total_mastered,ppo_hier_items200_h1000\PPO_1
950272,63.0,global/total_mastered,ppo_hier_items200_h1000\PPO_1
975000,79.0,global/total_mastered,ppo_hier_items200_h1000\PPO_1
983040,58.0,global/total_mastered,ppo_hier_items200_h1000\PPO_1
1000000,94.0,global/total_mastered,ppo_hier_items200_h1000\PPO_1
1015808,92.0,global/total_mastered,ppo_hier_items200_h1000\PPO_1
1025000,4.0,global/total_mastered,ppo_hier_items200_h1000\PPO_1
1048576,0.0,global/total_mastered,ppo_hier_items200_h1000\PPO_1
1050000,14.0,global/total_mastered,ppo_hier_items200_h1000\PPO_1
1075000,24.0,global/total_mastered,ppo_hier_items200_h1000\PPO_1
1081344,3.0,global/total_mastered,ppo_hier_items200_h1000\PPO_1
1100000,40.0,global/total_mastered,ppo_hier_items200_h1000\PPO_1
1114112,14.0,global/total_mastered,ppo_hier_items200_h1000\PPO_1
1125000,60.0,global/total_mastered,ppo_hier_items200_h1000\PPO_1
1146880,26.0,global/total_mastered,ppo_hier_items200_h1000\PPO_1
1150000,64.0,global/total_mastered,ppo_hier_items200_h1000\PPO_1
1175000,82.0,global/total_mastered,ppo_hier_items200_h1000\PPO_1
1179648,33.0,global/total_mastered,ppo_hier_items200_h1000\PPO_1
1200000,87.0,global/total_mastered,ppo_hier_items200_h1000\PPO_1
1212416,54.0,global/total_mastered,ppo_hier_items200_h1000\PPO_1
1225000,3.0,global/total_mastered,ppo_hier_items200_h1000\PPO_1
1245184,64.0,global/total_mastered,ppo_hier_items200_h1000\PPO_1
1250000,17.0,global/total_mastered,ppo_hier_items200_h1000\PPO_1
1275000,34.0,global/total_mastered,ppo_hier_items200_h1000\PPO_1
1277952,71.0,global/total_mastered,ppo_hier_items200_h1000\PPO_1
1300000,56.0,global/total_mastered,ppo_hier_items200_h1000\PPO_1
1310720,79.0,global/total_mastered,ppo_hier_items200_h1000\PPO_1
1325000,68.0,global/total_mastered,ppo_hier_items200_h1000\PPO_1
1343488,106.0,global/total_mastered,ppo_hier_items200_h1000\PPO_1
1350000,70.0,global/total_mastered,ppo_hier_items200_h1000\PPO_1
1375000,91.0,global/total_mastered,ppo_hier_items200_h1000\PPO_1
1376256,0.0,global/total_mastered,ppo_hier_items200_h1000\PPO_1
1400000,100.0,global/total_mastered,ppo_hier_items200_h1000\PPO_1
1409024,3.0,global/total_mastered,ppo_hier_items200_h1000\PPO_1
1425000,3.0,global/total_mastered,ppo_hier_items200_h1000\PPO_1
1441792,15.0,global/total_mastered,ppo_hier_items200_h1000\PPO_1
1450000,17.0,global/total_mastered,ppo_hier_items200_h1000\PPO_1
1474560,29.0,global/total_mastered,ppo_hier_items200_h1000\PPO_1
1475000,37.0,global/total_mastered,ppo_hier_items200_h1000\PPO_1
1500000,50.0,global/total_mastered,ppo_hier_items200_h1000\PPO_1
1507328,43.0,global/total_mastered,ppo_hier_items200_h1000\PPO_1
1525000,54.0,global/total_mastered,ppo_hier_items200_h1000\PPO_1
1540096,59.0,global/total_mastered,ppo_hier_items200_h1000\PPO_1
1550000,74.0,global/total_mastered,ppo_hier_items200_h1000\PPO_1
1572864,67.0,global/total_mastered,ppo_hier_items200_h1000\PPO_1
1575000,103.0,global/total_mastered,ppo_hier_items200_h1000\PPO_1
1600000,106.0,global/total_mastered,ppo_hier_items200_h1000\PPO_1
1605632,71.0,global/total_mastered,ppo_hier_items200_h1000\PPO_1
25000,1.0,group/0/avg_rolling_acc,ppo_hier_items200_h1000\PPO_1
32768,1.0,group/0/avg_rolling_acc,ppo_hier_items200_h1000\PPO_1
50000,1.0,group/0/avg_rolling_acc,ppo_hier_items200_h1000\PPO_1
65536,1.0,group/0/avg_rolling_acc,ppo_hier_items200_h1000\PPO_1
75000,1.0,group/0/avg_rolling_acc,ppo_hier_items200_h1000\PPO_1
98304,1.0,group/0/avg_rolling_acc,ppo_hier_items200_h1000\PPO_1
100000,1.0,group/0/avg_rolling_acc,ppo_hier_items200_h1000\PPO_1
125000,1.0,group/0/avg_rolling_acc,ppo_hier_items200_h1000\PPO_1
131072,1.0,group/0/avg_rolling_acc,ppo_hier_items200_h1000\PPO_1
150000,1.0,group/0/avg_rolling_acc,ppo_hier_items200_h1000\PPO_1
163840,1.0,group/0/avg_rolling_acc,ppo_hier_items200_h1000\PPO_1
175000,1.0,group/0/avg_rolling_acc,ppo_hier_items200_h1000\PPO_1
196608,1.0,group/0/avg_rolling_acc,ppo_hier_items200_h1000\PPO_1
200000,1.0,group/0/avg_rolling_acc,ppo_hier_items200_h1000\PPO_1
225000,1.0,group/0/avg_rolling_acc,ppo_hier_items200_h1000\PPO_1
229376,1.0,group/0/avg_rolling_acc,ppo_hier_items200_h1000\PPO_1
250000,1.0,group/0/avg_rolling_acc,ppo_hier_items200_h1000\PPO_1
262144,1.0,group/0/avg_rolling_acc,ppo_hier_items200_h1000\PPO_1
275000,1.0,group/0/avg_rolling_acc,ppo_hier_items200_h1000\PPO_1
294912,1.0,group/0/avg_rolling_acc,ppo_hier_items200_h1000\PPO_1
300000,0.9916666746139526,group/0/avg_rolling_acc,ppo_hier_items200_h1000\PPO_1
325000,0.9916666746139526,group/0/avg_rolling_acc,ppo_hier_items200_h1000\PPO_1
327680,1.0,group/0/avg_rolling_acc,ppo_hier_items200_h1000\PPO_1
350000,1.0,group/0/avg_rolling_acc,ppo_hier_items200_h1000\PPO_1
360448,1.0,group/0/avg_rolling_acc,ppo_hier_items200_h1000\PPO_1
375000,1.0,group/0/avg_rolling_acc,ppo_hier_items200_h1000\PPO_1
393216,1.0,group/0/avg_rolling_acc,ppo_hier_items200_h1000\PPO_1
400000,1.0,group/0/avg_rolling_acc,ppo_hier_items200_h1000\PPO_1
425000,1.0,group/0/avg_rolling_acc,ppo_hier_items200_h1000\PPO_1
425984,1.0,group/0/avg_rolling_acc,ppo_hier_items200_h1000\PPO_1
450000,1.0,group/0/avg_rolling_acc,ppo_hier_items200_h1000\PPO_1
458752,1.0,group/0/avg_rolling_acc,ppo_hier_items200_h1000\PPO_1
475000,1.0,group/0/avg_rolling_acc,ppo_hier_items200_h1000\PPO_1
491520,1.0,group/0/avg_rolling_acc,ppo_hier_items200_h1000\PPO_1
500000,1.0,group/0/avg_rolling_acc,ppo_hier_items200_h1000\PPO_1
524288,1.0,group/0/avg_rolling_acc,ppo_hier_items200_h1000\PPO_1
525000,1.0,group/0/avg_rolling_acc,ppo_hier_items200_h1000\PPO_1
550000,1.0,group/0/avg_rolling_acc,ppo_hier_items200_h1000\PPO_1
557056,1.0,group/0/avg_rolling_acc,ppo_hier_items200_h1000\PPO_1
575000,1.0,group/0/avg_rolling_acc,ppo_hier_items200_h1000\PPO_1
589824,0.9833333492279053,group/0/avg_rolling_acc,ppo_hier_items200_h1000\PPO_1
600000,1.0,group/0/avg_rolling_acc,ppo_hier_items200_h1000\PPO_1
622592,1.0,group/0/avg_rolling_acc,ppo_hier_items200_h1000\PPO_1
625000,1.0,group/0/avg_rolling_acc,ppo_hier_items200_h1000\PPO_1
650000,1.0,group/0/avg_rolling_acc,ppo_hier_items200_h1000\PPO_1
655360,1.0,group/0/avg_rolling_acc,ppo_hier_items200_h1000\PPO_1
675000,1.0,group/0/avg_rolling_acc,ppo_hier_items200_h1000\PPO_1
688128,1.0,group/0/avg_rolling_acc,ppo_hier_items200_h1000\PPO_1
700000,1.0,group/0/avg_rolling_acc,ppo_hier_items200_h1000\PPO_1
720896,1.0,group/0/avg_rolling_acc,ppo_hier_items200_h1000\PPO_1
725000,1.0,group/0/avg_rolling_acc,ppo_hier_items200_h1000\PPO_1
750000,1.0,group/0/avg_rolling_acc,ppo_hier_items200_h1000\PPO_1
753664,1.0,group/0/avg_rolling_acc,ppo_hier_items200_h1000\PPO_1
775000,0.9916666746139526,group/0/avg_rolling_acc,ppo_hier_items200_h1000\PPO_1
786432,1.0,group/0/avg_rolling_acc,ppo_hier_items200_h1000\PPO_1
800000,1.0,group/0/avg_rolling_acc,ppo_hier_items200_h1000\PPO_1
819200,1.0,group/0/avg_rolling_acc,ppo_hier_items200_h1000\PPO_1
825000,1.0,group/0/avg_rolling_acc,ppo_hier_items200_h1000\PPO_1
850000,1.0,group/0/avg_rolling_acc,ppo_hier_items200_h1000\PPO_1
851968,1.0,group/0/avg_rolling_acc,ppo_hier_items200_h1000\PPO_1
875000,1.0,group/0/avg_rolling_acc,ppo_hier_items200_h1000\PPO_1
884736,1.0,group/0/avg_rolling_acc,ppo_hier_items200_h1000\PPO_1
900000,1.0,group/0/avg_rolling_acc,ppo_hier_items200_h1000\PPO_1
917504,1.0,group/0/avg_rolling_acc,ppo_hier_items200_h1000\PPO_1
925000,1.0,group/0/avg_rolling_acc,ppo_hier_items200_h1000\PPO_1
950000,1.0,group/0/avg_rolling_acc,ppo_hier_items200_h1000\PPO_1
950272,1.0,group/0/avg_rolling_acc,ppo_hier_items200_h1000\PPO_1
975000,1.0,group/0/avg_rolling_acc,ppo_hier_items200_h1000\PPO_1
983040,1.0,group/0/avg_rolling_acc,ppo_hier_items200_h1000\PPO_1
1000000,0.9916666746139526,group/0/avg_rolling_acc,ppo_hier_items200_h1000\PPO_1
1015808,1.0,group/0/avg_rolling_acc,ppo_hier_items200_h1000\PPO_1
1025000,1.0,group/0/avg_rolling_acc,ppo_hier_items200_h1000\PPO_1
1048576,1.0,group/0/avg_rolling_acc,ppo_hier_items200_h1000\PPO_1
1050000,1.0,group/0/avg_rolling_acc,ppo_hier_items200_h1000\PPO_1
1075000,1.0,group/0/avg_rolling_acc,ppo_hier_items200_h1000\PPO_1
1081344,1.0,group/0/avg_rolling_acc,ppo_hier_items200_h1000\PPO_1
1100000,1.0,group/0/avg_rolling_acc,ppo_hier_items200_h1000\PPO_1
1114112,1.0,group/0/avg_rolling_acc,ppo_hier_items200_h1000\PPO_1
1125000,1.0,group/0/avg_rolling_acc,ppo_hier_items200_h1000\PPO_1
1146880,1.0,group/0/avg_rolling_acc,ppo_hier_items200_h1000\PPO_1
1150000,1.0,group/0/avg_rolling_acc,ppo_hier_items200_h1000\PPO_1
1175000,1.0,group/0/avg_rolling_acc,ppo_hier_items200_h1000\PPO_1
1179648,1.0,group/0/avg_rolling_acc,ppo_hier_items200_h1000\PPO_1
1200000,1.0,group/0/avg_rolling_acc,ppo_hier_items200_h1000\PPO_1
1212416,1.0,group/0/avg_rolling_acc,ppo_hier_items200_h1000\PPO_1
1225000,1.0,group/0/avg_rolling_acc,ppo_hier_items200_h1000\PPO_1
1245184,1.0,group/0/avg_rolling_acc,ppo_hier_items200_h1000\PPO_1
1250000,0.9852941036224365,group/0/avg_rolling_acc,ppo_hier_items200_h1000\PPO_1
1275000,1.0,group/0/avg_rolling_acc,ppo_hier_items200_h1000\PPO_1
1277952,1.0,group/0/avg_rolling_acc,ppo_hier_items200_h1000\PPO_1
1300000,1.0,group/0/avg_rolling_acc,ppo_hier_items200_h1000\PPO_1
1310720,1.0,group/0/avg_rolling_acc,ppo_hier_items200_h1000\PPO_1
1325000,1.0,group/0/avg_rolling_acc,ppo_hier_items200_h1000\PPO_1
1343488,1.0,group/0/avg_rolling_acc,ppo_hier_items200_h1000\PPO_1
1350000,1.0,group/0/avg_rolling_acc,ppo_hier_items200_h1000\PPO_1
1375000,1.0,group/0/avg_rolling_acc,ppo_hier_items200_h1000\PPO_1
1376256,1.0,group/0/avg_rolling_acc,ppo_hier_items200_h1000\PPO_1
1400000,1.0,group/0/avg_rolling_acc,ppo_hier_items200_h1000\PPO_1
1409024,1.0,group/0/avg_rolling_acc,ppo_hier_items200_h1000\PPO_1
1425000,1.0,group/0/avg_rolling_acc,ppo_hier_items200_h1000\PPO_1
1441792,1.0,group/0/avg_rolling_acc,ppo_hier_items200_h1000\PPO_1
1450000,1.0,group/0/avg_rolling_acc,ppo_hier_items200_h1000\PPO_1
1474560,1.0,group/0/avg_rolling_acc,ppo_hier_items200_h1000\PPO_1
1475000,1.0,group/0/avg_rolling_acc,ppo_hier_items200_h1000\PPO_1
1500000,0.9916666746139526,group/0/avg_rolling_acc,ppo_hier_items200_h1000\PPO_1
1507328,1.0,group/0/avg_rolling_acc,ppo_hier_items200_h1000\PPO_1
1525000,1.0,group/0/avg_rolling_acc,ppo_hier_items200_h1000\PPO_1
1540096,1.0,group/0/avg_rolling_acc,ppo_hier_items200_h1000\PPO_1
1550000,1.0,group/0/avg_rolling_acc,ppo_hier_items200_h1000\PPO_1
1572864,1.0,group/0/avg_rolling_acc,ppo_hier_items200_h1000\PPO_1
1575000,1.0,group/0/avg_rolling_acc,ppo_hier_items200_h1000\PPO_1
1600000,1.0,group/0/avg_rolling_acc,ppo_hier_items200_h1000\PPO_1
1605632,1.0,group/0/avg_rolling_acc,ppo_hier_items200_h1000\PPO_1
25000,0.0,group/0/mastered_count,ppo_hier_items200_h1000\PPO_1
32768,0.0,group/0/mastered_count,ppo_hier_items200_h1000\PPO_1
50000,0.0,group/0/mastered_count,ppo_hier_items200_h1000\PPO_1
65536,0.0,group/0/mastered_count,ppo_hier_items200_h1000\PPO_1
75000,0.0,group/0/mastered_count,ppo_hier_items200_h1000\PPO_1
98304,1.0,group/0/mastered_count,ppo_hier_items200_h1000\PPO_1
100000,2.0,group/0/mastered_count,ppo_hier_items200_h1000\PPO_1
125000,5.0,group/0/mastered_count,ppo_hier_items200_h1000\PPO_1
131072,3.0,group/0/mastered_count,ppo_hier_items200_h1000\PPO_1
150000,19.0,group/0/mastered_count,ppo_hier_items200_h1000\PPO_1
163840,2.0,group/0/mastered_count,ppo_hier_items200_h1000\PPO_1
175000,18.0,group/0/mastered_count,ppo_hier_items200_h1000\PPO_1
196608,6.0,group/0/mastered_count,ppo_hier_items200_h1000\PPO_1
200000,22.0,group/0/mastered_count,ppo_hier_items200_h1000\PPO_1
225000,0.0,group/0/mastered_count,ppo_hier_items200_h1000\PPO_1
229376,9.0,group/0/mastered_count,ppo_hier_items200_h1000\PPO_1
250000,1.0,group/0/mastered_count,ppo_hier_items200_h1000\PPO_1
262144,12.0,group/0/mastered_count,ppo_hier_items200_h1000\PPO_1
275000,3.0,group/0/mastered_count,ppo_hier_items200_h1000\PPO_1
294912,19.0,group/0/mastered_count,ppo_hier_items200_h1000\PPO_1
300000,6.0,group/0/mastered_count,ppo_hier_items200_h1000\PPO_1
325000,13.0,group/0/mastered_count,ppo_hier_items200_h1000\PPO_1
327680,25.0,group/0/mastered_count,ppo_hier_items200_h1000\PPO_1
350000,18.0,group/0/mastered_count,ppo_hier_items200_h1000\PPO_1
360448,0.0,group/0/mastered_count,ppo_hier_items200_h1000\PPO_1
375000,27.0,group/0/mastered_count,ppo_hier_items200_h1000\PPO_1
393216,0.0,group/0/mastered_count,ppo_hier_items200_h1000\PPO_1
400000,17.0,group/0/mastered_count,ppo_hier_items200_h1000\PPO_1
425000,1.0,group/0/mastered_count,ppo_hier_items200_h1000\PPO_1
425984,1.0,group/0/mastered_count,ppo_hier_items200_h1000\PPO_1
450000,0.0,group/0/mastered_count,ppo_hier_items200_h1000\PPO_1
458752,2.0,group/0/mastered_count,ppo_hier_items200_h1000\PPO_1
475000,3.0,group/0/mastered_count,ppo_hier_items200_h1000\PPO_1
491520,4.0,group/0/mastered_count,ppo_hier_items200_h1000\PPO_1
500000,3.0,group/0/mastered_count,ppo_hier_items200_h1000\PPO_1
524288,5.0,group/0/mastered_count,ppo_hier_items200_h1000\PPO_1
525000,6.0,group/0/mastered_count,ppo_hier_items200_h1000\PPO_1
550000,13.0,group/0/mastered_count,ppo_hier_items200_h1000\PPO_1
557056,6.0,group/0/mastered_count,ppo_hier_items200_h1000\PPO_1
575000,24.0,group/0/mastered_count,ppo_hier_items200_h1000\PPO_1
589824,12.0,group/0/mastered_count,ppo_hier_items200_h1000\PPO_1
600000,35.0,group/0/mastered_count,ppo_hier_items200_h1000\PPO_1
622592,20.0,group/0/mastered_count,ppo_hier_items200_h1000\PPO_1
625000,0.0,group/0/mastered_count,ppo_hier_items200_h1000\PPO_1
650000,2.0,group/0/mastered_count,ppo_hier_items200_h1000\PPO_1
655360,28.0,group/0/mastered_count,ppo_hier_items200_h1000\PPO_1
675000,7.0,group/0/mastered_count,ppo_hier_items200_h1000\PPO_1
688128,0.0,group/0/mastered_count,ppo_hier_items200_h1000\PPO_1
700000,7.0,group/0/mastered_count,ppo_hier_items200_h1000\PPO_1
720896,0.0,group/0/mastered_count,ppo_hier_items200_h1000\PPO_1
725000,16.0,group/0/mastered_count,ppo_hier_items200_h1000\PPO_1
750000,20.0,group/0/mastered_count,ppo_hier_items200_h1000\PPO_1
753664,3.0,group/0/mastered_count,ppo_hier_items200_h1000\PPO_1
775000,35.0,group/0/mastered_count,ppo_hier_items200_h1000\PPO_1
786432,3.0,group/0/mastered_count,ppo_hier_items200_h1000\PPO_1
800000,37.0,group/0/mastered_count,ppo_hier_items200_h1000\PPO_1
819200,6.0,group/0/mastered_count,ppo_hier_items200_h1000\PPO_1
825000,0.0,group/0/mastered_count,ppo_hier_items200_h1000\PPO_1
850000,3.0,group/0/mastered_count,ppo_hier_items200_h1000\PPO_1
851968,14.0,group/0/mastered_count,ppo_hier_items200_h1000\PPO_1
875000,9.0,group/0/mastered_count,ppo_hier_items200_h1000\PPO_1
884736,15.0,group/0/mastered_count,ppo_hier_items200_h1000\PPO_1
900000,13.0,group/0/mastered_count,ppo_hier_items200_h1000\PPO_1
917504,32.0,group/0/mastered_count,ppo_hier_items200_h1000\PPO_1
925000,22.0,group/0/mastered_count,ppo_hier_items200_h1000\PPO_1
950000,37.0,group/0/mastered_count,ppo_hier_items200_h1000\PPO_1
950272,31.0,group/0/mastered_count,ppo_hier_items200_h1000\PPO_1
975000,39.0,group/0/mastered_count,ppo_hier_items200_h1000\PPO_1
983040,35.0,group/0/mastered_count,ppo_hier_items200_h1000\PPO_1
1000000,46.0,group/0/mastered_count,ppo_hier_items200_h1000\PPO_1
1015808,49.0,group/0/mastered_count,ppo_hier_items200_h1000\PPO_1
1025000,3.0,group/0/mastered_count,ppo_hier_items200_h1000\PPO_1
1048576,0.0,group/0/mastered_count,ppo_hier_items200_h1000\PPO_1
1050000,2.0,group/0/mastered_count,ppo_hier_items200_h1000\PPO_1
1075000,14.0,group/0/mastered_count,ppo_hier_items200_h1000\PPO_1
1081344,3.0,group/0/mastered_count,ppo_hier_items200_h1000\PPO_1
1100000,21.0,group/0/mastered_count,ppo_hier_items200_h1000\PPO_1
1114112,8.0,group/0/mastered_count,ppo_hier_items200_h1000\PPO_1
1125000,30.0,group/0/mastered_count,ppo_hier_items200_h1000\PPO_1
1146880,10.0,group/0/mastered_count,ppo_hier_items200_h1000\PPO_1
1150000,35.0,group/0/mastered_count,ppo_hier_items200_h1000\PPO_1
1175000,40.0,group/0/mastered_count,ppo_hier_items200_h1000\PPO_1
1179648,20.0,group/0/mastered_count,ppo_hier_items200_h1000\PPO_1
1200000,37.0,group/0/mastered_count,ppo_hier_items200_h1000\PPO_1
1212416,30.0,group/0/mastered_count,ppo_hier_items200_h1000\PPO_1
1225000,0.0,group/0/mastered_count,ppo_hier_items200_h1000\PPO_1
1245184,30.0,group/0/mastered_count,ppo_hier_items200_h1000\PPO_1
1250000,6.0,group/0/mastered_count,ppo_hier_items200_h1000\PPO_1
1275000,17.0,group/0/mastered_count,ppo_hier_items200_h1000\PPO_1
1277952,38.0,group/0/mastered_count,ppo_hier_items200_h1000\PPO_1
1300000,21.0,group/0/mastered_count,ppo_hier_items200_h1000\PPO_1
1310720,41.0,group/0/mastered_count,ppo_hier_items200_h1000\PPO_1
1325000,21.0,group/0/mastered_count,ppo_hier_items200_h1000\PPO_1
1343488,48.0,group/0/mastered_count,ppo_hier_items200_h1000\PPO_1
1350000,30.0,group/0/mastered_count,ppo_hier_items200_h1000\PPO_1
1375000,43.0,group/0/mastered_count,ppo_hier_items200_h1000\PPO_1
1376256,0.0,group/0/mastered_count,ppo_hier_items200_h1000\PPO_1
1400000,54.0,group/0/mastered_count,ppo_hier_items200_h1000\PPO_1
1409024,0.0,group/0/mastered_count,ppo_hier_items200_h1000\PPO_1
1425000,2.0,group/0/mastered_count,ppo_hier_items200_h1000\PPO_1
1441792,8.0,group/0/mastered_count,ppo_hier_items200_h1000\PPO_1
1450000,5.0,group/0/mastered_count,ppo_hier_items200_h1000\PPO_1
1474560,15.0,group/0/mastered_count,ppo_hier_items200_h1000\PPO_1
1475000,19.0,group/0/mastered_count,ppo_hier_items200_h1000\PPO_1
1500000,25.0,group/0/mastered_count,ppo_hier_items200_h1000\PPO_1
1507328,22.0,group/0/mastered_count,ppo_hier_items200_h1000\PPO_1
1525000,24.0,group/0/mastered_count,ppo_hier_items200_h1000\PPO_1
1540096,28.0,group/0/mastered_count,ppo_hier_items200_h1000\PPO_1
1550000,38.0,group/0/mastered_count,ppo_hier_items200_h1000\PPO_1
1572864,31.0,group/0/mastered_count,ppo_hier_items200_h1000\PPO_1
1575000,50.0,group/0/mastered_count,ppo_hier_items200_h1000\PPO_1
1600000,54.0,group/0/mastered_count,ppo_hier_items200_h1000\PPO_1
1605632,33.0,group/0/mastered_count,ppo_hier_items200_h1000\PPO_1
25000,1.0,group/1/avg_rolling_acc,ppo_hier_items200_h1000\PPO_1
32768,1.0,group/1/avg_rolling_acc,ppo_hier_items200_h1000\PPO_1
50000,1.0,group/1/avg_rolling_acc,ppo_hier_items200_h1000\PPO_1
65536,1.0,group/1/avg_rolling_acc,ppo_hier_items200_h1000\PPO_1
75000,1.0,group/1/avg_rolling_acc,ppo_hier_items200_h1000\PPO_1
98304,1.0,group/1/avg_rolling_acc,ppo_hier_items200_h1000\PPO_1
100000,1.0,group/1/avg_rolling_acc,ppo_hier_items200_h1000\PPO_1
125000,1.0,group/1/avg_rolling_acc,ppo_hier_items200_h1000\PPO_1
131072,1.0,group/1/avg_rolling_acc,ppo_hier_items200_h1000\PPO_1
150000,1.0,group/1/avg_rolling_acc,ppo_hier_items200_h1000\PPO_1
163840,0.9916666746139526,group/1/avg_rolling_acc,ppo_hier_items200_h1000\PPO_1
175000,0.9916666746139526,group/1/avg_rolling_acc,ppo_hier_items200_h1000\PPO_1
196608,1.0,group/1/avg_rolling_acc,ppo_hier_items200_h1000\PPO_1
200000,0.9916666746139526,group/1/avg_rolling_acc,ppo_hier_items200_h1000\PPO_1
225000,1.0,group/1/avg_rolling_acc,ppo_hier_items200_h1000\PPO_1
229376,1.0,group/1/avg_rolling_acc,ppo_hier_items200_h1000\PPO_1
250000,1.0,group/1/avg_rolling_acc,ppo_hier_items200_h1000\PPO_1
262144,1.0,group/1/avg_rolling_acc,ppo_hier_items200_h1000\PPO_1
275000,1.0,group/1/avg_rolling_acc,ppo_hier_items200_h1000\PPO_1
294912,0.9833333492279053,group/1/avg_rolling_acc,ppo_hier_items200_h1000\PPO_1
300000,1.0,group/1/avg_rolling_acc,ppo_hier_items200_h1000\PPO_1
325000,0.9916666746139526,group/1/avg_rolling_acc,ppo_hier_items200_h1000\PPO_1
327680,0.9916666746139526,group/1/avg_rolling_acc,ppo_hier_items200_h1000\PPO_1
350000,1.0,group/1/avg_rolling_acc,ppo_hier_items200_h1000\PPO_1
360448,1.0,group/1/avg_rolling_acc,ppo_hier_items200_h1000\PPO_1
375000,0.9833333492279053,group/1/avg_rolling_acc,ppo_hier_items200_h1000\PPO_1
393216,1.0,group/1/avg_rolling_acc,ppo_hier_items200_h1000\PPO_1
400000,1.0,group/1/avg_rolling_acc,ppo_hier_items200_h1000\PPO_1
425000,1.0,group/1/avg_rolling_acc,ppo_hier_items200_h1000\PPO_1
425984,1.0,group/1/avg_rolling_acc,ppo_hier_items200_h1000\PPO_1
450000,1.0,group/1/avg_rolling_acc,ppo_hier_items200_h1000\PPO_1
458752,1.0,group/1/avg_rolling_acc,ppo_hier_items200_h1000\PPO_1
475000,1.0,group/1/avg_rolling_acc,ppo_hier_items200_h1000\PPO_1
491520,0.9916666746139526,group/1/avg_rolling_acc,ppo_hier_items200_h1000\PPO_1
500000,0.9916666746139526,group/1/avg_rolling_acc,ppo_hier_items200_h1000\PPO_1
524288,1.0,group/1/avg_rolling_acc,ppo_hier_items200_h1000\PPO_1
525000,1.0,group/1/avg_rolling_acc,ppo_hier_items200_h1000\PPO_1
550000,0.9916666746139526,group/1/avg_rolling_acc,ppo_hier_items200_h1000\PPO_1
557056,0.9916666746139526,group/1/avg_rolling_acc,ppo_hier_items200_h1000\PPO_1
575000,0.9833333492279053,group/1/avg_rolling_acc,ppo_hier_items200_h1000\PPO_1
589824,0.9916666746139526,group/1/avg_rolling_acc,ppo_hier_items200_h1000\PPO_1
600000,1.0,group/1/avg_rolling_acc,ppo_hier_items200_h1000\PPO_1
622592,1.0,group/1/avg_rolling_acc,ppo_hier_items200_h1000\PPO_1
625000,1.0,group/1/avg_rolling_acc,ppo_hier_items200_h1000\PPO_1
650000,1.0,group/1/avg_rolling_acc,ppo_hier_items200_h1000\PPO_1
655360,1.0,group/1/avg_rolling_acc,ppo_hier_items200_h1000\PPO_1
675000,1.0,group/1/avg_rolling_acc,ppo_hier_items200_h1000\PPO_1
688128,1.0,group/1/avg_rolling_acc,ppo_hier_items200_h1000\PPO_1
700000,1.0,group/1/avg_rolling_acc,ppo_hier_items200_h1000\PPO_1
720896,1.0,group/1/avg_rolling_acc,ppo_hier_items200_h1000\PPO_1
725000,1.0,group/1/avg_rolling_acc,ppo_hier_items200_h1000\PPO_1
750000,1.0,group/1/avg_rolling_acc,ppo_hier_items200_h1000\PPO_1
753664,1.0,group/1/avg_rolling_acc,ppo_hier_items200_h1000\PPO_1
775000,1.0,group/1/avg_rolling_acc,ppo_hier_items200_h1000\PPO_1
786432,1.0,group/1/avg_rolling_acc,ppo_hier_items200_h1000\PPO_1
800000,0.9666666388511658,group/1/avg_rolling_acc,ppo_hier_items200_h1000\PPO_1
819200,1.0,group/1/avg_rolling_acc,ppo_hier_items200_h1000\PPO_1
825000,1.0,group/1/avg_rolling_acc,ppo_hier_items200_h1000\PPO_1
850000,1.0,group/1/avg_rolling_acc,ppo_hier_items200_h1000\PPO_1
851968,1.0,group/1/avg_rolling_acc,ppo_hier_items200_h1000\PPO_1
875000,1.0,group/1/avg_rolling_acc,ppo_hier_items200_h1000\PPO_1
884736,1.0,group/1/avg_rolling_acc,ppo_hier_items200_h1000\PPO_1
900000,1.0,group/1/avg_rolling_acc,ppo_hier_items200_h1000\PPO_1
917504,1.0,group/1/avg_rolling_acc,ppo_hier_items200_h1000\PPO_1
925000,1.0,group/1/avg_rolling_acc,ppo_hier_items200_h1000\PPO_1
950000,1.0,group/1/avg_rolling_acc,ppo_hier_items200_h1000\PPO_1
950272,1.0,group/1/avg_rolling_acc,ppo_hier_items200_h1000\PPO_1
975000,1.0,group/1/avg_rolling_acc,ppo_hier_items200_h1000\PPO_1
983040,1.0,group/1/avg_rolling_acc,ppo_hier_items200_h1000\PPO_1
1000000,0.9916666746139526,group/1/avg_rolling_acc,ppo_hier_items200_h1000\PPO_1
1015808,1.0,group/1/avg_rolling_acc,ppo_hier_items200_h1000\PPO_1
1025000,1.0,group/1/avg_rolling_acc,ppo_hier_items200_h1000\PPO_1
1048576,1.0,group/1/avg_rolling_acc,ppo_hier_items200_h1000\PPO_1
1050000,1.0,group/1/avg_rolling_acc,ppo_hier_items200_h1000\PPO_1
1075000,1.0,group/1/avg_rolling_acc,ppo_hier_items200_h1000\PPO_1
1081344,1.0,group/1/avg_rolling_acc,ppo_hier_items200_h1000\PPO_1
1100000,1.0,group/1/avg_rolling_acc,ppo_hier_items200_h1000\PPO_1
1114112,1.0,group/1/avg_rolling_acc,ppo_hier_items200_h1000\PPO_1
1125000,0.9916666746139526,group/1/avg_rolling_acc,ppo_hier_items200_h1000\PPO_1
1146880,1.0,group/1/avg_rolling_acc,ppo_hier_items200_h1000\PPO_1
1150000,0.9916666746139526,group/1/avg_rolling_acc,ppo_hier_items200_h1000\PPO_1
1175000,1.0,group/1/avg_rolling_acc,ppo_hier_items200_h1000\PPO_1
1179648,1.0,group/1/avg_rolling_acc,ppo_hier_items200_h1000\PPO_1
1200000,1.0,group/1/avg_rolling_acc,ppo_hier_items200_h1000\PPO_1
1212416,1.0,group/1/avg_rolling_acc,ppo_hier_items200_h1000\PPO_1
1225000,1.0,group/1/avg_rolling_acc,ppo_hier_items200_h1000\PPO_1
1245184,0.9916666746139526,group/1/avg_rolling_acc,ppo_hier_items200_h1000\PPO_1
1250000,1.0,group/1/avg_rolling_acc,ppo_hier_items200_h1000\PPO_1
1275000,1.0,group/1/avg_rolling_acc,ppo_hier_items200_h1000\PPO_1
1277952,1.0,group/1/avg_rolling_acc,ppo_hier_items200_h1000\PPO_1
1300000,1.0,group/1/avg_rolling_acc,ppo_hier_items200_h1000\PPO_1
1310720,1.0,group/1/avg_rolling_acc,ppo_hier_items200_h1000\PPO_1
1325000,1.0,group/1/avg_rolling_acc,ppo_hier_items200_h1000\PPO_1
1343488,1.0,group/1/avg_rolling_acc,ppo_hier_items200_h1000\PPO_1
1350000,1.0,group/1/avg_rolling_acc,ppo_hier_items200_h1000\PPO_1
1375000,1.0,group/1/avg_rolling_acc,ppo_hier_items200_h1000\PPO_1
1376256,1.0,group/1/avg_rolling_acc,ppo_hier_items200_h1000\PPO_1
1400000,1.0,group/1/avg_rolling_acc,ppo_hier_items200_h1000\PPO_1
1409024,1.0,group/1/avg_rolling_acc,ppo_hier_items200_h1000\PPO_1
1425000,1.0,group/1/avg_rolling_acc,ppo_hier_items200_h1000\PPO_1
1441792,1.0,group/1/avg_rolling_acc,ppo_hier_items200_h1000\PPO_1
1450000,1.0,group/1/avg_rolling_acc,ppo_hier_items200_h1000\PPO_1
1474560,1.0,group/1/avg_rolling_acc,ppo_hier_items200_h1000\PPO_1
1475000,1.0,group/1/avg_rolling_acc,ppo_hier_items200_h1000\PPO_1
1500000,1.0,group/1/avg_rolling_acc,ppo_hier_items200_h1000\PPO_1
1507328,1.0,group/1/avg_rolling_acc,ppo_hier_items200_h1000\PPO_1
1525000,1.0,group/1/avg_rolling_acc,ppo_hier_items200_h1000\PPO_1
1540096,1.0,group/1/avg_rolling_acc,ppo_hier_items200_h1000\PPO_1
1550000,1.0,group/1/avg_rolling_acc,ppo_hier_items200_h1000\PPO_1
1572864,1.0,group/1/avg_rolling_acc,ppo_hier_items200_h1000\PPO_1
1575000,0.9833333492279053,group/1/avg_rolling_acc,ppo_hier_items200_h1000\PPO_1
1600000,0.9916666746139526,group/1/avg_rolling_acc,ppo_hier_items200_h1000\PPO_1
1605632,1.0,group/1/avg_rolling_acc,ppo_hier_items200_h1000\PPO_1
25000,0.0,group/1/mastered_count,ppo_hier_items200_h1000\PPO_1
32768,0.0,group/1/mastered_count,ppo_hier_items200_h1000\PPO_1
50000,0.0,group/1/mastered_count,ppo_hier_items200_h1000\PPO_1
65536,0.0,group/1/mastered_count,ppo_hier_items200_h1000\PPO_1
75000,2.0,group/1/mastered_count,ppo_hier_items200_h1000\PPO_1
98304,1.0,group/1/mastered_count,ppo_hier_items200_h1000\PPO_1
100000,2.0,group/1/mastered_count,ppo_hier_items200_h1000\PPO_1
125000,4.0,group/1/mastered_count,ppo_hier_items200_h1000\PPO_1
131072,0.0,group/1/mastered_count,ppo_hier_items200_h1000\PPO_1
150000,6.0,group/1/mastered_count,ppo_hier_items200_h1000\PPO_1
163840,6.0,group/1/mastered_count,ppo_hier_items200_h1000\PPO_1
175000,15.0,group/1/mastered_count,ppo_hier_items200_h1000\PPO_1
196608,7.0,group/1/mastered_count,ppo_hier_items200_h1000\PPO_1
200000,24.0,group/1/mastered_count,ppo_hier_items200_h1000\PPO_1
225000,0.0,group/1/mastered_count,ppo_hier_items200_h1000\PPO_1
229376,10.0,group/1/mastered_count,ppo_hier_items200_h1000\PPO_1
250000,1.0,group/1/mastered_count,ppo_hier_items200_h1000\PPO_1
262144,9.0,group/1/mastered_count,ppo_hier_items200_h1000\PPO_1
275000,1.0,group/1/mastered_count,ppo_hier_items200_h1000\PPO_1
294912,12.0,group/1/mastered_count,ppo_hier_items200_h1000\PPO_1
300000,7.0,group/1/mastered_count,ppo_hier_items200_h1000\PPO_1
325000,7.0,group/1/mastered_count,ppo_hier_items200_h1000\PPO_1
327680,21.0,group/1/mastered_count,ppo_hier_items200_h1000\PPO_1
350000,14.0,group/1/mastered_count,ppo_hier_items200_h1000\PPO_1
360448,0.0,group/1/mastered_count,ppo_hier_items200_h1000\PPO_1
375000,18.0,group/1/mastered_count,ppo_hier_items200_h1000\PPO_1
393216,0.0,group/1/mastered_count,ppo_hier_items200_h1000\PPO_1
400000,17.0,group/1/mastered_count,ppo_hier_items200_h1000\PPO_1
425000,0.0,group/1/mastered_count,ppo_hier_items200_h1000\PPO_1
425984,0.0,group/1/mastered_count,ppo_hier_items200_h1000\PPO_1
450000,2.0,group/1/mastered_count,ppo_hier_items200_h1000\PPO_1
458752,2.0,group/1/mastered_count,ppo_hier_items200_h1000\PPO_1
475000,4.0,group/1/mastered_count,ppo_hier_items200_h1000\PPO_1
491520,6.0,group/1/mastered_count,ppo_hier_items200_h1000\PPO_1
500000,3.0,group/1/mastered_count,ppo_hier_items200_h1000\PPO_1
524288,8.0,group/1/mastered_count,ppo_hier_items200_h1000\PPO_1
525000,11.0,group/1/mastered_count,ppo_hier_items200_h1000\PPO_1
550000,11.0,group/1/mastered_count,ppo_hier_items200_h1000\PPO_1
557056,10.0,group/1/mastered_count,ppo_hier_items200_h1000\PPO_1
575000,26.0,group/1/mastered_count,ppo_hier_items200_h1000\PPO_1
589824,16.0,group/1/mastered_count,ppo_hier_items200_h1000\PPO_1
600000,36.0,group/1/mastered_count,ppo_hier_items200_h1000\PPO_1
622592,20.0,group/1/mastered_count,ppo_hier_items200_h1000\PPO_1
625000,0.0,group/1/mastered_count,ppo_hier_items200_h1000\PPO_1
650000,2.0,group/1/mastered_count,ppo_hier_items200_h1000\PPO_1
655360,26.0,group/1/mastered_count,ppo_hier_items200_h1000\PPO_1
675000,4.0,group/1/mastered_count,ppo_hier_items200_h1000\PPO_1
688128,0.0,group/1/mastered_count,ppo_hier_items200_h1000\PPO_1
700000,15.0,group/1/mastered_count,ppo_hier_items200_h1000\PPO_1
720896,1.0,group/1/mastered_count,ppo_hier_items200_h1000\PPO_1
725000,19.0,group/1/mastered_count,ppo_hier_items200_h1000\PPO_1
750000,23.0,group/1/mastered_count,ppo_hier_items200_h1000\PPO_1
753664,1.0,group/1/mastered_count,ppo_hier_items200_h1000\PPO_1
775000,33.0,group/1/mastered_count,ppo_hier_items200_h1000\PPO_1
786432,7.0,group/1/mastered_count,ppo_hier_items200_h1000\PPO_1
800000,35.0,group/1/mastered_count,ppo_hier_items200_h1000\PPO_1
819200,9.0,group/1/mastered_count,ppo_hier_items200_h1000\PPO_1
825000,0.0,group/1/mastered_count,ppo_hier_items200_h1000\PPO_1
850000,2.0,group/1/mastered_count,ppo_hier_items200_h1000\PPO_1
851968,15.0,group/1/mastered_count,ppo_hier_items200_h1000\PPO_1
875000,9.0,group/1/mastered_count,ppo_hier_items200_h1000\PPO_1
884736,19.0,group/1/mastered_count,ppo_hier_items200_h1000\PPO_1
900000,17.0,group/1/mastered_count,ppo_hier_items200_h1000\PPO_1
917504,23.0,group/1/mastered_count,ppo_hier_items200_h1000\PPO_1
925000,22.0,group/1/mastered_count,ppo_hier_items200_h1000\PPO_1
950000,24.0,group/1/mastered_count,ppo_hier_items200_h1000\PPO_1
950272,32.0,group/1/mastered_count,ppo_hier_items200_h1000\PPO_1
975000,40.0,group/1/mastered_count,ppo_hier_items200_h1000\PPO_1
983040,23.0,group/1/mastered_count,ppo_hier_items200_h1000\PPO_1
1000000,48.0,group/1/mastered_count,ppo_hier_items200_h1000\PPO_1
1015808,43.0,group/1/mastered_count,ppo_hier_items200_h1000\PPO_1
1025000,1.0,group/1/mastered_count,ppo_hier_items200_h1000\PPO_1
1048576,0.0,group/1/mastered_count,ppo_hier_items200_h1000\PPO_1
1050000,12.0,group/1/mastered_count,ppo_hier_items200_h1000\PPO_1
1075000,10.0,group/1/mastered_count,ppo_hier_items200_h1000\PPO_1
1081344,0.0,group/1/mastered_count,ppo_hier_items200_h1000\PPO_1
1100000,19.0,group/1/mastered_count,ppo_hier_items200_h1000\PPO_1
1114112,6.0,group/1/mastered_count,ppo_hier_items200_h1000\PPO_1
1125000,30.0,group/1/mastered_count,ppo_hier_items200_h1000\PPO_1
1146880,16.0,group/1/mastered_count,ppo_hier_items200_h1000\PPO_1
1150000,29.0,group/1/mastered_count,ppo_hier_items200_h1000\PPO_1
1175000,42.0,group/1/mastered_count,ppo_hier_items200_h1000\PPO_1
1179648,13.0,group/1/mastered_count,ppo_hier_items200_h1000\PPO_1
1200000,50.0,group/1/mastered_count,ppo_hier_items200_h1000\PPO_1
1212416,24.0,group/1/mastered_count,ppo_hier_items200_h1000\PPO_1
1225000,3.0,group/1/mastered_count,ppo_hier_items200_h1000\PPO_1
1245184,34.0,group/1/mastered_count,ppo_hier_items200_h1000\PPO_1
1250000,11.0,group/1/mastered_count,ppo_hier_items200_h1000\PPO_1
1275000,17.0,group/1/mastered_count,ppo_hier_items200_h1000\PPO_1
1277952,33.0,group/1/mastered_count,ppo_hier_items200_h1000\PPO_1
1300000,35.0,group/1/mastered_count,ppo_hier_items200_h1000\PPO_1
1310720,38.0,group/1/mastered_count,ppo_hier_items200_h1000\PPO_1
1325000,47.0,group/1/mastered_count,ppo_hier_items200_h1000\PPO_1
1343488,58.0,group/1/mastered_count,ppo_hier_items200_h1000\PPO_1
1350000,40.0,group/1/mastered_count,ppo_hier_items200_h1000\PPO_1
1375000,48.0,group/1/mastered_count,ppo_hier_items200_h1000\PPO_1
1376256,0.0,group/1/mastered_count,ppo_hier_items200_h1000\PPO_1
1400000,46.0,group/1/mastered_count,ppo_hier_items200_h1000\PPO_1
1409024,3.0,group/1/mastered_count,ppo_hier_items200_h1000\PPO_1
1425000,1.0,group/1/mastered_count,ppo_hier_items200_h1000\PPO_1
1441792,7.0,group/1/mastered_count,ppo_hier_items200_h1000\PPO_1
1450000,12.0,group/1/mastered_count,ppo_hier_items200_h1000\PPO_1
1474560,14.0,group/1/mastered_count,ppo_hier_items200_h1000\PPO_1
1475000,18.0,group/1/mastered_count,ppo_hier_items200_h1000\PPO_1
1500000,25.0,group/1/mastered_count,ppo_hier_items200_h1000\PPO_1
1507328,21.0,group/1/mastered_count,ppo_hier_items200_h1000\PPO_1
1525000,30.0,group/1/mastered_count,ppo_hier_items200_h1000\PPO_1
1540096,31.0,group/1/mastered_count,ppo_hier_items200_h1000\PPO_1
1550000,36.0,group/1/mastered_count,ppo_hier_items200_h1000\PPO_1
1572864,36.0,group/1/mastered_count,ppo_hier_items200_h1000\PPO_1
1575000,53.0,group/1/mastered_count,ppo_hier_items200_h1000\PPO_1
1600000,52.0,group/1/mastered_count,ppo_hier_items200_h1000\PPO_1
1605632,38.0,group/1/mastered_count,ppo_hier_items200_h1000\PPO_1
25000,1.0,per_learner/0/correct,ppo_hier_items200_h1000\PPO_1
32768,1.0,per_learner/0/correct,ppo_hier_items200_h1000\PPO_1
50000,1.0,per_learner/0/correct,ppo_hier_items200_h1000\PPO_1
65536,1.0,per_learner/0/correct,ppo_hier_items200_h1000\PPO_1
75000,1.0,per_learner/0/correct,ppo_hier_items200_h1000\PPO_1
98304,1.0,per_learner/0/correct,ppo_hier_items200_h1000\PPO_1
100000,1.0,per_learner/0/correct,ppo_hier_items200_h1000\PPO_1
125000,1.0,per_learner/0/correct,ppo_hier_items200_h1000\PPO_1
131072,1.0,per_learner/0/correct,ppo_hier_items200_h1000\PPO_1
150000,1.0,per_learner/0/correct,ppo_hier_items200_h1000\PPO_1
163840,1.0,per_learner/0/correct,ppo_hier_items200_h1000\PPO_1
175000,1.0,per_learner/0/correct,ppo_hier_items200_h1000\PPO_1
196608,1.0,per_learner/0/correct,ppo_hier_items200_h1000\PPO_1
200000,1.0,per_learner/0/correct,ppo_hier_items200_h1000\PPO_1
225000,1.0,per_learner/0/correct,ppo_hier_items200_h1000\PPO_1
229376,1.0,per_learner/0/correct,ppo_hier_items200_h1000\PPO_1
250000,1.0,per_learner/0/correct,ppo_hier_items200_h1000\PPO_1
262144,1.0,per_learner/0/correct,ppo_hier_items200_h1000\PPO_1
275000,1.0,per_learner/0/correct,ppo_hier_items200_h1000\PPO_1
294912,1.0,per_learner/0/correct,ppo_hier_items200_h1000\PPO_1
300000,1.0,per_learner/0/correct,ppo_hier_items200_h1000\PPO_1
325000,1.0,per_learner/0/correct,ppo_hier_items200_h1000\PPO_1
327680,1.0,per_learner/0/correct,ppo_hier_items200_h1000\PPO_1
350000,1.0,per_learner/0/correct,ppo_hier_items200_h1000\PPO_1
360448,1.0,per_learner/0/correct,ppo_hier_items200_h1000\PPO_1
375000,1.0,per_learner/0/correct,ppo_hier_items200_h1000\PPO_1
393216,1.0,per_learner/0/correct,ppo_hier_items200_h1000\PPO_1
400000,1.0,per_learner/0/correct,ppo_hier_items200_h1000\PPO_1
425000,1.0,per_learner/0/correct,ppo_hier_items200_h1000\PPO_1
425984,1.0,per_learner/0/correct,ppo_hier_items200_h1000\PPO_1
450000,1.0,per_learner/0/correct,ppo_hier_items200_h1000\PPO_1
458752,1.0,per_learner/0/correct,ppo_hier_items200_h1000\PPO_1
475000,1.0,per_learner/0/correct,ppo_hier_items200_h1000\PPO_1
491520,1.0,per_learner/0/correct,ppo_hier_items200_h1000\PPO_1
500000,1.0,per_learner/0/correct,ppo_hier_items200_h1000\PPO_1
524288,1.0,per_learner/0/correct,ppo_hier_items200_h1000\PPO_1
525000,1.0,per_learner/0/correct,ppo_hier_items200_h1000\PPO_1
550000,1.0,per_learner/0/correct,ppo_hier_items200_h1000\PPO_1
557056,1.0,per_learner/0/correct,ppo_hier_items200_h1000\PPO_1
575000,1.0,per_learner/0/correct,ppo_hier_items200_h1000\PPO_1
589824,0.0,per_learner/0/correct,ppo_hier_items200_h1000\PPO_1
600000,1.0,per_learner/0/correct,ppo_hier_items200_h1000\PPO_1
622592,1.0,per_learner/0/correct,ppo_hier_items200_h1000\PPO_1
625000,1.0,per_learner/0/correct,ppo_hier_items200_h1000\PPO_1
650000,1.0,per_learner/0/correct,ppo_hier_items200_h1000\PPO_1
655360,1.0,per_learner/0/correct,ppo_hier_items200_h1000\PPO_1
675000,1.0,per_learner/0/correct,ppo_hier_items200_h1000\PPO_1
688128,1.0,per_learner/0/correct,ppo_hier_items200_h1000\PPO_1
700000,1.0,per_learner/0/correct,ppo_hier_items200_h1000\PPO_1
720896,1.0,per_learner/0/correct,ppo_hier_items200_h1000\PPO_1
725000,1.0,per_learner/0/correct,ppo_hier_items200_h1000\PPO_1
750000,1.0,per_learner/0/correct,ppo_hier_items200_h1000\PPO_1
753664,1.0,per_learner/0/correct,ppo_hier_items200_h1000\PPO_1
775000,1.0,per_learner/0/correct,ppo_hier_items200_h1000\PPO_1
786432,1.0,per_learner/0/correct,ppo_hier_items200_h1000\PPO_1
800000,1.0,per_learner/0/correct,ppo_hier_items200_h1000\PPO_1
819200,1.0,per_learner/0/correct,ppo_hier_items200_h1000\PPO_1
825000,1.0,per_learner/0/correct,ppo_hier_items200_h1000\PPO_1
850000,1.0,per_learner/0/correct,ppo_hier_items200_h1000\PPO_1
851968,1.0,per_learner/0/correct,ppo_hier_items200_h1000\PPO_1
875000,1.0,per_learner/0/correct,ppo_hier_items200_h1000\PPO_1
884736,1.0,per_learner/0/correct,ppo_hier_items200_h1000\PPO_1
900000,1.0,per_learner/0/correct,ppo_hier_items200_h1000\PPO_1
917504,1.0,per_learner/0/correct,ppo_hier_items200_h1000\PPO_1
925000,1.0,per_learner/0/correct,ppo_hier_items200_h1000\PPO_1
950000,1.0,per_learner/0/correct,ppo_hier_items200_h1000\PPO_1
950272,1.0,per_learner/0/correct,ppo_hier_items200_h1000\PPO_1
975000,1.0,per_learner/0/correct,ppo_hier_items200_h1000\PPO_1
983040,1.0,per_learner/0/correct,ppo_hier_items200_h1000\PPO_1
1000000,1.0,per_learner/0/correct,ppo_hier_items200_h1000\PPO_1
1015808,1.0,per_learner/0/correct,ppo_hier_items200_h1000\PPO_1
1025000,1.0,per_learner/0/correct,ppo_hier_items200_h1000\PPO_1
1048576,1.0,per_learner/0/correct,ppo_hier_items200_h1000\PPO_1
1050000,1.0,per_learner/0/correct,ppo_hier_items200_h1000\PPO_1
1075000,1.0,per_learner/0/correct,ppo_hier_items200_h1000\PPO_1
1081344,1.0,per_learner/0/correct,ppo_hier_items200_h1000\PPO_1
1100000,1.0,per_learner/0/correct,ppo_hier_items200_h1000\PPO_1
1114112,1.0,per_learner/0/correct,ppo_hier_items200_h1000\PPO_1
1125000,1.0,per_learner/0/correct,ppo_hier_items200_h1000\PPO_1
1146880,1.0,per_learner/0/correct,ppo_hier_items200_h1000\PPO_1
1150000,1.0,per_learner/0/correct,ppo_hier_items200_h1000\PPO_1
1175000,1.0,per_learner/0/correct,ppo_hier_items200_h1000\PPO_1
1179648,1.0,per_learner/0/correct,ppo_hier_items200_h1000\PPO_1
1200000,1.0,per_learner/0/correct,ppo_hier_items200_h1000\PPO_1
1212416,1.0,per_learner/0/correct,ppo_hier_items200_h1000\PPO_1
1225000,1.0,per_learner/0/correct,ppo_hier_items200_h1000\PPO_1
1245184,1.0,per_learner/0/correct,ppo_hier_items200_h1000\PPO_1
1250000,1.0,per_learner/0/correct,ppo_hier_items200_h1000\PPO_1
1275000,1.0,per_learner/0/correct,ppo_hier_items200_h1000\PPO_1
1277952,1.0,per_learner/0/correct,ppo_hier_items200_h1000\PPO_1
1300000,1.0,per_learner/0/correct,ppo_hier_items200_h1000\PPO_1
1310720,1.0,per_learner/0/correct,ppo_hier_items200_h1000\PPO_1
1325000,1.0,per_learner/0/correct,ppo_hier_items200_h1000\PPO_1
1343488,1.0,per_learner/0/correct,ppo_hier_items200_h1000\PPO_1
1350000,1.0,per_learner/0/correct,ppo_hier_items200_h1000\PPO_1
1375000,1.0,per_learner/0/correct,ppo_hier_items200_h1000\PPO_1
1376256,1.0,per_learner/0/correct,ppo_hier_items200_h1000\PPO_1
1400000,1.0,per_learner/0/correct,ppo_hier_items200_h1000\PPO_1
1409024,1.0,per_learner/0/correct,ppo_hier_items200_h1000\PPO_1
1425000,1.0,per_learner/0/correct,ppo_hier_items200_h1000\PPO_1
1441792,1.0,per_learner/0/correct,ppo_hier_items200_h1000\PPO_1
1450000,1.0,per_learner/0/correct,ppo_hier_items200_h1000\PPO_1
1474560,1.0,per_learner/0/correct,ppo_hier_items200_h1000\PPO_1
1475000,1.0,per_learner/0/correct,ppo_hier_items200_h1000\PPO_1
1500000,1.0,per_learner/0/correct,ppo_hier_items200_h1000\PPO_1
1507328,1.0,per_learner/0/correct,ppo_hier_items200_h1000\PPO_1
1525000,1.0,per_learner/0/correct,ppo_hier_items200_h1000\PPO_1
1540096,1.0,per_learner/0/correct,ppo_hier_items200_h1000\PPO_1
1550000,1.0,per_learner/0/correct,ppo_hier_items200_h1000\PPO_1
1572864,1.0,per_learner/0/correct,ppo_hier_items200_h1000\PPO_1
1575000,1.0,per_learner/0/correct,ppo_hier_items200_h1000\PPO_1
1600000,1.0,per_learner/0/correct,ppo_hier_items200_h1000\PPO_1
1605632,1.0,per_learner/0/correct,ppo_hier_items200_h1000\PPO_1
25000,0.0,per_learner/0/mastered_count,ppo_hier_items200_h1000\PPO_1
32768,0.0,per_learner/0/mastered_count,ppo_hier_items200_h1000\PPO_1
50000,1.0,per_learner/0/mastered_count,ppo_hier_items200_h1000\PPO_1
65536,0.0,per_learner/0/mastered_count,ppo_hier_items200_h1000\PPO_1
75000,1.0,per_learner/0/mastered_count,ppo_hier_items200_h1000\PPO_1
98304,1.0,per_learner/0/mastered_count,ppo_hier_items200_h1000\PPO_1
100000,1.0,per_learner/0/mastered_count,ppo_hier_items200_h1000\PPO_1
125000,1.0,per_learner/0/mastered_count,ppo_hier_items200_h1000\PPO_1
131072,0.0,per_learner/0/mastered_count,ppo_hier_items200_h1000\PPO_1
150000,5.0,per_learner/0/mastered_count,ppo_hier_items200_h1000\PPO_1
163840,2.0,per_learner/0/mastered_count,ppo_hier_items200_h1000\PPO_1
175000,4.0,per_learner/0/mastered_count,ppo_hier_items200_h1000\PPO_1
196608,0.0,per_learner/0/mastered_count,ppo_hier_items200_h1000\PPO_1
200000,8.0,per_learner/0/mastered_count,ppo_hier_items200_h1000\PPO_1
225000,0.0,per_learner/0/mastered_count,ppo_hier_items200_h1000\PPO_1
229376,4.0,per_learner/0/mastered_count,ppo_hier_items200_h1000\PPO_1
250000,1.0,per_learner/0/mastered_count,ppo_hier_items200_h1000\PPO_1
262144,4.0,per_learner/0/mastered_count,ppo_hier_items200_h1000\PPO_1
275000,1.0,per_learner/0/mastered_count,ppo_hier_items200_h1000\PPO_1
294912,5.0,per_learner/0/mastered_count,ppo_hier_items200_h1000\PPO_1
300000,1.0,per_learner/0/mastered_count,ppo_hier_items200_h1000\PPO_1
325000,7.0,per_learner/0/mastered_count,ppo_hier_items200_h1000\PPO_1
327680,8.0,per_learner/0/mastered_count,ppo_hier_items200_h1000\PPO_1
350000,3.0,per_learner/0/mastered_count,ppo_hier_items200_h1000\PPO_1
360448,0.0,per_learner/0/mastered_count,ppo_hier_items200_h1000\PPO_1
375000,4.0,per_learner/0/mastered_count,ppo_hier_items200_h1000\PPO_1
393216,0.0,per_learner/0/mastered_count,ppo_hier_items200_h1000\PPO_1
400000,6.0,per_learner/0/mastered_count,ppo_hier_items200_h1000\PPO_1
425000,1.0,per_learner/0/mastered_count,ppo_hier_items200_h1000\PPO_1
425984,0.0,per_learner/0/mastered_count,ppo_hier_items200_h1000\PPO_1
450000,0.0,per_learner/0/mastered_count,ppo_hier_items200_h1000\PPO_1
458752,1.0,per_learner/0/mastered_count,ppo_hier_items200_h1000\PPO_1
475000,1.0,per_learner/0/mastered_count,ppo_hier_items200_h1000\PPO_1
491520,2.0,per_learner/0/mastered_count,ppo_hier_items200_h1000\PPO_1
500000,0.0,per_learner/0/mastered_count,ppo_hier_items200_h1000\PPO_1
524288,3.0,per_learner/0/mastered_count,ppo_hier_items200_h1000\PPO_1
525000,4.0,per_learner/0/mastered_count,ppo_hier_items200_h1000\PPO_1
550000,7.0,per_learner/0/mastered_count,ppo_hier_items200_h1000\PPO_1
557056,4.0,per_learner/0/mastered_count,ppo_hier_items200_h1000\PPO_1
575000,7.0,per_learner/0/mastered_count,ppo_hier_items200_h1000\PPO_1
589824,3.0,per_learner/0/mastered_count,ppo_hier_items200_h1000\PPO_1
600000,9.0,per_learner/0/mastered_count,ppo_hier_items200_h1000\PPO_1
622592,6.0,per_learner/0/mastered_count,ppo_hier_items200_h1000\PPO_1
625000,0.0,per_learner/0/mastered_count,ppo_hier_items200_h1000\PPO_1
650000,0.0,per_learner/0/mastered_count,ppo_hier_items200_h1000\PPO_1
655360,9.0,per_learner/0/mastered_count,ppo_hier_items200_h1000\PPO_1
675000,1.0,per_learner/0/mastered_count,ppo_hier_items200_h1000\PPO_1
688128,0.0,per_learner/0/mastered_count,ppo_hier_items200_h1000\PPO_1
700000,1.0,per_learner/0/mastered_count,ppo_hier_items200_h1000\PPO_1
720896,0.0,per_learner/0/mastered_count,ppo_hier_items200_h1000\PPO_1
725000,5.0,per_learner/0/mastered_count,ppo_hier_items200_h1000\PPO_1
750000,6.0,per_learner/0/mastered_count,ppo_hier_items200_h1000\PPO_1
753664,0.0,per_learner/0/mastered_count,ppo_hier_items200_h1000\PPO_1
775000,6.0,per_learner/0/mastered_count,ppo_hier_items200_h1000\PPO_1
786432,1.0,per_learner/0/mastered_count,ppo_hier_items200_h1000\PPO_1
800000,11.0,per_learner/0/mastered_count,ppo_hier_items200_h1000\PPO_1
819200,1.0,per_learner/0/mastered_count,ppo_hier_items200_h1000\PPO_1
825000,0.0,per_learner/0/mastered_count,ppo_hier_items200_h1000\PPO_1
850000,1.0,per_learner/0/mastered_count,ppo_hier_items200_h1000\PPO_1
851968,2.0,per_learner/0/mastered_count,ppo_hier_items200_h1000\PPO_1
875000,2.0,per_learner/0/mastered_count,ppo_hier_items200_h1000\PPO_1
884736,5.0,per_learner/0/mastered_count,ppo_hier_items200_h1000\PPO_1
900000,6.0,per_learner/0/mastered_count,ppo_hier_items200_h1000\PPO_1
917504,14.0,per_learner/0/mastered_count,ppo_hier_items200_h1000\PPO_1
925000,7.0,per_learner/0/mastered_count,ppo_hier_items200_h1000\PPO_1
950000,8.0,per_learner/0/mastered_count,ppo_hier_items200_h1000\PPO_1
950272,14.0,per_learner/0/mastered_count,ppo_hier_items200_h1000\PPO_1
975000,9.0,per_learner/0/mastered_count,ppo_hier_items200_h1000\PPO_1
983040,17.0,per_learner/0/mastered_count,ppo_hier_items200_h1000\PPO_1
1000000,11.0,per_learner/0/mastered_count,ppo_hier_items200_h1000\PPO_1
1015808,13.0,per_learner/0/mastered_count,ppo_hier_items200_h1000\PPO_1
1025000,0.0,per_learner/0/mastered_count,ppo_hier_items200_h1000\PPO_1
1048576,0.0,per_learner/0/mastered_count,ppo_hier_items200_h1000\PPO_1
1050000,2.0,per_learner/0/mastered_count,ppo_hier_items200_h1000\PPO_1
1075000,5.0,per_learner/0/mastered_count,ppo_hier_items200_h1000\PPO_1
1081344,1.0,per_learner/0/mastered_count,ppo_hier_items200_h1000\PPO_1
1100000,5.0,per_learner/0/mastered_count,ppo_hier_items200_h1000\PPO_1
1114112,3.0,per_learner/0/mastered_count,ppo_hier_items200_h1000\PPO_1
1125000,9.0,per_learner/0/mastered_count,ppo_hier_items200_h1000\PPO_1
1146880,4.0,per_learner/0/mastered_count,ppo_hier_items200_h1000\PPO_1
1150000,12.0,per_learner/0/mastered_count,ppo_hier_items200_h1000\PPO_1
1175000,14.0,per_learner/0/mastered_count,ppo_hier_items200_h1000\PPO_1
1179648,7.0,per_learner/0/mastered_count,ppo_hier_items200_h1000\PPO_1
1200000,18.0,per_learner/0/mastered_count,ppo_hier_items200_h1000\PPO_1
1212416,8.0,per_learner/0/mastered_count,ppo_hier_items200_h1000\PPO_1
1225000,0.0,per_learner/0/mastered_count,ppo_hier_items200_h1000\PPO_1
1245184,14.0,per_learner/0/mastered_count,ppo_hier_items200_h1000\PPO_1
1250000,7.0,per_learner/0/mastered_count,ppo_hier_items200_h1000\PPO_1
1275000,3.0,per_learner/0/mastered_count,ppo_hier_items200_h1000\PPO_1
1277952,14.0,per_learner/0/mastered_count,ppo_hier_items200_h1000\PPO_1
1300000,6.0,per_learner/0/mastered_count,ppo_hier_items200_h1000\PPO_1
1310720,15.0,per_learner/0/mastered_count,ppo_hier_items200_h1000\PPO_1
1325000,11.0,per_learner/0/mastered_count,ppo_hier_items200_h1000\PPO_1
1343488,18.0,per_learner/0/mastered_count,ppo_hier_items200_h1000\PPO_1
1350000,16.0,per_learner/0/mastered_count,ppo_hier_items200_h1000\PPO_1
1375000,19.0,per_learner/0/mastered_count,ppo_hier_items200_h1000\PPO_1
1376256,0.0,per_learner/0/mastered_count,ppo_hier_items200_h1000\PPO_1
1400000,23.0,per_learner/0/mastered_count,ppo_hier_items200_h1000\PPO_1
1409024,0.0,per_learner/0/mastered_count,ppo_hier_items200_h1000\PPO_1
1425000,0.0,per_learner/0/mastered_count,ppo_hier_items200_h1000\PPO_1
1441792,1.0,per_learner/0/mastered_count,ppo_hier_items200_h1000\PPO_1
1450000,1.0,per_learner/0/mastered_count,ppo_hier_items200_h1000\PPO_1
1474560,3.0,per_learner/0/mastered_count,ppo_hier_items200_h1000\PPO_1
1475000,7.0,per_learner/0/mastered_count,ppo_hier_items200_h1000\PPO_1
1500000,12.0,per_learner/0/mastered_count,ppo_hier_items200_h1000\PPO_1
1507328,5.0,per_learner/0/mastered_count,ppo_hier_items200_h1000\PPO_1
1525000,8.0,per_learner/0/mastered_count,ppo_hier_items200_h1000\PPO_1
1540096,11.0,per_learner/0/mastered_count,ppo_hier_items200_h1000\PPO_1
1550000,17.0,per_learner/0/mastered_count,ppo_hier_items200_h1000\PPO_1
1572864,14.0,per_learner/0/mastered_count,ppo_hier_items200_h1000\PPO_1
1575000,17.0,per_learner/0/mastered_count,ppo_hier_items200_h1000\PPO_1
1600000,19.0,per_learner/0/mastered_count,ppo_hier_items200_h1000\PPO_1
1605632,11.0,per_learner/0/mastered_count,ppo_hier_items200_h1000\PPO_1
25000,0.9997714161872864,per_learner/0/p_correct,ppo_hier_items200_h1000\PPO_1
32768,0.9998080134391785,per_learner/0/p_correct,ppo_hier_items200_h1000\PPO_1
50000,0.9995410442352295,per_learner/0/p_correct,ppo_hier_items200_h1000\PPO_1
65536,0.9995220899581909,per_learner/0/p_correct,ppo_hier_items200_h1000\PPO_1
75000,0.9990692138671875,per_learner/0/p_correct,ppo_hier_items200_h1000\PPO_1
98304,0.9994260668754578,per_learner/0/p_correct,ppo_hier_items200_h1000\PPO_1
100000,0.9990023374557495,per_learner/0/p_correct,ppo_hier_items200_h1000\PPO_1
125000,0.9985952973365784,per_learner/0/p_correct,ppo_hier_items200_h1000\PPO_1
131072,0.9996386766433716,per_learner/0/p_correct,ppo_hier_items200_h1000\PPO_1
150000,0.9994504451751709,per_learner/0/p_correct,ppo_hier_items200_h1000\PPO_1
163840,0.9999693036079407,per_learner/0/p_correct,ppo_hier_items200_h1000\PPO_1
175000,0.9980353116989136,per_learner/0/p_correct,ppo_hier_items200_h1000\PPO_1
196608,0.9989612102508545,per_learner/0/p_correct,ppo_hier_items200_h1000\PPO_1
200000,0.9975182414054871,per_learner/0/p_correct,ppo_hier_items200_h1000\PPO_1
225000,0.9997714161872864,per_learner/0/p_correct,ppo_hier_items200_h1000\PPO_1
229376,0.9999424815177917,per_learner/0/p_correct,ppo_hier_items200_h1000\PPO_1
250000,0.9995410442352295,per_learner/0/p_correct,ppo_hier_items200_h1000\PPO_1
262144,0.9984649419784546,per_learner/0/p_correct,ppo_hier_items200_h1000\PPO_1
275000,0.9991600513458252,per_learner/0/p_correct,ppo_hier_items200_h1000\PPO_1
294912,0.9994932413101196,per_learner/0/p_correct,ppo_hier_items200_h1000\PPO_1
300000,0.99908047914505,per_learner/0/p_correct,ppo_hier_items200_h1000\PPO_1
325000,0.9987525939941406,per_learner/0/p_correct,ppo_hier_items200_h1000\PPO_1
327680,0.9999439120292664,per_learner/0/p_correct,ppo_hier_items200_h1000\PPO_1
350000,0.9997854828834534,per_learner/0/p_correct,ppo_hier_items200_h1000\PPO_1
360448,0.999896764755249,per_learner/0/p_correct,ppo_hier_items200_h1000\PPO_1
375000,0.9982332587242126,per_learner/0/p_correct,ppo_hier_items200_h1000\PPO_1
393216,0.9997252821922302,per_learner/0/p_correct,ppo_hier_items200_h1000\PPO_1
400000,0.9977565407752991,per_learner/0/p_correct,ppo_hier_items200_h1000\PPO_1
425000,0.9997519850730896,per_learner/0/p_correct,ppo_hier_items200_h1000\PPO_1
425984,0.9995536208152771,per_learner/0/p_correct,ppo_hier_items200_h1000\PPO_1
450000,0.9998341202735901,per_learner/0/p_correct,ppo_hier_items200_h1000\PPO_1
458752,0.999312162399292,per_learner/0/p_correct,ppo_hier_items200_h1000\PPO_1
475000,0.9991578459739685,per_learner/0/p_correct,ppo_hier_items200_h1000\PPO_1
491520,0.9990093111991882,per_learner/0/p_correct,ppo_hier_items200_h1000\PPO_1
500000,0.9990043640136719,per_learner/0/p_correct,ppo_hier_items200_h1000\PPO_1
524288,0.9999170303344727,per_learner/0/p_correct,ppo_hier_items200_h1000\PPO_1
525000,0.9985975027084351,per_learner/0/p_correct,ppo_hier_items200_h1000\PPO_1
550000,0.9983141422271729,per_learner/0/p_correct,ppo_hier_items200_h1000\PPO_1
557056,0.9998111724853516,per_learner/0/p_correct,ppo_hier_items200_h1000\PPO_1
575000,0.9982532858848572,per_learner/0/p_correct,ppo_hier_items200_h1000\PPO_1
589824,0.9985448718070984,per_learner/0/p_correct,ppo_hier_items200_h1000\PPO_1
600000,0.9977565407752991,per_learner/0/p_correct,ppo_hier_items200_h1000\PPO_1
622592,0.9984820485115051,per_learner/0/p_correct,ppo_hier_items200_h1000\PPO_1
625000,0.9997463822364807,per_learner/0/p_correct,ppo_hier_items200_h1000\PPO_1
650000,0.9993802309036255,per_learner/0/p_correct,ppo_hier_items200_h1000\PPO_1
655360,0.9981654286384583,per_learner/0/p_correct,ppo_hier_items200_h1000\PPO_1
675000,0.9996792674064636,per_learner/0/p_correct,ppo_hier_items200_h1000\PPO_1
688128,0.9999728798866272,per_learner/0/p_correct,ppo_hier_items200_h1000\PPO_1
700000,0.9990823268890381,per_learner/0/p_correct,ppo_hier_items200_h1000\PPO_1
720896,0.9997972249984741,per_learner/0/p_correct,ppo_hier_items200_h1000\PPO_1
725000,0.9998949766159058,per_learner/0/p_correct,ppo_hier_items200_h1000\PPO_1
750000,0.9986200928688049,per_learner/0/p_correct,ppo_hier_items200_h1000\PPO_1
753664,0.999482274055481,per_learner/0/p_correct,ppo_hier_items200_h1000\PPO_1
775000,0.9984232783317566,per_learner/0/p_correct,ppo_hier_items200_h1000\PPO_1
786432,0.9998366832733154,per_learner/0/p_correct,ppo_hier_items200_h1000\PPO_1
800000,0.9980117082595825,per_learner/0/p_correct,ppo_hier_items200_h1000\PPO_1
819200,0.999266505241394,per_learner/0/p_correct,ppo_hier_items200_h1000\PPO_1
825000,0.9997504949569702,per_learner/0/p_correct,ppo_hier_items200_h1000\PPO_1
850000,0.9994946122169495,per_learner/0/p_correct,ppo_hier_items200_h1000\PPO_1
851968,0.998986005783081,per_learner/0/p_correct,ppo_hier_items200_h1000\PPO_1
875000,0.9992541670799255,per_learner/0/p_correct,ppo_hier_items200_h1000\PPO_1
884736,0.9989091753959656,per_learner/0/p_correct,ppo_hier_items200_h1000\PPO_1
900000,0.9995493292808533,per_learner/0/p_correct,ppo_hier_items200_h1000\PPO_1
917504,0.9995810985565186,per_learner/0/p_correct,ppo_hier_items200_h1000\PPO_1
925000,0.9994435906410217,per_learner/0/p_correct,ppo_hier_items200_h1000\PPO_1
950000,0.9985048770904541,per_learner/0/p_correct,ppo_hier_items200_h1000\PPO_1
950272,0.999968409538269,per_learner/0/p_correct,ppo_hier_items200_h1000\PPO_1
975000,0.9999200105667114,per_learner/0/p_correct,ppo_hier_items200_h1000\PPO_1
983040,0.998170793056488,per_learner/0/p_correct,ppo_hier_items200_h1000\PPO_1
1000000,0.9998909831047058,per_learner/0/p_correct,ppo_hier_items200_h1000\PPO_1
1015808,0.9980496168136597,per_learner/0/p_correct,ppo_hier_items200_h1000\PPO_1
1025000,0.9999600052833557,per_learner/0/p_correct,ppo_hier_items200_h1000\PPO_1
1048576,0.99985271692276,per_learner/0/p_correct,ppo_hier_items200_h1000\PPO_1
1050000,0.9999425411224365,per_learner/0/p_correct,ppo_hier_items200_h1000\PPO_1
1075000,0.9992521405220032,per_learner/0/p_correct,ppo_hier_items200_h1000\PPO_1
1081344,0.9996640086174011,per_learner/0/p_correct,ppo_hier_items200_h1000\PPO_1
1100000,0.9988765120506287,per_learner/0/p_correct,ppo_hier_items200_h1000\PPO_1
1114112,0.9993429183959961,per_learner/0/p_correct,ppo_hier_items200_h1000\PPO_1
1125000,0.9985952973365784,per_learner/0/p_correct,ppo_hier_items200_h1000\PPO_1
1146880,0.9993365406990051,per_learner/0/p_correct,ppo_hier_items200_h1000\PPO_1
1150000,0.9985029101371765,per_learner/0/p_correct,ppo_hier_items200_h1000\PPO_1
1175000,0.9982159733772278,per_learner/0/p_correct,ppo_hier_items200_h1000\PPO_1
1179648,0.9989732503890991,per_learner/0/p_correct,ppo_hier_items200_h1000\PPO_1
1200000,0.9999921321868896,per_learner/0/p_correct,ppo_hier_items200_h1000\PPO_1
1212416,0.9990027546882629,per_learner/0/p_correct,ppo_hier_items200_h1000\PPO_1
1225000,0.9999831318855286,per_learner/0/p_correct,ppo_hier_items200_h1000\PPO_1
1245184,0.9987046718597412,per_learner/0/p_correct,ppo_hier_items200_h1000\PPO_1
1250000,0.9993802309036255,per_learner/0/p_correct,ppo_hier_items200_h1000\PPO_1
1275000,0.999970018863678,per_learner/0/p_correct,ppo_hier_items200_h1000\PPO_1
1277952,0.9999793767929077,per_learner/0/p_correct,ppo_hier_items200_h1000\PPO_1
1300000,0.9989880323410034,per_learner/0/p_correct,ppo_hier_items200_h1000\PPO_1
1310720,0.9979156851768494,per_learner/0/p_correct,ppo_hier_items200_h1000\PPO_1
1325000,0.9997929334640503,per_learner/0/p_correct,ppo_hier_items200_h1000\PPO_1
1343488,0.9999551773071289,per_learner/0/p_correct,ppo_hier_items200_h1000\PPO_1
1350000,0.9986200928688049,per_learner/0/p_correct,ppo_hier_items200_h1000\PPO_1
1375000,0.9998559951782227,per_learner/0/p_correct,ppo_hier_items200_h1000\PPO_1
1376256,0.9999350309371948,per_learner/0/p_correct,ppo_hier_items200_h1000\PPO_1
1400000,0.9995618462562561,per_learner/0/p_correct,ppo_hier_items200_h1000\PPO_1
1409024,0.99977046251297,per_learner/0/p_correct,ppo_hier_items200_h1000\PPO_1
1425000,0.9997519850730896,per_learner/0/p_correct,ppo_hier_items200_h1000\PPO_1
1441792,0.9995453357696533,per_learner/0/p_correct,ppo_hier_items200_h1000\PPO_1
1450000,0.9999231100082397,per_learner/0/p_correct,ppo_hier_items200_h1000\PPO_1
1474560,0.9998866319656372,per_learner/0/p_correct,ppo_hier_items200_h1000\PPO_1
1475000,0.999970018863678,per_learner/0/p_correct,ppo_hier_items200_h1000\PPO_1
1500000,0.9988765120506287,per_learner/0/p_correct,ppo_hier_items200_h1000\PPO_1
1507328,0.9999690055847168,per_learner/0/p_correct,ppo_hier_items200_h1000\PPO_1
1525000,0.9988745450973511,per_learner/0/p_correct,ppo_hier_items200_h1000\PPO_1
1540096,0.9989651441574097,per_learner/0/p_correct,ppo_hier_items200_h1000\PPO_1
1550000,0.998625636100769,per_learner/0/p_correct,ppo_hier_items200_h1000\PPO_1
1572864,0.9998971819877625,per_learner/0/p_correct,ppo_hier_items200_h1000\PPO_1
1575000,0.9984214305877686,per_learner/0/p_correct,ppo_hier_items200_h1000\PPO_1
1600000,0.997958779335022,per_learner/0/p_correct,ppo_hier_items200_h1000\PPO_1
1605632,0.9985927939414978,per_learner/0/p_correct,ppo_hier_items200_h1000\PPO_1
25000,0.9990571737289429,per_learner/0/reward,ppo_hier_items200_h1000\PPO_1
32768,0.9990479946136475,per_learner/0/reward,ppo_hier_items200_h1000\PPO_1
50000,0.9991147518157959,per_learner/0/reward,ppo_hier_items200_h1000\PPO_1
65536,0.9991194605827332,per_learner/0/reward,ppo_hier_items200_h1000\PPO_1
75000,0.9992327094078064,per_learner/0/reward,ppo_hier_items200_h1000\PPO_1
98304,0.9991434812545776,per_learner/0/reward,ppo_hier_items200_h1000\PPO_1
100000,0.9992493987083435,per_learner/0/reward,ppo_hier_items200_h1000\PPO_1
125000,0.9993512034416199,per_learner/0/reward,ppo_hier_items200_h1000\PPO_1
131072,0.999090313911438,per_learner/0/reward,ppo_hier_items200_h1000\PPO_1
150000,0.9991374015808105,per_learner/0/reward,ppo_hier_items200_h1000\PPO_1
163840,0.9990077018737793,per_learner/0/reward,ppo_hier_items200_h1000\PPO_1
175000,0.9994911551475525,per_learner/0/reward,ppo_hier_items200_h1000\PPO_1
196608,0.9992597103118896,per_learner/0/reward,ppo_hier_items200_h1000\PPO_1
200000,0.9996204376220703,per_learner/0/reward,ppo_hier_items200_h1000\PPO_1
225000,0.9990571737289429,per_learner/0/reward,ppo_hier_items200_h1000\PPO_1
229376,3.009014368057251,per_learner/0/reward,ppo_hier_items200_h1000\PPO_1
250000,0.9991147518157959,per_learner/0/reward,ppo_hier_items200_h1000\PPO_1
262144,0.9993837475776672,per_learner/0/reward,ppo_hier_items200_h1000\PPO_1
275000,0.999210000038147,per_learner/0/reward,ppo_hier_items200_h1000\PPO_1
294912,0.999126672744751,per_learner/0/reward,ppo_hier_items200_h1000\PPO_1
300000,0.999229907989502,per_learner/0/reward,ppo_hier_items200_h1000\PPO_1
325000,0.9993118643760681,per_learner/0/reward,ppo_hier_items200_h1000\PPO_1
327680,0.9990140199661255,per_learner/0/reward,ppo_hier_items200_h1000\PPO_1
350000,0.9990535974502563,per_learner/0/reward,ppo_hier_items200_h1000\PPO_1
360448,0.999025821685791,per_learner/0/reward,ppo_hier_items200_h1000\PPO_1
375000,0.9994416832923889,per_learner/0/reward,ppo_hier_items200_h1000\PPO_1
393216,0.9990686774253845,per_learner/0/reward,ppo_hier_items200_h1000\PPO_1
400000,0.9995608925819397,per_learner/0/reward,ppo_hier_items200_h1000\PPO_1
425000,0.9990620017051697,per_learner/0/reward,ppo_hier_items200_h1000\PPO_1
425984,0.9991115927696228,per_learner/0/reward,ppo_hier_items200_h1000\PPO_1
450000,0.9990414977073669,per_learner/0/reward,ppo_hier_items200_h1000\PPO_1
458752,0.9991719722747803,per_learner/0/reward,ppo_hier_items200_h1000\PPO_1
475000,0.99921053647995,per_learner/0/reward,ppo_hier_items200_h1000\PPO_1
491520,0.999247670173645,per_learner/0/reward,ppo_hier_items200_h1000\PPO_1
500000,0.9992489218711853,per_learner/0/reward,ppo_hier_items200_h1000\PPO_1
524288,0.9990207552909851,per_learner/0/reward,ppo_hier_items200_h1000\PPO_1
525000,0.9993506073951721,per_learner/0/reward,ppo_hier_items200_h1000\PPO_1
550000,0.9994214773178101,per_learner/0/reward,ppo_hier_items200_h1000\PPO_1
557056,0.9990472197532654,per_learner/0/reward,ppo_hier_items200_h1000\PPO_1
575000,0.9994366765022278,per_learner/0/reward,ppo_hier_items200_h1000\PPO_1
589824,-1.2506362199783325,per_learner/0/reward,ppo_hier_items200_h1000\PPO_1
600000,0.9995608925819397,per_learner/0/reward,ppo_hier_items200_h1000\PPO_1
622592,0.9993795156478882,per_learner/0/reward,ppo_hier_items200_h1000\PPO_1
625000,0.9990633726119995,per_learner/0/reward,ppo_hier_items200_h1000\PPO_1
650000,0.9991549253463745,per_learner/0/reward,ppo_hier_items200_h1000\PPO_1
655360,0.9994586706161499,per_learner/0/reward,ppo_hier_items200_h1000\PPO_1
675000,0.9990801811218262,per_learner/0/reward,ppo_hier_items200_h1000\PPO_1
688128,0.9990068078041077,per_learner/0/reward,ppo_hier_items200_h1000\PPO_1
700000,0.9992294311523438,per_learner/0/reward,ppo_hier_items200_h1000\PPO_1
720896,0.9990506768226624,per_learner/0/reward,ppo_hier_items200_h1000\PPO_1
725000,0.9990262389183044,per_learner/0/reward,ppo_hier_items200_h1000\PPO_1
750000,0.9993449449539185,per_learner/0/reward,ppo_hier_items200_h1000\PPO_1
753664,0.9991294145584106,per_learner/0/reward,ppo_hier_items200_h1000\PPO_1
775000,0.9993941783905029,per_learner/0/reward,ppo_hier_items200_h1000\PPO_1
786432,0.9990408420562744,per_learner/0/reward,ppo_hier_items200_h1000\PPO_1
800000,0.9994970560073853,per_learner/0/reward,ppo_hier_items200_h1000\PPO_1
819200,0.9991833567619324,per_learner/0/reward,ppo_hier_items200_h1000\PPO_1
825000,0.9990623593330383,per_learner/0/reward,ppo_hier_items200_h1000\PPO_1
850000,0.9991263747215271,per_learner/0/reward,ppo_hier_items200_h1000\PPO_1
851968,0.999253511428833,per_learner/0/reward,ppo_hier_items200_h1000\PPO_1
875000,0.9991864562034607,per_learner/0/reward,ppo_hier_items200_h1000\PPO_1
884736,0.9992727041244507,per_learner/0/reward,ppo_hier_items200_h1000\PPO_1
900000,0.9991126656532288,per_learner/0/reward,ppo_hier_items200_h1000\PPO_1
917504,0.9991047382354736,per_learner/0/reward,ppo_hier_items200_h1000\PPO_1
925000,0.999139130115509,per_learner/0/reward,ppo_hier_items200_h1000\PPO_1
950000,0.9993737936019897,per_learner/0/reward,ppo_hier_items200_h1000\PPO_1
950272,3.0090079307556152,per_learner/0/reward,ppo_hier_items200_h1000\PPO_1
975000,0.999019980430603,per_learner/0/reward,ppo_hier_items200_h1000\PPO_1
983040,0.9994572997093201,per_learner/0/reward,ppo_hier_items200_h1000\PPO_1
1000000,0.9990272521972656,per_learner/0/reward,ppo_hier_items200_h1000\PPO_1
1015808,0.999487578868866,per_learner/0/reward,ppo_hier_items200_h1000\PPO_1
1025000,0.9990100264549255,per_learner/0/reward,ppo_hier_items200_h1000\PPO_1
1048576,0.9990367889404297,per_learner/0/reward,ppo_hier_items200_h1000\PPO_1
1050000,0.9990143775939941,per_learner/0/reward,ppo_hier_items200_h1000\PPO_1
1075000,0.9991869330406189,per_learner/0/reward,ppo_hier_items200_h1000\PPO_1
1081344,0.9990839958190918,per_learner/0/reward,ppo_hier_items200_h1000\PPO_1
1100000,0.9992808699607849,per_learner/0/reward,ppo_hier_items200_h1000\PPO_1
1114112,0.9991642832756042,per_learner/0/reward,ppo_hier_items200_h1000\PPO_1
1125000,0.9993512034416199,per_learner/0/reward,ppo_hier_items200_h1000\PPO_1
1146880,0.9991658926010132,per_learner/0/reward,ppo_hier_items200_h1000\PPO_1
1150000,0.999374270439148,per_learner/0/reward,ppo_hier_items200_h1000\PPO_1
1175000,0.9994459748268127,per_learner/0/reward,ppo_hier_items200_h1000\PPO_1
1179648,0.9992566704750061,per_learner/0/reward,ppo_hier_items200_h1000\PPO_1
1200000,3.0090019702911377,per_learner/0/reward,ppo_hier_items200_h1000\PPO_1
1212416,0.9992493391036987,per_learner/0/reward,ppo_hier_items200_h1000\PPO_1
1225000,0.9990041851997375,per_learner/0/reward,ppo_hier_items200_h1000\PPO_1
1245184,0.999323844909668,per_learner/0/reward,ppo_hier_items200_h1000\PPO_1
1250000,0.9991549253463745,per_learner/0/reward,ppo_hier_items200_h1000\PPO_1
1275000,0.999007523059845,per_learner/0/reward,ppo_hier_items200_h1000\PPO_1
1277952,3.009005069732666,per_learner/0/reward,ppo_hier_items200_h1000\PPO_1
1300000,0.99925297498703,per_learner/0/reward,ppo_hier_items200_h1000\PPO_1
1310720,0.9995210766792297,per_learner/0/reward,ppo_hier_items200_h1000\PPO_1
1325000,0.9990517497062683,per_learner/0/reward,ppo_hier_items200_h1000\PPO_1
1343488,3.0090112686157227,per_learner/0/reward,ppo_hier_items200_h1000\PPO_1
1350000,0.9993449449539185,per_learner/0/reward,ppo_hier_items200_h1000\PPO_1
1375000,0.9990360140800476,per_learner/0/reward,ppo_hier_items200_h1000\PPO_1
1376256,0.9990162253379822,per_learner/0/reward,ppo_hier_items200_h1000\PPO_1
1400000,3.0091094970703125,per_learner/0/reward,ppo_hier_items200_h1000\PPO_1
1409024,0.999057412147522,per_learner/0/reward,ppo_hier_items200_h1000\PPO_1
1425000,0.9990620017051697,per_learner/0/reward,ppo_hier_items200_h1000\PPO_1
1441792,0.9991136789321899,per_learner/0/reward,ppo_hier_items200_h1000\PPO_1
1450000,0.999019205570221,per_learner/0/reward,ppo_hier_items200_h1000\PPO_1
1474560,3.009028434753418,per_learner/0/reward,ppo_hier_items200_h1000\PPO_1
1475000,0.999007523059845,per_learner/0/reward,ppo_hier_items200_h1000\PPO_1
1500000,0.9992808699607849,per_learner/0/reward,ppo_hier_items200_h1000\PPO_1
1507328,0.9990077614784241,per_learner/0/reward,ppo_hier_items200_h1000\PPO_1
1525000,0.9992813467979431,per_learner/0/reward,ppo_hier_items200_h1000\PPO_1
1540096,0.9992586970329285,per_learner/0/reward,ppo_hier_items200_h1000\PPO_1
1550000,0.9993435740470886,per_learner/0/reward,ppo_hier_items200_h1000\PPO_1
1572864,0.9990257024765015,per_learner/0/reward,ppo_hier_items200_h1000\PPO_1
1575000,0.9993946552276611,per_learner/0/reward,ppo_hier_items200_h1000\PPO_1
1600000,0.9995102882385254,per_learner/0/reward,ppo_hier_items200_h1000\PPO_1
1605632,0.9993517994880676,per_learner/0/reward,ppo_hier_items200_h1000\PPO_1
25000,1.0,per_learner/0/rolling_acc,ppo_hier_items200_h1000\PPO_1
32768,1.0,per_learner/0/rolling_acc,ppo_hier_items200_h1000\PPO_1
50000,1.0,per_learner/0/rolling_acc,ppo_hier_items200_h1000\PPO_1
65536,1.0,per_learner/0/rolling_acc,ppo_hier_items200_h1000\PPO_1
75000,1.0,per_learner/0/rolling_acc,ppo_hier_items200_h1000\PPO_1
98304,1.0,per_learner/0/rolling_acc,ppo_hier_items200_h1000\PPO_1
100000,1.0,per_learner/0/rolling_acc,ppo_hier_items200_h1000\PPO_1
125000,1.0,per_learner/0/rolling_acc,ppo_hier_items200_h1000\PPO_1
131072,1.0,per_learner/0/rolling_acc,ppo_hier_items200_h1000\PPO_1
150000,1.0,per_learner/0/rolling_acc,ppo_hier_items200_h1000\PPO_1
163840,1.0,per_learner/0/rolling_acc,ppo_hier_items200_h1000\PPO_1
175000,1.0,per_learner/0/rolling_acc,ppo_hier_items200_h1000\PPO_1
196608,1.0,per_learner/0/rolling_acc,ppo_hier_items200_h1000\PPO_1
200000,1.0,per_learner/0/rolling_acc,ppo_hier_items200_h1000\PPO_1
225000,1.0,per_learner/0/rolling_acc,ppo_hier_items200_h1000\PPO_1
229376,1.0,per_learner/0/rolling_acc,ppo_hier_items200_h1000\PPO_1
250000,1.0,per_learner/0/rolling_acc,ppo_hier_items200_h1000\PPO_1
262144,1.0,per_learner/0/rolling_acc,ppo_hier_items200_h1000\PPO_1
275000,1.0,per_learner/0/rolling_acc,ppo_hier_items200_h1000\PPO_1
294912,1.0,per_learner/0/rolling_acc,ppo_hier_items200_h1000\PPO_1
300000,1.0,per_learner/0/rolling_acc,ppo_hier_items200_h1000\PPO_1
325000,0.9666666388511658,per_learner/0/rolling_acc,ppo_hier_items200_h1000\PPO_1
327680,1.0,per_learner/0/rolling_acc,ppo_hier_items200_h1000\PPO_1
350000,1.0,per_learner/0/rolling_acc,ppo_hier_items200_h1000\PPO_1
360448,1.0,per_learner/0/rolling_acc,ppo_hier_items200_h1000\PPO_1
375000,1.0,per_learner/0/rolling_acc,ppo_hier_items200_h1000\PPO_1
393216,1.0,per_learner/0/rolling_acc,ppo_hier_items200_h1000\PPO_1
400000,1.0,per_learner/0/rolling_acc,ppo_hier_items200_h1000\PPO_1
425000,1.0,per_learner/0/rolling_acc,ppo_hier_items200_h1000\PPO_1
425984,1.0,per_learner/0/rolling_acc,ppo_hier_items200_h1000\PPO_1
450000,1.0,per_learner/0/rolling_acc,ppo_hier_items200_h1000\PPO_1
458752,1.0,per_learner/0/rolling_acc,ppo_hier_items200_h1000\PPO_1
475000,1.0,per_learner/0/rolling_acc,ppo_hier_items200_h1000\PPO_1
491520,1.0,per_learner/0/rolling_acc,ppo_hier_items200_h1000\PPO_1
500000,1.0,per_learner/0/rolling_acc,ppo_hier_items200_h1000\PPO_1
524288,1.0,per_learner/0/rolling_acc,ppo_hier_items200_h1000\PPO_1
525000,1.0,per_learner/0/rolling_acc,ppo_hier_items200_h1000\PPO_1
550000,1.0,per_learner/0/rolling_acc,ppo_hier_items200_h1000\PPO_1
557056,1.0,per_learner/0/rolling_acc,ppo_hier_items200_h1000\PPO_1
575000,1.0,per_learner/0/rolling_acc,ppo_hier_items200_h1000\PPO_1
589824,0.9666666388511658,per_learner/0/rolling_acc,ppo_hier_items200_h1000\PPO_1
600000,1.0,per_learner/0/rolling_acc,ppo_hier_items200_h1000\PPO_1
622592,1.0,per_learner/0/rolling_acc,ppo_hier_items200_h1000\PPO_1
625000,1.0,per_learner/0/rolling_acc,ppo_hier_items200_h1000\PPO_1
650000,1.0,per_learner/0/rolling_acc,ppo_hier_items200_h1000\PPO_1
655360,1.0,per_learner/0/rolling_acc,ppo_hier_items200_h1000\PPO_1
675000,1.0,per_learner/0/rolling_acc,ppo_hier_items200_h1000\PPO_1
688128,1.0,per_learner/0/rolling_acc,ppo_hier_items200_h1000\PPO_1
700000,1.0,per_learner/0/rolling_acc,ppo_hier_items200_h1000\PPO_1
720896,1.0,per_learner/0/rolling_acc,ppo_hier_items200_h1000\PPO_1
725000,1.0,per_learner/0/rolling_acc,ppo_hier_items200_h1000\PPO_1
750000,1.0,per_learner/0/rolling_acc,ppo_hier_items200_h1000\PPO_1
753664,1.0,per_learner/0/rolling_acc,ppo_hier_items200_h1000\PPO_1
775000,1.0,per_learner/0/rolling_acc,ppo_hier_items200_h1000\PPO_1
786432,1.0,per_learner/0/rolling_acc,ppo_hier_items200_h1000\PPO_1
800000,1.0,per_learner/0/rolling_acc,ppo_hier_items200_h1000\PPO_1
819200,1.0,per_learner/0/rolling_acc,ppo_hier_items200_h1000\PPO_1
825000,1.0,per_learner/0/rolling_acc,ppo_hier_items200_h1000\PPO_1
850000,1.0,per_learner/0/rolling_acc,ppo_hier_items200_h1000\PPO_1
851968,0.9666666388511658,per_learner/0/rolling_acc,ppo_hier_items200_h1000\PPO_1
875000,1.0,per_learner/0/rolling_acc,ppo_hier_items200_h1000\PPO_1
884736,1.0,per_learner/0/rolling_acc,ppo_hier_items200_h1000\PPO_1
900000,1.0,per_learner/0/rolling_acc,ppo_hier_items200_h1000\PPO_1
917504,1.0,per_learner/0/rolling_acc,ppo_hier_items200_h1000\PPO_1
925000,1.0,per_learner/0/rolling_acc,ppo_hier_items200_h1000\PPO_1
950000,1.0,per_learner/0/rolling_acc,ppo_hier_items200_h1000\PPO_1
950272,1.0,per_learner/0/rolling_acc,ppo_hier_items200_h1000\PPO_1
975000,1.0,per_learner/0/rolling_acc,ppo_hier_items200_h1000\PPO_1
983040,1.0,per_learner/0/rolling_acc,ppo_hier_items200_h1000\PPO_1
1000000,1.0,per_learner/0/rolling_acc,ppo_hier_items200_h1000\PPO_1
1015808,1.0,per_learner/0/rolling_acc,ppo_hier_items200_h1000\PPO_1
1025000,1.0,per_learner/0/rolling_acc,ppo_hier_items200_h1000\PPO_1
1048576,1.0,per_learner/0/rolling_acc,ppo_hier_items200_h1000\PPO_1
1050000,1.0,per_learner/0/rolling_acc,ppo_hier_items200_h1000\PPO_1
1075000,1.0,per_learner/0/rolling_acc,ppo_hier_items200_h1000\PPO_1
1081344,1.0,per_learner/0/rolling_acc,ppo_hier_items200_h1000\PPO_1
1100000,1.0,per_learner/0/rolling_acc,ppo_hier_items200_h1000\PPO_1
1114112,1.0,per_learner/0/rolling_acc,ppo_hier_items200_h1000\PPO_1
1125000,1.0,per_learner/0/rolling_acc,ppo_hier_items200_h1000\PPO_1
1146880,1.0,per_learner/0/rolling_acc,ppo_hier_items200_h1000\PPO_1
1150000,1.0,per_learner/0/rolling_acc,ppo_hier_items200_h1000\PPO_1
1175000,1.0,per_learner/0/rolling_acc,ppo_hier_items200_h1000\PPO_1
1179648,1.0,per_learner/0/rolling_acc,ppo_hier_items200_h1000\PPO_1
1200000,1.0,per_learner/0/rolling_acc,ppo_hier_items200_h1000\PPO_1
1212416,1.0,per_learner/0/rolling_acc,ppo_hier_items200_h1000\PPO_1
1225000,1.0,per_learner/0/rolling_acc,ppo_hier_items200_h1000\PPO_1
1245184,1.0,per_learner/0/rolling_acc,ppo_hier_items200_h1000\PPO_1
1250000,1.0,per_learner/0/rolling_acc,ppo_hier_items200_h1000\PPO_1
1275000,1.0,per_learner/0/rolling_acc,ppo_hier_items200_h1000\PPO_1
1277952,1.0,per_learner/0/rolling_acc,ppo_hier_items200_h1000\PPO_1
1300000,1.0,per_learner/0/rolling_acc,ppo_hier_items200_h1000\PPO_1
1310720,1.0,per_learner/0/rolling_acc,ppo_hier_items200_h1000\PPO_1
1325000,1.0,per_learner/0/rolling_acc,ppo_hier_items200_h1000\PPO_1
1343488,1.0,per_learner/0/rolling_acc,ppo_hier_items200_h1000\PPO_1
1350000,1.0,per_learner/0/rolling_acc,ppo_hier_items200_h1000\PPO_1
1375000,1.0,per_learner/0/rolling_acc,ppo_hier_items200_h1000\PPO_1
1376256,1.0,per_learner/0/rolling_acc,ppo_hier_items200_h1000\PPO_1
1400000,1.0,per_learner/0/rolling_acc,ppo_hier_items200_h1000\PPO_1
1409024,1.0,per_learner/0/rolling_acc,ppo_hier_items200_h1000\PPO_1
1425000,1.0,per_learner/0/rolling_acc,ppo_hier_items200_h1000\PPO_1
1441792,1.0,per_learner/0/rolling_acc,ppo_hier_items200_h1000\PPO_1
1450000,1.0,per_learner/0/rolling_acc,ppo_hier_items200_h1000\PPO_1
1474560,1.0,per_learner/0/rolling_acc,ppo_hier_items200_h1000\PPO_1
1475000,1.0,per_learner/0/rolling_acc,ppo_hier_items200_h1000\PPO_1
1500000,1.0,per_learner/0/rolling_acc,ppo_hier_items200_h1000\PPO_1
1507328,1.0,per_learner/0/rolling_acc,ppo_hier_items200_h1000\PPO_1
1525000,1.0,per_learner/0/rolling_acc,ppo_hier_items200_h1000\PPO_1
1540096,1.0,per_learner/0/rolling_acc,ppo_hier_items200_h1000\PPO_1
1550000,1.0,per_learner/0/rolling_acc,ppo_hier_items200_h1000\PPO_1
1572864,1.0,per_learner/0/rolling_acc,ppo_hier_items200_h1000\PPO_1
1575000,1.0,per_learner/0/rolling_acc,ppo_hier_items200_h1000\PPO_1
1600000,1.0,per_learner/0/rolling_acc,ppo_hier_items200_h1000\PPO_1
1605632,1.0,per_learner/0/rolling_acc,ppo_hier_items200_h1000\PPO_1
25000,1.0,per_learner/1/correct,ppo_hier_items200_h1000\PPO_1
32768,1.0,per_learner/1/correct,ppo_hier_items200_h1000\PPO_1
50000,1.0,per_learner/1/correct,ppo_hier_items200_h1000\PPO_1
65536,1.0,per_learner/1/correct,ppo_hier_items200_h1000\PPO_1
75000,1.0,per_learner/1/correct,ppo_hier_items200_h1000\PPO_1
98304,1.0,per_learner/1/correct,ppo_hier_items200_h1000\PPO_1
100000,1.0,per_learner/1/correct,ppo_hier_items200_h1000\PPO_1
125000,1.0,per_learner/1/correct,ppo_hier_items200_h1000\PPO_1
131072,1.0,per_learner/1/correct,ppo_hier_items200_h1000\PPO_1
150000,1.0,per_learner/1/correct,ppo_hier_items200_h1000\PPO_1
163840,1.0,per_learner/1/correct,ppo_hier_items200_h1000\PPO_1
175000,1.0,per_learner/1/correct,ppo_hier_items200_h1000\PPO_1
196608,1.0,per_learner/1/correct,ppo_hier_items200_h1000\PPO_1
200000,1.0,per_learner/1/correct,ppo_hier_items200_h1000\PPO_1
225000,1.0,per_learner/1/correct,ppo_hier_items200_h1000\PPO_1
229376,1.0,per_learner/1/correct,ppo_hier_items200_h1000\PPO_1
250000,1.0,per_learner/1/correct,ppo_hier_items200_h1000\PPO_1
262144,1.0,per_learner/1/correct,ppo_hier_items200_h1000\PPO_1
275000,1.0,per_learner/1/correct,ppo_hier_items200_h1000\PPO_1
294912,1.0,per_learner/1/correct,ppo_hier_items200_h1000\PPO_1
300000,1.0,per_learner/1/correct,ppo_hier_items200_h1000\PPO_1
325000,1.0,per_learner/1/correct,ppo_hier_items200_h1000\PPO_1
327680,1.0,per_learner/1/correct,ppo_hier_items200_h1000\PPO_1
350000,1.0,per_learner/1/correct,ppo_hier_items200_h1000\PPO_1
360448,1.0,per_learner/1/correct,ppo_hier_items200_h1000\PPO_1
375000,1.0,per_learner/1/correct,ppo_hier_items200_h1000\PPO_1
393216,1.0,per_learner/1/correct,ppo_hier_items200_h1000\PPO_1
400000,1.0,per_learner/1/correct,ppo_hier_items200_h1000\PPO_1
425000,1.0,per_learner/1/correct,ppo_hier_items200_h1000\PPO_1
425984,1.0,per_learner/1/correct,ppo_hier_items200_h1000\PPO_1
450000,1.0,per_learner/1/correct,ppo_hier_items200_h1000\PPO_1
458752,1.0,per_learner/1/correct,ppo_hier_items200_h1000\PPO_1
475000,1.0,per_learner/1/correct,ppo_hier_items200_h1000\PPO_1
491520,1.0,per_learner/1/correct,ppo_hier_items200_h1000\PPO_1
500000,1.0,per_learner/1/correct,ppo_hier_items200_h1000\PPO_1
524288,1.0,per_learner/1/correct,ppo_hier_items200_h1000\PPO_1
525000,1.0,per_learner/1/correct,ppo_hier_items200_h1000\PPO_1
550000,1.0,per_learner/1/correct,ppo_hier_items200_h1000\PPO_1
557056,1.0,per_learner/1/correct,ppo_hier_items200_h1000\PPO_1
575000,1.0,per_learner/1/correct,ppo_hier_items200_h1000\PPO_1
589824,1.0,per_learner/1/correct,ppo_hier_items200_h1000\PPO_1
600000,1.0,per_learner/1/correct,ppo_hier_items200_h1000\PPO_1
622592,1.0,per_learner/1/correct,ppo_hier_items200_h1000\PPO_1
625000,1.0,per_learner/1/correct,ppo_hier_items200_h1000\PPO_1
650000,1.0,per_learner/1/correct,ppo_hier_items200_h1000\PPO_1
655360,1.0,per_learner/1/correct,ppo_hier_items200_h1000\PPO_1
675000,1.0,per_learner/1/correct,ppo_hier_items200_h1000\PPO_1
688128,1.0,per_learner/1/correct,ppo_hier_items200_h1000\PPO_1
700000,1.0,per_learner/1/correct,ppo_hier_items200_h1000\PPO_1
720896,1.0,per_learner/1/correct,ppo_hier_items200_h1000\PPO_1
725000,1.0,per_learner/1/correct,ppo_hier_items200_h1000\PPO_1
750000,1.0,per_learner/1/correct,ppo_hier_items200_h1000\PPO_1
753664,1.0,per_learner/1/correct,ppo_hier_items200_h1000\PPO_1
775000,1.0,per_learner/1/correct,ppo_hier_items200_h1000\PPO_1
786432,1.0,per_learner/1/correct,ppo_hier_items200_h1000\PPO_1
800000,1.0,per_learner/1/correct,ppo_hier_items200_h1000\PPO_1
819200,1.0,per_learner/1/correct,ppo_hier_items200_h1000\PPO_1
825000,1.0,per_learner/1/correct,ppo_hier_items200_h1000\PPO_1
850000,1.0,per_learner/1/correct,ppo_hier_items200_h1000\PPO_1
851968,1.0,per_learner/1/correct,ppo_hier_items200_h1000\PPO_1
875000,1.0,per_learner/1/correct,ppo_hier_items200_h1000\PPO_1
884736,1.0,per_learner/1/correct,ppo_hier_items200_h1000\PPO_1
900000,1.0,per_learner/1/correct,ppo_hier_items200_h1000\PPO_1
917504,1.0,per_learner/1/correct,ppo_hier_items200_h1000\PPO_1
925000,1.0,per_learner/1/correct,ppo_hier_items200_h1000\PPO_1
950000,1.0,per_learner/1/correct,ppo_hier_items200_h1000\PPO_1
950272,1.0,per_learner/1/correct,ppo_hier_items200_h1000\PPO_1
975000,1.0,per_learner/1/correct,ppo_hier_items200_h1000\PPO_1
983040,1.0,per_learner/1/correct,ppo_hier_items200_h1000\PPO_1
1000000,1.0,per_learner/1/correct,ppo_hier_items200_h1000\PPO_1
1015808,1.0,per_learner/1/correct,ppo_hier_items200_h1000\PPO_1
1025000,1.0,per_learner/1/correct,ppo_hier_items200_h1000\PPO_1
1048576,1.0,per_learner/1/correct,ppo_hier_items200_h1000\PPO_1
1050000,1.0,per_learner/1/correct,ppo_hier_items200_h1000\PPO_1
1075000,1.0,per_learner/1/correct,ppo_hier_items200_h1000\PPO_1
1081344,1.0,per_learner/1/correct,ppo_hier_items200_h1000\PPO_1
1100000,1.0,per_learner/1/correct,ppo_hier_items200_h1000\PPO_1
1114112,1.0,per_learner/1/correct,ppo_hier_items200_h1000\PPO_1
1125000,1.0,per_learner/1/correct,ppo_hier_items200_h1000\PPO_1
1146880,1.0,per_learner/1/correct,ppo_hier_items200_h1000\PPO_1
1150000,1.0,per_learner/1/correct,ppo_hier_items200_h1000\PPO_1
1175000,1.0,per_learner/1/correct,ppo_hier_items200_h1000\PPO_1
1179648,1.0,per_learner/1/correct,ppo_hier_items200_h1000\PPO_1
1200000,1.0,per_learner/1/correct,ppo_hier_items200_h1000\PPO_1
1212416,1.0,per_learner/1/correct,ppo_hier_items200_h1000\PPO_1
1225000,1.0,per_learner/1/correct,ppo_hier_items200_h1000\PPO_1
1245184,1.0,per_learner/1/correct,ppo_hier_items200_h1000\PPO_1
1250000,1.0,per_learner/1/correct,ppo_hier_items200_h1000\PPO_1
1275000,1.0,per_learner/1/correct,ppo_hier_items200_h1000\PPO_1
1277952,1.0,per_learner/1/correct,ppo_hier_items200_h1000\PPO_1
1300000,1.0,per_learner/1/correct,ppo_hier_items200_h1000\PPO_1
1310720,1.0,per_learner/1/correct,ppo_hier_items200_h1000\PPO_1
1325000,1.0,per_learner/1/correct,ppo_hier_items200_h1000\PPO_1
1343488,1.0,per_learner/1/correct,ppo_hier_items200_h1000\PPO_1
1350000,1.0,per_learner/1/correct,ppo_hier_items200_h1000\PPO_1
1375000,1.0,per_learner/1/correct,ppo_hier_items200_h1000\PPO_1
1376256,1.0,per_learner/1/correct,ppo_hier_items200_h1000\PPO_1
1400000,1.0,per_learner/1/correct,ppo_hier_items200_h1000\PPO_1
1409024,1.0,per_learner/1/correct,ppo_hier_items200_h1000\PPO_1
1425000,1.0,per_learner/1/correct,ppo_hier_items200_h1000\PPO_1
1441792,1.0,per_learner/1/correct,ppo_hier_items200_h1000\PPO_1
1450000,1.0,per_learner/1/correct,ppo_hier_items200_h1000\PPO_1
1474560,1.0,per_learner/1/correct,ppo_hier_items200_h1000\PPO_1
1475000,1.0,per_learner/1/correct,ppo_hier_items200_h1000\PPO_1
1500000,1.0,per_learner/1/correct,ppo_hier_items200_h1000\PPO_1
1507328,1.0,per_learner/1/correct,ppo_hier_items200_h1000\PPO_1
1525000,1.0,per_learner/1/correct,ppo_hier_items200_h1000\PPO_1
1540096,1.0,per_learner/1/correct,ppo_hier_items200_h1000\PPO_1
1550000,1.0,per_learner/1/correct,ppo_hier_items200_h1000\PPO_1
1572864,1.0,per_learner/1/correct,ppo_hier_items200_h1000\PPO_1
1575000,1.0,per_learner/1/correct,ppo_hier_items200_h1000\PPO_1
1600000,0.0,per_learner/1/correct,ppo_hier_items200_h1000\PPO_1
1605632,1.0,per_learner/1/correct,ppo_hier_items200_h1000\PPO_1
25000,0.0,per_learner/1/mastered_count,ppo_hier_items200_h1000\PPO_1
32768,0.0,per_learner/1/mastered_count,ppo_hier_items200_h1000\PPO_1
50000,0.0,per_learner/1/mastered_count,ppo_hier_items200_h1000\PPO_1
65536,0.0,per_learner/1/mastered_count,ppo_hier_items200_h1000\PPO_1
75000,2.0,per_learner/1/mastered_count,ppo_hier_items200_h1000\PPO_1
98304,0.0,per_learner/1/mastered_count,ppo_hier_items200_h1000\PPO_1
100000,1.0,per_learner/1/mastered_count,ppo_hier_items200_h1000\PPO_1
125000,1.0,per_learner/1/mastered_count,ppo_hier_items200_h1000\PPO_1
131072,1.0,per_learner/1/mastered_count,ppo_hier_items200_h1000\PPO_1
150000,5.0,per_learner/1/mastered_count,ppo_hier_items200_h1000\PPO_1
163840,3.0,per_learner/1/mastered_count,ppo_hier_items200_h1000\PPO_1
175000,6.0,per_learner/1/mastered_count,ppo_hier_items200_h1000\PPO_1
196608,0.0,per_learner/1/mastered_count,ppo_hier_items200_h1000\PPO_1
200000,6.0,per_learner/1/mastered_count,ppo_hier_items200_h1000\PPO_1
225000,0.0,per_learner/1/mastered_count,ppo_hier_items200_h1000\PPO_1
229376,1.0,per_learner/1/mastered_count,ppo_hier_items200_h1000\PPO_1
250000,0.0,per_learner/1/mastered_count,ppo_hier_items200_h1000\PPO_1
262144,1.0,per_learner/1/mastered_count,ppo_hier_items200_h1000\PPO_1
275000,1.0,per_learner/1/mastered_count,ppo_hier_items200_h1000\PPO_1
294912,2.0,per_learner/1/mastered_count,ppo_hier_items200_h1000\PPO_1
300000,0.0,per_learner/1/mastered_count,ppo_hier_items200_h1000\PPO_1
325000,3.0,per_learner/1/mastered_count,ppo_hier_items200_h1000\PPO_1
327680,6.0,per_learner/1/mastered_count,ppo_hier_items200_h1000\PPO_1
350000,2.0,per_learner/1/mastered_count,ppo_hier_items200_h1000\PPO_1
360448,1.0,per_learner/1/mastered_count,ppo_hier_items200_h1000\PPO_1
375000,7.0,per_learner/1/mastered_count,ppo_hier_items200_h1000\PPO_1
393216,1.0,per_learner/1/mastered_count,ppo_hier_items200_h1000\PPO_1
400000,5.0,per_learner/1/mastered_count,ppo_hier_items200_h1000\PPO_1
425000,0.0,per_learner/1/mastered_count,ppo_hier_items200_h1000\PPO_1
425984,1.0,per_learner/1/mastered_count,ppo_hier_items200_h1000\PPO_1
450000,0.0,per_learner/1/mastered_count,ppo_hier_items200_h1000\PPO_1
458752,1.0,per_learner/1/mastered_count,ppo_hier_items200_h1000\PPO_1
475000,1.0,per_learner/1/mastered_count,ppo_hier_items200_h1000\PPO_1
491520,2.0,per_learner/1/mastered_count,ppo_hier_items200_h1000\PPO_1
500000,3.0,per_learner/1/mastered_count,ppo_hier_items200_h1000\PPO_1
524288,0.0,per_learner/1/mastered_count,ppo_hier_items200_h1000\PPO_1
525000,1.0,per_learner/1/mastered_count,ppo_hier_items200_h1000\PPO_1
550000,2.0,per_learner/1/mastered_count,ppo_hier_items200_h1000\PPO_1
557056,7.0,per_learner/1/mastered_count,ppo_hier_items200_h1000\PPO_1
575000,5.0,per_learner/1/mastered_count,ppo_hier_items200_h1000\PPO_1
589824,4.0,per_learner/1/mastered_count,ppo_hier_items200_h1000\PPO_1
600000,13.0,per_learner/1/mastered_count,ppo_hier_items200_h1000\PPO_1
622592,5.0,per_learner/1/mastered_count,ppo_hier_items200_h1000\PPO_1
625000,1.0,per_learner/1/mastered_count,ppo_hier_items200_h1000\PPO_1
650000,0.0,per_learner/1/mastered_count,ppo_hier_items200_h1000\PPO_1
655360,5.0,per_learner/1/mastered_count,ppo_hier_items200_h1000\PPO_1
675000,0.0,per_learner/1/mastered_count,ppo_hier_items200_h1000\PPO_1
688128,0.0,per_learner/1/mastered_count,ppo_hier_items200_h1000\PPO_1
700000,3.0,per_learner/1/mastered_count,ppo_hier_items200_h1000\PPO_1
720896,0.0,per_learner/1/mastered_count,ppo_hier_items200_h1000\PPO_1
725000,3.0,per_learner/1/mastered_count,ppo_hier_items200_h1000\PPO_1
750000,3.0,per_learner/1/mastered_count,ppo_hier_items200_h1000\PPO_1
753664,0.0,per_learner/1/mastered_count,ppo_hier_items200_h1000\PPO_1
775000,6.0,per_learner/1/mastered_count,ppo_hier_items200_h1000\PPO_1
786432,2.0,per_learner/1/mastered_count,ppo_hier_items200_h1000\PPO_1
800000,11.0,per_learner/1/mastered_count,ppo_hier_items200_h1000\PPO_1
819200,3.0,per_learner/1/mastered_count,ppo_hier_items200_h1000\PPO_1
825000,0.0,per_learner/1/mastered_count,ppo_hier_items200_h1000\PPO_1
850000,1.0,per_learner/1/mastered_count,ppo_hier_items200_h1000\PPO_1
851968,3.0,per_learner/1/mastered_count,ppo_hier_items200_h1000\PPO_1
875000,3.0,per_learner/1/mastered_count,ppo_hier_items200_h1000\PPO_1
884736,5.0,per_learner/1/mastered_count,ppo_hier_items200_h1000\PPO_1
900000,4.0,per_learner/1/mastered_count,ppo_hier_items200_h1000\PPO_1
917504,3.0,per_learner/1/mastered_count,ppo_hier_items200_h1000\PPO_1
925000,5.0,per_learner/1/mastered_count,ppo_hier_items200_h1000\PPO_1
950000,3.0,per_learner/1/mastered_count,ppo_hier_items200_h1000\PPO_1
950272,4.0,per_learner/1/mastered_count,ppo_hier_items200_h1000\PPO_1
975000,9.0,per_learner/1/mastered_count,ppo_hier_items200_h1000\PPO_1
983040,7.0,per_learner/1/mastered_count,ppo_hier_items200_h1000\PPO_1
1000000,7.0,per_learner/1/mastered_count,ppo_hier_items200_h1000\PPO_1
1015808,10.0,per_learner/1/mastered_count,ppo_hier_items200_h1000\PPO_1
1025000,1.0,per_learner/1/mastered_count,ppo_hier_items200_h1000\PPO_1
1048576,0.0,per_learner/1/mastered_count,ppo_hier_items200_h1000\PPO_1
1050000,3.0,per_learner/1/mastered_count,ppo_hier_items200_h1000\PPO_1
1075000,3.0,per_learner/1/mastered_count,ppo_hier_items200_h1000\PPO_1
1081344,1.0,per_learner/1/mastered_count,ppo_hier_items200_h1000\PPO_1
1100000,1.0,per_learner/1/mastered_count,ppo_hier_items200_h1000\PPO_1
1114112,1.0,per_learner/1/mastered_count,ppo_hier_items200_h1000\PPO_1
1125000,3.0,per_learner/1/mastered_count,ppo_hier_items200_h1000\PPO_1
1146880,2.0,per_learner/1/mastered_count,ppo_hier_items200_h1000\PPO_1
1150000,3.0,per_learner/1/mastered_count,ppo_hier_items200_h1000\PPO_1
1175000,9.0,per_learner/1/mastered_count,ppo_hier_items200_h1000\PPO_1
1179648,2.0,per_learner/1/mastered_count,ppo_hier_items200_h1000\PPO_1
1200000,10.0,per_learner/1/mastered_count,ppo_hier_items200_h1000\PPO_1
1212416,6.0,per_learner/1/mastered_count,ppo_hier_items200_h1000\PPO_1
1225000,1.0,per_learner/1/mastered_count,ppo_hier_items200_h1000\PPO_1
1245184,4.0,per_learner/1/mastered_count,ppo_hier_items200_h1000\PPO_1
1250000,2.0,per_learner/1/mastered_count,ppo_hier_items200_h1000\PPO_1
1275000,2.0,per_learner/1/mastered_count,ppo_hier_items200_h1000\PPO_1
1277952,7.0,per_learner/1/mastered_count,ppo_hier_items200_h1000\PPO_1
1300000,3.0,per_learner/1/mastered_count,ppo_hier_items200_h1000\PPO_1
1310720,10.0,per_learner/1/mastered_count,ppo_hier_items200_h1000\PPO_1
1325000,9.0,per_learner/1/mastered_count,ppo_hier_items200_h1000\PPO_1
1343488,6.0,per_learner/1/mastered_count,ppo_hier_items200_h1000\PPO_1
1350000,7.0,per_learner/1/mastered_count,ppo_hier_items200_h1000\PPO_1
1375000,9.0,per_learner/1/mastered_count,ppo_hier_items200_h1000\PPO_1
1376256,0.0,per_learner/1/mastered_count,ppo_hier_items200_h1000\PPO_1
1400000,10.0,per_learner/1/mastered_count,ppo_hier_items200_h1000\PPO_1
1409024,0.0,per_learner/1/mastered_count,ppo_hier_items200_h1000\PPO_1
1425000,0.0,per_learner/1/mastered_count,ppo_hier_items200_h1000\PPO_1
1441792,1.0,per_learner/1/mastered_count,ppo_hier_items200_h1000\PPO_1
1450000,0.0,per_learner/1/mastered_count,ppo_hier_items200_h1000\PPO_1
1474560,2.0,per_learner/1/mastered_count,ppo_hier_items200_h1000\PPO_1
1475000,4.0,per_learner/1/mastered_count,ppo_hier_items200_h1000\PPO_1
1500000,6.0,per_learner/1/mastered_count,ppo_hier_items200_h1000\PPO_1
1507328,4.0,per_learner/1/mastered_count,ppo_hier_items200_h1000\PPO_1
1525000,6.0,per_learner/1/mastered_count,ppo_hier_items200_h1000\PPO_1
1540096,6.0,per_learner/1/mastered_count,ppo_hier_items200_h1000\PPO_1
1550000,8.0,per_learner/1/mastered_count,ppo_hier_items200_h1000\PPO_1
1572864,8.0,per_learner/1/mastered_count,ppo_hier_items200_h1000\PPO_1
1575000,9.0,per_learner/1/mastered_count,ppo_hier_items200_h1000\PPO_1
1600000,10.0,per_learner/1/mastered_count,ppo_hier_items200_h1000\PPO_1
1605632,6.0,per_learner/1/mastered_count,ppo_hier_items200_h1000\PPO_1
25000,0.9993794560432434,per_learner/1/p_correct,ppo_hier_items200_h1000\PPO_1
32768,0.9993674159049988,per_learner/1/p_correct,ppo_hier_items200_h1000\PPO_1
50000,0.99957275390625,per_learner/1/p_correct,ppo_hier_items200_h1000\PPO_1
65536,0.998735249042511,per_learner/1/p_correct,ppo_hier_items200_h1000\PPO_1
75000,0.9979045987129211,per_learner/1/p_correct,ppo_hier_items200_h1000\PPO_1
98304,0.9999561309814453,per_learner/1/p_correct,ppo_hier_items200_h1000\PPO_1
100000,0.9970730543136597,per_learner/1/p_correct,ppo_hier_items200_h1000\PPO_1
125000,0.9961354732513428,per_learner/1/p_correct,ppo_hier_items200_h1000\PPO_1
131072,0.999248743057251,per_learner/1/p_correct,ppo_hier_items200_h1000\PPO_1
150000,0.9956098794937134,per_learner/1/p_correct,ppo_hier_items200_h1000\PPO_1
163840,0.9968673586845398,per_learner/1/p_correct,ppo_hier_items200_h1000\PPO_1
175000,0.9984562993049622,per_learner/1/p_correct,ppo_hier_items200_h1000\PPO_1
196608,0.9970974326133728,per_learner/1/p_correct,ppo_hier_items200_h1000\PPO_1
200000,0.9934431910514832,per_learner/1/p_correct,ppo_hier_items200_h1000\PPO_1
225000,0.9990978240966797,per_learner/1/p_correct,ppo_hier_items200_h1000\PPO_1
229376,0.9960398077964783,per_learner/1/p_correct,ppo_hier_items200_h1000\PPO_1
250000,0.9997623562812805,per_learner/1/p_correct,ppo_hier_items200_h1000\PPO_1
262144,0.9993644952774048,per_learner/1/p_correct,ppo_hier_items200_h1000\PPO_1
275000,0.9981144070625305,per_learner/1/p_correct,ppo_hier_items200_h1000\PPO_1
294912,0.9946445226669312,per_learner/1/p_correct,ppo_hier_items200_h1000\PPO_1
300000,0.9974849820137024,per_learner/1/p_correct,ppo_hier_items200_h1000\PPO_1
325000,0.9986305236816406,per_learner/1/p_correct,ppo_hier_items200_h1000\PPO_1
327680,0.9930436611175537,per_learner/1/p_correct,ppo_hier_items200_h1000\PPO_1
350000,0.9953557252883911,per_learner/1/p_correct,ppo_hier_items200_h1000\PPO_1
360448,0.9996309280395508,per_learner/1/p_correct,ppo_hier_items200_h1000\PPO_1
375000,0.9950970411300659,per_learner/1/p_correct,ppo_hier_items200_h1000\PPO_1
393216,0.9999786019325256,per_learner/1/p_correct,ppo_hier_items200_h1000\PPO_1
400000,0.9971017241477966,per_learner/1/p_correct,ppo_hier_items200_h1000\PPO_1
425000,0.9991829991340637,per_learner/1/p_correct,ppo_hier_items200_h1000\PPO_1
425984,0.998203694820404,per_learner/1/p_correct,ppo_hier_items200_h1000\PPO_1
450000,0.9985442757606506,per_learner/1/p_correct,ppo_hier_items200_h1000\PPO_1
458752,0.9980785846710205,per_learner/1/p_correct,ppo_hier_items200_h1000\PPO_1
475000,0.9977940320968628,per_learner/1/p_correct,ppo_hier_items200_h1000\PPO_1
491520,0.9971039295196533,per_learner/1/p_correct,ppo_hier_items200_h1000\PPO_1
500000,0.9979063868522644,per_learner/1/p_correct,ppo_hier_items200_h1000\PPO_1
524288,0.9968622326850891,per_learner/1/p_correct,ppo_hier_items200_h1000\PPO_1
525000,0.9961292743682861,per_learner/1/p_correct,ppo_hier_items200_h1000\PPO_1
550000,0.9956098794937134,per_learner/1/p_correct,ppo_hier_items200_h1000\PPO_1
557056,0.9962750673294067,per_learner/1/p_correct,ppo_hier_items200_h1000\PPO_1
575000,0.9997222423553467,per_learner/1/p_correct,ppo_hier_items200_h1000\PPO_1
589824,0.9952194094657898,per_learner/1/p_correct,ppo_hier_items200_h1000\PPO_1
600000,0.9981291890144348,per_learner/1/p_correct,ppo_hier_items200_h1000\PPO_1
622592,0.9940272569656372,per_learner/1/p_correct,ppo_hier_items200_h1000\PPO_1
625000,0.999189555644989,per_learner/1/p_correct,ppo_hier_items200_h1000\PPO_1
650000,0.9993228912353516,per_learner/1/p_correct,ppo_hier_items200_h1000\PPO_1
655360,0.9995824098587036,per_learner/1/p_correct,ppo_hier_items200_h1000\PPO_1
675000,0.9976968765258789,per_learner/1/p_correct,ppo_hier_items200_h1000\PPO_1
688128,0.9999005794525146,per_learner/1/p_correct,ppo_hier_items200_h1000\PPO_1
700000,0.999415934085846,per_learner/1/p_correct,ppo_hier_items200_h1000\PPO_1
720896,0.9991850852966309,per_learner/1/p_correct,ppo_hier_items200_h1000\PPO_1
725000,0.9963279962539673,per_learner/1/p_correct,ppo_hier_items200_h1000\PPO_1
750000,0.9993141293525696,per_learner/1/p_correct,ppo_hier_items200_h1000\PPO_1
753664,0.9986364841461182,per_learner/1/p_correct,ppo_hier_items200_h1000\PPO_1
775000,0.999949038028717,per_learner/1/p_correct,ppo_hier_items200_h1000\PPO_1
786432,0.9995922446250916,per_learner/1/p_correct,ppo_hier_items200_h1000\PPO_1
800000,0.9958171844482422,per_learner/1/p_correct,ppo_hier_items200_h1000\PPO_1
819200,0.9997053742408752,per_learner/1/p_correct,ppo_hier_items200_h1000\PPO_1
825000,0.9998087882995605,per_learner/1/p_correct,ppo_hier_items200_h1000\PPO_1
850000,0.9998348951339722,per_learner/1/p_correct,ppo_hier_items200_h1000\PPO_1
851968,0.997918963432312,per_learner/1/p_correct,ppo_hier_items200_h1000\PPO_1
875000,0.9978230595588684,per_learner/1/p_correct,ppo_hier_items200_h1000\PPO_1
884736,0.9966819286346436,per_learner/1/p_correct,ppo_hier_items200_h1000\PPO_1
900000,0.9995050430297852,per_learner/1/p_correct,ppo_hier_items200_h1000\PPO_1
917504,0.9959691762924194,per_learner/1/p_correct,ppo_hier_items200_h1000\PPO_1
925000,0.9963470697402954,per_learner/1/p_correct,ppo_hier_items200_h1000\PPO_1
950000,0.9998963475227356,per_learner/1/p_correct,ppo_hier_items200_h1000\PPO_1
950272,0.9951392412185669,per_learner/1/p_correct,ppo_hier_items200_h1000\PPO_1
975000,0.998414933681488,per_learner/1/p_correct,ppo_hier_items200_h1000\PPO_1
983040,0.9948171973228455,per_learner/1/p_correct,ppo_hier_items200_h1000\PPO_1
1000000,0.9927545785903931,per_learner/1/p_correct,ppo_hier_items200_h1000\PPO_1
1015808,0.9935872554779053,per_learner/1/p_correct,ppo_hier_items200_h1000\PPO_1
1025000,0.999189555644989,per_learner/1/p_correct,ppo_hier_items200_h1000\PPO_1
1048576,0.9996008276939392,per_learner/1/p_correct,ppo_hier_items200_h1000\PPO_1
1050000,0.9999812245368958,per_learner/1/p_correct,ppo_hier_items200_h1000\PPO_1
1075000,0.9978054761886597,per_learner/1/p_correct,ppo_hier_items200_h1000\PPO_1
1081344,0.9987778663635254,per_learner/1/p_correct,ppo_hier_items200_h1000\PPO_1
1100000,0.996915876865387,per_learner/1/p_correct,ppo_hier_items200_h1000\PPO_1
1114112,0.9993709921836853,per_learner/1/p_correct,ppo_hier_items200_h1000\PPO_1
1125000,0.9965026378631592,per_learner/1/p_correct,ppo_hier_items200_h1000\PPO_1
1146880,0.9990840554237366,per_learner/1/p_correct,ppo_hier_items200_h1000\PPO_1
1150000,0.9950751066207886,per_learner/1/p_correct,ppo_hier_items200_h1000\PPO_1
1175000,0.9945889115333557,per_learner/1/p_correct,ppo_hier_items200_h1000\PPO_1
1179648,0.999850869178772,per_learner/1/p_correct,ppo_hier_items200_h1000\PPO_1
1200000,0.9944033622741699,per_learner/1/p_correct,ppo_hier_items200_h1000\PPO_1
1212416,0.996593713760376,per_learner/1/p_correct,ppo_hier_items200_h1000\PPO_1
1225000,0.9997663497924805,per_learner/1/p_correct,ppo_hier_items200_h1000\PPO_1
1245184,0.9962044954299927,per_learner/1/p_correct,ppo_hier_items200_h1000\PPO_1
1250000,0.9997710585594177,per_learner/1/p_correct,ppo_hier_items200_h1000\PPO_1
1275000,0.9989638924598694,per_learner/1/p_correct,ppo_hier_items200_h1000\PPO_1
1277952,0.9953927993774414,per_learner/1/p_correct,ppo_hier_items200_h1000\PPO_1
1300000,0.9993568658828735,per_learner/1/p_correct,ppo_hier_items200_h1000\PPO_1
1310720,0.999871551990509,per_learner/1/p_correct,ppo_hier_items200_h1000\PPO_1
1325000,0.9987894296646118,per_learner/1/p_correct,ppo_hier_items200_h1000\PPO_1
1343488,0.9953127503395081,per_learner/1/p_correct,ppo_hier_items200_h1000\PPO_1
1350000,0.9957967400550842,per_learner/1/p_correct,ppo_hier_items200_h1000\PPO_1
1375000,0.9951081871986389,per_learner/1/p_correct,ppo_hier_items200_h1000\PPO_1
1376256,0.9998011589050293,per_learner/1/p_correct,ppo_hier_items200_h1000\PPO_1
1400000,0.9938103556632996,per_learner/1/p_correct,ppo_hier_items200_h1000\PPO_1
1409024,0.9990687370300293,per_learner/1/p_correct,ppo_hier_items200_h1000\PPO_1
1425000,0.9992916584014893,per_learner/1/p_correct,ppo_hier_items200_h1000\PPO_1
1441792,0.9987026453018188,per_learner/1/p_correct,ppo_hier_items200_h1000\PPO_1
1450000,0.9987593293190002,per_learner/1/p_correct,ppo_hier_items200_h1000\PPO_1
1474560,0.9995476603507996,per_learner/1/p_correct,ppo_hier_items200_h1000\PPO_1
1475000,0.9978054761886597,per_learner/1/p_correct,ppo_hier_items200_h1000\PPO_1
1500000,0.9969034790992737,per_learner/1/p_correct,ppo_hier_items200_h1000\PPO_1
1507328,0.9996851682662964,per_learner/1/p_correct,ppo_hier_items200_h1000\PPO_1
1525000,0.9993380904197693,per_learner/1/p_correct,ppo_hier_items200_h1000\PPO_1
1540096,0.9968352913856506,per_learner/1/p_correct,ppo_hier_items200_h1000\PPO_1
1550000,0.9968633055686951,per_learner/1/p_correct,ppo_hier_items200_h1000\PPO_1
1572864,0.9983624219894409,per_learner/1/p_correct,ppo_hier_items200_h1000\PPO_1
1575000,0.9945889115333557,per_learner/1/p_correct,ppo_hier_items200_h1000\PPO_1
1600000,0.9938103556632996,per_learner/1/p_correct,ppo_hier_items200_h1000\PPO_1
1605632,0.9958789348602295,per_learner/1/p_correct,ppo_hier_items200_h1000\PPO_1
25000,0.9991551041603088,per_learner/1/reward,ppo_hier_items200_h1000\PPO_1
32768,0.9991581439971924,per_learner/1/reward,ppo_hier_items200_h1000\PPO_1
50000,0.9991068243980408,per_learner/1/reward,ppo_hier_items200_h1000\PPO_1
65536,0.9993162155151367,per_learner/1/reward,ppo_hier_items200_h1000\PPO_1
75000,0.9995238780975342,per_learner/1/reward,ppo_hier_items200_h1000\PPO_1
98304,0.9990109801292419,per_learner/1/reward,ppo_hier_items200_h1000\PPO_1
100000,0.999731719493866,per_learner/1/reward,ppo_hier_items200_h1000\PPO_1
125000,0.9999661445617676,per_learner/1/reward,ppo_hier_items200_h1000\PPO_1
131072,0.9991878271102905,per_learner/1/reward,ppo_hier_items200_h1000\PPO_1
150000,1.0000975131988525,per_learner/1/reward,ppo_hier_items200_h1000\PPO_1
163840,0.9997831583023071,per_learner/1/reward,ppo_hier_items200_h1000\PPO_1
175000,0.9993859529495239,per_learner/1/reward,ppo_hier_items200_h1000\PPO_1
196608,0.9997256398200989,per_learner/1/reward,ppo_hier_items200_h1000\PPO_1
200000,1.0006392002105713,per_learner/1/reward,ppo_hier_items200_h1000\PPO_1
225000,0.9992255568504333,per_learner/1/reward,ppo_hier_items200_h1000\PPO_1
229376,0.9999900460243225,per_learner/1/reward,ppo_hier_items200_h1000\PPO_1
250000,0.9990594387054443,per_learner/1/reward,ppo_hier_items200_h1000\PPO_1
262144,0.9991588592529297,per_learner/1/reward,ppo_hier_items200_h1000\PPO_1
275000,0.9994714260101318,per_learner/1/reward,ppo_hier_items200_h1000\PPO_1
294912,1.0003389120101929,per_learner/1/reward,ppo_hier_items200_h1000\PPO_1
300000,0.9996287822723389,per_learner/1/reward,ppo_hier_items200_h1000\PPO_1
325000,0.9993423819541931,per_learner/1/reward,ppo_hier_items200_h1000\PPO_1
327680,1.0007390975952148,per_learner/1/reward,ppo_hier_items200_h1000\PPO_1
350000,1.000161051750183,per_learner/1/reward,ppo_hier_items200_h1000\PPO_1
360448,0.9990922808647156,per_learner/1/reward,ppo_hier_items200_h1000\PPO_1
375000,1.0002257823944092,per_learner/1/reward,ppo_hier_items200_h1000\PPO_1
393216,3.009005308151245,per_learner/1/reward,ppo_hier_items200_h1000\PPO_1
400000,0.9997245669364929,per_learner/1/reward,ppo_hier_items200_h1000\PPO_1
425000,0.9992042779922485,per_learner/1/reward,ppo_hier_items200_h1000\PPO_1
425984,0.9994490742683411,per_learner/1/reward,ppo_hier_items200_h1000\PPO_1
450000,0.9993639588356018,per_learner/1/reward,ppo_hier_items200_h1000\PPO_1
458752,0.9994803667068481,per_learner/1/reward,ppo_hier_items200_h1000\PPO_1
475000,0.9995514750480652,per_learner/1/reward,ppo_hier_items200_h1000\PPO_1
491520,0.9997240304946899,per_learner/1/reward,ppo_hier_items200_h1000\PPO_1
500000,0.999523401260376,per_learner/1/reward,ppo_hier_items200_h1000\PPO_1
524288,0.9997844696044922,per_learner/1/reward,ppo_hier_items200_h1000\PPO_1
525000,0.9999676942825317,per_learner/1/reward,ppo_hier_items200_h1000\PPO_1
550000,1.0000975131988525,per_learner/1/reward,ppo_hier_items200_h1000\PPO_1
557056,0.9999312162399292,per_learner/1/reward,ppo_hier_items200_h1000\PPO_1
575000,0.9990694522857666,per_learner/1/reward,ppo_hier_items200_h1000\PPO_1
589824,1.0001951456069946,per_learner/1/reward,ppo_hier_items200_h1000\PPO_1
600000,0.9994677305221558,per_learner/1/reward,ppo_hier_items200_h1000\PPO_1
622592,1.0004931688308716,per_learner/1/reward,ppo_hier_items200_h1000\PPO_1
625000,0.9992026090621948,per_learner/1/reward,ppo_hier_items200_h1000\PPO_1
650000,0.9991692900657654,per_learner/1/reward,ppo_hier_items200_h1000\PPO_1
655360,0.999104380607605,per_learner/1/reward,ppo_hier_items200_h1000\PPO_1
675000,0.9995757937431335,per_learner/1/reward,ppo_hier_items200_h1000\PPO_1
688128,0.9990248680114746,per_learner/1/reward,ppo_hier_items200_h1000\PPO_1
700000,0.999146044254303,per_learner/1/reward,ppo_hier_items200_h1000\PPO_1
720896,0.9992037415504456,per_learner/1/reward,ppo_hier_items200_h1000\PPO_1
725000,0.9999179840087891,per_learner/1/reward,ppo_hier_items200_h1000\PPO_1
750000,0.9991714954376221,per_learner/1/reward,ppo_hier_items200_h1000\PPO_1
753664,0.9993408918380737,per_learner/1/reward,ppo_hier_items200_h1000\PPO_1
775000,0.9990127086639404,per_learner/1/reward,ppo_hier_items200_h1000\PPO_1
786432,0.9991019368171692,per_learner/1/reward,ppo_hier_items200_h1000\PPO_1
800000,1.000045657157898,per_learner/1/reward,ppo_hier_items200_h1000\PPO_1
819200,3.0090737342834473,per_learner/1/reward,ppo_hier_items200_h1000\PPO_1
825000,0.9990478157997131,per_learner/1/reward,ppo_hier_items200_h1000\PPO_1
850000,3.0090413093566895,per_learner/1/reward,ppo_hier_items200_h1000\PPO_1
851968,0.9995202422142029,per_learner/1/reward,ppo_hier_items200_h1000\PPO_1
875000,0.9995442628860474,per_learner/1/reward,ppo_hier_items200_h1000\PPO_1
884736,0.9998295307159424,per_learner/1/reward,ppo_hier_items200_h1000\PPO_1
900000,3.0091238021850586,per_learner/1/reward,ppo_hier_items200_h1000\PPO_1
917504,1.0000077486038208,per_learner/1/reward,ppo_hier_items200_h1000\PPO_1
925000,0.999913215637207,per_learner/1/reward,ppo_hier_items200_h1000\PPO_1
950000,3.009025812149048,per_learner/1/reward,ppo_hier_items200_h1000\PPO_1
950272,1.0002151727676392,per_learner/1/reward,ppo_hier_items200_h1000\PPO_1
975000,0.9993962645530701,per_learner/1/reward,ppo_hier_items200_h1000\PPO_1
983040,1.0002957582473755,per_learner/1/reward,ppo_hier_items200_h1000\PPO_1
1000000,1.0008113384246826,per_learner/1/reward,ppo_hier_items200_h1000\PPO_1
1015808,1.000603199005127,per_learner/1/reward,ppo_hier_items200_h1000\PPO_1
1025000,0.9992026090621948,per_learner/1/reward,ppo_hier_items200_h1000\PPO_1
1048576,0.9990997910499573,per_learner/1/reward,ppo_hier_items200_h1000\PPO_1
1050000,3.009004592895508,per_learner/1/reward,ppo_hier_items200_h1000\PPO_1
1075000,0.999548614025116,per_learner/1/reward,ppo_hier_items200_h1000\PPO_1
1081344,0.9993055462837219,per_learner/1/reward,ppo_hier_items200_h1000\PPO_1
1100000,0.9997710585594177,per_learner/1/reward,ppo_hier_items200_h1000\PPO_1
1114112,0.9991572499275208,per_learner/1/reward,ppo_hier_items200_h1000\PPO_1
1125000,0.9998743534088135,per_learner/1/reward,ppo_hier_items200_h1000\PPO_1
1146880,0.9992290139198303,per_learner/1/reward,ppo_hier_items200_h1000\PPO_1
1150000,1.0002312660217285,per_learner/1/reward,ppo_hier_items200_h1000\PPO_1
1175000,1.0003527402877808,per_learner/1/reward,ppo_hier_items200_h1000\PPO_1
1179648,0.9990372657775879,per_learner/1/reward,ppo_hier_items200_h1000\PPO_1
1200000,1.000399112701416,per_learner/1/reward,ppo_hier_items200_h1000\PPO_1
1212416,0.9998515844345093,per_learner/1/reward,ppo_hier_items200_h1000\PPO_1
1225000,0.9990584254264832,per_learner/1/reward,ppo_hier_items200_h1000\PPO_1
1245184,0.9999488592147827,per_learner/1/reward,ppo_hier_items200_h1000\PPO_1
1250000,3.0090572834014893,per_learner/1/reward,ppo_hier_items200_h1000\PPO_1
1275000,0.9992590546607971,per_learner/1/reward,ppo_hier_items200_h1000\PPO_1
1277952,1.0001517534255981,per_learner/1/reward,ppo_hier_items200_h1000\PPO_1
1300000,0.9991607666015625,per_learner/1/reward,ppo_hier_items200_h1000\PPO_1
1310720,3.0090320110321045,per_learner/1/reward,ppo_hier_items200_h1000\PPO_1
1325000,0.9993026256561279,per_learner/1/reward,ppo_hier_items200_h1000\PPO_1
1343488,1.0001717805862427,per_learner/1/reward,ppo_hier_items200_h1000\PPO_1
1350000,1.0000507831573486,per_learner/1/reward,ppo_hier_items200_h1000\PPO_1
1375000,1.00022292137146,per_learner/1/reward,ppo_hier_items200_h1000\PPO_1
1376256,0.999049723148346,per_learner/1/reward,ppo_hier_items200_h1000\PPO_1
1400000,1.0005474090576172,per_learner/1/reward,ppo_hier_items200_h1000\PPO_1
1409024,0.999232828617096,per_learner/1/reward,ppo_hier_items200_h1000\PPO_1
1425000,0.999177098274231,per_learner/1/reward,ppo_hier_items200_h1000\PPO_1
1441792,0.9993243217468262,per_learner/1/reward,ppo_hier_items200_h1000\PPO_1
1450000,0.9993101358413696,per_learner/1/reward,ppo_hier_items200_h1000\PPO_1
1474560,0.9991130828857422,per_learner/1/reward,ppo_hier_items200_h1000\PPO_1
1475000,0.999548614025116,per_learner/1/reward,ppo_hier_items200_h1000\PPO_1
1500000,0.999774158000946,per_learner/1/reward,ppo_hier_items200_h1000\PPO_1
1507328,0.9990786910057068,per_learner/1/reward,ppo_hier_items200_h1000\PPO_1
1525000,0.9991654753684998,per_learner/1/reward,ppo_hier_items200_h1000\PPO_1
1540096,0.999791145324707,per_learner/1/reward,ppo_hier_items200_h1000\PPO_1
1550000,0.9997841715812683,per_learner/1/reward,ppo_hier_items200_h1000\PPO_1
1572864,0.9994093775749207,per_learner/1/reward,ppo_hier_items200_h1000\PPO_1
1575000,1.0003527402877808,per_learner/1/reward,ppo_hier_items200_h1000\PPO_1
1600000,-1.2494525909423828,per_learner/1/reward,ppo_hier_items200_h1000\PPO_1
1605632,1.000030279159546,per_learner/1/reward,ppo_hier_items200_h1000\PPO_1
25000,1.0,per_learner/1/rolling_acc,ppo_hier_items200_h1000\PPO_1
32768,1.0,per_learner/1/rolling_acc,ppo_hier_items200_h1000\PPO_1
50000,1.0,per_learner/1/rolling_acc,ppo_hier_items200_h1000\PPO_1
65536,1.0,per_learner/1/rolling_acc,ppo_hier_items200_h1000\PPO_1
75000,1.0,per_learner/1/rolling_acc,ppo_hier_items200_h1000\PPO_1
98304,1.0,per_learner/1/rolling_acc,ppo_hier_items200_h1000\PPO_1
100000,1.0,per_learner/1/rolling_acc,ppo_hier_items200_h1000\PPO_1
125000,1.0,per_learner/1/rolling_acc,ppo_hier_items200_h1000\PPO_1
131072,1.0,per_learner/1/rolling_acc,ppo_hier_items200_h1000\PPO_1
150000,1.0,per_learner/1/rolling_acc,ppo_hier_items200_h1000\PPO_1
163840,1.0,per_learner/1/rolling_acc,ppo_hier_items200_h1000\PPO_1
175000,1.0,per_learner/1/rolling_acc,ppo_hier_items200_h1000\PPO_1
196608,1.0,per_learner/1/rolling_acc,ppo_hier_items200_h1000\PPO_1
200000,1.0,per_learner/1/rolling_acc,ppo_hier_items200_h1000\PPO_1
225000,1.0,per_learner/1/rolling_acc,ppo_hier_items200_h1000\PPO_1
229376,1.0,per_learner/1/rolling_acc,ppo_hier_items200_h1000\PPO_1
250000,1.0,per_learner/1/rolling_acc,ppo_hier_items200_h1000\PPO_1
262144,1.0,per_learner/1/rolling_acc,ppo_hier_items200_h1000\PPO_1
275000,1.0,per_learner/1/rolling_acc,ppo_hier_items200_h1000\PPO_1
294912,0.9666666388511658,per_learner/1/rolling_acc,ppo_hier_items200_h1000\PPO_1
300000,1.0,per_learner/1/rolling_acc,ppo_hier_items200_h1000\PPO_1
325000,0.9666666388511658,per_learner/1/rolling_acc,ppo_hier_items200_h1000\PPO_1
327680,1.0,per_learner/1/rolling_acc,ppo_hier_items200_h1000\PPO_1
350000,1.0,per_learner/1/rolling_acc,ppo_hier_items200_h1000\PPO_1
360448,1.0,per_learner/1/rolling_acc,ppo_hier_items200_h1000\PPO_1
375000,1.0,per_learner/1/rolling_acc,ppo_hier_items200_h1000\PPO_1
393216,1.0,per_learner/1/rolling_acc,ppo_hier_items200_h1000\PPO_1
400000,1.0,per_learner/1/rolling_acc,ppo_hier_items200_h1000\PPO_1
425000,1.0,per_learner/1/rolling_acc,ppo_hier_items200_h1000\PPO_1
425984,1.0,per_learner/1/rolling_acc,ppo_hier_items200_h1000\PPO_1
450000,1.0,per_learner/1/rolling_acc,ppo_hier_items200_h1000\PPO_1
458752,1.0,per_learner/1/rolling_acc,ppo_hier_items200_h1000\PPO_1
475000,1.0,per_learner/1/rolling_acc,ppo_hier_items200_h1000\PPO_1
491520,1.0,per_learner/1/rolling_acc,ppo_hier_items200_h1000\PPO_1
500000,1.0,per_learner/1/rolling_acc,ppo_hier_items200_h1000\PPO_1
524288,1.0,per_learner/1/rolling_acc,ppo_hier_items200_h1000\PPO_1
525000,1.0,per_learner/1/rolling_acc,ppo_hier_items200_h1000\PPO_1
550000,0.9666666388511658,per_learner/1/rolling_acc,ppo_hier_items200_h1000\PPO_1
557056,1.0,per_learner/1/rolling_acc,ppo_hier_items200_h1000\PPO_1
575000,1.0,per_learner/1/rolling_acc,ppo_hier_items200_h1000\PPO_1
589824,1.0,per_learner/1/rolling_acc,ppo_hier_items200_h1000\PPO_1
600000,1.0,per_learner/1/rolling_acc,ppo_hier_items200_h1000\PPO_1
622592,1.0,per_learner/1/rolling_acc,ppo_hier_items200_h1000\PPO_1
625000,1.0,per_learner/1/rolling_acc,ppo_hier_items200_h1000\PPO_1
650000,1.0,per_learner/1/rolling_acc,ppo_hier_items200_h1000\PPO_1
655360,1.0,per_learner/1/rolling_acc,ppo_hier_items200_h1000\PPO_1
675000,1.0,per_learner/1/rolling_acc,ppo_hier_items200_h1000\PPO_1
688128,1.0,per_learner/1/rolling_acc,ppo_hier_items200_h1000\PPO_1
700000,1.0,per_learner/1/rolling_acc,ppo_hier_items200_h1000\PPO_1
720896,1.0,per_learner/1/rolling_acc,ppo_hier_items200_h1000\PPO_1
725000,1.0,per_learner/1/rolling_acc,ppo_hier_items200_h1000\PPO_1
750000,1.0,per_learner/1/rolling_acc,ppo_hier_items200_h1000\PPO_1
753664,1.0,per_learner/1/rolling_acc,ppo_hier_items200_h1000\PPO_1
775000,1.0,per_learner/1/rolling_acc,ppo_hier_items200_h1000\PPO_1
786432,1.0,per_learner/1/rolling_acc,ppo_hier_items200_h1000\PPO_1
800000,1.0,per_learner/1/rolling_acc,ppo_hier_items200_h1000\PPO_1
819200,1.0,per_learner/1/rolling_acc,ppo_hier_items200_h1000\PPO_1
825000,1.0,per_learner/1/rolling_acc,ppo_hier_items200_h1000\PPO_1
850000,1.0,per_learner/1/rolling_acc,ppo_hier_items200_h1000\PPO_1
851968,1.0,per_learner/1/rolling_acc,ppo_hier_items200_h1000\PPO_1
875000,1.0,per_learner/1/rolling_acc,ppo_hier_items200_h1000\PPO_1
884736,1.0,per_learner/1/rolling_acc,ppo_hier_items200_h1000\PPO_1
900000,1.0,per_learner/1/rolling_acc,ppo_hier_items200_h1000\PPO_1
917504,1.0,per_learner/1/rolling_acc,ppo_hier_items200_h1000\PPO_1
925000,0.9666666388511658,per_learner/1/rolling_acc,ppo_hier_items200_h1000\PPO_1
950000,1.0,per_learner/1/rolling_acc,ppo_hier_items200_h1000\PPO_1
950272,1.0,per_learner/1/rolling_acc,ppo_hier_items200_h1000\PPO_1
975000,1.0,per_learner/1/rolling_acc,ppo_hier_items200_h1000\PPO_1
983040,1.0,per_learner/1/rolling_acc,ppo_hier_items200_h1000\PPO_1
1000000,1.0,per_learner/1/rolling_acc,ppo_hier_items200_h1000\PPO_1
1015808,1.0,per_learner/1/rolling_acc,ppo_hier_items200_h1000\PPO_1
1025000,1.0,per_learner/1/rolling_acc,ppo_hier_items200_h1000\PPO_1
1048576,1.0,per_learner/1/rolling_acc,ppo_hier_items200_h1000\PPO_1
1050000,1.0,per_learner/1/rolling_acc,ppo_hier_items200_h1000\PPO_1
1075000,1.0,per_learner/1/rolling_acc,ppo_hier_items200_h1000\PPO_1
1081344,1.0,per_learner/1/rolling_acc,ppo_hier_items200_h1000\PPO_1
1100000,1.0,per_learner/1/rolling_acc,ppo_hier_items200_h1000\PPO_1
1114112,1.0,per_learner/1/rolling_acc,ppo_hier_items200_h1000\PPO_1
1125000,1.0,per_learner/1/rolling_acc,ppo_hier_items200_h1000\PPO_1
1146880,1.0,per_learner/1/rolling_acc,ppo_hier_items200_h1000\PPO_1
1150000,0.9666666388511658,per_learner/1/rolling_acc,ppo_hier_items200_h1000\PPO_1
1175000,1.0,per_learner/1/rolling_acc,ppo_hier_items200_h1000\PPO_1
1179648,1.0,per_learner/1/rolling_acc,ppo_hier_items200_h1000\PPO_1
1200000,1.0,per_learner/1/rolling_acc,ppo_hier_items200_h1000\PPO_1
1212416,1.0,per_learner/1/rolling_acc,ppo_hier_items200_h1000\PPO_1
1225000,1.0,per_learner/1/rolling_acc,ppo_hier_items200_h1000\PPO_1
1245184,1.0,per_learner/1/rolling_acc,ppo_hier_items200_h1000\PPO_1
1250000,1.0,per_learner/1/rolling_acc,ppo_hier_items200_h1000\PPO_1
1275000,1.0,per_learner/1/rolling_acc,ppo_hier_items200_h1000\PPO_1
1277952,1.0,per_learner/1/rolling_acc,ppo_hier_items200_h1000\PPO_1
1300000,1.0,per_learner/1/rolling_acc,ppo_hier_items200_h1000\PPO_1
1310720,1.0,per_learner/1/rolling_acc,ppo_hier_items200_h1000\PPO_1
1325000,1.0,per_learner/1/rolling_acc,ppo_hier_items200_h1000\PPO_1
1343488,0.9666666388511658,per_learner/1/rolling_acc,ppo_hier_items200_h1000\PPO_1
1350000,1.0,per_learner/1/rolling_acc,ppo_hier_items200_h1000\PPO_1
1375000,1.0,per_learner/1/rolling_acc,ppo_hier_items200_h1000\PPO_1
1376256,1.0,per_learner/1/rolling_acc,ppo_hier_items200_h1000\PPO_1
1400000,1.0,per_learner/1/rolling_acc,ppo_hier_items200_h1000\PPO_1
1409024,1.0,per_learner/1/rolling_acc,ppo_hier_items200_h1000\PPO_1
1425000,1.0,per_learner/1/rolling_acc,ppo_hier_items200_h1000\PPO_1
1441792,1.0,per_learner/1/rolling_acc,ppo_hier_items200_h1000\PPO_1
1450000,1.0,per_learner/1/rolling_acc,ppo_hier_items200_h1000\PPO_1
1474560,1.0,per_learner/1/rolling_acc,ppo_hier_items200_h1000\PPO_1
1475000,1.0,per_learner/1/rolling_acc,ppo_hier_items200_h1000\PPO_1
1500000,1.0,per_learner/1/rolling_acc,ppo_hier_items200_h1000\PPO_1
1507328,1.0,per_learner/1/rolling_acc,ppo_hier_items200_h1000\PPO_1
1525000,1.0,per_learner/1/rolling_acc,ppo_hier_items200_h1000\PPO_1
1540096,1.0,per_learner/1/rolling_acc,ppo_hier_items200_h1000\PPO_1
1550000,1.0,per_learner/1/rolling_acc,ppo_hier_items200_h1000\PPO_1
1572864,1.0,per_learner/1/rolling_acc,ppo_hier_items200_h1000\PPO_1
1575000,1.0,per_learner/1/rolling_acc,ppo_hier_items200_h1000\PPO_1
1600000,0.9666666388511658,per_learner/1/rolling_acc,ppo_hier_items200_h1000\PPO_1
1605632,1.0,per_learner/1/rolling_acc,ppo_hier_items200_h1000\PPO_1
25000,1.0,per_learner/2/correct,ppo_hier_items200_h1000\PPO_1
32768,1.0,per_learner/2/correct,ppo_hier_items200_h1000\PPO_1
50000,1.0,per_learner/2/correct,ppo_hier_items200_h1000\PPO_1
65536,1.0,per_learner/2/correct,ppo_hier_items200_h1000\PPO_1
75000,1.0,per_learner/2/correct,ppo_hier_items200_h1000\PPO_1
98304,1.0,per_learner/2/correct,ppo_hier_items200_h1000\PPO_1
100000,1.0,per_learner/2/correct,ppo_hier_items200_h1000\PPO_1
125000,1.0,per_learner/2/correct,ppo_hier_items200_h1000\PPO_1
131072,1.0,per_learner/2/correct,ppo_hier_items200_h1000\PPO_1
150000,1.0,per_learner/2/correct,ppo_hier_items200_h1000\PPO_1
163840,1.0,per_learner/2/correct,ppo_hier_items200_h1000\PPO_1
175000,1.0,per_learner/2/correct,ppo_hier_items200_h1000\PPO_1
196608,1.0,per_learner/2/correct,ppo_hier_items200_h1000\PPO_1
200000,1.0,per_learner/2/correct,ppo_hier_items200_h1000\PPO_1
225000,1.0,per_learner/2/correct,ppo_hier_items200_h1000\PPO_1
229376,1.0,per_learner/2/correct,ppo_hier_items200_h1000\PPO_1
250000,1.0,per_learner/2/correct,ppo_hier_items200_h1000\PPO_1
262144,1.0,per_learner/2/correct,ppo_hier_items200_h1000\PPO_1
275000,1.0,per_learner/2/correct,ppo_hier_items200_h1000\PPO_1
294912,1.0,per_learner/2/correct,ppo_hier_items200_h1000\PPO_1
300000,1.0,per_learner/2/correct,ppo_hier_items200_h1000\PPO_1
325000,1.0,per_learner/2/correct,ppo_hier_items200_h1000\PPO_1
327680,1.0,per_learner/2/correct,ppo_hier_items200_h1000\PPO_1
350000,1.0,per_learner/2/correct,ppo_hier_items200_h1000\PPO_1
360448,1.0,per_learner/2/correct,ppo_hier_items200_h1000\PPO_1
375000,1.0,per_learner/2/correct,ppo_hier_items200_h1000\PPO_1
393216,1.0,per_learner/2/correct,ppo_hier_items200_h1000\PPO_1
400000,1.0,per_learner/2/correct,ppo_hier_items200_h1000\PPO_1
425000,1.0,per_learner/2/correct,ppo_hier_items200_h1000\PPO_1
425984,1.0,per_learner/2/correct,ppo_hier_items200_h1000\PPO_1
450000,1.0,per_learner/2/correct,ppo_hier_items200_h1000\PPO_1
458752,1.0,per_learner/2/correct,ppo_hier_items200_h1000\PPO_1
475000,1.0,per_learner/2/correct,ppo_hier_items200_h1000\PPO_1
491520,1.0,per_learner/2/correct,ppo_hier_items200_h1000\PPO_1
500000,1.0,per_learner/2/correct,ppo_hier_items200_h1000\PPO_1
524288,1.0,per_learner/2/correct,ppo_hier_items200_h1000\PPO_1
525000,1.0,per_learner/2/correct,ppo_hier_items200_h1000\PPO_1
550000,1.0,per_learner/2/correct,ppo_hier_items200_h1000\PPO_1
557056,1.0,per_learner/2/correct,ppo_hier_items200_h1000\PPO_1
575000,1.0,per_learner/2/correct,ppo_hier_items200_h1000\PPO_1
589824,1.0,per_learner/2/correct,ppo_hier_items200_h1000\PPO_1
600000,1.0,per_learner/2/correct,ppo_hier_items200_h1000\PPO_1
622592,1.0,per_learner/2/correct,ppo_hier_items200_h1000\PPO_1
625000,1.0,per_learner/2/correct,ppo_hier_items200_h1000\PPO_1
650000,1.0,per_learner/2/correct,ppo_hier_items200_h1000\PPO_1
655360,1.0,per_learner/2/correct,ppo_hier_items200_h1000\PPO_1
675000,1.0,per_learner/2/correct,ppo_hier_items200_h1000\PPO_1
688128,1.0,per_learner/2/correct,ppo_hier_items200_h1000\PPO_1
700000,1.0,per_learner/2/correct,ppo_hier_items200_h1000\PPO_1
720896,1.0,per_learner/2/correct,ppo_hier_items200_h1000\PPO_1
725000,1.0,per_learner/2/correct,ppo_hier_items200_h1000\PPO_1
750000,1.0,per_learner/2/correct,ppo_hier_items200_h1000\PPO_1
753664,1.0,per_learner/2/correct,ppo_hier_items200_h1000\PPO_1
775000,1.0,per_learner/2/correct,ppo_hier_items200_h1000\PPO_1
786432,1.0,per_learner/2/correct,ppo_hier_items200_h1000\PPO_1
800000,1.0,per_learner/2/correct,ppo_hier_items200_h1000\PPO_1
819200,1.0,per_learner/2/correct,ppo_hier_items200_h1000\PPO_1
825000,1.0,per_learner/2/correct,ppo_hier_items200_h1000\PPO_1
850000,1.0,per_learner/2/correct,ppo_hier_items200_h1000\PPO_1
851968,1.0,per_learner/2/correct,ppo_hier_items200_h1000\PPO_1
875000,1.0,per_learner/2/correct,ppo_hier_items200_h1000\PPO_1
884736,1.0,per_learner/2/correct,ppo_hier_items200_h1000\PPO_1
900000,1.0,per_learner/2/correct,ppo_hier_items200_h1000\PPO_1
917504,1.0,per_learner/2/correct,ppo_hier_items200_h1000\PPO_1
925000,1.0,per_learner/2/correct,ppo_hier_items200_h1000\PPO_1
950000,1.0,per_learner/2/correct,ppo_hier_items200_h1000\PPO_1
950272,0.0,per_learner/2/correct,ppo_hier_items200_h1000\PPO_1
975000,1.0,per_learner/2/correct,ppo_hier_items200_h1000\PPO_1
983040,1.0,per_learner/2/correct,ppo_hier_items200_h1000\PPO_1
1000000,1.0,per_learner/2/correct,ppo_hier_items200_h1000\PPO_1
1015808,1.0,per_learner/2/correct,ppo_hier_items200_h1000\PPO_1
1025000,1.0,per_learner/2/correct,ppo_hier_items200_h1000\PPO_1
1048576,1.0,per_learner/2/correct,ppo_hier_items200_h1000\PPO_1
1050000,1.0,per_learner/2/correct,ppo_hier_items200_h1000\PPO_1
1075000,1.0,per_learner/2/correct,ppo_hier_items200_h1000\PPO_1
1081344,1.0,per_learner/2/correct,ppo_hier_items200_h1000\PPO_1
1100000,1.0,per_learner/2/correct,ppo_hier_items200_h1000\PPO_1
1114112,1.0,per_learner/2/correct,ppo_hier_items200_h1000\PPO_1
1125000,1.0,per_learner/2/correct,ppo_hier_items200_h1000\PPO_1
1146880,1.0,per_learner/2/correct,ppo_hier_items200_h1000\PPO_1
1150000,1.0,per_learner/2/correct,ppo_hier_items200_h1000\PPO_1
1175000,1.0,per_learner/2/correct,ppo_hier_items200_h1000\PPO_1
1179648,1.0,per_learner/2/correct,ppo_hier_items200_h1000\PPO_1
1200000,1.0,per_learner/2/correct,ppo_hier_items200_h1000\PPO_1
1212416,1.0,per_learner/2/correct,ppo_hier_items200_h1000\PPO_1
1225000,1.0,per_learner/2/correct,ppo_hier_items200_h1000\PPO_1
1245184,1.0,per_learner/2/correct,ppo_hier_items200_h1000\PPO_1
1250000,1.0,per_learner/2/correct,ppo_hier_items200_h1000\PPO_1
1275000,1.0,per_learner/2/correct,ppo_hier_items200_h1000\PPO_1
1277952,1.0,per_learner/2/correct,ppo_hier_items200_h1000\PPO_1
1300000,1.0,per_learner/2/correct,ppo_hier_items200_h1000\PPO_1
1310720,1.0,per_learner/2/correct,ppo_hier_items200_h1000\PPO_1
1325000,1.0,per_learner/2/correct,ppo_hier_items200_h1000\PPO_1
1343488,1.0,per_learner/2/correct,ppo_hier_items200_h1000\PPO_1
1350000,1.0,per_learner/2/correct,ppo_hier_items200_h1000\PPO_1
1375000,1.0,per_learner/2/correct,ppo_hier_items200_h1000\PPO_1
1376256,1.0,per_learner/2/correct,ppo_hier_items200_h1000\PPO_1
1400000,1.0,per_learner/2/correct,ppo_hier_items200_h1000\PPO_1
1409024,1.0,per_learner/2/correct,ppo_hier_items200_h1000\PPO_1
1425000,1.0,per_learner/2/correct,ppo_hier_items200_h1000\PPO_1
1441792,1.0,per_learner/2/correct,ppo_hier_items200_h1000\PPO_1
1450000,1.0,per_learner/2/correct,ppo_hier_items200_h1000\PPO_1
1474560,1.0,per_learner/2/correct,ppo_hier_items200_h1000\PPO_1
1475000,1.0,per_learner/2/correct,ppo_hier_items200_h1000\PPO_1
1500000,1.0,per_learner/2/correct,ppo_hier_items200_h1000\PPO_1
1507328,1.0,per_learner/2/correct,ppo_hier_items200_h1000\PPO_1
1525000,1.0,per_learner/2/correct,ppo_hier_items200_h1000\PPO_1
1540096,1.0,per_learner/2/correct,ppo_hier_items200_h1000\PPO_1
1550000,1.0,per_learner/2/correct,ppo_hier_items200_h1000\PPO_1
1572864,1.0,per_learner/2/correct,ppo_hier_items200_h1000\PPO_1
1575000,1.0,per_learner/2/correct,ppo_hier_items200_h1000\PPO_1
1600000,1.0,per_learner/2/correct,ppo_hier_items200_h1000\PPO_1
1605632,1.0,per_learner/2/correct,ppo_hier_items200_h1000\PPO_1
25000,0.0,per_learner/2/mastered_count,ppo_hier_items200_h1000\PPO_1
32768,0.0,per_learner/2/mastered_count,ppo_hier_items200_h1000\PPO_1
50000,0.0,per_learner/2/mastered_count,ppo_hier_items200_h1000\PPO_1
65536,0.0,per_learner/2/mastered_count,ppo_hier_items200_h1000\PPO_1
75000,0.0,per_learner/2/mastered_count,ppo_hier_items200_h1000\PPO_1
98304,1.0,per_learner/2/mastered_count,ppo_hier_items200_h1000\PPO_1
100000,0.0,per_learner/2/mastered_count,ppo_hier_items200_h1000\PPO_1
125000,3.0,per_learner/2/mastered_count,ppo_hier_items200_h1000\PPO_1
131072,1.0,per_learner/2/mastered_count,ppo_hier_items200_h1000\PPO_1
150000,5.0,per_learner/2/mastered_count,ppo_hier_items200_h1000\PPO_1
163840,0.0,per_learner/2/mastered_count,ppo_hier_items200_h1000\PPO_1
175000,3.0,per_learner/2/mastered_count,ppo_hier_items200_h1000\PPO_1
196608,3.0,per_learner/2/mastered_count,ppo_hier_items200_h1000\PPO_1
200000,4.0,per_learner/2/mastered_count,ppo_hier_items200_h1000\PPO_1
225000,0.0,per_learner/2/mastered_count,ppo_hier_items200_h1000\PPO_1
229376,0.0,per_learner/2/mastered_count,ppo_hier_items200_h1000\PPO_1
250000,1.0,per_learner/2/mastered_count,ppo_hier_items200_h1000\PPO_1
262144,1.0,per_learner/2/mastered_count,ppo_hier_items200_h1000\PPO_1
275000,0.0,per_learner/2/mastered_count,ppo_hier_items200_h1000\PPO_1
294912,6.0,per_learner/2/mastered_count,ppo_hier_items200_h1000\PPO_1
300000,1.0,per_learner/2/mastered_count,ppo_hier_items200_h1000\PPO_1
325000,1.0,per_learner/2/mastered_count,ppo_hier_items200_h1000\PPO_1
327680,6.0,per_learner/2/mastered_count,ppo_hier_items200_h1000\PPO_1
350000,2.0,per_learner/2/mastered_count,ppo_hier_items200_h1000\PPO_1
360448,0.0,per_learner/2/mastered_count,ppo_hier_items200_h1000\PPO_1
375000,2.0,per_learner/2/mastered_count,ppo_hier_items200_h1000\PPO_1
393216,0.0,per_learner/2/mastered_count,ppo_hier_items200_h1000\PPO_1
400000,2.0,per_learner/2/mastered_count,ppo_hier_items200_h1000\PPO_1
425000,0.0,per_learner/2/mastered_count,ppo_hier_items200_h1000\PPO_1
425984,0.0,per_learner/2/mastered_count,ppo_hier_items200_h1000\PPO_1
450000,0.0,per_learner/2/mastered_count,ppo_hier_items200_h1000\PPO_1
458752,0.0,per_learner/2/mastered_count,ppo_hier_items200_h1000\PPO_1
475000,1.0,per_learner/2/mastered_count,ppo_hier_items200_h1000\PPO_1
491520,2.0,per_learner/2/mastered_count,ppo_hier_items200_h1000\PPO_1
500000,2.0,per_learner/2/mastered_count,ppo_hier_items200_h1000\PPO_1
524288,2.0,per_learner/2/mastered_count,ppo_hier_items200_h1000\PPO_1
525000,0.0,per_learner/2/mastered_count,ppo_hier_items200_h1000\PPO_1
550000,4.0,per_learner/2/mastered_count,ppo_hier_items200_h1000\PPO_1
557056,4.0,per_learner/2/mastered_count,ppo_hier_items200_h1000\PPO_1
575000,4.0,per_learner/2/mastered_count,ppo_hier_items200_h1000\PPO_1
589824,4.0,per_learner/2/mastered_count,ppo_hier_items200_h1000\PPO_1
600000,7.0,per_learner/2/mastered_count,ppo_hier_items200_h1000\PPO_1
622592,7.0,per_learner/2/mastered_count,ppo_hier_items200_h1000\PPO_1
625000,0.0,per_learner/2/mastered_count,ppo_hier_items200_h1000\PPO_1
650000,2.0,per_learner/2/mastered_count,ppo_hier_items200_h1000\PPO_1
655360,6.0,per_learner/2/mastered_count,ppo_hier_items200_h1000\PPO_1
675000,0.0,per_learner/2/mastered_count,ppo_hier_items200_h1000\PPO_1
688128,0.0,per_learner/2/mastered_count,ppo_hier_items200_h1000\PPO_1
700000,2.0,per_learner/2/mastered_count,ppo_hier_items200_h1000\PPO_1
720896,0.0,per_learner/2/mastered_count,ppo_hier_items200_h1000\PPO_1
725000,3.0,per_learner/2/mastered_count,ppo_hier_items200_h1000\PPO_1
750000,4.0,per_learner/2/mastered_count,ppo_hier_items200_h1000\PPO_1
753664,0.0,per_learner/2/mastered_count,ppo_hier_items200_h1000\PPO_1
775000,10.0,per_learner/2/mastered_count,ppo_hier_items200_h1000\PPO_1
786432,1.0,per_learner/2/mastered_count,ppo_hier_items200_h1000\PPO_1
800000,7.0,per_learner/2/mastered_count,ppo_hier_items200_h1000\PPO_1
819200,1.0,per_learner/2/mastered_count,ppo_hier_items200_h1000\PPO_1
825000,0.0,per_learner/2/mastered_count,ppo_hier_items200_h1000\PPO_1
850000,0.0,per_learner/2/mastered_count,ppo_hier_items200_h1000\PPO_1
851968,1.0,per_learner/2/mastered_count,ppo_hier_items200_h1000\PPO_1
875000,1.0,per_learner/2/mastered_count,ppo_hier_items200_h1000\PPO_1
884736,3.0,per_learner/2/mastered_count,ppo_hier_items200_h1000\PPO_1
900000,1.0,per_learner/2/mastered_count,ppo_hier_items200_h1000\PPO_1
917504,4.0,per_learner/2/mastered_count,ppo_hier_items200_h1000\PPO_1
925000,3.0,per_learner/2/mastered_count,ppo_hier_items200_h1000\PPO_1
950000,6.0,per_learner/2/mastered_count,ppo_hier_items200_h1000\PPO_1
950272,5.0,per_learner/2/mastered_count,ppo_hier_items200_h1000\PPO_1
975000,7.0,per_learner/2/mastered_count,ppo_hier_items200_h1000\PPO_1
983040,5.0,per_learner/2/mastered_count,ppo_hier_items200_h1000\PPO_1
1000000,13.0,per_learner/2/mastered_count,ppo_hier_items200_h1000\PPO_1
1015808,8.0,per_learner/2/mastered_count,ppo_hier_items200_h1000\PPO_1
1025000,1.0,per_learner/2/mastered_count,ppo_hier_items200_h1000\PPO_1
1048576,0.0,per_learner/2/mastered_count,ppo_hier_items200_h1000\PPO_1
1050000,0.0,per_learner/2/mastered_count,ppo_hier_items200_h1000\PPO_1
1075000,1.0,per_learner/2/mastered_count,ppo_hier_items200_h1000\PPO_1
1081344,0.0,per_learner/2/mastered_count,ppo_hier_items200_h1000\PPO_1
1100000,3.0,per_learner/2/mastered_count,ppo_hier_items200_h1000\PPO_1
1114112,0.0,per_learner/2/mastered_count,ppo_hier_items200_h1000\PPO_1
1125000,6.0,per_learner/2/mastered_count,ppo_hier_items200_h1000\PPO_1
1146880,1.0,per_learner/2/mastered_count,ppo_hier_items200_h1000\PPO_1
1150000,4.0,per_learner/2/mastered_count,ppo_hier_items200_h1000\PPO_1
1175000,4.0,per_learner/2/mastered_count,ppo_hier_items200_h1000\PPO_1
1179648,3.0,per_learner/2/mastered_count,ppo_hier_items200_h1000\PPO_1
1200000,8.0,per_learner/2/mastered_count,ppo_hier_items200_h1000\PPO_1
1212416,5.0,per_learner/2/mastered_count,ppo_hier_items200_h1000\PPO_1
1225000,0.0,per_learner/2/mastered_count,ppo_hier_items200_h1000\PPO_1
1245184,4.0,per_learner/2/mastered_count,ppo_hier_items200_h1000\PPO_1
1250000,1.0,per_learner/2/mastered_count,ppo_hier_items200_h1000\PPO_1
1275000,2.0,per_learner/2/mastered_count,ppo_hier_items200_h1000\PPO_1
1277952,7.0,per_learner/2/mastered_count,ppo_hier_items200_h1000\PPO_1
1300000,6.0,per_learner/2/mastered_count,ppo_hier_items200_h1000\PPO_1
1310720,7.0,per_learner/2/mastered_count,ppo_hier_items200_h1000\PPO_1
1325000,5.0,per_learner/2/mastered_count,ppo_hier_items200_h1000\PPO_1
1343488,9.0,per_learner/2/mastered_count,ppo_hier_items200_h1000\PPO_1
1350000,6.0,per_learner/2/mastered_count,ppo_hier_items200_h1000\PPO_1
1375000,4.0,per_learner/2/mastered_count,ppo_hier_items200_h1000\PPO_1
1376256,0.0,per_learner/2/mastered_count,ppo_hier_items200_h1000\PPO_1
1400000,12.0,per_learner/2/mastered_count,ppo_hier_items200_h1000\PPO_1
1409024,0.0,per_learner/2/mastered_count,ppo_hier_items200_h1000\PPO_1
1425000,0.0,per_learner/2/mastered_count,ppo_hier_items200_h1000\PPO_1
1441792,1.0,per_learner/2/mastered_count,ppo_hier_items200_h1000\PPO_1
1450000,1.0,per_learner/2/mastered_count,ppo_hier_items200_h1000\PPO_1
1474560,1.0,per_learner/2/mastered_count,ppo_hier_items200_h1000\PPO_1
1475000,1.0,per_learner/2/mastered_count,ppo_hier_items200_h1000\PPO_1
1500000,2.0,per_learner/2/mastered_count,ppo_hier_items200_h1000\PPO_1
1507328,3.0,per_learner/2/mastered_count,ppo_hier_items200_h1000\PPO_1
1525000,3.0,per_learner/2/mastered_count,ppo_hier_items200_h1000\PPO_1
1540096,1.0,per_learner/2/mastered_count,ppo_hier_items200_h1000\PPO_1
1550000,4.0,per_learner/2/mastered_count,ppo_hier_items200_h1000\PPO_1
1572864,3.0,per_learner/2/mastered_count,ppo_hier_items200_h1000\PPO_1
1575000,6.0,per_learner/2/mastered_count,ppo_hier_items200_h1000\PPO_1
1600000,13.0,per_learner/2/mastered_count,ppo_hier_items200_h1000\PPO_1
1605632,5.0,per_learner/2/mastered_count,ppo_hier_items200_h1000\PPO_1
25000,0.9997073411941528,per_learner/2/p_correct,ppo_hier_items200_h1000\PPO_1
32768,0.9998005032539368,per_learner/2/p_correct,ppo_hier_items200_h1000\PPO_1
50000,0.9995306134223938,per_learner/2/p_correct,ppo_hier_items200_h1000\PPO_1
65536,0.9996351003646851,per_learner/2/p_correct,ppo_hier_items200_h1000\PPO_1
75000,0.999276876449585,per_learner/2/p_correct,ppo_hier_items200_h1000\PPO_1
98304,0.99931401014328,per_learner/2/p_correct,ppo_hier_items200_h1000\PPO_1
100000,0.9993016719818115,per_learner/2/p_correct,ppo_hier_items200_h1000\PPO_1
125000,0.9987033605575562,per_learner/2/p_correct,ppo_hier_items200_h1000\PPO_1
131072,0.9992594718933105,per_learner/2/p_correct,ppo_hier_items200_h1000\PPO_1
150000,0.9997116327285767,per_learner/2/p_correct,ppo_hier_items200_h1000\PPO_1
163840,0.9993296265602112,per_learner/2/p_correct,ppo_hier_items200_h1000\PPO_1
175000,0.998184323310852,per_learner/2/p_correct,ppo_hier_items200_h1000\PPO_1
196608,0.9996984004974365,per_learner/2/p_correct,ppo_hier_items200_h1000\PPO_1
200000,0.9986023902893066,per_learner/2/p_correct,ppo_hier_items200_h1000\PPO_1
225000,0.9997602105140686,per_learner/2/p_correct,ppo_hier_items200_h1000\PPO_1
229376,0.9990624189376831,per_learner/2/p_correct,ppo_hier_items200_h1000\PPO_1
250000,0.9995267987251282,per_learner/2/p_correct,ppo_hier_items200_h1000\PPO_1
262144,0.9984043836593628,per_learner/2/p_correct,ppo_hier_items200_h1000\PPO_1
275000,0.9994765520095825,per_learner/2/p_correct,ppo_hier_items200_h1000\PPO_1
294912,0.9999068975448608,per_learner/2/p_correct,ppo_hier_items200_h1000\PPO_1
300000,0.9996556043624878,per_learner/2/p_correct,ppo_hier_items200_h1000\PPO_1
325000,0.998814582824707,per_learner/2/p_correct,ppo_hier_items200_h1000\PPO_1
327680,0.9999966621398926,per_learner/2/p_correct,ppo_hier_items200_h1000\PPO_1
350000,0.9985600709915161,per_learner/2/p_correct,ppo_hier_items200_h1000\PPO_1
360448,0.9998913407325745,per_learner/2/p_correct,ppo_hier_items200_h1000\PPO_1
375000,0.99930340051651,per_learner/2/p_correct,ppo_hier_items200_h1000\PPO_1
393216,0.9997060298919678,per_learner/2/p_correct,ppo_hier_items200_h1000\PPO_1
400000,0.9990634322166443,per_learner/2/p_correct,ppo_hier_items200_h1000\PPO_1
425000,0.9997329711914062,per_learner/2/p_correct,ppo_hier_items200_h1000\PPO_1
425984,0.9998541474342346,per_learner/2/p_correct,ppo_hier_items200_h1000\PPO_1
450000,0.9995169639587402,per_learner/2/p_correct,ppo_hier_items200_h1000\PPO_1
458752,0.9991750121116638,per_learner/2/p_correct,ppo_hier_items200_h1000\PPO_1
475000,0.999276876449585,per_learner/2/p_correct,ppo_hier_items200_h1000\PPO_1
491520,0.9999063014984131,per_learner/2/p_correct,ppo_hier_items200_h1000\PPO_1
500000,0.998962938785553,per_learner/2/p_correct,ppo_hier_items200_h1000\PPO_1
524288,0.9988769292831421,per_learner/2/p_correct,ppo_hier_items200_h1000\PPO_1
525000,0.9999445080757141,per_learner/2/p_correct,ppo_hier_items200_h1000\PPO_1
550000,0.9999431371688843,per_learner/2/p_correct,ppo_hier_items200_h1000\PPO_1
557056,0.9986734390258789,per_learner/2/p_correct,ppo_hier_items200_h1000\PPO_1
575000,0.9981659650802612,per_learner/2/p_correct,ppo_hier_items200_h1000\PPO_1
589824,0.9996623396873474,per_learner/2/p_correct,ppo_hier_items200_h1000\PPO_1
600000,0.9998703598976135,per_learner/2/p_correct,ppo_hier_items200_h1000\PPO_1
622592,0.9993177056312561,per_learner/2/p_correct,ppo_hier_items200_h1000\PPO_1
625000,0.9997594356536865,per_learner/2/p_correct,ppo_hier_items200_h1000\PPO_1
650000,0.9994027614593506,per_learner/2/p_correct,ppo_hier_items200_h1000\PPO_1
655360,0.9980888962745667,per_learner/2/p_correct,ppo_hier_items200_h1000\PPO_1
675000,0.9992765188217163,per_learner/2/p_correct,ppo_hier_items200_h1000\PPO_1
688128,0.999968945980072,per_learner/2/p_correct,ppo_hier_items200_h1000\PPO_1
700000,0.9989524483680725,per_learner/2/p_correct,ppo_hier_items200_h1000\PPO_1
720896,0.9997826814651489,per_learner/2/p_correct,ppo_hier_items200_h1000\PPO_1
725000,0.9997093081474304,per_learner/2/p_correct,ppo_hier_items200_h1000\PPO_1
750000,0.9999572038650513,per_learner/2/p_correct,ppo_hier_items200_h1000\PPO_1
753664,0.9997088313102722,per_learner/2/p_correct,ppo_hier_items200_h1000\PPO_1
775000,0.9983055591583252,per_learner/2/p_correct,ppo_hier_items200_h1000\PPO_1
786432,0.9994102716445923,per_learner/2/p_correct,ppo_hier_items200_h1000\PPO_1
800000,0.999883770942688,per_learner/2/p_correct,ppo_hier_items200_h1000\PPO_1
819200,0.9998061656951904,per_learner/2/p_correct,ppo_hier_items200_h1000\PPO_1
825000,0.9997602105140686,per_learner/2/p_correct,ppo_hier_items200_h1000\PPO_1
850000,0.9994792342185974,per_learner/2/p_correct,ppo_hier_items200_h1000\PPO_1
851968,0.99903804063797,per_learner/2/p_correct,ppo_hier_items200_h1000\PPO_1
875000,0.999276876449585,per_learner/2/p_correct,ppo_hier_items200_h1000\PPO_1
884736,0.9999299049377441,per_learner/2/p_correct,ppo_hier_items200_h1000\PPO_1
900000,0.9995028972625732,per_learner/2/p_correct,ppo_hier_items200_h1000\PPO_1
917504,0.9983506202697754,per_learner/2/p_correct,ppo_hier_items200_h1000\PPO_1
925000,0.9997143745422363,per_learner/2/p_correct,ppo_hier_items200_h1000\PPO_1
950000,0.9983881711959839,per_learner/2/p_correct,ppo_hier_items200_h1000\PPO_1
950272,0.9983711242675781,per_learner/2/p_correct,ppo_hier_items200_h1000\PPO_1
975000,0.998307466506958,per_learner/2/p_correct,ppo_hier_items200_h1000\PPO_1
983040,0.9983324408531189,per_learner/2/p_correct,ppo_hier_items200_h1000\PPO_1
1000000,0.9979249238967896,per_learner/2/p_correct,ppo_hier_items200_h1000\PPO_1
1015808,0.9992780685424805,per_learner/2/p_correct,ppo_hier_items200_h1000\PPO_1
1025000,0.9998278021812439,per_learner/2/p_correct,ppo_hier_items200_h1000\PPO_1
1048576,0.9998992085456848,per_learner/2/p_correct,ppo_hier_items200_h1000\PPO_1
1050000,0.9996514320373535,per_learner/2/p_correct,ppo_hier_items200_h1000\PPO_1
1075000,0.9994779229164124,per_learner/2/p_correct,ppo_hier_items200_h1000\PPO_1
1081344,0.9996770620346069,per_learner/2/p_correct,ppo_hier_items200_h1000\PPO_1
1100000,0.9998770356178284,per_learner/2/p_correct,ppo_hier_items200_h1000\PPO_1
1114112,0.999369204044342,per_learner/2/p_correct,ppo_hier_items200_h1000\PPO_1
1125000,0.9998266696929932,per_learner/2/p_correct,ppo_hier_items200_h1000\PPO_1
1146880,0.9993152618408203,per_learner/2/p_correct,ppo_hier_items200_h1000\PPO_1
1150000,0.9985476732254028,per_learner/2/p_correct,ppo_hier_items200_h1000\PPO_1
1175000,0.9981194138526917,per_learner/2/p_correct,ppo_hier_items200_h1000\PPO_1
1179648,0.9991174936294556,per_learner/2/p_correct,ppo_hier_items200_h1000\PPO_1
1200000,0.9980634450912476,per_learner/2/p_correct,ppo_hier_items200_h1000\PPO_1
1212416,0.9988412857055664,per_learner/2/p_correct,ppo_hier_items200_h1000\PPO_1
1225000,0.9997484087944031,per_learner/2/p_correct,ppo_hier_items200_h1000\PPO_1
1245184,0.9984464645385742,per_learner/2/p_correct,ppo_hier_items200_h1000\PPO_1
1250000,0.9999871253967285,per_learner/2/p_correct,ppo_hier_items200_h1000\PPO_1
1275000,0.999276876449585,per_learner/2/p_correct,ppo_hier_items200_h1000\PPO_1
1277952,0.9997153282165527,per_learner/2/p_correct,ppo_hier_items200_h1000\PPO_1
1300000,0.9989524483680725,per_learner/2/p_correct,ppo_hier_items200_h1000\PPO_1
1310720,0.998194694519043,per_learner/2/p_correct,ppo_hier_items200_h1000\PPO_1
1325000,0.9991267919540405,per_learner/2/p_correct,ppo_hier_items200_h1000\PPO_1
1343488,0.9994445443153381,per_learner/2/p_correct,ppo_hier_items200_h1000\PPO_1
1350000,0.9998098015785217,per_learner/2/p_correct,ppo_hier_items200_h1000\PPO_1
1375000,0.9997168183326721,per_learner/2/p_correct,ppo_hier_items200_h1000\PPO_1
1376256,0.9999232292175293,per_learner/2/p_correct,ppo_hier_items200_h1000\PPO_1
1400000,0.9986023902893066,per_learner/2/p_correct,ppo_hier_items200_h1000\PPO_1
1409024,0.9997652173042297,per_learner/2/p_correct,ppo_hier_items200_h1000\PPO_1
1425000,0.999702513217926,per_learner/2/p_correct,ppo_hier_items200_h1000\PPO_1
1441792,0.9995241165161133,per_learner/2/p_correct,ppo_hier_items200_h1000\PPO_1
1450000,0.9995208382606506,per_learner/2/p_correct,ppo_hier_items200_h1000\PPO_1
1474560,0.9993792772293091,per_learner/2/p_correct,ppo_hier_items200_h1000\PPO_1
1475000,0.9999307990074158,per_learner/2/p_correct,ppo_hier_items200_h1000\PPO_1
1500000,0.9988034963607788,per_learner/2/p_correct,ppo_hier_items200_h1000\PPO_1
1507328,0.9991976022720337,per_learner/2/p_correct,ppo_hier_items200_h1000\PPO_1
1525000,0.99878990650177,per_learner/2/p_correct,ppo_hier_items200_h1000\PPO_1
1540096,0.9992834329605103,per_learner/2/p_correct,ppo_hier_items200_h1000\PPO_1
1550000,0.9989519715309143,per_learner/2/p_correct,ppo_hier_items200_h1000\PPO_1
1572864,0.9996642470359802,per_learner/2/p_correct,ppo_hier_items200_h1000\PPO_1
1575000,0.9999351501464844,per_learner/2/p_correct,ppo_hier_items200_h1000\PPO_1
1600000,0.9996444582939148,per_learner/2/p_correct,ppo_hier_items200_h1000\PPO_1
1605632,0.9986348748207092,per_learner/2/p_correct,ppo_hier_items200_h1000\PPO_1
25000,0.9990731477737427,per_learner/2/reward,ppo_hier_items200_h1000\PPO_1
32768,0.9990499019622803,per_learner/2/reward,ppo_hier_items200_h1000\PPO_1
50000,0.999117374420166,per_learner/2/reward,ppo_hier_items200_h1000\PPO_1
65536,0.9990912079811096,per_learner/2/reward,ppo_hier_items200_h1000\PPO_1
75000,0.999180793762207,per_learner/2/reward,ppo_hier_items200_h1000\PPO_1
98304,0.9991714954376221,per_learner/2/reward,ppo_hier_items200_h1000\PPO_1
100000,0.9991745948791504,per_learner/2/reward,ppo_hier_items200_h1000\PPO_1
125000,0.9993241429328918,per_learner/2/reward,ppo_hier_items200_h1000\PPO_1
131072,0.9991851449012756,per_learner/2/reward,ppo_hier_items200_h1000\PPO_1
150000,3.0090720653533936,per_learner/2/reward,ppo_hier_items200_h1000\PPO_1
163840,0.9991676211357117,per_learner/2/reward,ppo_hier_items200_h1000\PPO_1
175000,0.9994539022445679,per_learner/2/reward,ppo_hier_items200_h1000\PPO_1
196608,0.9990754127502441,per_learner/2/reward,ppo_hier_items200_h1000\PPO_1
200000,0.9993494153022766,per_learner/2/reward,ppo_hier_items200_h1000\PPO_1
225000,0.9990599751472473,per_learner/2/reward,ppo_hier_items200_h1000\PPO_1
229376,0.9992343783378601,per_learner/2/reward,ppo_hier_items200_h1000\PPO_1
250000,0.9991183280944824,per_learner/2/reward,ppo_hier_items200_h1000\PPO_1
262144,0.9993988871574402,per_learner/2/reward,ppo_hier_items200_h1000\PPO_1
275000,0.9991308450698853,per_learner/2/reward,ppo_hier_items200_h1000\PPO_1
294912,0.9990232586860657,per_learner/2/reward,ppo_hier_items200_h1000\PPO_1
300000,0.9990860819816589,per_learner/2/reward,ppo_hier_items200_h1000\PPO_1
325000,0.9992963671684265,per_learner/2/reward,ppo_hier_items200_h1000\PPO_1
327680,3.009000778198242,per_learner/2/reward,ppo_hier_items200_h1000\PPO_1
350000,0.9993599653244019,per_learner/2/reward,ppo_hier_items200_h1000\PPO_1
360448,0.9990271925926208,per_learner/2/reward,ppo_hier_items200_h1000\PPO_1
375000,0.999174177646637,per_learner/2/reward,ppo_hier_items200_h1000\PPO_1
393216,0.9990735054016113,per_learner/2/reward,ppo_hier_items200_h1000\PPO_1
400000,0.999234139919281,per_learner/2/reward,ppo_hier_items200_h1000\PPO_1
425000,0.9990667700767517,per_learner/2/reward,ppo_hier_items200_h1000\PPO_1
425984,0.999036431312561,per_learner/2/reward,ppo_hier_items200_h1000\PPO_1
450000,0.9991207718849182,per_learner/2/reward,ppo_hier_items200_h1000\PPO_1
458752,0.9992062449455261,per_learner/2/reward,ppo_hier_items200_h1000\PPO_1
475000,0.999180793762207,per_learner/2/reward,ppo_hier_items200_h1000\PPO_1
491520,3.009023427963257,per_learner/2/reward,ppo_hier_items200_h1000\PPO_1
500000,0.9992592334747314,per_learner/2/reward,ppo_hier_items200_h1000\PPO_1
524288,0.9992807507514954,per_learner/2/reward,ppo_hier_items200_h1000\PPO_1
525000,0.9990139007568359,per_learner/2/reward,ppo_hier_items200_h1000\PPO_1
550000,0.9990141987800598,per_learner/2/reward,ppo_hier_items200_h1000\PPO_1
557056,0.9993316531181335,per_learner/2/reward,ppo_hier_items200_h1000\PPO_1
575000,0.9994584918022156,per_learner/2/reward,ppo_hier_items200_h1000\PPO_1
589824,0.9990844130516052,per_learner/2/reward,ppo_hier_items200_h1000\PPO_1
600000,0.9990324378013611,per_learner/2/reward,ppo_hier_items200_h1000\PPO_1
622592,0.9991705417633057,per_learner/2/reward,ppo_hier_items200_h1000\PPO_1
625000,0.9990601539611816,per_learner/2/reward,ppo_hier_items200_h1000\PPO_1
650000,0.9991493225097656,per_learner/2/reward,ppo_hier_items200_h1000\PPO_1
655360,0.9994778037071228,per_learner/2/reward,ppo_hier_items200_h1000\PPO_1
675000,0.9991808533668518,per_learner/2/reward,ppo_hier_items200_h1000\PPO_1
688128,0.9990077614784241,per_learner/2/reward,ppo_hier_items200_h1000\PPO_1
700000,0.9992618560791016,per_learner/2/reward,ppo_hier_items200_h1000\PPO_1
720896,0.9990543127059937,per_learner/2/reward,ppo_hier_items200_h1000\PPO_1
725000,0.9990726709365845,per_learner/2/reward,ppo_hier_items200_h1000\PPO_1
750000,0.9990106821060181,per_learner/2/reward,ppo_hier_items200_h1000\PPO_1
753664,0.999072790145874,per_learner/2/reward,ppo_hier_items200_h1000\PPO_1
775000,0.999423623085022,per_learner/2/reward,ppo_hier_items200_h1000\PPO_1
786432,0.9991474151611328,per_learner/2/reward,ppo_hier_items200_h1000\PPO_1
800000,3.0090291500091553,per_learner/2/reward,ppo_hier_items200_h1000\PPO_1
819200,0.9990484714508057,per_learner/2/reward,ppo_hier_items200_h1000\PPO_1
825000,0.9990599751472473,per_learner/2/reward,ppo_hier_items200_h1000\PPO_1
850000,0.9991301894187927,per_learner/2/reward,ppo_hier_items200_h1000\PPO_1
851968,0.999240517616272,per_learner/2/reward,ppo_hier_items200_h1000\PPO_1
875000,0.999180793762207,per_learner/2/reward,ppo_hier_items200_h1000\PPO_1
884736,3.0090174674987793,per_learner/2/reward,ppo_hier_items200_h1000\PPO_1
900000,0.99912428855896,per_learner/2/reward,ppo_hier_items200_h1000\PPO_1
917504,0.9994123578071594,per_learner/2/reward,ppo_hier_items200_h1000\PPO_1
925000,0.9990714192390442,per_learner/2/reward,ppo_hier_items200_h1000\PPO_1
950000,0.9994029402732849,per_learner/2/reward,ppo_hier_items200_h1000\PPO_1
950272,-1.250592827796936,per_learner/2/reward,ppo_hier_items200_h1000\PPO_1
975000,0.9994231462478638,per_learner/2/reward,ppo_hier_items200_h1000\PPO_1
983040,0.9994168877601624,per_learner/2/reward,ppo_hier_items200_h1000\PPO_1
1000000,0.9995187520980835,per_learner/2/reward,ppo_hier_items200_h1000\PPO_1
1015808,0.9991804957389832,per_learner/2/reward,ppo_hier_items200_h1000\PPO_1
1025000,0.9990430474281311,per_learner/2/reward,ppo_hier_items200_h1000\PPO_1
1048576,0.9990252256393433,per_learner/2/reward,ppo_hier_items200_h1000\PPO_1
1050000,0.9990871548652649,per_learner/2/reward,ppo_hier_items200_h1000\PPO_1
1075000,0.9991304874420166,per_learner/2/reward,ppo_hier_items200_h1000\PPO_1
1081344,0.9990807175636292,per_learner/2/reward,ppo_hier_items200_h1000\PPO_1
1100000,3.009030818939209,per_learner/2/reward,ppo_hier_items200_h1000\PPO_1
1114112,0.999157726764679,per_learner/2/reward,ppo_hier_items200_h1000\PPO_1
1125000,3.0090432167053223,per_learner/2/reward,ppo_hier_items200_h1000\PPO_1
1146880,0.9991711974143982,per_learner/2/reward,ppo_hier_items200_h1000\PPO_1
1150000,0.9993630647659302,per_learner/2/reward,ppo_hier_items200_h1000\PPO_1
1175000,0.9994701147079468,per_learner/2/reward,ppo_hier_items200_h1000\PPO_1
1179648,0.999220609664917,per_learner/2/reward,ppo_hier_items200_h1000\PPO_1
1200000,0.999484121799469,per_learner/2/reward,ppo_hier_items200_h1000\PPO_1
1212416,0.9992896914482117,per_learner/2/reward,ppo_hier_items200_h1000\PPO_1
1225000,0.9990628957748413,per_learner/2/reward,ppo_hier_items200_h1000\PPO_1
1245184,0.9993883967399597,per_learner/2/reward,ppo_hier_items200_h1000\PPO_1
1250000,3.009003162384033,per_learner/2/reward,ppo_hier_items200_h1000\PPO_1
1275000,0.999180793762207,per_learner/2/reward,ppo_hier_items200_h1000\PPO_1
1277952,0.9990711808204651,per_learner/2/reward,ppo_hier_items200_h1000\PPO_1
1300000,0.9992618560791016,per_learner/2/reward,ppo_hier_items200_h1000\PPO_1
1310720,0.9994513392448425,per_learner/2/reward,ppo_hier_items200_h1000\PPO_1
1325000,0.9992182850837708,per_learner/2/reward,ppo_hier_items200_h1000\PPO_1
1343488,0.9991388320922852,per_learner/2/reward,ppo_hier_items200_h1000\PPO_1
1350000,0.9990475177764893,per_learner/2/reward,ppo_hier_items200_h1000\PPO_1
1375000,0.9990708231925964,per_learner/2/reward,ppo_hier_items200_h1000\PPO_1
1376256,0.999019205570221,per_learner/2/reward,ppo_hier_items200_h1000\PPO_1
1400000,0.9993494153022766,per_learner/2/reward,ppo_hier_items200_h1000\PPO_1
1409024,0.9990586638450623,per_learner/2/reward,ppo_hier_items200_h1000\PPO_1
1425000,0.9990743398666382,per_learner/2/reward,ppo_hier_items200_h1000\PPO_1
1441792,0.999118983745575,per_learner/2/reward,ppo_hier_items200_h1000\PPO_1
1450000,0.9991198182106018,per_learner/2/reward,ppo_hier_items200_h1000\PPO_1
1474560,0.9991551637649536,per_learner/2/reward,ppo_hier_items200_h1000\PPO_1
1475000,3.0090172290802,per_learner/2/reward,ppo_hier_items200_h1000\PPO_1
1500000,0.9992991089820862,per_learner/2/reward,ppo_hier_items200_h1000\PPO_1
1507328,0.9992005825042725,per_learner/2/reward,ppo_hier_items200_h1000\PPO_1
1525000,0.9993025064468384,per_learner/2/reward,ppo_hier_items200_h1000\PPO_1
1540096,0.9991791248321533,per_learner/2/reward,ppo_hier_items200_h1000\PPO_1
1550000,0.9992620348930359,per_learner/2/reward,ppo_hier_items200_h1000\PPO_1
1572864,0.999083936214447,per_learner/2/reward,ppo_hier_items200_h1000\PPO_1
1575000,0.9990162253379822,per_learner/2/reward,ppo_hier_items200_h1000\PPO_1
1600000,0.9990888833999634,per_learner/2/reward,ppo_hier_items200_h1000\PPO_1
1605632,0.9993412494659424,per_learner/2/reward,ppo_hier_items200_h1000\PPO_1
25000,1.0,per_learner/2/rolling_acc,ppo_hier_items200_h1000\PPO_1
32768,1.0,per_learner/2/rolling_acc,ppo_hier_items200_h1000\PPO_1
50000,1.0,per_learner/2/rolling_acc,ppo_hier_items200_h1000\PPO_1
65536,1.0,per_learner/2/rolling_acc,ppo_hier_items200_h1000\PPO_1
75000,1.0,per_learner/2/rolling_acc,ppo_hier_items200_h1000\PPO_1
98304,1.0,per_learner/2/rolling_acc,ppo_hier_items200_h1000\PPO_1
100000,1.0,per_learner/2/rolling_acc,ppo_hier_items200_h1000\PPO_1
125000,1.0,per_learner/2/rolling_acc,ppo_hier_items200_h1000\PPO_1
131072,1.0,per_learner/2/rolling_acc,ppo_hier_items200_h1000\PPO_1
150000,1.0,per_learner/2/rolling_acc,ppo_hier_items200_h1000\PPO_1
163840,1.0,per_learner/2/rolling_acc,ppo_hier_items200_h1000\PPO_1
175000,1.0,per_learner/2/rolling_acc,ppo_hier_items200_h1000\PPO_1
196608,1.0,per_learner/2/rolling_acc,ppo_hier_items200_h1000\PPO_1
200000,1.0,per_learner/2/rolling_acc,ppo_hier_items200_h1000\PPO_1
225000,1.0,per_learner/2/rolling_acc,ppo_hier_items200_h1000\PPO_1
229376,1.0,per_learner/2/rolling_acc,ppo_hier_items200_h1000\PPO_1
250000,1.0,per_learner/2/rolling_acc,ppo_hier_items200_h1000\PPO_1
262144,1.0,per_learner/2/rolling_acc,ppo_hier_items200_h1000\PPO_1
275000,1.0,per_learner/2/rolling_acc,ppo_hier_items200_h1000\PPO_1
294912,1.0,per_learner/2/rolling_acc,ppo_hier_items200_h1000\PPO_1
300000,1.0,per_learner/2/rolling_acc,ppo_hier_items200_h1000\PPO_1
325000,1.0,per_learner/2/rolling_acc,ppo_hier_items200_h1000\PPO_1
327680,1.0,per_learner/2/rolling_acc,ppo_hier_items200_h1000\PPO_1
350000,1.0,per_learner/2/rolling_acc,ppo_hier_items200_h1000\PPO_1
360448,1.0,per_learner/2/rolling_acc,ppo_hier_items200_h1000\PPO_1
375000,1.0,per_learner/2/rolling_acc,ppo_hier_items200_h1000\PPO_1
393216,1.0,per_learner/2/rolling_acc,ppo_hier_items200_h1000\PPO_1
400000,1.0,per_learner/2/rolling_acc,ppo_hier_items200_h1000\PPO_1
425000,1.0,per_learner/2/rolling_acc,ppo_hier_items200_h1000\PPO_1
425984,1.0,per_learner/2/rolling_acc,ppo_hier_items200_h1000\PPO_1
450000,1.0,per_learner/2/rolling_acc,ppo_hier_items200_h1000\PPO_1
458752,1.0,per_learner/2/rolling_acc,ppo_hier_items200_h1000\PPO_1
475000,1.0,per_learner/2/rolling_acc,ppo_hier_items200_h1000\PPO_1
491520,1.0,per_learner/2/rolling_acc,ppo_hier_items200_h1000\PPO_1
500000,1.0,per_learner/2/rolling_acc,ppo_hier_items200_h1000\PPO_1
524288,0.9666666388511658,per_learner/2/rolling_acc,ppo_hier_items200_h1000\PPO_1
525000,1.0,per_learner/2/rolling_acc,ppo_hier_items200_h1000\PPO_1
550000,1.0,per_learner/2/rolling_acc,ppo_hier_items200_h1000\PPO_1
557056,1.0,per_learner/2/rolling_acc,ppo_hier_items200_h1000\PPO_1
575000,1.0,per_learner/2/rolling_acc,ppo_hier_items200_h1000\PPO_1
589824,1.0,per_learner/2/rolling_acc,ppo_hier_items200_h1000\PPO_1
600000,1.0,per_learner/2/rolling_acc,ppo_hier_items200_h1000\PPO_1
622592,1.0,per_learner/2/rolling_acc,ppo_hier_items200_h1000\PPO_1
625000,1.0,per_learner/2/rolling_acc,ppo_hier_items200_h1000\PPO_1
650000,1.0,per_learner/2/rolling_acc,ppo_hier_items200_h1000\PPO_1
655360,1.0,per_learner/2/rolling_acc,ppo_hier_items200_h1000\PPO_1
675000,1.0,per_learner/2/rolling_acc,ppo_hier_items200_h1000\PPO_1
688128,1.0,per_learner/2/rolling_acc,ppo_hier_items200_h1000\PPO_1
700000,1.0,per_learner/2/rolling_acc,ppo_hier_items200_h1000\PPO_1
720896,1.0,per_learner/2/rolling_acc,ppo_hier_items200_h1000\PPO_1
725000,1.0,per_learner/2/rolling_acc,ppo_hier_items200_h1000\PPO_1
750000,1.0,per_learner/2/rolling_acc,ppo_hier_items200_h1000\PPO_1
753664,1.0,per_learner/2/rolling_acc,ppo_hier_items200_h1000\PPO_1
775000,1.0,per_learner/2/rolling_acc,ppo_hier_items200_h1000\PPO_1
786432,1.0,per_learner/2/rolling_acc,ppo_hier_items200_h1000\PPO_1
800000,1.0,per_learner/2/rolling_acc,ppo_hier_items200_h1000\PPO_1
819200,1.0,per_learner/2/rolling_acc,ppo_hier_items200_h1000\PPO_1
825000,1.0,per_learner/2/rolling_acc,ppo_hier_items200_h1000\PPO_1
850000,1.0,per_learner/2/rolling_acc,ppo_hier_items200_h1000\PPO_1
851968,1.0,per_learner/2/rolling_acc,ppo_hier_items200_h1000\PPO_1
875000,1.0,per_learner/2/rolling_acc,ppo_hier_items200_h1000\PPO_1
884736,1.0,per_learner/2/rolling_acc,ppo_hier_items200_h1000\PPO_1
900000,1.0,per_learner/2/rolling_acc,ppo_hier_items200_h1000\PPO_1
917504,1.0,per_learner/2/rolling_acc,ppo_hier_items200_h1000\PPO_1
925000,1.0,per_learner/2/rolling_acc,ppo_hier_items200_h1000\PPO_1
950000,1.0,per_learner/2/rolling_acc,ppo_hier_items200_h1000\PPO_1
950272,0.9666666388511658,per_learner/2/rolling_acc,ppo_hier_items200_h1000\PPO_1
975000,1.0,per_learner/2/rolling_acc,ppo_hier_items200_h1000\PPO_1
983040,1.0,per_learner/2/rolling_acc,ppo_hier_items200_h1000\PPO_1
1000000,1.0,per_learner/2/rolling_acc,ppo_hier_items200_h1000\PPO_1
1015808,1.0,per_learner/2/rolling_acc,ppo_hier_items200_h1000\PPO_1
1025000,1.0,per_learner/2/rolling_acc,ppo_hier_items200_h1000\PPO_1
1048576,1.0,per_learner/2/rolling_acc,ppo_hier_items200_h1000\PPO_1
1050000,1.0,per_learner/2/rolling_acc,ppo_hier_items200_h1000\PPO_1
1075000,1.0,per_learner/2/rolling_acc,ppo_hier_items200_h1000\PPO_1
1081344,1.0,per_learner/2/rolling_acc,ppo_hier_items200_h1000\PPO_1
1100000,1.0,per_learner/2/rolling_acc,ppo_hier_items200_h1000\PPO_1
1114112,1.0,per_learner/2/rolling_acc,ppo_hier_items200_h1000\PPO_1
1125000,1.0,per_learner/2/rolling_acc,ppo_hier_items200_h1000\PPO_1
1146880,1.0,per_learner/2/rolling_acc,ppo_hier_items200_h1000\PPO_1
1150000,1.0,per_learner/2/rolling_acc,ppo_hier_items200_h1000\PPO_1
1175000,1.0,per_learner/2/rolling_acc,ppo_hier_items200_h1000\PPO_1
1179648,1.0,per_learner/2/rolling_acc,ppo_hier_items200_h1000\PPO_1
1200000,1.0,per_learner/2/rolling_acc,ppo_hier_items200_h1000\PPO_1
1212416,1.0,per_learner/2/rolling_acc,ppo_hier_items200_h1000\PPO_1
1225000,1.0,per_learner/2/rolling_acc,ppo_hier_items200_h1000\PPO_1
1245184,1.0,per_learner/2/rolling_acc,ppo_hier_items200_h1000\PPO_1
1250000,1.0,per_learner/2/rolling_acc,ppo_hier_items200_h1000\PPO_1
1275000,1.0,per_learner/2/rolling_acc,ppo_hier_items200_h1000\PPO_1
1277952,1.0,per_learner/2/rolling_acc,ppo_hier_items200_h1000\PPO_1
1300000,1.0,per_learner/2/rolling_acc,ppo_hier_items200_h1000\PPO_1
1310720,1.0,per_learner/2/rolling_acc,ppo_hier_items200_h1000\PPO_1
1325000,0.9666666388511658,per_learner/2/rolling_acc,ppo_hier_items200_h1000\PPO_1
1343488,1.0,per_learner/2/rolling_acc,ppo_hier_items200_h1000\PPO_1
1350000,1.0,per_learner/2/rolling_acc,ppo_hier_items200_h1000\PPO_1
1375000,1.0,per_learner/2/rolling_acc,ppo_hier_items200_h1000\PPO_1
1376256,1.0,per_learner/2/rolling_acc,ppo_hier_items200_h1000\PPO_1
1400000,1.0,per_learner/2/rolling_acc,ppo_hier_items200_h1000\PPO_1
1409024,1.0,per_learner/2/rolling_acc,ppo_hier_items200_h1000\PPO_1
1425000,1.0,per_learner/2/rolling_acc,ppo_hier_items200_h1000\PPO_1
1441792,1.0,per_learner/2/rolling_acc,ppo_hier_items200_h1000\PPO_1
1450000,1.0,per_learner/2/rolling_acc,ppo_hier_items200_h1000\PPO_1
1474560,1.0,per_learner/2/rolling_acc,ppo_hier_items200_h1000\PPO_1
1475000,1.0,per_learner/2/rolling_acc,ppo_hier_items200_h1000\PPO_1
1500000,1.0,per_learner/2/rolling_acc,ppo_hier_items200_h1000\PPO_1
1507328,1.0,per_learner/2/rolling_acc,ppo_hier_items200_h1000\PPO_1
1525000,1.0,per_learner/2/rolling_acc,ppo_hier_items200_h1000\PPO_1
1540096,1.0,per_learner/2/rolling_acc,ppo_hier_items200_h1000\PPO_1
1550000,1.0,per_learner/2/rolling_acc,ppo_hier_items200_h1000\PPO_1
1572864,1.0,per_learner/2/rolling_acc,ppo_hier_items200_h1000\PPO_1
1575000,1.0,per_learner/2/rolling_acc,ppo_hier_items200_h1000\PPO_1
1600000,1.0,per_learner/2/rolling_acc,ppo_hier_items200_h1000\PPO_1
1605632,1.0,per_learner/2/rolling_acc,ppo_hier_items200_h1000\PPO_1
25000,1.0,per_learner/3/correct,ppo_hier_items200_h1000\PPO_1
32768,1.0,per_learner/3/correct,ppo_hier_items200_h1000\PPO_1
50000,1.0,per_learner/3/correct,ppo_hier_items200_h1000\PPO_1
65536,1.0,per_learner/3/correct,ppo_hier_items200_h1000\PPO_1
75000,1.0,per_learner/3/correct,ppo_hier_items200_h1000\PPO_1
98304,1.0,per_learner/3/correct,ppo_hier_items200_h1000\PPO_1
100000,1.0,per_learner/3/correct,ppo_hier_items200_h1000\PPO_1
125000,1.0,per_learner/3/correct,ppo_hier_items200_h1000\PPO_1
131072,1.0,per_learner/3/correct,ppo_hier_items200_h1000\PPO_1
150000,1.0,per_learner/3/correct,ppo_hier_items200_h1000\PPO_1
163840,1.0,per_learner/3/correct,ppo_hier_items200_h1000\PPO_1
175000,1.0,per_learner/3/correct,ppo_hier_items200_h1000\PPO_1
196608,1.0,per_learner/3/correct,ppo_hier_items200_h1000\PPO_1
200000,1.0,per_learner/3/correct,ppo_hier_items200_h1000\PPO_1
225000,1.0,per_learner/3/correct,ppo_hier_items200_h1000\PPO_1
229376,1.0,per_learner/3/correct,ppo_hier_items200_h1000\PPO_1
250000,1.0,per_learner/3/correct,ppo_hier_items200_h1000\PPO_1
262144,1.0,per_learner/3/correct,ppo_hier_items200_h1000\PPO_1
275000,1.0,per_learner/3/correct,ppo_hier_items200_h1000\PPO_1
294912,1.0,per_learner/3/correct,ppo_hier_items200_h1000\PPO_1
300000,1.0,per_learner/3/correct,ppo_hier_items200_h1000\PPO_1
325000,1.0,per_learner/3/correct,ppo_hier_items200_h1000\PPO_1
327680,1.0,per_learner/3/correct,ppo_hier_items200_h1000\PPO_1
350000,1.0,per_learner/3/correct,ppo_hier_items200_h1000\PPO_1
360448,1.0,per_learner/3/correct,ppo_hier_items200_h1000\PPO_1
375000,1.0,per_learner/3/correct,ppo_hier_items200_h1000\PPO_1
393216,1.0,per_learner/3/correct,ppo_hier_items200_h1000\PPO_1
400000,1.0,per_learner/3/correct,ppo_hier_items200_h1000\PPO_1
425000,1.0,per_learner/3/correct,ppo_hier_items200_h1000\PPO_1
425984,1.0,per_learner/3/correct,ppo_hier_items200_h1000\PPO_1
450000,1.0,per_learner/3/correct,ppo_hier_items200_h1000\PPO_1
458752,1.0,per_learner/3/correct,ppo_hier_items200_h1000\PPO_1
475000,1.0,per_learner/3/correct,ppo_hier_items200_h1000\PPO_1
491520,1.0,per_learner/3/correct,ppo_hier_items200_h1000\PPO_1
500000,1.0,per_learner/3/correct,ppo_hier_items200_h1000\PPO_1
524288,1.0,per_learner/3/correct,ppo_hier_items200_h1000\PPO_1
525000,1.0,per_learner/3/correct,ppo_hier_items200_h1000\PPO_1
550000,1.0,per_learner/3/correct,ppo_hier_items200_h1000\PPO_1
557056,1.0,per_learner/3/correct,ppo_hier_items200_h1000\PPO_1
575000,1.0,per_learner/3/correct,ppo_hier_items200_h1000\PPO_1
589824,1.0,per_learner/3/correct,ppo_hier_items200_h1000\PPO_1
600000,1.0,per_learner/3/correct,ppo_hier_items200_h1000\PPO_1
622592,1.0,per_learner/3/correct,ppo_hier_items200_h1000\PPO_1
625000,1.0,per_learner/3/correct,ppo_hier_items200_h1000\PPO_1
650000,1.0,per_learner/3/correct,ppo_hier_items200_h1000\PPO_1
655360,1.0,per_learner/3/correct,ppo_hier_items200_h1000\PPO_1
675000,1.0,per_learner/3/correct,ppo_hier_items200_h1000\PPO_1
688128,1.0,per_learner/3/correct,ppo_hier_items200_h1000\PPO_1
700000,1.0,per_learner/3/correct,ppo_hier_items200_h1000\PPO_1
720896,1.0,per_learner/3/correct,ppo_hier_items200_h1000\PPO_1
725000,1.0,per_learner/3/correct,ppo_hier_items200_h1000\PPO_1
750000,1.0,per_learner/3/correct,ppo_hier_items200_h1000\PPO_1
753664,1.0,per_learner/3/correct,ppo_hier_items200_h1000\PPO_1
775000,1.0,per_learner/3/correct,ppo_hier_items200_h1000\PPO_1
786432,1.0,per_learner/3/correct,ppo_hier_items200_h1000\PPO_1
800000,1.0,per_learner/3/correct,ppo_hier_items200_h1000\PPO_1
819200,1.0,per_learner/3/correct,ppo_hier_items200_h1000\PPO_1
825000,1.0,per_learner/3/correct,ppo_hier_items200_h1000\PPO_1
850000,1.0,per_learner/3/correct,ppo_hier_items200_h1000\PPO_1
851968,1.0,per_learner/3/correct,ppo_hier_items200_h1000\PPO_1
875000,1.0,per_learner/3/correct,ppo_hier_items200_h1000\PPO_1
884736,1.0,per_learner/3/correct,ppo_hier_items200_h1000\PPO_1
900000,1.0,per_learner/3/correct,ppo_hier_items200_h1000\PPO_1
917504,1.0,per_learner/3/correct,ppo_hier_items200_h1000\PPO_1
925000,1.0,per_learner/3/correct,ppo_hier_items200_h1000\PPO_1
950000,1.0,per_learner/3/correct,ppo_hier_items200_h1000\PPO_1
950272,1.0,per_learner/3/correct,ppo_hier_items200_h1000\PPO_1
975000,1.0,per_learner/3/correct,ppo_hier_items200_h1000\PPO_1
983040,1.0,per_learner/3/correct,ppo_hier_items200_h1000\PPO_1
1000000,1.0,per_learner/3/correct,ppo_hier_items200_h1000\PPO_1
1015808,1.0,per_learner/3/correct,ppo_hier_items200_h1000\PPO_1
1025000,1.0,per_learner/3/correct,ppo_hier_items200_h1000\PPO_1
1048576,1.0,per_learner/3/correct,ppo_hier_items200_h1000\PPO_1
1050000,1.0,per_learner/3/correct,ppo_hier_items200_h1000\PPO_1
1075000,1.0,per_learner/3/correct,ppo_hier_items200_h1000\PPO_1
1081344,1.0,per_learner/3/correct,ppo_hier_items200_h1000\PPO_1
1100000,1.0,per_learner/3/correct,ppo_hier_items200_h1000\PPO_1
1114112,1.0,per_learner/3/correct,ppo_hier_items200_h1000\PPO_1
1125000,1.0,per_learner/3/correct,ppo_hier_items200_h1000\PPO_1
1146880,1.0,per_learner/3/correct,ppo_hier_items200_h1000\PPO_1
1150000,1.0,per_learner/3/correct,ppo_hier_items200_h1000\PPO_1
1175000,1.0,per_learner/3/correct,ppo_hier_items200_h1000\PPO_1
1179648,1.0,per_learner/3/correct,ppo_hier_items200_h1000\PPO_1
1200000,1.0,per_learner/3/correct,ppo_hier_items200_h1000\PPO_1
1212416,1.0,per_learner/3/correct,ppo_hier_items200_h1000\PPO_1
1225000,1.0,per_learner/3/correct,ppo_hier_items200_h1000\PPO_1
1245184,1.0,per_learner/3/correct,ppo_hier_items200_h1000\PPO_1
1250000,1.0,per_learner/3/correct,ppo_hier_items200_h1000\PPO_1
1275000,1.0,per_learner/3/correct,ppo_hier_items200_h1000\PPO_1
1277952,1.0,per_learner/3/correct,ppo_hier_items200_h1000\PPO_1
1300000,1.0,per_learner/3/correct,ppo_hier_items200_h1000\PPO_1
1310720,1.0,per_learner/3/correct,ppo_hier_items200_h1000\PPO_1
1325000,1.0,per_learner/3/correct,ppo_hier_items200_h1000\PPO_1
1343488,1.0,per_learner/3/correct,ppo_hier_items200_h1000\PPO_1
1350000,1.0,per_learner/3/correct,ppo_hier_items200_h1000\PPO_1
1375000,1.0,per_learner/3/correct,ppo_hier_items200_h1000\PPO_1
1376256,1.0,per_learner/3/correct,ppo_hier_items200_h1000\PPO_1
1400000,1.0,per_learner/3/correct,ppo_hier_items200_h1000\PPO_1
1409024,1.0,per_learner/3/correct,ppo_hier_items200_h1000\PPO_1
1425000,1.0,per_learner/3/correct,ppo_hier_items200_h1000\PPO_1
1441792,1.0,per_learner/3/correct,ppo_hier_items200_h1000\PPO_1
1450000,1.0,per_learner/3/correct,ppo_hier_items200_h1000\PPO_1
1474560,1.0,per_learner/3/correct,ppo_hier_items200_h1000\PPO_1
1475000,1.0,per_learner/3/correct,ppo_hier_items200_h1000\PPO_1
1500000,1.0,per_learner/3/correct,ppo_hier_items200_h1000\PPO_1
1507328,1.0,per_learner/3/correct,ppo_hier_items200_h1000\PPO_1
1525000,1.0,per_learner/3/correct,ppo_hier_items200_h1000\PPO_1
1540096,1.0,per_learner/3/correct,ppo_hier_items200_h1000\PPO_1
1550000,1.0,per_learner/3/correct,ppo_hier_items200_h1000\PPO_1
1572864,1.0,per_learner/3/correct,ppo_hier_items200_h1000\PPO_1
1575000,1.0,per_learner/3/correct,ppo_hier_items200_h1000\PPO_1
1600000,1.0,per_learner/3/correct,ppo_hier_items200_h1000\PPO_1
1605632,1.0,per_learner/3/correct,ppo_hier_items200_h1000\PPO_1
25000,0.0,per_learner/3/mastered_count,ppo_hier_items200_h1000\PPO_1
32768,0.0,per_learner/3/mastered_count,ppo_hier_items200_h1000\PPO_1
50000,0.0,per_learner/3/mastered_count,ppo_hier_items200_h1000\PPO_1
65536,0.0,per_learner/3/mastered_count,ppo_hier_items200_h1000\PPO_1
75000,0.0,per_learner/3/mastered_count,ppo_hier_items200_h1000\PPO_1
98304,0.0,per_learner/3/mastered_count,ppo_hier_items200_h1000\PPO_1
100000,2.0,per_learner/3/mastered_count,ppo_hier_items200_h1000\PPO_1
125000,1.0,per_learner/3/mastered_count,ppo_hier_items200_h1000\PPO_1
131072,0.0,per_learner/3/mastered_count,ppo_hier_items200_h1000\PPO_1
150000,4.0,per_learner/3/mastered_count,ppo_hier_items200_h1000\PPO_1
163840,1.0,per_learner/3/mastered_count,ppo_hier_items200_h1000\PPO_1
175000,3.0,per_learner/3/mastered_count,ppo_hier_items200_h1000\PPO_1
196608,1.0,per_learner/3/mastered_count,ppo_hier_items200_h1000\PPO_1
200000,10.0,per_learner/3/mastered_count,ppo_hier_items200_h1000\PPO_1
225000,0.0,per_learner/3/mastered_count,ppo_hier_items200_h1000\PPO_1
229376,1.0,per_learner/3/mastered_count,ppo_hier_items200_h1000\PPO_1
250000,0.0,per_learner/3/mastered_count,ppo_hier_items200_h1000\PPO_1
262144,1.0,per_learner/3/mastered_count,ppo_hier_items200_h1000\PPO_1
275000,0.0,per_learner/3/mastered_count,ppo_hier_items200_h1000\PPO_1
294912,5.0,per_learner/3/mastered_count,ppo_hier_items200_h1000\PPO_1
300000,0.0,per_learner/3/mastered_count,ppo_hier_items200_h1000\PPO_1
325000,1.0,per_learner/3/mastered_count,ppo_hier_items200_h1000\PPO_1
327680,6.0,per_learner/3/mastered_count,ppo_hier_items200_h1000\PPO_1
350000,3.0,per_learner/3/mastered_count,ppo_hier_items200_h1000\PPO_1
360448,0.0,per_learner/3/mastered_count,ppo_hier_items200_h1000\PPO_1
375000,5.0,per_learner/3/mastered_count,ppo_hier_items200_h1000\PPO_1
393216,0.0,per_learner/3/mastered_count,ppo_hier_items200_h1000\PPO_1
400000,2.0,per_learner/3/mastered_count,ppo_hier_items200_h1000\PPO_1
425000,0.0,per_learner/3/mastered_count,ppo_hier_items200_h1000\PPO_1
425984,0.0,per_learner/3/mastered_count,ppo_hier_items200_h1000\PPO_1
450000,0.0,per_learner/3/mastered_count,ppo_hier_items200_h1000\PPO_1
458752,0.0,per_learner/3/mastered_count,ppo_hier_items200_h1000\PPO_1
475000,1.0,per_learner/3/mastered_count,ppo_hier_items200_h1000\PPO_1
491520,2.0,per_learner/3/mastered_count,ppo_hier_items200_h1000\PPO_1
500000,0.0,per_learner/3/mastered_count,ppo_hier_items200_h1000\PPO_1
524288,4.0,per_learner/3/mastered_count,ppo_hier_items200_h1000\PPO_1
525000,3.0,per_learner/3/mastered_count,ppo_hier_items200_h1000\PPO_1
550000,5.0,per_learner/3/mastered_count,ppo_hier_items200_h1000\PPO_1
557056,3.0,per_learner/3/mastered_count,ppo_hier_items200_h1000\PPO_1
575000,4.0,per_learner/3/mastered_count,ppo_hier_items200_h1000\PPO_1
589824,6.0,per_learner/3/mastered_count,ppo_hier_items200_h1000\PPO_1
600000,10.0,per_learner/3/mastered_count,ppo_hier_items200_h1000\PPO_1
622592,5.0,per_learner/3/mastered_count,ppo_hier_items200_h1000\PPO_1
625000,0.0,per_learner/3/mastered_count,ppo_hier_items200_h1000\PPO_1
650000,1.0,per_learner/3/mastered_count,ppo_hier_items200_h1000\PPO_1
655360,5.0,per_learner/3/mastered_count,ppo_hier_items200_h1000\PPO_1
675000,0.0,per_learner/3/mastered_count,ppo_hier_items200_h1000\PPO_1
688128,0.0,per_learner/3/mastered_count,ppo_hier_items200_h1000\PPO_1
700000,1.0,per_learner/3/mastered_count,ppo_hier_items200_h1000\PPO_1
720896,0.0,per_learner/3/mastered_count,ppo_hier_items200_h1000\PPO_1
725000,4.0,per_learner/3/mastered_count,ppo_hier_items200_h1000\PPO_1
750000,7.0,per_learner/3/mastered_count,ppo_hier_items200_h1000\PPO_1
753664,0.0,per_learner/3/mastered_count,ppo_hier_items200_h1000\PPO_1
775000,9.0,per_learner/3/mastered_count,ppo_hier_items200_h1000\PPO_1
786432,3.0,per_learner/3/mastered_count,ppo_hier_items200_h1000\PPO_1
800000,10.0,per_learner/3/mastered_count,ppo_hier_items200_h1000\PPO_1
819200,3.0,per_learner/3/mastered_count,ppo_hier_items200_h1000\PPO_1
825000,0.0,per_learner/3/mastered_count,ppo_hier_items200_h1000\PPO_1
850000,1.0,per_learner/3/mastered_count,ppo_hier_items200_h1000\PPO_1
851968,8.0,per_learner/3/mastered_count,ppo_hier_items200_h1000\PPO_1
875000,0.0,per_learner/3/mastered_count,ppo_hier_items200_h1000\PPO_1
884736,4.0,per_learner/3/mastered_count,ppo_hier_items200_h1000\PPO_1
900000,2.0,per_learner/3/mastered_count,ppo_hier_items200_h1000\PPO_1
917504,8.0,per_learner/3/mastered_count,ppo_hier_items200_h1000\PPO_1
925000,8.0,per_learner/3/mastered_count,ppo_hier_items200_h1000\PPO_1
950000,10.0,per_learner/3/mastered_count,ppo_hier_items200_h1000\PPO_1
950272,9.0,per_learner/3/mastered_count,ppo_hier_items200_h1000\PPO_1
975000,9.0,per_learner/3/mastered_count,ppo_hier_items200_h1000\PPO_1
983040,10.0,per_learner/3/mastered_count,ppo_hier_items200_h1000\PPO_1
1000000,10.0,per_learner/3/mastered_count,ppo_hier_items200_h1000\PPO_1
1015808,14.0,per_learner/3/mastered_count,ppo_hier_items200_h1000\PPO_1
1025000,0.0,per_learner/3/mastered_count,ppo_hier_items200_h1000\PPO_1
1048576,0.0,per_learner/3/mastered_count,ppo_hier_items200_h1000\PPO_1
1050000,0.0,per_learner/3/mastered_count,ppo_hier_items200_h1000\PPO_1
1075000,1.0,per_learner/3/mastered_count,ppo_hier_items200_h1000\PPO_1
1081344,0.0,per_learner/3/mastered_count,ppo_hier_items200_h1000\PPO_1
1100000,5.0,per_learner/3/mastered_count,ppo_hier_items200_h1000\PPO_1
1114112,1.0,per_learner/3/mastered_count,ppo_hier_items200_h1000\PPO_1
1125000,10.0,per_learner/3/mastered_count,ppo_hier_items200_h1000\PPO_1
1146880,3.0,per_learner/3/mastered_count,ppo_hier_items200_h1000\PPO_1
1150000,6.0,per_learner/3/mastered_count,ppo_hier_items200_h1000\PPO_1
1175000,13.0,per_learner/3/mastered_count,ppo_hier_items200_h1000\PPO_1
1179648,6.0,per_learner/3/mastered_count,ppo_hier_items200_h1000\PPO_1
1200000,9.0,per_learner/3/mastered_count,ppo_hier_items200_h1000\PPO_1
1212416,6.0,per_learner/3/mastered_count,ppo_hier_items200_h1000\PPO_1
1225000,0.0,per_learner/3/mastered_count,ppo_hier_items200_h1000\PPO_1
1245184,9.0,per_learner/3/mastered_count,ppo_hier_items200_h1000\PPO_1
1250000,1.0,per_learner/3/mastered_count,ppo_hier_items200_h1000\PPO_1
1275000,4.0,per_learner/3/mastered_count,ppo_hier_items200_h1000\PPO_1
1277952,7.0,per_learner/3/mastered_count,ppo_hier_items200_h1000\PPO_1
1300000,5.0,per_learner/3/mastered_count,ppo_hier_items200_h1000\PPO_1
1310720,11.0,per_learner/3/mastered_count,ppo_hier_items200_h1000\PPO_1
1325000,6.0,per_learner/3/mastered_count,ppo_hier_items200_h1000\PPO_1
1343488,13.0,per_learner/3/mastered_count,ppo_hier_items200_h1000\PPO_1
1350000,10.0,per_learner/3/mastered_count,ppo_hier_items200_h1000\PPO_1
1375000,14.0,per_learner/3/mastered_count,ppo_hier_items200_h1000\PPO_1
1376256,0.0,per_learner/3/mastered_count,ppo_hier_items200_h1000\PPO_1
1400000,11.0,per_learner/3/mastered_count,ppo_hier_items200_h1000\PPO_1
1409024,0.0,per_learner/3/mastered_count,ppo_hier_items200_h1000\PPO_1
1425000,0.0,per_learner/3/mastered_count,ppo_hier_items200_h1000\PPO_1
1441792,2.0,per_learner/3/mastered_count,ppo_hier_items200_h1000\PPO_1
1450000,4.0,per_learner/3/mastered_count,ppo_hier_items200_h1000\PPO_1
1474560,3.0,per_learner/3/mastered_count,ppo_hier_items200_h1000\PPO_1
1475000,5.0,per_learner/3/mastered_count,ppo_hier_items200_h1000\PPO_1
1500000,5.0,per_learner/3/mastered_count,ppo_hier_items200_h1000\PPO_1
1507328,4.0,per_learner/3/mastered_count,ppo_hier_items200_h1000\PPO_1
1525000,9.0,per_learner/3/mastered_count,ppo_hier_items200_h1000\PPO_1
1540096,11.0,per_learner/3/mastered_count,ppo_hier_items200_h1000\PPO_1
1550000,9.0,per_learner/3/mastered_count,ppo_hier_items200_h1000\PPO_1
1572864,9.0,per_learner/3/mastered_count,ppo_hier_items200_h1000\PPO_1
1575000,12.0,per_learner/3/mastered_count,ppo_hier_items200_h1000\PPO_1
1600000,17.0,per_learner/3/mastered_count,ppo_hier_items200_h1000\PPO_1
1605632,13.0,per_learner/3/mastered_count,ppo_hier_items200_h1000\PPO_1
25000,0.9993410706520081,per_learner/3/p_correct,ppo_hier_items200_h1000\PPO_1
32768,0.9993951320648193,per_learner/3/p_correct,ppo_hier_items200_h1000\PPO_1
50000,0.9986087679862976,per_learner/3/p_correct,ppo_hier_items200_h1000\PPO_1
65536,0.9989716410636902,per_learner/3/p_correct,ppo_hier_items200_h1000\PPO_1
75000,0.9976455569267273,per_learner/3/p_correct,ppo_hier_items200_h1000\PPO_1
98304,0.9981370568275452,per_learner/3/p_correct,ppo_hier_items200_h1000\PPO_1
100000,0.9978854060173035,per_learner/3/p_correct,ppo_hier_items200_h1000\PPO_1
125000,0.9994512796401978,per_learner/3/p_correct,ppo_hier_items200_h1000\PPO_1
131072,0.9991156458854675,per_learner/3/p_correct,ppo_hier_items200_h1000\PPO_1
150000,0.995820939540863,per_learner/3/p_correct,ppo_hier_items200_h1000\PPO_1
163840,0.9969034790992737,per_learner/3/p_correct,ppo_hier_items200_h1000\PPO_1
175000,0.9974290728569031,per_learner/3/p_correct,ppo_hier_items200_h1000\PPO_1
196608,0.9962775707244873,per_learner/3/p_correct,ppo_hier_items200_h1000\PPO_1
200000,0.9939489364624023,per_learner/3/p_correct,ppo_hier_items200_h1000\PPO_1
225000,0.999218761920929,per_learner/3/p_correct,ppo_hier_items200_h1000\PPO_1
229376,0.9962497353553772,per_learner/3/p_correct,ppo_hier_items200_h1000\PPO_1
250000,0.9986087679862976,per_learner/3/p_correct,ppo_hier_items200_h1000\PPO_1
262144,0.9954844117164612,per_learner/3/p_correct,ppo_hier_items200_h1000\PPO_1
275000,0.9979110956192017,per_learner/3/p_correct,ppo_hier_items200_h1000\PPO_1
294912,0.9949147701263428,per_learner/3/p_correct,ppo_hier_items200_h1000\PPO_1
300000,0.9968787431716919,per_learner/3/p_correct,ppo_hier_items200_h1000\PPO_1
325000,0.9959744811058044,per_learner/3/p_correct,ppo_hier_items200_h1000\PPO_1
327680,0.9971464276313782,per_learner/3/p_correct,ppo_hier_items200_h1000\PPO_1
350000,0.9959996342658997,per_learner/3/p_correct,ppo_hier_items200_h1000\PPO_1
360448,0.9996598362922668,per_learner/3/p_correct,ppo_hier_items200_h1000\PPO_1
375000,0.9995107650756836,per_learner/3/p_correct,ppo_hier_items200_h1000\PPO_1
393216,0.9991034865379333,per_learner/3/p_correct,ppo_hier_items200_h1000\PPO_1
400000,0.9957752823829651,per_learner/3/p_correct,ppo_hier_items200_h1000\PPO_1
425000,0.9993125200271606,per_learner/3/p_correct,ppo_hier_items200_h1000\PPO_1
425984,0.9986143708229065,per_learner/3/p_correct,ppo_hier_items200_h1000\PPO_1
450000,0.9989485144615173,per_learner/3/p_correct,ppo_hier_items200_h1000\PPO_1
458752,0.9985417723655701,per_learner/3/p_correct,ppo_hier_items200_h1000\PPO_1
475000,0.9975879192352295,per_learner/3/p_correct,ppo_hier_items200_h1000\PPO_1
491520,0.9976449012756348,per_learner/3/p_correct,ppo_hier_items200_h1000\PPO_1
500000,0.9986123442649841,per_learner/3/p_correct,ppo_hier_items200_h1000\PPO_1
524288,0.9968422651290894,per_learner/3/p_correct,ppo_hier_items200_h1000\PPO_1
525000,0.9966670274734497,per_learner/3/p_correct,ppo_hier_items200_h1000\PPO_1
550000,0.9986902475357056,per_learner/3/p_correct,ppo_hier_items200_h1000\PPO_1
557056,0.9998963475227356,per_learner/3/p_correct,ppo_hier_items200_h1000\PPO_1
575000,0.9986734986305237,per_learner/3/p_correct,ppo_hier_items200_h1000\PPO_1
589824,0.9983289241790771,per_learner/3/p_correct,ppo_hier_items200_h1000\PPO_1
600000,0.9937296509742737,per_learner/3/p_correct,ppo_hier_items200_h1000\PPO_1
622592,0.99886155128479,per_learner/3/p_correct,ppo_hier_items200_h1000\PPO_1
625000,0.999991238117218,per_learner/3/p_correct,ppo_hier_items200_h1000\PPO_1
650000,0.9985318183898926,per_learner/3/p_correct,ppo_hier_items200_h1000\PPO_1
655360,0.9984086751937866,per_learner/3/p_correct,ppo_hier_items200_h1000\PPO_1
675000,0.9976455569267273,per_learner/3/p_correct,ppo_hier_items200_h1000\PPO_1
688128,0.9999217391014099,per_learner/3/p_correct,ppo_hier_items200_h1000\PPO_1
700000,0.9968599081039429,per_learner/3/p_correct,ppo_hier_items200_h1000\PPO_1
720896,0.9993197917938232,per_learner/3/p_correct,ppo_hier_items200_h1000\PPO_1
725000,0.9973564147949219,per_learner/3/p_correct,ppo_hier_items200_h1000\PPO_1
750000,0.997850775718689,per_learner/3/p_correct,ppo_hier_items200_h1000\PPO_1
753664,0.9986541867256165,per_learner/3/p_correct,ppo_hier_items200_h1000\PPO_1
775000,0.9999107718467712,per_learner/3/p_correct,ppo_hier_items200_h1000\PPO_1
786432,0.9983722567558289,per_learner/3/p_correct,ppo_hier_items200_h1000\PPO_1
800000,0.9994634389877319,per_learner/3/p_correct,ppo_hier_items200_h1000\PPO_1
819200,0.9978587627410889,per_learner/3/p_correct,ppo_hier_items200_h1000\PPO_1
825000,0.9993410706520081,per_learner/3/p_correct,ppo_hier_items200_h1000\PPO_1
850000,0.9984318614006042,per_learner/3/p_correct,ppo_hier_items200_h1000\PPO_1
851968,0.9999772906303406,per_learner/3/p_correct,ppo_hier_items200_h1000\PPO_1
875000,0.9978073835372925,per_learner/3/p_correct,ppo_hier_items200_h1000\PPO_1
884736,0.9965187907218933,per_learner/3/p_correct,ppo_hier_items200_h1000\PPO_1
900000,0.9967743754386902,per_learner/3/p_correct,ppo_hier_items200_h1000\PPO_1
917504,0.9959485530853271,per_learner/3/p_correct,ppo_hier_items200_h1000\PPO_1
925000,0.9996170401573181,per_learner/3/p_correct,ppo_hier_items200_h1000\PPO_1
950000,0.9955960512161255,per_learner/3/p_correct,ppo_hier_items200_h1000\PPO_1
950272,0.9977629780769348,per_learner/3/p_correct,ppo_hier_items200_h1000\PPO_1
975000,0.9948561191558838,per_learner/3/p_correct,ppo_hier_items200_h1000\PPO_1
983040,0.9948326349258423,per_learner/3/p_correct,ppo_hier_items200_h1000\PPO_1
1000000,0.9937296509742737,per_learner/3/p_correct,ppo_hier_items200_h1000\PPO_1
1015808,0.9996209144592285,per_learner/3/p_correct,ppo_hier_items200_h1000\PPO_1
1025000,0.9993069171905518,per_learner/3/p_correct,ppo_hier_items200_h1000\PPO_1
1048576,0.999635636806488,per_learner/3/p_correct,ppo_hier_items200_h1000\PPO_1
1050000,0.9996333718299866,per_learner/3/p_correct,ppo_hier_items200_h1000\PPO_1
1075000,0.9980031847953796,per_learner/3/p_correct,ppo_hier_items200_h1000\PPO_1
1081344,0.9991499781608582,per_learner/3/p_correct,ppo_hier_items200_h1000\PPO_1
1100000,0.9968599081039429,per_learner/3/p_correct,ppo_hier_items200_h1000\PPO_1
1114112,0.9986646175384521,per_learner/3/p_correct,ppo_hier_items200_h1000\PPO_1
1125000,0.9960748553276062,per_learner/3/p_correct,ppo_hier_items200_h1000\PPO_1
1146880,0.9997307658195496,per_learner/3/p_correct,ppo_hier_items200_h1000\PPO_1
1150000,0.9955901503562927,per_learner/3/p_correct,ppo_hier_items200_h1000\PPO_1
1175000,0.9991027116775513,per_learner/3/p_correct,ppo_hier_items200_h1000\PPO_1
1179648,0.9971300959587097,per_learner/3/p_correct,ppo_hier_items200_h1000\PPO_1
1200000,0.9975915551185608,per_learner/3/p_correct,ppo_hier_items200_h1000\PPO_1
1212416,0.9966519474983215,per_learner/3/p_correct,ppo_hier_items200_h1000\PPO_1
1225000,0.9997701048851013,per_learner/3/p_correct,ppo_hier_items200_h1000\PPO_1
1245184,0.9961836934089661,per_learner/3/p_correct,ppo_hier_items200_h1000\PPO_1
1250000,0.9994123578071594,per_learner/3/p_correct,ppo_hier_items200_h1000\PPO_1
1275000,0.9975943565368652,per_learner/3/p_correct,ppo_hier_items200_h1000\PPO_1
1277952,0.9968488216400146,per_learner/3/p_correct,ppo_hier_items200_h1000\PPO_1
1300000,0.9990046620368958,per_learner/3/p_correct,ppo_hier_items200_h1000\PPO_1
1310720,0.9955087304115295,per_learner/3/p_correct,ppo_hier_items200_h1000\PPO_1
1325000,0.9996148943901062,per_learner/3/p_correct,ppo_hier_items200_h1000\PPO_1
1343488,0.9994872808456421,per_learner/3/p_correct,ppo_hier_items200_h1000\PPO_1
1350000,0.9952903985977173,per_learner/3/p_correct,ppo_hier_items200_h1000\PPO_1
1375000,0.999961256980896,per_learner/3/p_correct,ppo_hier_items200_h1000\PPO_1
1376256,0.9998111724853516,per_learner/3/p_correct,ppo_hier_items200_h1000\PPO_1
1400000,0.9937233924865723,per_learner/3/p_correct,ppo_hier_items200_h1000\PPO_1
1409024,0.999284565448761,per_learner/3/p_correct,ppo_hier_items200_h1000\PPO_1
1425000,0.9992468953132629,per_learner/3/p_correct,ppo_hier_items200_h1000\PPO_1
1441792,0.9993850588798523,per_learner/3/p_correct,ppo_hier_items200_h1000\PPO_1
1450000,0.9986665844917297,per_learner/3/p_correct,ppo_hier_items200_h1000\PPO_1
1474560,0.9996984601020813,per_learner/3/p_correct,ppo_hier_items200_h1000\PPO_1
1475000,0.9999911189079285,per_learner/3/p_correct,ppo_hier_items200_h1000\PPO_1
1500000,0.9970657825469971,per_learner/3/p_correct,ppo_hier_items200_h1000\PPO_1
1507328,0.9977732300758362,per_learner/3/p_correct,ppo_hier_items200_h1000\PPO_1
1525000,0.9998270869255066,per_learner/3/p_correct,ppo_hier_items200_h1000\PPO_1
1540096,0.9966905117034912,per_learner/3/p_correct,ppo_hier_items200_h1000\PPO_1
1550000,0.9951622486114502,per_learner/3/p_correct,ppo_hier_items200_h1000\PPO_1
1572864,0.996418833732605,per_learner/3/p_correct,ppo_hier_items200_h1000\PPO_1
1575000,0.994357168674469,per_learner/3/p_correct,ppo_hier_items200_h1000\PPO_1
1600000,0.9949560761451721,per_learner/3/p_correct,ppo_hier_items200_h1000\PPO_1
1605632,0.9990061521530151,per_learner/3/p_correct,ppo_hier_items200_h1000\PPO_1
25000,0.9991647005081177,per_learner/3/reward,ppo_hier_items200_h1000\PPO_1
32768,0.9991512298583984,per_learner/3/reward,ppo_hier_items200_h1000\PPO_1
50000,0.9993478059768677,per_learner/3/reward,ppo_hier_items200_h1000\PPO_1
65536,0.9992570877075195,per_learner/3/reward,ppo_hier_items200_h1000\PPO_1
75000,0.9995886087417603,per_learner/3/reward,ppo_hier_items200_h1000\PPO_1
98304,0.9994657635688782,per_learner/3/reward,ppo_hier_items200_h1000\PPO_1
100000,0.9995286464691162,per_learner/3/reward,ppo_hier_items200_h1000\PPO_1
125000,0.9991371631622314,per_learner/3/reward,ppo_hier_items200_h1000\PPO_1
131072,0.9992210865020752,per_learner/3/reward,ppo_hier_items200_h1000\PPO_1
150000,1.000044822692871,per_learner/3/reward,ppo_hier_items200_h1000\PPO_1
163840,0.999774158000946,per_learner/3/reward,ppo_hier_items200_h1000\PPO_1
175000,0.9996427297592163,per_learner/3/reward,ppo_hier_items200_h1000\PPO_1
196608,0.9999306201934814,per_learner/3/reward,ppo_hier_items200_h1000\PPO_1
200000,1.000512719154358,per_learner/3/reward,ppo_hier_items200_h1000\PPO_1
225000,0.9991953372955322,per_learner/3/reward,ppo_hier_items200_h1000\PPO_1
229376,0.9999375343322754,per_learner/3/reward,ppo_hier_items200_h1000\PPO_1
250000,0.9993478059768677,per_learner/3/reward,ppo_hier_items200_h1000\PPO_1
262144,1.0001288652420044,per_learner/3/reward,ppo_hier_items200_h1000\PPO_1
275000,0.9995222091674805,per_learner/3/reward,ppo_hier_items200_h1000\PPO_1
294912,1.0002713203430176,per_learner/3/reward,ppo_hier_items200_h1000\PPO_1
300000,0.9997802972793579,per_learner/3/reward,ppo_hier_items200_h1000\PPO_1
325000,1.0000064373016357,per_learner/3/reward,ppo_hier_items200_h1000\PPO_1
327680,0.9997134208679199,per_learner/3/reward,ppo_hier_items200_h1000\PPO_1
350000,1.0000001192092896,per_learner/3/reward,ppo_hier_items200_h1000\PPO_1
360448,0.9990850687026978,per_learner/3/reward,ppo_hier_items200_h1000\PPO_1
375000,3.009122371673584,per_learner/3/reward,ppo_hier_items200_h1000\PPO_1
393216,0.9992241263389587,per_learner/3/reward,ppo_hier_items200_h1000\PPO_1
400000,1.0000561475753784,per_learner/3/reward,ppo_hier_items200_h1000\PPO_1
425000,0.9991718530654907,per_learner/3/reward,ppo_hier_items200_h1000\PPO_1
425984,0.9993464350700378,per_learner/3/reward,ppo_hier_items200_h1000\PPO_1
450000,0.9992628693580627,per_learner/3/reward,ppo_hier_items200_h1000\PPO_1
458752,0.9993645548820496,per_learner/3/reward,ppo_hier_items200_h1000\PPO_1
475000,0.9996030330657959,per_learner/3/reward,ppo_hier_items200_h1000\PPO_1
491520,0.9995887875556946,per_learner/3/reward,ppo_hier_items200_h1000\PPO_1
500000,0.999346911907196,per_learner/3/reward,ppo_hier_items200_h1000\PPO_1
524288,0.9997894167900085,per_learner/3/reward,ppo_hier_items200_h1000\PPO_1
525000,0.9998332262039185,per_learner/3/reward,ppo_hier_items200_h1000\PPO_1
550000,0.9993274211883545,per_learner/3/reward,ppo_hier_items200_h1000\PPO_1
557056,3.009025812149048,per_learner/3/reward,ppo_hier_items200_h1000\PPO_1
575000,0.9993315935134888,per_learner/3/reward,ppo_hier_items200_h1000\PPO_1
589824,0.999417781829834,per_learner/3/reward,ppo_hier_items200_h1000\PPO_1
600000,1.0005675554275513,per_learner/3/reward,ppo_hier_items200_h1000\PPO_1
622592,3.009284496307373,per_learner/3/reward,ppo_hier_items200_h1000\PPO_1
625000,0.99900221824646,per_learner/3/reward,ppo_hier_items200_h1000\PPO_1
650000,0.9993670582771301,per_learner/3/reward,ppo_hier_items200_h1000\PPO_1
655360,0.9993978142738342,per_learner/3/reward,ppo_hier_items200_h1000\PPO_1
675000,0.9995886087417603,per_learner/3/reward,ppo_hier_items200_h1000\PPO_1
688128,0.9990195631980896,per_learner/3/reward,ppo_hier_items200_h1000\PPO_1
700000,0.9997850060462952,per_learner/3/reward,ppo_hier_items200_h1000\PPO_1
720896,0.9991700649261475,per_learner/3/reward,ppo_hier_items200_h1000\PPO_1
725000,0.9996609091758728,per_learner/3/reward,ppo_hier_items200_h1000\PPO_1
750000,0.9995372891426086,per_learner/3/reward,ppo_hier_items200_h1000\PPO_1
753664,0.9993364810943604,per_learner/3/reward,ppo_hier_items200_h1000\PPO_1
775000,3.0090222358703613,per_learner/3/reward,ppo_hier_items200_h1000\PPO_1
786432,0.9994069337844849,per_learner/3/reward,ppo_hier_items200_h1000\PPO_1
800000,3.00913405418396,per_learner/3/reward,ppo_hier_items200_h1000\PPO_1
819200,0.999535322189331,per_learner/3/reward,ppo_hier_items200_h1000\PPO_1
825000,0.9991647005081177,per_learner/3/reward,ppo_hier_items200_h1000\PPO_1
850000,0.999392032623291,per_learner/3/reward,ppo_hier_items200_h1000\PPO_1
851968,3.0090057849884033,per_learner/3/reward,ppo_hier_items200_h1000\PPO_1
875000,0.9995481371879578,per_learner/3/reward,ppo_hier_items200_h1000\PPO_1
884736,0.9998703002929688,per_learner/3/reward,ppo_hier_items200_h1000\PPO_1
900000,0.9998064041137695,per_learner/3/reward,ppo_hier_items200_h1000\PPO_1
917504,1.0000128746032715,per_learner/3/reward,ppo_hier_items200_h1000\PPO_1
925000,0.9990957379341125,per_learner/3/reward,ppo_hier_items200_h1000\PPO_1
950000,1.0001009702682495,per_learner/3/reward,ppo_hier_items200_h1000\PPO_1
950272,0.9995592832565308,per_learner/3/reward,ppo_hier_items200_h1000\PPO_1
975000,1.0002859830856323,per_learner/3/reward,ppo_hier_items200_h1000\PPO_1
983040,1.0002918243408203,per_learner/3/reward,ppo_hier_items200_h1000\PPO_1
1000000,1.0005675554275513,per_learner/3/reward,ppo_hier_items200_h1000\PPO_1
1015808,3.009094715118408,per_learner/3/reward,ppo_hier_items200_h1000\PPO_1
1025000,0.9991732835769653,per_learner/3/reward,ppo_hier_items200_h1000\PPO_1
1048576,0.9990910887718201,per_learner/3/reward,ppo_hier_items200_h1000\PPO_1
1050000,0.9990916848182678,per_learner/3/reward,ppo_hier_items200_h1000\PPO_1
1075000,0.9994992017745972,per_learner/3/reward,ppo_hier_items200_h1000\PPO_1
1081344,0.9992125034332275,per_learner/3/reward,ppo_hier_items200_h1000\PPO_1
1100000,0.9997850060462952,per_learner/3/reward,ppo_hier_items200_h1000\PPO_1
1114112,0.9993338584899902,per_learner/3/reward,ppo_hier_items200_h1000\PPO_1
1125000,0.9999812841415405,per_learner/3/reward,ppo_hier_items200_h1000\PPO_1
1146880,0.9990673065185547,per_learner/3/reward,ppo_hier_items200_h1000\PPO_1
1150000,1.0001025199890137,per_learner/3/reward,ppo_hier_items200_h1000\PPO_1
1175000,0.9992243051528931,per_learner/3/reward,ppo_hier_items200_h1000\PPO_1
1179648,0.9997174739837646,per_learner/3/reward,ppo_hier_items200_h1000\PPO_1
1200000,0.9996020793914795,per_learner/3/reward,ppo_hier_items200_h1000\PPO_1
1212416,0.9998370409011841,per_learner/3/reward,ppo_hier_items200_h1000\PPO_1
1225000,0.9990574717521667,per_learner/3/reward,ppo_hier_items200_h1000\PPO_1
1245184,0.999954104423523,per_learner/3/reward,ppo_hier_items200_h1000\PPO_1
1250000,0.9991469383239746,per_learner/3/reward,ppo_hier_items200_h1000\PPO_1
1275000,0.999601423740387,per_learner/3/reward,ppo_hier_items200_h1000\PPO_1
1277952,0.9997878074645996,per_learner/3/reward,ppo_hier_items200_h1000\PPO_1
1300000,0.9992488622665405,per_learner/3/reward,ppo_hier_items200_h1000\PPO_1
1310720,1.0001227855682373,per_learner/3/reward,ppo_hier_items200_h1000\PPO_1
1325000,0.9990962743759155,per_learner/3/reward,ppo_hier_items200_h1000\PPO_1
1343488,0.9991281628608704,per_learner/3/reward,ppo_hier_items200_h1000\PPO_1
1350000,1.0001773834228516,per_learner/3/reward,ppo_hier_items200_h1000\PPO_1
1375000,0.9990096688270569,per_learner/3/reward,ppo_hier_items200_h1000\PPO_1
1376256,0.9990472197532654,per_learner/3/reward,ppo_hier_items200_h1000\PPO_1
1400000,1.0005691051483154,per_learner/3/reward,ppo_hier_items200_h1000\PPO_1
1409024,0.9991788268089294,per_learner/3/reward,ppo_hier_items200_h1000\PPO_1
1425000,0.999188244342804,per_learner/3/reward,ppo_hier_items200_h1000\PPO_1
1441792,0.999153733253479,per_learner/3/reward,ppo_hier_items200_h1000\PPO_1
1450000,0.999333381652832,per_learner/3/reward,ppo_hier_items200_h1000\PPO_1
1474560,0.9990754127502441,per_learner/3/reward,ppo_hier_items200_h1000\PPO_1
1475000,0.99900221824646,per_learner/3/reward,ppo_hier_items200_h1000\PPO_1
1500000,0.999733567237854,per_learner/3/reward,ppo_hier_items200_h1000\PPO_1
1507328,0.9995567202568054,per_learner/3/reward,ppo_hier_items200_h1000\PPO_1
1525000,0.9990432262420654,per_learner/3/reward,ppo_hier_items200_h1000\PPO_1
1540096,0.9998273849487305,per_learner/3/reward,ppo_hier_items200_h1000\PPO_1
1550000,1.0002094507217407,per_learner/3/reward,ppo_hier_items200_h1000\PPO_1
1572864,0.9998952746391296,per_learner/3/reward,ppo_hier_items200_h1000\PPO_1
1575000,1.0004106760025024,per_learner/3/reward,ppo_hier_items200_h1000\PPO_1
1600000,1.0002609491348267,per_learner/3/reward,ppo_hier_items200_h1000\PPO_1
1605632,0.9992484450340271,per_learner/3/reward,ppo_hier_items200_h1000\PPO_1
25000,1.0,per_learner/3/rolling_acc,ppo_hier_items200_h1000\PPO_1
32768,1.0,per_learner/3/rolling_acc,ppo_hier_items200_h1000\PPO_1
50000,1.0,per_learner/3/rolling_acc,ppo_hier_items200_h1000\PPO_1
65536,1.0,per_learner/3/rolling_acc,ppo_hier_items200_h1000\PPO_1
75000,1.0,per_learner/3/rolling_acc,ppo_hier_items200_h1000\PPO_1
98304,1.0,per_learner/3/rolling_acc,ppo_hier_items200_h1000\PPO_1
100000,1.0,per_learner/3/rolling_acc,ppo_hier_items200_h1000\PPO_1
125000,1.0,per_learner/3/rolling_acc,ppo_hier_items200_h1000\PPO_1
131072,1.0,per_learner/3/rolling_acc,ppo_hier_items200_h1000\PPO_1
150000,1.0,per_learner/3/rolling_acc,ppo_hier_items200_h1000\PPO_1
163840,1.0,per_learner/3/rolling_acc,ppo_hier_items200_h1000\PPO_1
175000,1.0,per_learner/3/rolling_acc,ppo_hier_items200_h1000\PPO_1
196608,1.0,per_learner/3/rolling_acc,ppo_hier_items200_h1000\PPO_1
200000,1.0,per_learner/3/rolling_acc,ppo_hier_items200_h1000\PPO_1
225000,1.0,per_learner/3/rolling_acc,ppo_hier_items200_h1000\PPO_1
229376,1.0,per_learner/3/rolling_acc,ppo_hier_items200_h1000\PPO_1
250000,1.0,per_learner/3/rolling_acc,ppo_hier_items200_h1000\PPO_1
262144,1.0,per_learner/3/rolling_acc,ppo_hier_items200_h1000\PPO_1
275000,1.0,per_learner/3/rolling_acc,ppo_hier_items200_h1000\PPO_1
294912,1.0,per_learner/3/rolling_acc,ppo_hier_items200_h1000\PPO_1
300000,1.0,per_learner/3/rolling_acc,ppo_hier_items200_h1000\PPO_1
325000,1.0,per_learner/3/rolling_acc,ppo_hier_items200_h1000\PPO_1
327680,0.9666666388511658,per_learner/3/rolling_acc,ppo_hier_items200_h1000\PPO_1
350000,1.0,per_learner/3/rolling_acc,ppo_hier_items200_h1000\PPO_1
360448,1.0,per_learner/3/rolling_acc,ppo_hier_items200_h1000\PPO_1
375000,1.0,per_learner/3/rolling_acc,ppo_hier_items200_h1000\PPO_1
393216,1.0,per_learner/3/rolling_acc,ppo_hier_items200_h1000\PPO_1
400000,1.0,per_learner/3/rolling_acc,ppo_hier_items200_h1000\PPO_1
425000,1.0,per_learner/3/rolling_acc,ppo_hier_items200_h1000\PPO_1
425984,1.0,per_learner/3/rolling_acc,ppo_hier_items200_h1000\PPO_1
450000,1.0,per_learner/3/rolling_acc,ppo_hier_items200_h1000\PPO_1
458752,1.0,per_learner/3/rolling_acc,ppo_hier_items200_h1000\PPO_1
475000,1.0,per_learner/3/rolling_acc,ppo_hier_items200_h1000\PPO_1
491520,1.0,per_learner/3/rolling_acc,ppo_hier_items200_h1000\PPO_1
500000,1.0,per_learner/3/rolling_acc,ppo_hier_items200_h1000\PPO_1
524288,1.0,per_learner/3/rolling_acc,ppo_hier_items200_h1000\PPO_1
525000,1.0,per_learner/3/rolling_acc,ppo_hier_items200_h1000\PPO_1
550000,1.0,per_learner/3/rolling_acc,ppo_hier_items200_h1000\PPO_1
557056,1.0,per_learner/3/rolling_acc,ppo_hier_items200_h1000\PPO_1
575000,0.9666666388511658,per_learner/3/rolling_acc,ppo_hier_items200_h1000\PPO_1
589824,1.0,per_learner/3/rolling_acc,ppo_hier_items200_h1000\PPO_1
600000,1.0,per_learner/3/rolling_acc,ppo_hier_items200_h1000\PPO_1
622592,1.0,per_learner/3/rolling_acc,ppo_hier_items200_h1000\PPO_1
625000,1.0,per_learner/3/rolling_acc,ppo_hier_items200_h1000\PPO_1
650000,1.0,per_learner/3/rolling_acc,ppo_hier_items200_h1000\PPO_1
655360,1.0,per_learner/3/rolling_acc,ppo_hier_items200_h1000\PPO_1
675000,1.0,per_learner/3/rolling_acc,ppo_hier_items200_h1000\PPO_1
688128,1.0,per_learner/3/rolling_acc,ppo_hier_items200_h1000\PPO_1
700000,1.0,per_learner/3/rolling_acc,ppo_hier_items200_h1000\PPO_1
720896,1.0,per_learner/3/rolling_acc,ppo_hier_items200_h1000\PPO_1
725000,1.0,per_learner/3/rolling_acc,ppo_hier_items200_h1000\PPO_1
750000,1.0,per_learner/3/rolling_acc,ppo_hier_items200_h1000\PPO_1
753664,1.0,per_learner/3/rolling_acc,ppo_hier_items200_h1000\PPO_1
775000,1.0,per_learner/3/rolling_acc,ppo_hier_items200_h1000\PPO_1
786432,1.0,per_learner/3/rolling_acc,ppo_hier_items200_h1000\PPO_1
800000,0.9666666388511658,per_learner/3/rolling_acc,ppo_hier_items200_h1000\PPO_1
819200,1.0,per_learner/3/rolling_acc,ppo_hier_items200_h1000\PPO_1
825000,1.0,per_learner/3/rolling_acc,ppo_hier_items200_h1000\PPO_1
850000,1.0,per_learner/3/rolling_acc,ppo_hier_items200_h1000\PPO_1
851968,1.0,per_learner/3/rolling_acc,ppo_hier_items200_h1000\PPO_1
875000,0.9666666388511658,per_learner/3/rolling_acc,ppo_hier_items200_h1000\PPO_1
884736,1.0,per_learner/3/rolling_acc,ppo_hier_items200_h1000\PPO_1
900000,1.0,per_learner/3/rolling_acc,ppo_hier_items200_h1000\PPO_1
917504,1.0,per_learner/3/rolling_acc,ppo_hier_items200_h1000\PPO_1
925000,1.0,per_learner/3/rolling_acc,ppo_hier_items200_h1000\PPO_1
950000,1.0,per_learner/3/rolling_acc,ppo_hier_items200_h1000\PPO_1
950272,1.0,per_learner/3/rolling_acc,ppo_hier_items200_h1000\PPO_1
975000,1.0,per_learner/3/rolling_acc,ppo_hier_items200_h1000\PPO_1
983040,1.0,per_learner/3/rolling_acc,ppo_hier_items200_h1000\PPO_1
1000000,1.0,per_learner/3/rolling_acc,ppo_hier_items200_h1000\PPO_1
1015808,1.0,per_learner/3/rolling_acc,ppo_hier_items200_h1000\PPO_1
1025000,1.0,per_learner/3/rolling_acc,ppo_hier_items200_h1000\PPO_1
1048576,1.0,per_learner/3/rolling_acc,ppo_hier_items200_h1000\PPO_1
1050000,1.0,per_learner/3/rolling_acc,ppo_hier_items200_h1000\PPO_1
1075000,1.0,per_learner/3/rolling_acc,ppo_hier_items200_h1000\PPO_1
1081344,1.0,per_learner/3/rolling_acc,ppo_hier_items200_h1000\PPO_1
1100000,1.0,per_learner/3/rolling_acc,ppo_hier_items200_h1000\PPO_1
1114112,1.0,per_learner/3/rolling_acc,ppo_hier_items200_h1000\PPO_1
1125000,1.0,per_learner/3/rolling_acc,ppo_hier_items200_h1000\PPO_1
1146880,1.0,per_learner/3/rolling_acc,ppo_hier_items200_h1000\PPO_1
1150000,1.0,per_learner/3/rolling_acc,ppo_hier_items200_h1000\PPO_1
1175000,0.9666666388511658,per_learner/3/rolling_acc,ppo_hier_items200_h1000\PPO_1
1179648,1.0,per_learner/3/rolling_acc,ppo_hier_items200_h1000\PPO_1
1200000,1.0,per_learner/3/rolling_acc,ppo_hier_items200_h1000\PPO_1
1212416,1.0,per_learner/3/rolling_acc,ppo_hier_items200_h1000\PPO_1
1225000,1.0,per_learner/3/rolling_acc,ppo_hier_items200_h1000\PPO_1
1245184,1.0,per_learner/3/rolling_acc,ppo_hier_items200_h1000\PPO_1
1250000,1.0,per_learner/3/rolling_acc,ppo_hier_items200_h1000\PPO_1
1275000,1.0,per_learner/3/rolling_acc,ppo_hier_items200_h1000\PPO_1
1277952,1.0,per_learner/3/rolling_acc,ppo_hier_items200_h1000\PPO_1
1300000,1.0,per_learner/3/rolling_acc,ppo_hier_items200_h1000\PPO_1
1310720,1.0,per_learner/3/rolling_acc,ppo_hier_items200_h1000\PPO_1
1325000,0.9666666388511658,per_learner/3/rolling_acc,ppo_hier_items200_h1000\PPO_1
1343488,1.0,per_learner/3/rolling_acc,ppo_hier_items200_h1000\PPO_1
1350000,0.8999999761581421,per_learner/3/rolling_acc,ppo_hier_items200_h1000\PPO_1
1375000,0.9666666388511658,per_learner/3/rolling_acc,ppo_hier_items200_h1000\PPO_1
1376256,1.0,per_learner/3/rolling_acc,ppo_hier_items200_h1000\PPO_1
1400000,1.0,per_learner/3/rolling_acc,ppo_hier_items200_h1000\PPO_1
1409024,1.0,per_learner/3/rolling_acc,ppo_hier_items200_h1000\PPO_1
1425000,1.0,per_learner/3/rolling_acc,ppo_hier_items200_h1000\PPO_1
1441792,1.0,per_learner/3/rolling_acc,ppo_hier_items200_h1000\PPO_1
1450000,1.0,per_learner/3/rolling_acc,ppo_hier_items200_h1000\PPO_1
1474560,1.0,per_learner/3/rolling_acc,ppo_hier_items200_h1000\PPO_1
1475000,1.0,per_learner/3/rolling_acc,ppo_hier_items200_h1000\PPO_1
1500000,1.0,per_learner/3/rolling_acc,ppo_hier_items200_h1000\PPO_1
1507328,1.0,per_learner/3/rolling_acc,ppo_hier_items200_h1000\PPO_1
1525000,1.0,per_learner/3/rolling_acc,ppo_hier_items200_h1000\PPO_1
1540096,1.0,per_learner/3/rolling_acc,ppo_hier_items200_h1000\PPO_1
1550000,0.9666666388511658,per_learner/3/rolling_acc,ppo_hier_items200_h1000\PPO_1
1572864,1.0,per_learner/3/rolling_acc,ppo_hier_items200_h1000\PPO_1
1575000,1.0,per_learner/3/rolling_acc,ppo_hier_items200_h1000\PPO_1
1600000,1.0,per_learner/3/rolling_acc,ppo_hier_items200_h1000\PPO_1
1605632,1.0,per_learner/3/rolling_acc,ppo_hier_items200_h1000\PPO_1
25000,1.0,per_learner/4/correct,ppo_hier_items200_h1000\PPO_1
32768,1.0,per_learner/4/correct,ppo_hier_items200_h1000\PPO_1
50000,1.0,per_learner/4/correct,ppo_hier_items200_h1000\PPO_1
65536,1.0,per_learner/4/correct,ppo_hier_items200_h1000\PPO_1
75000,1.0,per_learner/4/correct,ppo_hier_items200_h1000\PPO_1
98304,1.0,per_learner/4/correct,ppo_hier_items200_h1000\PPO_1
100000,1.0,per_learner/4/correct,ppo_hier_items200_h1000\PPO_1
125000,1.0,per_learner/4/correct,ppo_hier_items200_h1000\PPO_1
131072,1.0,per_learner/4/correct,ppo_hier_items200_h1000\PPO_1
150000,1.0,per_learner/4/correct,ppo_hier_items200_h1000\PPO_1
163840,1.0,per_learner/4/correct,ppo_hier_items200_h1000\PPO_1
175000,1.0,per_learner/4/correct,ppo_hier_items200_h1000\PPO_1
196608,1.0,per_learner/4/correct,ppo_hier_items200_h1000\PPO_1
200000,1.0,per_learner/4/correct,ppo_hier_items200_h1000\PPO_1
225000,1.0,per_learner/4/correct,ppo_hier_items200_h1000\PPO_1
229376,1.0,per_learner/4/correct,ppo_hier_items200_h1000\PPO_1
250000,1.0,per_learner/4/correct,ppo_hier_items200_h1000\PPO_1
262144,1.0,per_learner/4/correct,ppo_hier_items200_h1000\PPO_1
275000,1.0,per_learner/4/correct,ppo_hier_items200_h1000\PPO_1
294912,1.0,per_learner/4/correct,ppo_hier_items200_h1000\PPO_1
300000,1.0,per_learner/4/correct,ppo_hier_items200_h1000\PPO_1
325000,1.0,per_learner/4/correct,ppo_hier_items200_h1000\PPO_1
327680,1.0,per_learner/4/correct,ppo_hier_items200_h1000\PPO_1
350000,1.0,per_learner/4/correct,ppo_hier_items200_h1000\PPO_1
360448,1.0,per_learner/4/correct,ppo_hier_items200_h1000\PPO_1
375000,1.0,per_learner/4/correct,ppo_hier_items200_h1000\PPO_1
393216,1.0,per_learner/4/correct,ppo_hier_items200_h1000\PPO_1
400000,1.0,per_learner/4/correct,ppo_hier_items200_h1000\PPO_1
425000,1.0,per_learner/4/correct,ppo_hier_items200_h1000\PPO_1
425984,1.0,per_learner/4/correct,ppo_hier_items200_h1000\PPO_1
450000,1.0,per_learner/4/correct,ppo_hier_items200_h1000\PPO_1
458752,1.0,per_learner/4/correct,ppo_hier_items200_h1000\PPO_1
475000,1.0,per_learner/4/correct,ppo_hier_items200_h1000\PPO_1
491520,1.0,per_learner/4/correct,ppo_hier_items200_h1000\PPO_1
500000,1.0,per_learner/4/correct,ppo_hier_items200_h1000\PPO_1
524288,1.0,per_learner/4/correct,ppo_hier_items200_h1000\PPO_1
525000,1.0,per_learner/4/correct,ppo_hier_items200_h1000\PPO_1
550000,1.0,per_learner/4/correct,ppo_hier_items200_h1000\PPO_1
557056,1.0,per_learner/4/correct,ppo_hier_items200_h1000\PPO_1
575000,1.0,per_learner/4/correct,ppo_hier_items200_h1000\PPO_1
589824,1.0,per_learner/4/correct,ppo_hier_items200_h1000\PPO_1
600000,1.0,per_learner/4/correct,ppo_hier_items200_h1000\PPO_1
622592,1.0,per_learner/4/correct,ppo_hier_items200_h1000\PPO_1
625000,1.0,per_learner/4/correct,ppo_hier_items200_h1000\PPO_1
650000,1.0,per_learner/4/correct,ppo_hier_items200_h1000\PPO_1
655360,1.0,per_learner/4/correct,ppo_hier_items200_h1000\PPO_1
675000,1.0,per_learner/4/correct,ppo_hier_items200_h1000\PPO_1
688128,1.0,per_learner/4/correct,ppo_hier_items200_h1000\PPO_1
700000,1.0,per_learner/4/correct,ppo_hier_items200_h1000\PPO_1
720896,1.0,per_learner/4/correct,ppo_hier_items200_h1000\PPO_1
725000,1.0,per_learner/4/correct,ppo_hier_items200_h1000\PPO_1
750000,1.0,per_learner/4/correct,ppo_hier_items200_h1000\PPO_1
753664,1.0,per_learner/4/correct,ppo_hier_items200_h1000\PPO_1
775000,1.0,per_learner/4/correct,ppo_hier_items200_h1000\PPO_1
786432,1.0,per_learner/4/correct,ppo_hier_items200_h1000\PPO_1
800000,1.0,per_learner/4/correct,ppo_hier_items200_h1000\PPO_1
819200,1.0,per_learner/4/correct,ppo_hier_items200_h1000\PPO_1
825000,1.0,per_learner/4/correct,ppo_hier_items200_h1000\PPO_1
850000,1.0,per_learner/4/correct,ppo_hier_items200_h1000\PPO_1
851968,1.0,per_learner/4/correct,ppo_hier_items200_h1000\PPO_1
875000,1.0,per_learner/4/correct,ppo_hier_items200_h1000\PPO_1
884736,1.0,per_learner/4/correct,ppo_hier_items200_h1000\PPO_1
900000,1.0,per_learner/4/correct,ppo_hier_items200_h1000\PPO_1
917504,1.0,per_learner/4/correct,ppo_hier_items200_h1000\PPO_1
925000,1.0,per_learner/4/correct,ppo_hier_items200_h1000\PPO_1
950000,1.0,per_learner/4/correct,ppo_hier_items200_h1000\PPO_1
950272,1.0,per_learner/4/correct,ppo_hier_items200_h1000\PPO_1
975000,1.0,per_learner/4/correct,ppo_hier_items200_h1000\PPO_1
983040,1.0,per_learner/4/correct,ppo_hier_items200_h1000\PPO_1
1000000,1.0,per_learner/4/correct,ppo_hier_items200_h1000\PPO_1
1015808,1.0,per_learner/4/correct,ppo_hier_items200_h1000\PPO_1
1025000,1.0,per_learner/4/correct,ppo_hier_items200_h1000\PPO_1
1048576,1.0,per_learner/4/correct,ppo_hier_items200_h1000\PPO_1
1050000,1.0,per_learner/4/correct,ppo_hier_items200_h1000\PPO_1
1075000,1.0,per_learner/4/correct,ppo_hier_items200_h1000\PPO_1
1081344,1.0,per_learner/4/correct,ppo_hier_items200_h1000\PPO_1
1100000,1.0,per_learner/4/correct,ppo_hier_items200_h1000\PPO_1
1114112,1.0,per_learner/4/correct,ppo_hier_items200_h1000\PPO_1
1125000,1.0,per_learner/4/correct,ppo_hier_items200_h1000\PPO_1
1146880,1.0,per_learner/4/correct,ppo_hier_items200_h1000\PPO_1
1150000,1.0,per_learner/4/correct,ppo_hier_items200_h1000\PPO_1
1175000,1.0,per_learner/4/correct,ppo_hier_items200_h1000\PPO_1
1179648,1.0,per_learner/4/correct,ppo_hier_items200_h1000\PPO_1
1200000,1.0,per_learner/4/correct,ppo_hier_items200_h1000\PPO_1
1212416,1.0,per_learner/4/correct,ppo_hier_items200_h1000\PPO_1
1225000,1.0,per_learner/4/correct,ppo_hier_items200_h1000\PPO_1
1245184,1.0,per_learner/4/correct,ppo_hier_items200_h1000\PPO_1
1250000,1.0,per_learner/4/correct,ppo_hier_items200_h1000\PPO_1
1275000,1.0,per_learner/4/correct,ppo_hier_items200_h1000\PPO_1
1277952,1.0,per_learner/4/correct,ppo_hier_items200_h1000\PPO_1
1300000,1.0,per_learner/4/correct,ppo_hier_items200_h1000\PPO_1
1310720,1.0,per_learner/4/correct,ppo_hier_items200_h1000\PPO_1
1325000,1.0,per_learner/4/correct,ppo_hier_items200_h1000\PPO_1
1343488,1.0,per_learner/4/correct,ppo_hier_items200_h1000\PPO_1
1350000,1.0,per_learner/4/correct,ppo_hier_items200_h1000\PPO_1
1375000,1.0,per_learner/4/correct,ppo_hier_items200_h1000\PPO_1
1376256,1.0,per_learner/4/correct,ppo_hier_items200_h1000\PPO_1
1400000,1.0,per_learner/4/correct,ppo_hier_items200_h1000\PPO_1
1409024,1.0,per_learner/4/correct,ppo_hier_items200_h1000\PPO_1
1425000,1.0,per_learner/4/correct,ppo_hier_items200_h1000\PPO_1
1441792,1.0,per_learner/4/correct,ppo_hier_items200_h1000\PPO_1
1450000,1.0,per_learner/4/correct,ppo_hier_items200_h1000\PPO_1
1474560,1.0,per_learner/4/correct,ppo_hier_items200_h1000\PPO_1
1475000,1.0,per_learner/4/correct,ppo_hier_items200_h1000\PPO_1
1500000,1.0,per_learner/4/correct,ppo_hier_items200_h1000\PPO_1
1507328,1.0,per_learner/4/correct,ppo_hier_items200_h1000\PPO_1
1525000,1.0,per_learner/4/correct,ppo_hier_items200_h1000\PPO_1
1540096,1.0,per_learner/4/correct,ppo_hier_items200_h1000\PPO_1
1550000,1.0,per_learner/4/correct,ppo_hier_items200_h1000\PPO_1
1572864,1.0,per_learner/4/correct,ppo_hier_items200_h1000\PPO_1
1575000,1.0,per_learner/4/correct,ppo_hier_items200_h1000\PPO_1
1600000,1.0,per_learner/4/correct,ppo_hier_items200_h1000\PPO_1
1605632,1.0,per_learner/4/correct,ppo_hier_items200_h1000\PPO_1
25000,0.0,per_learner/4/mastered_count,ppo_hier_items200_h1000\PPO_1
32768,0.0,per_learner/4/mastered_count,ppo_hier_items200_h1000\PPO_1
50000,0.0,per_learner/4/mastered_count,ppo_hier_items200_h1000\PPO_1
65536,0.0,per_learner/4/mastered_count,ppo_hier_items200_h1000\PPO_1
75000,0.0,per_learner/4/mastered_count,ppo_hier_items200_h1000\PPO_1
98304,0.0,per_learner/4/mastered_count,ppo_hier_items200_h1000\PPO_1
100000,3.0,per_learner/4/mastered_count,ppo_hier_items200_h1000\PPO_1
125000,0.0,per_learner/4/mastered_count,ppo_hier_items200_h1000\PPO_1
131072,0.0,per_learner/4/mastered_count,ppo_hier_items200_h1000\PPO_1
150000,2.0,per_learner/4/mastered_count,ppo_hier_items200_h1000\PPO_1
163840,0.0,per_learner/4/mastered_count,ppo_hier_items200_h1000\PPO_1
175000,5.0,per_learner/4/mastered_count,ppo_hier_items200_h1000\PPO_1
196608,1.0,per_learner/4/mastered_count,ppo_hier_items200_h1000\PPO_1
200000,9.0,per_learner/4/mastered_count,ppo_hier_items200_h1000\PPO_1
225000,0.0,per_learner/4/mastered_count,ppo_hier_items200_h1000\PPO_1
229376,5.0,per_learner/4/mastered_count,ppo_hier_items200_h1000\PPO_1
250000,1.0,per_learner/4/mastered_count,ppo_hier_items200_h1000\PPO_1
262144,3.0,per_learner/4/mastered_count,ppo_hier_items200_h1000\PPO_1
275000,1.0,per_learner/4/mastered_count,ppo_hier_items200_h1000\PPO_1
294912,0.0,per_learner/4/mastered_count,ppo_hier_items200_h1000\PPO_1
300000,0.0,per_learner/4/mastered_count,ppo_hier_items200_h1000\PPO_1
325000,3.0,per_learner/4/mastered_count,ppo_hier_items200_h1000\PPO_1
327680,8.0,per_learner/4/mastered_count,ppo_hier_items200_h1000\PPO_1
350000,6.0,per_learner/4/mastered_count,ppo_hier_items200_h1000\PPO_1
360448,0.0,per_learner/4/mastered_count,ppo_hier_items200_h1000\PPO_1
375000,10.0,per_learner/4/mastered_count,ppo_hier_items200_h1000\PPO_1
393216,0.0,per_learner/4/mastered_count,ppo_hier_items200_h1000\PPO_1
400000,9.0,per_learner/4/mastered_count,ppo_hier_items200_h1000\PPO_1
425000,0.0,per_learner/4/mastered_count,ppo_hier_items200_h1000\PPO_1
425984,0.0,per_learner/4/mastered_count,ppo_hier_items200_h1000\PPO_1
450000,0.0,per_learner/4/mastered_count,ppo_hier_items200_h1000\PPO_1
458752,1.0,per_learner/4/mastered_count,ppo_hier_items200_h1000\PPO_1
475000,0.0,per_learner/4/mastered_count,ppo_hier_items200_h1000\PPO_1
491520,2.0,per_learner/4/mastered_count,ppo_hier_items200_h1000\PPO_1
500000,1.0,per_learner/4/mastered_count,ppo_hier_items200_h1000\PPO_1
524288,5.0,per_learner/4/mastered_count,ppo_hier_items200_h1000\PPO_1
525000,5.0,per_learner/4/mastered_count,ppo_hier_items200_h1000\PPO_1
550000,7.0,per_learner/4/mastered_count,ppo_hier_items200_h1000\PPO_1
557056,5.0,per_learner/4/mastered_count,ppo_hier_items200_h1000\PPO_1
575000,10.0,per_learner/4/mastered_count,ppo_hier_items200_h1000\PPO_1
589824,7.0,per_learner/4/mastered_count,ppo_hier_items200_h1000\PPO_1
600000,12.0,per_learner/4/mastered_count,ppo_hier_items200_h1000\PPO_1
622592,8.0,per_learner/4/mastered_count,ppo_hier_items200_h1000\PPO_1
625000,0.0,per_learner/4/mastered_count,ppo_hier_items200_h1000\PPO_1
650000,0.0,per_learner/4/mastered_count,ppo_hier_items200_h1000\PPO_1
655360,9.0,per_learner/4/mastered_count,ppo_hier_items200_h1000\PPO_1
675000,1.0,per_learner/4/mastered_count,ppo_hier_items200_h1000\PPO_1
688128,0.0,per_learner/4/mastered_count,ppo_hier_items200_h1000\PPO_1
700000,5.0,per_learner/4/mastered_count,ppo_hier_items200_h1000\PPO_1
720896,0.0,per_learner/4/mastered_count,ppo_hier_items200_h1000\PPO_1
725000,11.0,per_learner/4/mastered_count,ppo_hier_items200_h1000\PPO_1
750000,10.0,per_learner/4/mastered_count,ppo_hier_items200_h1000\PPO_1
753664,1.0,per_learner/4/mastered_count,ppo_hier_items200_h1000\PPO_1
775000,12.0,per_learner/4/mastered_count,ppo_hier_items200_h1000\PPO_1
786432,2.0,per_learner/4/mastered_count,ppo_hier_items200_h1000\PPO_1
800000,13.0,per_learner/4/mastered_count,ppo_hier_items200_h1000\PPO_1
819200,6.0,per_learner/4/mastered_count,ppo_hier_items200_h1000\PPO_1
825000,0.0,per_learner/4/mastered_count,ppo_hier_items200_h1000\PPO_1
850000,3.0,per_learner/4/mastered_count,ppo_hier_items200_h1000\PPO_1
851968,6.0,per_learner/4/mastered_count,ppo_hier_items200_h1000\PPO_1
875000,6.0,per_learner/4/mastered_count,ppo_hier_items200_h1000\PPO_1
884736,5.0,per_learner/4/mastered_count,ppo_hier_items200_h1000\PPO_1
900000,5.0,per_learner/4/mastered_count,ppo_hier_items200_h1000\PPO_1
917504,14.0,per_learner/4/mastered_count,ppo_hier_items200_h1000\PPO_1
925000,8.0,per_learner/4/mastered_count,ppo_hier_items200_h1000\PPO_1
950000,13.0,per_learner/4/mastered_count,ppo_hier_items200_h1000\PPO_1
950272,5.0,per_learner/4/mastered_count,ppo_hier_items200_h1000\PPO_1
975000,6.0,per_learner/4/mastered_count,ppo_hier_items200_h1000\PPO_1
983040,10.0,per_learner/4/mastered_count,ppo_hier_items200_h1000\PPO_1
1000000,20.0,per_learner/4/mastered_count,ppo_hier_items200_h1000\PPO_1
1015808,9.0,per_learner/4/mastered_count,ppo_hier_items200_h1000\PPO_1
1025000,2.0,per_learner/4/mastered_count,ppo_hier_items200_h1000\PPO_1
1048576,0.0,per_learner/4/mastered_count,ppo_hier_items200_h1000\PPO_1
1050000,0.0,per_learner/4/mastered_count,ppo_hier_items200_h1000\PPO_1
1075000,5.0,per_learner/4/mastered_count,ppo_hier_items200_h1000\PPO_1
1081344,2.0,per_learner/4/mastered_count,ppo_hier_items200_h1000\PPO_1
1100000,6.0,per_learner/4/mastered_count,ppo_hier_items200_h1000\PPO_1
1114112,3.0,per_learner/4/mastered_count,ppo_hier_items200_h1000\PPO_1
1125000,11.0,per_learner/4/mastered_count,ppo_hier_items200_h1000\PPO_1
1146880,8.0,per_learner/4/mastered_count,ppo_hier_items200_h1000\PPO_1
1150000,12.0,per_learner/4/mastered_count,ppo_hier_items200_h1000\PPO_1
1175000,11.0,per_learner/4/mastered_count,ppo_hier_items200_h1000\PPO_1
1179648,6.0,per_learner/4/mastered_count,ppo_hier_items200_h1000\PPO_1
1200000,12.0,per_learner/4/mastered_count,ppo_hier_items200_h1000\PPO_1
1212416,10.0,per_learner/4/mastered_count,ppo_hier_items200_h1000\PPO_1
1225000,1.0,per_learner/4/mastered_count,ppo_hier_items200_h1000\PPO_1
1245184,8.0,per_learner/4/mastered_count,ppo_hier_items200_h1000\PPO_1
1250000,5.0,per_learner/4/mastered_count,ppo_hier_items200_h1000\PPO_1
1275000,8.0,per_learner/4/mastered_count,ppo_hier_items200_h1000\PPO_1
1277952,7.0,per_learner/4/mastered_count,ppo_hier_items200_h1000\PPO_1
1300000,6.0,per_learner/4/mastered_count,ppo_hier_items200_h1000\PPO_1
1310720,13.0,per_learner/4/mastered_count,ppo_hier_items200_h1000\PPO_1
1325000,7.0,per_learner/4/mastered_count,ppo_hier_items200_h1000\PPO_1
1343488,7.0,per_learner/4/mastered_count,ppo_hier_items200_h1000\PPO_1
1350000,5.0,per_learner/4/mastered_count,ppo_hier_items200_h1000\PPO_1
1375000,11.0,per_learner/4/mastered_count,ppo_hier_items200_h1000\PPO_1
1376256,0.0,per_learner/4/mastered_count,ppo_hier_items200_h1000\PPO_1
1400000,11.0,per_learner/4/mastered_count,ppo_hier_items200_h1000\PPO_1
1409024,1.0,per_learner/4/mastered_count,ppo_hier_items200_h1000\PPO_1
1425000,2.0,per_learner/4/mastered_count,ppo_hier_items200_h1000\PPO_1
1441792,2.0,per_learner/4/mastered_count,ppo_hier_items200_h1000\PPO_1
1450000,2.0,per_learner/4/mastered_count,ppo_hier_items200_h1000\PPO_1
1474560,5.0,per_learner/4/mastered_count,ppo_hier_items200_h1000\PPO_1
1475000,4.0,per_learner/4/mastered_count,ppo_hier_items200_h1000\PPO_1
1500000,9.0,per_learner/4/mastered_count,ppo_hier_items200_h1000\PPO_1
1507328,6.0,per_learner/4/mastered_count,ppo_hier_items200_h1000\PPO_1
1525000,8.0,per_learner/4/mastered_count,ppo_hier_items200_h1000\PPO_1
1540096,9.0,per_learner/4/mastered_count,ppo_hier_items200_h1000\PPO_1
1550000,6.0,per_learner/4/mastered_count,ppo_hier_items200_h1000\PPO_1
1572864,8.0,per_learner/4/mastered_count,ppo_hier_items200_h1000\PPO_1
1575000,13.0,per_learner/4/mastered_count,ppo_hier_items200_h1000\PPO_1
1600000,15.0,per_learner/4/mastered_count,ppo_hier_items200_h1000\PPO_1
1605632,9.0,per_learner/4/mastered_count,ppo_hier_items200_h1000\PPO_1
25000,0.999721884727478,per_learner/4/p_correct,ppo_hier_items200_h1000\PPO_1
32768,0.9998241066932678,per_learner/4/p_correct,ppo_hier_items200_h1000\PPO_1
50000,0.9994342923164368,per_learner/4/p_correct,ppo_hier_items200_h1000\PPO_1
65536,0.9996948838233948,per_learner/4/p_correct,ppo_hier_items200_h1000\PPO_1
75000,0.9994010925292969,per_learner/4/p_correct,ppo_hier_items200_h1000\PPO_1
98304,0.999455451965332,per_learner/4/p_correct,ppo_hier_items200_h1000\PPO_1
100000,0.9988856911659241,per_learner/4/p_correct,ppo_hier_items200_h1000\PPO_1
125000,0.9986123442649841,per_learner/4/p_correct,ppo_hier_items200_h1000\PPO_1
131072,0.9993898868560791,per_learner/4/p_correct,ppo_hier_items200_h1000\PPO_1
150000,0.9994059205055237,per_learner/4/p_correct,ppo_hier_items200_h1000\PPO_1
163840,0.9990944266319275,per_learner/4/p_correct,ppo_hier_items200_h1000\PPO_1
175000,0.9980412721633911,per_learner/4/p_correct,ppo_hier_items200_h1000\PPO_1
196608,0.9989209175109863,per_learner/4/p_correct,ppo_hier_items200_h1000\PPO_1
200000,0.9983968138694763,per_learner/4/p_correct,ppo_hier_items200_h1000\PPO_1
225000,0.9997735619544983,per_learner/4/p_correct,ppo_hier_items200_h1000\PPO_1
229376,0.998495876789093,per_learner/4/p_correct,ppo_hier_items200_h1000\PPO_1
250000,0.9995293021202087,per_learner/4/p_correct,ppo_hier_items200_h1000\PPO_1
262144,0.9987673163414001,per_learner/4/p_correct,ppo_hier_items200_h1000\PPO_1
275000,0.9992949366569519,per_learner/4/p_correct,ppo_hier_items200_h1000\PPO_1
294912,0.9983843564987183,per_learner/4/p_correct,ppo_hier_items200_h1000\PPO_1
300000,0.9988812208175659,per_learner/4/p_correct,ppo_hier_items200_h1000\PPO_1
325000,0.9995908141136169,per_learner/4/p_correct,ppo_hier_items200_h1000\PPO_1
327680,0.9978736639022827,per_learner/4/p_correct,ppo_hier_items200_h1000\PPO_1
350000,0.9987977743148804,per_learner/4/p_correct,ppo_hier_items200_h1000\PPO_1
360448,0.9998940825462341,per_learner/4/p_correct,ppo_hier_items200_h1000\PPO_1
375000,0.9998415112495422,per_learner/4/p_correct,ppo_hier_items200_h1000\PPO_1
393216,0.9997144341468811,per_learner/4/p_correct,ppo_hier_items200_h1000\PPO_1
400000,0.9998762607574463,per_learner/4/p_correct,ppo_hier_items200_h1000\PPO_1
425000,0.9997698664665222,per_learner/4/p_correct,ppo_hier_items200_h1000\PPO_1
425984,0.999912679195404,per_learner/4/p_correct,ppo_hier_items200_h1000\PPO_1
450000,0.9994415640830994,per_learner/4/p_correct,ppo_hier_items200_h1000\PPO_1
458752,0.9993516206741333,per_learner/4/p_correct,ppo_hier_items200_h1000\PPO_1
475000,0.999090850353241,per_learner/4/p_correct,ppo_hier_items200_h1000\PPO_1
491520,0.9990028142929077,per_learner/4/p_correct,ppo_hier_items200_h1000\PPO_1
500000,0.999056875705719,per_learner/4/p_correct,ppo_hier_items200_h1000\PPO_1
524288,0.9988188743591309,per_learner/4/p_correct,ppo_hier_items200_h1000\PPO_1
525000,0.9986173510551453,per_learner/4/p_correct,ppo_hier_items200_h1000\PPO_1
550000,0.9998779296875,per_learner/4/p_correct,ppo_hier_items200_h1000\PPO_1
557056,0.9984642267227173,per_learner/4/p_correct,ppo_hier_items200_h1000\PPO_1
575000,0.9980457425117493,per_learner/4/p_correct,ppo_hier_items200_h1000\PPO_1
589824,0.9986259341239929,per_learner/4/p_correct,ppo_hier_items200_h1000\PPO_1
600000,0.9981142282485962,per_learner/4/p_correct,ppo_hier_items200_h1000\PPO_1
622592,0.9986822605133057,per_learner/4/p_correct,ppo_hier_items200_h1000\PPO_1
625000,0.9997250437736511,per_learner/4/p_correct,ppo_hier_items200_h1000\PPO_1
650000,0.9995341300964355,per_learner/4/p_correct,ppo_hier_items200_h1000\PPO_1
655360,0.9979382753372192,per_learner/4/p_correct,ppo_hier_items200_h1000\PPO_1
675000,0.9998554587364197,per_learner/4/p_correct,ppo_hier_items200_h1000\PPO_1
688128,0.9999700784683228,per_learner/4/p_correct,ppo_hier_items200_h1000\PPO_1
700000,0.9997488260269165,per_learner/4/p_correct,ppo_hier_items200_h1000\PPO_1
720896,0.999788224697113,per_learner/4/p_correct,ppo_hier_items200_h1000\PPO_1
725000,0.9988328814506531,per_learner/4/p_correct,ppo_hier_items200_h1000\PPO_1
750000,0.9995803236961365,per_learner/4/p_correct,ppo_hier_items200_h1000\PPO_1
753664,0.9994966983795166,per_learner/4/p_correct,ppo_hier_items200_h1000\PPO_1
775000,0.9996432065963745,per_learner/4/p_correct,ppo_hier_items200_h1000\PPO_1
786432,0.9998804330825806,per_learner/4/p_correct,ppo_hier_items200_h1000\PPO_1
800000,0.9995439648628235,per_learner/4/p_correct,ppo_hier_items200_h1000\PPO_1
819200,0.9991030693054199,per_learner/4/p_correct,ppo_hier_items200_h1000\PPO_1
825000,0.9997182488441467,per_learner/4/p_correct,ppo_hier_items200_h1000\PPO_1
850000,0.9994480609893799,per_learner/4/p_correct,ppo_hier_items200_h1000\PPO_1
851968,0.9992052912712097,per_learner/4/p_correct,ppo_hier_items200_h1000\PPO_1
875000,0.9991636276245117,per_learner/4/p_correct,ppo_hier_items200_h1000\PPO_1
884736,0.9986728429794312,per_learner/4/p_correct,ppo_hier_items200_h1000\PPO_1
900000,0.9995653629302979,per_learner/4/p_correct,ppo_hier_items200_h1000\PPO_1
917504,0.9983282089233398,per_learner/4/p_correct,ppo_hier_items200_h1000\PPO_1
925000,0.9986034035682678,per_learner/4/p_correct,ppo_hier_items200_h1000\PPO_1
950000,0.9993095993995667,per_learner/4/p_correct,ppo_hier_items200_h1000\PPO_1
950272,0.9982198476791382,per_learner/4/p_correct,ppo_hier_items200_h1000\PPO_1
975000,0.9998443126678467,per_learner/4/p_correct,ppo_hier_items200_h1000\PPO_1
983040,0.9999731779098511,per_learner/4/p_correct,ppo_hier_items200_h1000\PPO_1
1000000,0.9981123208999634,per_learner/4/p_correct,ppo_hier_items200_h1000\PPO_1
1015808,0.9978129267692566,per_learner/4/p_correct,ppo_hier_items200_h1000\PPO_1
1025000,0.9999793767929077,per_learner/4/p_correct,ppo_hier_items200_h1000\PPO_1
1048576,0.999863862991333,per_learner/4/p_correct,ppo_hier_items200_h1000\PPO_1
1050000,0.9998634457588196,per_learner/4/p_correct,ppo_hier_items200_h1000\PPO_1
1075000,0.9997238516807556,per_learner/4/p_correct,ppo_hier_items200_h1000\PPO_1
1081344,0.9997302293777466,per_learner/4/p_correct,ppo_hier_items200_h1000\PPO_1
1100000,0.9996042847633362,per_learner/4/p_correct,ppo_hier_items200_h1000\PPO_1
1114112,0.9995060563087463,per_learner/4/p_correct,ppo_hier_items200_h1000\PPO_1
1125000,0.9999181032180786,per_learner/4/p_correct,ppo_hier_items200_h1000\PPO_1
1146880,0.9999902844429016,per_learner/4/p_correct,ppo_hier_items200_h1000\PPO_1
1150000,0.9985992908477783,per_learner/4/p_correct,ppo_hier_items200_h1000\PPO_1
1175000,0.9995291233062744,per_learner/4/p_correct,ppo_hier_items200_h1000\PPO_1
1179648,0.9998360872268677,per_learner/4/p_correct,ppo_hier_items200_h1000\PPO_1
1200000,0.9981123208999634,per_learner/4/p_correct,ppo_hier_items200_h1000\PPO_1
1212416,0.9991138577461243,per_learner/4/p_correct,ppo_hier_items200_h1000\PPO_1
1225000,0.9998008608818054,per_learner/4/p_correct,ppo_hier_items200_h1000\PPO_1
1245184,0.9999170303344727,per_learner/4/p_correct,ppo_hier_items200_h1000\PPO_1
1250000,0.9993946552276611,per_learner/4/p_correct,ppo_hier_items200_h1000\PPO_1
1275000,0.999950647354126,per_learner/4/p_correct,ppo_hier_items200_h1000\PPO_1
1277952,0.998353898525238,per_learner/4/p_correct,ppo_hier_items200_h1000\PPO_1
1300000,0.9998255372047424,per_learner/4/p_correct,ppo_hier_items200_h1000\PPO_1
1310720,0.9986518025398254,per_learner/4/p_correct,ppo_hier_items200_h1000\PPO_1
1325000,0.9999252557754517,per_learner/4/p_correct,ppo_hier_items200_h1000\PPO_1
1343488,0.9978750348091125,per_learner/4/p_correct,ppo_hier_items200_h1000\PPO_1
1350000,0.9987993836402893,per_learner/4/p_correct,ppo_hier_items200_h1000\PPO_1
1375000,0.9980412721633911,per_learner/4/p_correct,ppo_hier_items200_h1000\PPO_1
1376256,0.999927282333374,per_learner/4/p_correct,ppo_hier_items200_h1000\PPO_1
1400000,0.9975734353065491,per_learner/4/p_correct,ppo_hier_items200_h1000\PPO_1
1409024,0.9999234676361084,per_learner/4/p_correct,ppo_hier_items200_h1000\PPO_1
1425000,0.9997182488441467,per_learner/4/p_correct,ppo_hier_items200_h1000\PPO_1
1441792,0.9996402859687805,per_learner/4/p_correct,ppo_hier_items200_h1000\PPO_1
1450000,0.9994342923164368,per_learner/4/p_correct,ppo_hier_items200_h1000\PPO_1
1474560,0.9998135566711426,per_learner/4/p_correct,ppo_hier_items200_h1000\PPO_1
1475000,0.9998806715011597,per_learner/4/p_correct,ppo_hier_items200_h1000\PPO_1
1500000,0.9998036026954651,per_learner/4/p_correct,ppo_hier_items200_h1000\PPO_1
1507328,0.999055027961731,per_learner/4/p_correct,ppo_hier_items200_h1000\PPO_1
1525000,0.9986011385917664,per_learner/4/p_correct,ppo_hier_items200_h1000\PPO_1
1540096,0.9990323185920715,per_learner/4/p_correct,ppo_hier_items200_h1000\PPO_1
1550000,0.9999761581420898,per_learner/4/p_correct,ppo_hier_items200_h1000\PPO_1
1572864,0.999023973941803,per_learner/4/p_correct,ppo_hier_items200_h1000\PPO_1
1575000,0.9983487129211426,per_learner/4/p_correct,ppo_hier_items200_h1000\PPO_1
1600000,0.9998624324798584,per_learner/4/p_correct,ppo_hier_items200_h1000\PPO_1
1605632,0.9984402656555176,per_learner/4/p_correct,ppo_hier_items200_h1000\PPO_1
25000,0.9990695118904114,per_learner/4/reward,ppo_hier_items200_h1000\PPO_1
32768,0.9990440011024475,per_learner/4/reward,ppo_hier_items200_h1000\PPO_1
50000,0.9991414546966553,per_learner/4/reward,ppo_hier_items200_h1000\PPO_1
65536,0.999076247215271,per_learner/4/reward,ppo_hier_items200_h1000\PPO_1
75000,0.999149739742279,per_learner/4/reward,ppo_hier_items200_h1000\PPO_1
98304,0.9991361498832703,per_learner/4/reward,ppo_hier_items200_h1000\PPO_1
100000,0.9992785453796387,per_learner/4/reward,ppo_hier_items200_h1000\PPO_1
125000,0.999346911907196,per_learner/4/reward,ppo_hier_items200_h1000\PPO_1
131072,0.9991525411605835,per_learner/4/reward,ppo_hier_items200_h1000\PPO_1
150000,0.9991484880447388,per_learner/4/reward,ppo_hier_items200_h1000\PPO_1
163840,0.9992263913154602,per_learner/4/reward,ppo_hier_items200_h1000\PPO_1
175000,0.9994896650314331,per_learner/4/reward,ppo_hier_items200_h1000\PPO_1
196608,0.9992697834968567,per_learner/4/reward,ppo_hier_items200_h1000\PPO_1
200000,0.999400794506073,per_learner/4/reward,ppo_hier_items200_h1000\PPO_1
225000,0.9990565776824951,per_learner/4/reward,ppo_hier_items200_h1000\PPO_1
229376,0.9993760585784912,per_learner/4/reward,ppo_hier_items200_h1000\PPO_1
250000,0.9991176724433899,per_learner/4/reward,ppo_hier_items200_h1000\PPO_1
262144,0.999308168888092,per_learner/4/reward,ppo_hier_items200_h1000\PPO_1
275000,0.9991762638092041,per_learner/4/reward,ppo_hier_items200_h1000\PPO_1
294912,0.9994038939476013,per_learner/4/reward,ppo_hier_items200_h1000\PPO_1
300000,0.9992796778678894,per_learner/4/reward,ppo_hier_items200_h1000\PPO_1
325000,0.9991022944450378,per_learner/4/reward,ppo_hier_items200_h1000\PPO_1
327680,0.9995315670967102,per_learner/4/reward,ppo_hier_items200_h1000\PPO_1
350000,0.9993005394935608,per_learner/4/reward,ppo_hier_items200_h1000\PPO_1
360448,0.9990264773368835,per_learner/4/reward,ppo_hier_items200_h1000\PPO_1
375000,0.9990396499633789,per_learner/4/reward,ppo_hier_items200_h1000\PPO_1
393216,0.9990713596343994,per_learner/4/reward,ppo_hier_items200_h1000\PPO_1
400000,3.009030818939209,per_learner/4/reward,ppo_hier_items200_h1000\PPO_1
425000,0.9990575313568115,per_learner/4/reward,ppo_hier_items200_h1000\PPO_1
425984,0.9990218281745911,per_learner/4/reward,ppo_hier_items200_h1000\PPO_1
450000,0.9991396069526672,per_learner/4/reward,ppo_hier_items200_h1000\PPO_1
458752,0.9991620779037476,per_learner/4/reward,ppo_hier_items200_h1000\PPO_1
475000,0.9992272853851318,per_learner/4/reward,ppo_hier_items200_h1000\PPO_1
491520,0.999249279499054,per_learner/4/reward,ppo_hier_items200_h1000\PPO_1
500000,0.9992357492446899,per_learner/4/reward,ppo_hier_items200_h1000\PPO_1
524288,0.9992952942848206,per_learner/4/reward,ppo_hier_items200_h1000\PPO_1
525000,0.9993456602096558,per_learner/4/reward,ppo_hier_items200_h1000\PPO_1
550000,3.00903058052063,per_learner/4/reward,ppo_hier_items200_h1000\PPO_1
557056,0.9993839263916016,per_learner/4/reward,ppo_hier_items200_h1000\PPO_1
575000,0.9994885325431824,per_learner/4/reward,ppo_hier_items200_h1000\PPO_1
589824,0.9993435144424438,per_learner/4/reward,ppo_hier_items200_h1000\PPO_1
600000,0.9994714260101318,per_learner/4/reward,ppo_hier_items200_h1000\PPO_1
622592,0.9993294477462769,per_learner/4/reward,ppo_hier_items200_h1000\PPO_1
625000,0.9990687370300293,per_learner/4/reward,ppo_hier_items200_h1000\PPO_1
650000,0.9991164803504944,per_learner/4/reward,ppo_hier_items200_h1000\PPO_1
655360,0.9995154142379761,per_learner/4/reward,ppo_hier_items200_h1000\PPO_1
675000,0.9990361332893372,per_learner/4/reward,ppo_hier_items200_h1000\PPO_1
688128,0.9990074634552002,per_learner/4/reward,ppo_hier_items200_h1000\PPO_1
700000,0.9990627765655518,per_learner/4/reward,ppo_hier_items200_h1000\PPO_1
720896,0.9990529417991638,per_learner/4/reward,ppo_hier_items200_h1000\PPO_1
725000,0.9992917776107788,per_learner/4/reward,ppo_hier_items200_h1000\PPO_1
750000,0.999104917049408,per_learner/4/reward,ppo_hier_items200_h1000\PPO_1
753664,0.9991258382797241,per_learner/4/reward,ppo_hier_items200_h1000\PPO_1
775000,3.009089231491089,per_learner/4/reward,ppo_hier_items200_h1000\PPO_1
786432,0.9990298748016357,per_learner/4/reward,ppo_hier_items200_h1000\PPO_1
800000,0.9991140365600586,per_learner/4/reward,ppo_hier_items200_h1000\PPO_1
819200,0.9992242455482483,per_learner/4/reward,ppo_hier_items200_h1000\PPO_1
825000,0.9990704655647278,per_learner/4/reward,ppo_hier_items200_h1000\PPO_1
850000,0.9991379976272583,per_learner/4/reward,ppo_hier_items200_h1000\PPO_1
851968,0.9991986751556396,per_learner/4/reward,ppo_hier_items200_h1000\PPO_1
875000,0.9992091059684753,per_learner/4/reward,ppo_hier_items200_h1000\PPO_1
884736,0.9993317723274231,per_learner/4/reward,ppo_hier_items200_h1000\PPO_1
900000,0.9991086721420288,per_learner/4/reward,ppo_hier_items200_h1000\PPO_1
917504,0.9994179606437683,per_learner/4/reward,ppo_hier_items200_h1000\PPO_1
925000,0.9993491768836975,per_learner/4/reward,ppo_hier_items200_h1000\PPO_1
950000,0.999172568321228,per_learner/4/reward,ppo_hier_items200_h1000\PPO_1
950272,0.9994450211524963,per_learner/4/reward,ppo_hier_items200_h1000\PPO_1
975000,0.9990389347076416,per_learner/4/reward,ppo_hier_items200_h1000\PPO_1
983040,3.0090067386627197,per_learner/4/reward,ppo_hier_items200_h1000\PPO_1
1000000,0.99947190284729,per_learner/4/reward,ppo_hier_items200_h1000\PPO_1
1015808,0.9995467662811279,per_learner/4/reward,ppo_hier_items200_h1000\PPO_1
1025000,0.999005138874054,per_learner/4/reward,ppo_hier_items200_h1000\PPO_1
1048576,0.99903404712677,per_learner/4/reward,ppo_hier_items200_h1000\PPO_1
1050000,0.9990341663360596,per_learner/4/reward,ppo_hier_items200_h1000\PPO_1
1075000,0.9990690350532532,per_learner/4/reward,ppo_hier_items200_h1000\PPO_1
1081344,0.9990674257278442,per_learner/4/reward,ppo_hier_items200_h1000\PPO_1
1100000,0.9990989565849304,per_learner/4/reward,ppo_hier_items200_h1000\PPO_1
1114112,0.9991235136985779,per_learner/4/reward,ppo_hier_items200_h1000\PPO_1
1125000,3.0090205669403076,per_learner/4/reward,ppo_hier_items200_h1000\PPO_1
1146880,3.009002447128296,per_learner/4/reward,ppo_hier_items200_h1000\PPO_1
1150000,0.9993501901626587,per_learner/4/reward,ppo_hier_items200_h1000\PPO_1
1175000,0.9991177320480347,per_learner/4/reward,ppo_hier_items200_h1000\PPO_1
1179648,3.0090410709381104,per_learner/4/reward,ppo_hier_items200_h1000\PPO_1
1200000,0.99947190284729,per_learner/4/reward,ppo_hier_items200_h1000\PPO_1
1212416,0.9992215633392334,per_learner/4/reward,ppo_hier_items200_h1000\PPO_1
1225000,0.9990497827529907,per_learner/4/reward,ppo_hier_items200_h1000\PPO_1
1245184,3.0090208053588867,per_learner/4/reward,ppo_hier_items200_h1000\PPO_1
1250000,0.999151349067688,per_learner/4/reward,ppo_hier_items200_h1000\PPO_1
1275000,3.009012222290039,per_learner/4/reward,ppo_hier_items200_h1000\PPO_1
1277952,0.9994115233421326,per_learner/4/reward,ppo_hier_items200_h1000\PPO_1
1300000,0.9990435838699341,per_learner/4/reward,ppo_hier_items200_h1000\PPO_1
1310720,0.9993370175361633,per_learner/4/reward,ppo_hier_items200_h1000\PPO_1
1325000,0.999018669128418,per_learner/4/reward,ppo_hier_items200_h1000\PPO_1
1343488,0.9995312094688416,per_learner/4/reward,ppo_hier_items200_h1000\PPO_1
1350000,0.9993001818656921,per_learner/4/reward,ppo_hier_items200_h1000\PPO_1
1375000,0.9994896650314331,per_learner/4/reward,ppo_hier_items200_h1000\PPO_1
1376256,0.9990181922912598,per_learner/4/reward,ppo_hier_items200_h1000\PPO_1
1400000,0.9996066093444824,per_learner/4/reward,ppo_hier_items200_h1000\PPO_1
1409024,0.9990191459655762,per_learner/4/reward,ppo_hier_items200_h1000\PPO_1
1425000,0.9990704655647278,per_learner/4/reward,ppo_hier_items200_h1000\PPO_1
1441792,0.9990898966789246,per_learner/4/reward,ppo_hier_items200_h1000\PPO_1
1450000,0.9991414546966553,per_learner/4/reward,ppo_hier_items200_h1000\PPO_1
1474560,0.9990466237068176,per_learner/4/reward,ppo_hier_items200_h1000\PPO_1
1475000,3.0090298652648926,per_learner/4/reward,ppo_hier_items200_h1000\PPO_1
1500000,3.0090491771698,per_learner/4/reward,ppo_hier_items200_h1000\PPO_1
1507328,0.9992362260818481,per_learner/4/reward,ppo_hier_items200_h1000\PPO_1
1525000,0.9993497133255005,per_learner/4/reward,ppo_hier_items200_h1000\PPO_1
1540096,0.9992418885231018,per_learner/4/reward,ppo_hier_items200_h1000\PPO_1
1550000,0.9990059733390808,per_learner/4/reward,ppo_hier_items200_h1000\PPO_1
1572864,0.999243974685669,per_learner/4/reward,ppo_hier_items200_h1000\PPO_1
1575000,0.9994128346443176,per_learner/4/reward,ppo_hier_items200_h1000\PPO_1
1600000,0.9990344047546387,per_learner/4/reward,ppo_hier_items200_h1000\PPO_1
1605632,0.9993899464607239,per_learner/4/reward,ppo_hier_items200_h1000\PPO_1
25000,1.0,per_learner/4/rolling_acc,ppo_hier_items200_h1000\PPO_1
32768,1.0,per_learner/4/rolling_acc,ppo_hier_items200_h1000\PPO_1
50000,1.0,per_learner/4/rolling_acc,ppo_hier_items200_h1000\PPO_1
65536,1.0,per_learner/4/rolling_acc,ppo_hier_items200_h1000\PPO_1
75000,1.0,per_learner/4/rolling_acc,ppo_hier_items200_h1000\PPO_1
98304,1.0,per_learner/4/rolling_acc,ppo_hier_items200_h1000\PPO_1
100000,1.0,per_learner/4/rolling_acc,ppo_hier_items200_h1000\PPO_1
125000,1.0,per_learner/4/rolling_acc,ppo_hier_items200_h1000\PPO_1
131072,1.0,per_learner/4/rolling_acc,ppo_hier_items200_h1000\PPO_1
150000,1.0,per_learner/4/rolling_acc,ppo_hier_items200_h1000\PPO_1
163840,1.0,per_learner/4/rolling_acc,ppo_hier_items200_h1000\PPO_1
175000,0.9666666388511658,per_learner/4/rolling_acc,ppo_hier_items200_h1000\PPO_1
196608,1.0,per_learner/4/rolling_acc,ppo_hier_items200_h1000\PPO_1
200000,1.0,per_learner/4/rolling_acc,ppo_hier_items200_h1000\PPO_1
225000,1.0,per_learner/4/rolling_acc,ppo_hier_items200_h1000\PPO_1
229376,1.0,per_learner/4/rolling_acc,ppo_hier_items200_h1000\PPO_1
250000,1.0,per_learner/4/rolling_acc,ppo_hier_items200_h1000\PPO_1
262144,1.0,per_learner/4/rolling_acc,ppo_hier_items200_h1000\PPO_1
275000,1.0,per_learner/4/rolling_acc,ppo_hier_items200_h1000\PPO_1
294912,1.0,per_learner/4/rolling_acc,ppo_hier_items200_h1000\PPO_1
300000,1.0,per_learner/4/rolling_acc,ppo_hier_items200_h1000\PPO_1
325000,1.0,per_learner/4/rolling_acc,ppo_hier_items200_h1000\PPO_1
327680,1.0,per_learner/4/rolling_acc,ppo_hier_items200_h1000\PPO_1
350000,1.0,per_learner/4/rolling_acc,ppo_hier_items200_h1000\PPO_1
360448,1.0,per_learner/4/rolling_acc,ppo_hier_items200_h1000\PPO_1
375000,1.0,per_learner/4/rolling_acc,ppo_hier_items200_h1000\PPO_1
393216,1.0,per_learner/4/rolling_acc,ppo_hier_items200_h1000\PPO_1
400000,1.0,per_learner/4/rolling_acc,ppo_hier_items200_h1000\PPO_1
425000,1.0,per_learner/4/rolling_acc,ppo_hier_items200_h1000\PPO_1
425984,1.0,per_learner/4/rolling_acc,ppo_hier_items200_h1000\PPO_1
450000,1.0,per_learner/4/rolling_acc,ppo_hier_items200_h1000\PPO_1
458752,1.0,per_learner/4/rolling_acc,ppo_hier_items200_h1000\PPO_1
475000,1.0,per_learner/4/rolling_acc,ppo_hier_items200_h1000\PPO_1
491520,1.0,per_learner/4/rolling_acc,ppo_hier_items200_h1000\PPO_1
500000,1.0,per_learner/4/rolling_acc,ppo_hier_items200_h1000\PPO_1
524288,1.0,per_learner/4/rolling_acc,ppo_hier_items200_h1000\PPO_1
525000,1.0,per_learner/4/rolling_acc,ppo_hier_items200_h1000\PPO_1
550000,1.0,per_learner/4/rolling_acc,ppo_hier_items200_h1000\PPO_1
557056,1.0,per_learner/4/rolling_acc,ppo_hier_items200_h1000\PPO_1
575000,1.0,per_learner/4/rolling_acc,ppo_hier_items200_h1000\PPO_1
589824,1.0,per_learner/4/rolling_acc,ppo_hier_items200_h1000\PPO_1
600000,1.0,per_learner/4/rolling_acc,ppo_hier_items200_h1000\PPO_1
622592,1.0,per_learner/4/rolling_acc,ppo_hier_items200_h1000\PPO_1
625000,1.0,per_learner/4/rolling_acc,ppo_hier_items200_h1000\PPO_1
650000,1.0,per_learner/4/rolling_acc,ppo_hier_items200_h1000\PPO_1
655360,1.0,per_learner/4/rolling_acc,ppo_hier_items200_h1000\PPO_1
675000,1.0,per_learner/4/rolling_acc,ppo_hier_items200_h1000\PPO_1
688128,1.0,per_learner/4/rolling_acc,ppo_hier_items200_h1000\PPO_1
700000,1.0,per_learner/4/rolling_acc,ppo_hier_items200_h1000\PPO_1
720896,1.0,per_learner/4/rolling_acc,ppo_hier_items200_h1000\PPO_1
725000,1.0,per_learner/4/rolling_acc,ppo_hier_items200_h1000\PPO_1
750000,1.0,per_learner/4/rolling_acc,ppo_hier_items200_h1000\PPO_1
753664,1.0,per_learner/4/rolling_acc,ppo_hier_items200_h1000\PPO_1
775000,1.0,per_learner/4/rolling_acc,ppo_hier_items200_h1000\PPO_1
786432,1.0,per_learner/4/rolling_acc,ppo_hier_items200_h1000\PPO_1
800000,1.0,per_learner/4/rolling_acc,ppo_hier_items200_h1000\PPO_1
819200,1.0,per_learner/4/rolling_acc,ppo_hier_items200_h1000\PPO_1
825000,1.0,per_learner/4/rolling_acc,ppo_hier_items200_h1000\PPO_1
850000,1.0,per_learner/4/rolling_acc,ppo_hier_items200_h1000\PPO_1
851968,1.0,per_learner/4/rolling_acc,ppo_hier_items200_h1000\PPO_1
875000,1.0,per_learner/4/rolling_acc,ppo_hier_items200_h1000\PPO_1
884736,1.0,per_learner/4/rolling_acc,ppo_hier_items200_h1000\PPO_1
900000,1.0,per_learner/4/rolling_acc,ppo_hier_items200_h1000\PPO_1
917504,1.0,per_learner/4/rolling_acc,ppo_hier_items200_h1000\PPO_1
925000,1.0,per_learner/4/rolling_acc,ppo_hier_items200_h1000\PPO_1
950000,1.0,per_learner/4/rolling_acc,ppo_hier_items200_h1000\PPO_1
950272,1.0,per_learner/4/rolling_acc,ppo_hier_items200_h1000\PPO_1
975000,1.0,per_learner/4/rolling_acc,ppo_hier_items200_h1000\PPO_1
983040,1.0,per_learner/4/rolling_acc,ppo_hier_items200_h1000\PPO_1
1000000,1.0,per_learner/4/rolling_acc,ppo_hier_items200_h1000\PPO_1
1015808,1.0,per_learner/4/rolling_acc,ppo_hier_items200_h1000\PPO_1
1025000,1.0,per_learner/4/rolling_acc,ppo_hier_items200_h1000\PPO_1
1048576,1.0,per_learner/4/rolling_acc,ppo_hier_items200_h1000\PPO_1
1050000,1.0,per_learner/4/rolling_acc,ppo_hier_items200_h1000\PPO_1
1075000,1.0,per_learner/4/rolling_acc,ppo_hier_items200_h1000\PPO_1
1081344,1.0,per_learner/4/rolling_acc,ppo_hier_items200_h1000\PPO_1
1100000,1.0,per_learner/4/rolling_acc,ppo_hier_items200_h1000\PPO_1
1114112,1.0,per_learner/4/rolling_acc,ppo_hier_items200_h1000\PPO_1
1125000,1.0,per_learner/4/rolling_acc,ppo_hier_items200_h1000\PPO_1
1146880,1.0,per_learner/4/rolling_acc,ppo_hier_items200_h1000\PPO_1
1150000,1.0,per_learner/4/rolling_acc,ppo_hier_items200_h1000\PPO_1
1175000,1.0,per_learner/4/rolling_acc,ppo_hier_items200_h1000\PPO_1
1179648,1.0,per_learner/4/rolling_acc,ppo_hier_items200_h1000\PPO_1
1200000,1.0,per_learner/4/rolling_acc,ppo_hier_items200_h1000\PPO_1
1212416,1.0,per_learner/4/rolling_acc,ppo_hier_items200_h1000\PPO_1
1225000,1.0,per_learner/4/rolling_acc,ppo_hier_items200_h1000\PPO_1
1245184,1.0,per_learner/4/rolling_acc,ppo_hier_items200_h1000\PPO_1
1250000,1.0,per_learner/4/rolling_acc,ppo_hier_items200_h1000\PPO_1
1275000,1.0,per_learner/4/rolling_acc,ppo_hier_items200_h1000\PPO_1
1277952,1.0,per_learner/4/rolling_acc,ppo_hier_items200_h1000\PPO_1
1300000,1.0,per_learner/4/rolling_acc,ppo_hier_items200_h1000\PPO_1
1310720,1.0,per_learner/4/rolling_acc,ppo_hier_items200_h1000\PPO_1
1325000,1.0,per_learner/4/rolling_acc,ppo_hier_items200_h1000\PPO_1
1343488,1.0,per_learner/4/rolling_acc,ppo_hier_items200_h1000\PPO_1
1350000,1.0,per_learner/4/rolling_acc,ppo_hier_items200_h1000\PPO_1
1375000,1.0,per_learner/4/rolling_acc,ppo_hier_items200_h1000\PPO_1
1376256,1.0,per_learner/4/rolling_acc,ppo_hier_items200_h1000\PPO_1
1400000,1.0,per_learner/4/rolling_acc,ppo_hier_items200_h1000\PPO_1
1409024,1.0,per_learner/4/rolling_acc,ppo_hier_items200_h1000\PPO_1
1425000,1.0,per_learner/4/rolling_acc,ppo_hier_items200_h1000\PPO_1
1441792,1.0,per_learner/4/rolling_acc,ppo_hier_items200_h1000\PPO_1
1450000,1.0,per_learner/4/rolling_acc,ppo_hier_items200_h1000\PPO_1
1474560,1.0,per_learner/4/rolling_acc,ppo_hier_items200_h1000\PPO_1
1475000,1.0,per_learner/4/rolling_acc,ppo_hier_items200_h1000\PPO_1
1500000,1.0,per_learner/4/rolling_acc,ppo_hier_items200_h1000\PPO_1
1507328,1.0,per_learner/4/rolling_acc,ppo_hier_items200_h1000\PPO_1
1525000,1.0,per_learner/4/rolling_acc,ppo_hier_items200_h1000\PPO_1
1540096,1.0,per_learner/4/rolling_acc,ppo_hier_items200_h1000\PPO_1
1550000,1.0,per_learner/4/rolling_acc,ppo_hier_items200_h1000\PPO_1
1572864,1.0,per_learner/4/rolling_acc,ppo_hier_items200_h1000\PPO_1
1575000,1.0,per_learner/4/rolling_acc,ppo_hier_items200_h1000\PPO_1
1600000,1.0,per_learner/4/rolling_acc,ppo_hier_items200_h1000\PPO_1
1605632,1.0,per_learner/4/rolling_acc,ppo_hier_items200_h1000\PPO_1
25000,1.0,per_learner/5/correct,ppo_hier_items200_h1000\PPO_1
32768,1.0,per_learner/5/correct,ppo_hier_items200_h1000\PPO_1
50000,1.0,per_learner/5/correct,ppo_hier_items200_h1000\PPO_1
65536,1.0,per_learner/5/correct,ppo_hier_items200_h1000\PPO_1
75000,1.0,per_learner/5/correct,ppo_hier_items200_h1000\PPO_1
98304,1.0,per_learner/5/correct,ppo_hier_items200_h1000\PPO_1
100000,1.0,per_learner/5/correct,ppo_hier_items200_h1000\PPO_1
125000,1.0,per_learner/5/correct,ppo_hier_items200_h1000\PPO_1
131072,1.0,per_learner/5/correct,ppo_hier_items200_h1000\PPO_1
150000,1.0,per_learner/5/correct,ppo_hier_items200_h1000\PPO_1
163840,1.0,per_learner/5/correct,ppo_hier_items200_h1000\PPO_1
175000,1.0,per_learner/5/correct,ppo_hier_items200_h1000\PPO_1
196608,1.0,per_learner/5/correct,ppo_hier_items200_h1000\PPO_1
200000,1.0,per_learner/5/correct,ppo_hier_items200_h1000\PPO_1
225000,1.0,per_learner/5/correct,ppo_hier_items200_h1000\PPO_1
229376,1.0,per_learner/5/correct,ppo_hier_items200_h1000\PPO_1
250000,1.0,per_learner/5/correct,ppo_hier_items200_h1000\PPO_1
262144,1.0,per_learner/5/correct,ppo_hier_items200_h1000\PPO_1
275000,1.0,per_learner/5/correct,ppo_hier_items200_h1000\PPO_1
294912,1.0,per_learner/5/correct,ppo_hier_items200_h1000\PPO_1
300000,1.0,per_learner/5/correct,ppo_hier_items200_h1000\PPO_1
325000,1.0,per_learner/5/correct,ppo_hier_items200_h1000\PPO_1
327680,1.0,per_learner/5/correct,ppo_hier_items200_h1000\PPO_1
350000,1.0,per_learner/5/correct,ppo_hier_items200_h1000\PPO_1
360448,1.0,per_learner/5/correct,ppo_hier_items200_h1000\PPO_1
375000,1.0,per_learner/5/correct,ppo_hier_items200_h1000\PPO_1
393216,1.0,per_learner/5/correct,ppo_hier_items200_h1000\PPO_1
400000,1.0,per_learner/5/correct,ppo_hier_items200_h1000\PPO_1
425000,1.0,per_learner/5/correct,ppo_hier_items200_h1000\PPO_1
425984,1.0,per_learner/5/correct,ppo_hier_items200_h1000\PPO_1
450000,1.0,per_learner/5/correct,ppo_hier_items200_h1000\PPO_1
458752,1.0,per_learner/5/correct,ppo_hier_items200_h1000\PPO_1
475000,1.0,per_learner/5/correct,ppo_hier_items200_h1000\PPO_1
491520,1.0,per_learner/5/correct,ppo_hier_items200_h1000\PPO_1
500000,1.0,per_learner/5/correct,ppo_hier_items200_h1000\PPO_1
524288,1.0,per_learner/5/correct,ppo_hier_items200_h1000\PPO_1
525000,1.0,per_learner/5/correct,ppo_hier_items200_h1000\PPO_1
550000,1.0,per_learner/5/correct,ppo_hier_items200_h1000\PPO_1
557056,1.0,per_learner/5/correct,ppo_hier_items200_h1000\PPO_1
575000,1.0,per_learner/5/correct,ppo_hier_items200_h1000\PPO_1
589824,1.0,per_learner/5/correct,ppo_hier_items200_h1000\PPO_1
600000,1.0,per_learner/5/correct,ppo_hier_items200_h1000\PPO_1
622592,1.0,per_learner/5/correct,ppo_hier_items200_h1000\PPO_1
625000,1.0,per_learner/5/correct,ppo_hier_items200_h1000\PPO_1
650000,1.0,per_learner/5/correct,ppo_hier_items200_h1000\PPO_1
655360,1.0,per_learner/5/correct,ppo_hier_items200_h1000\PPO_1
675000,1.0,per_learner/5/correct,ppo_hier_items200_h1000\PPO_1
688128,1.0,per_learner/5/correct,ppo_hier_items200_h1000\PPO_1
700000,1.0,per_learner/5/correct,ppo_hier_items200_h1000\PPO_1
720896,1.0,per_learner/5/correct,ppo_hier_items200_h1000\PPO_1
725000,1.0,per_learner/5/correct,ppo_hier_items200_h1000\PPO_1
750000,1.0,per_learner/5/correct,ppo_hier_items200_h1000\PPO_1
753664,1.0,per_learner/5/correct,ppo_hier_items200_h1000\PPO_1
775000,1.0,per_learner/5/correct,ppo_hier_items200_h1000\PPO_1
786432,1.0,per_learner/5/correct,ppo_hier_items200_h1000\PPO_1
800000,1.0,per_learner/5/correct,ppo_hier_items200_h1000\PPO_1
819200,1.0,per_learner/5/correct,ppo_hier_items200_h1000\PPO_1
825000,1.0,per_learner/5/correct,ppo_hier_items200_h1000\PPO_1
850000,1.0,per_learner/5/correct,ppo_hier_items200_h1000\PPO_1
851968,1.0,per_learner/5/correct,ppo_hier_items200_h1000\PPO_1
875000,1.0,per_learner/5/correct,ppo_hier_items200_h1000\PPO_1
884736,1.0,per_learner/5/correct,ppo_hier_items200_h1000\PPO_1
900000,1.0,per_learner/5/correct,ppo_hier_items200_h1000\PPO_1
917504,1.0,per_learner/5/correct,ppo_hier_items200_h1000\PPO_1
925000,1.0,per_learner/5/correct,ppo_hier_items200_h1000\PPO_1
950000,1.0,per_learner/5/correct,ppo_hier_items200_h1000\PPO_1
950272,1.0,per_learner/5/correct,ppo_hier_items200_h1000\PPO_1
975000,1.0,per_learner/5/correct,ppo_hier_items200_h1000\PPO_1
983040,1.0,per_learner/5/correct,ppo_hier_items200_h1000\PPO_1
1000000,1.0,per_learner/5/correct,ppo_hier_items200_h1000\PPO_1
1015808,1.0,per_learner/5/correct,ppo_hier_items200_h1000\PPO_1
1025000,1.0,per_learner/5/correct,ppo_hier_items200_h1000\PPO_1
1048576,1.0,per_learner/5/correct,ppo_hier_items200_h1000\PPO_1
1050000,1.0,per_learner/5/correct,ppo_hier_items200_h1000\PPO_1
1075000,1.0,per_learner/5/correct,ppo_hier_items200_h1000\PPO_1
1081344,1.0,per_learner/5/correct,ppo_hier_items200_h1000\PPO_1
1100000,1.0,per_learner/5/correct,ppo_hier_items200_h1000\PPO_1
1114112,1.0,per_learner/5/correct,ppo_hier_items200_h1000\PPO_1
1125000,1.0,per_learner/5/correct,ppo_hier_items200_h1000\PPO_1
1146880,1.0,per_learner/5/correct,ppo_hier_items200_h1000\PPO_1
1150000,1.0,per_learner/5/correct,ppo_hier_items200_h1000\PPO_1
1175000,1.0,per_learner/5/correct,ppo_hier_items200_h1000\PPO_1
1179648,1.0,per_learner/5/correct,ppo_hier_items200_h1000\PPO_1
1200000,1.0,per_learner/5/correct,ppo_hier_items200_h1000\PPO_1
1212416,1.0,per_learner/5/correct,ppo_hier_items200_h1000\PPO_1
1225000,1.0,per_learner/5/correct,ppo_hier_items200_h1000\PPO_1
1245184,1.0,per_learner/5/correct,ppo_hier_items200_h1000\PPO_1
1250000,1.0,per_learner/5/correct,ppo_hier_items200_h1000\PPO_1
1275000,1.0,per_learner/5/correct,ppo_hier_items200_h1000\PPO_1
1277952,1.0,per_learner/5/correct,ppo_hier_items200_h1000\PPO_1
1300000,1.0,per_learner/5/correct,ppo_hier_items200_h1000\PPO_1
1310720,1.0,per_learner/5/correct,ppo_hier_items200_h1000\PPO_1
1325000,1.0,per_learner/5/correct,ppo_hier_items200_h1000\PPO_1
1343488,1.0,per_learner/5/correct,ppo_hier_items200_h1000\PPO_1
1350000,1.0,per_learner/5/correct,ppo_hier_items200_h1000\PPO_1
1375000,1.0,per_learner/5/correct,ppo_hier_items200_h1000\PPO_1
1376256,1.0,per_learner/5/correct,ppo_hier_items200_h1000\PPO_1
1400000,1.0,per_learner/5/correct,ppo_hier_items200_h1000\PPO_1
1409024,1.0,per_learner/5/correct,ppo_hier_items200_h1000\PPO_1
1425000,1.0,per_learner/5/correct,ppo_hier_items200_h1000\PPO_1
1441792,1.0,per_learner/5/correct,ppo_hier_items200_h1000\PPO_1
1450000,1.0,per_learner/5/correct,ppo_hier_items200_h1000\PPO_1
1474560,1.0,per_learner/5/correct,ppo_hier_items200_h1000\PPO_1
1475000,1.0,per_learner/5/correct,ppo_hier_items200_h1000\PPO_1
1500000,1.0,per_learner/5/correct,ppo_hier_items200_h1000\PPO_1
1507328,1.0,per_learner/5/correct,ppo_hier_items200_h1000\PPO_1
1525000,1.0,per_learner/5/correct,ppo_hier_items200_h1000\PPO_1
1540096,1.0,per_learner/5/correct,ppo_hier_items200_h1000\PPO_1
1550000,1.0,per_learner/5/correct,ppo_hier_items200_h1000\PPO_1
1572864,1.0,per_learner/5/correct,ppo_hier_items200_h1000\PPO_1
1575000,1.0,per_learner/5/correct,ppo_hier_items200_h1000\PPO_1
1600000,1.0,per_learner/5/correct,ppo_hier_items200_h1000\PPO_1
1605632,1.0,per_learner/5/correct,ppo_hier_items200_h1000\PPO_1
25000,0.0,per_learner/5/mastered_count,ppo_hier_items200_h1000\PPO_1
32768,0.0,per_learner/5/mastered_count,ppo_hier_items200_h1000\PPO_1
50000,0.0,per_learner/5/mastered_count,ppo_hier_items200_h1000\PPO_1
65536,0.0,per_learner/5/mastered_count,ppo_hier_items200_h1000\PPO_1
75000,0.0,per_learner/5/mastered_count,ppo_hier_items200_h1000\PPO_1
98304,0.0,per_learner/5/mastered_count,ppo_hier_items200_h1000\PPO_1
100000,0.0,per_learner/5/mastered_count,ppo_hier_items200_h1000\PPO_1
125000,2.0,per_learner/5/mastered_count,ppo_hier_items200_h1000\PPO_1
131072,0.0,per_learner/5/mastered_count,ppo_hier_items200_h1000\PPO_1
150000,1.0,per_learner/5/mastered_count,ppo_hier_items200_h1000\PPO_1
163840,2.0,per_learner/5/mastered_count,ppo_hier_items200_h1000\PPO_1
175000,6.0,per_learner/5/mastered_count,ppo_hier_items200_h1000\PPO_1
196608,1.0,per_learner/5/mastered_count,ppo_hier_items200_h1000\PPO_1
200000,8.0,per_learner/5/mastered_count,ppo_hier_items200_h1000\PPO_1
225000,0.0,per_learner/5/mastered_count,ppo_hier_items200_h1000\PPO_1
229376,4.0,per_learner/5/mastered_count,ppo_hier_items200_h1000\PPO_1
250000,1.0,per_learner/5/mastered_count,ppo_hier_items200_h1000\PPO_1
262144,3.0,per_learner/5/mastered_count,ppo_hier_items200_h1000\PPO_1
275000,0.0,per_learner/5/mastered_count,ppo_hier_items200_h1000\PPO_1
294912,6.0,per_learner/5/mastered_count,ppo_hier_items200_h1000\PPO_1
300000,2.0,per_learner/5/mastered_count,ppo_hier_items200_h1000\PPO_1
325000,1.0,per_learner/5/mastered_count,ppo_hier_items200_h1000\PPO_1
327680,7.0,per_learner/5/mastered_count,ppo_hier_items200_h1000\PPO_1
350000,1.0,per_learner/5/mastered_count,ppo_hier_items200_h1000\PPO_1
360448,0.0,per_learner/5/mastered_count,ppo_hier_items200_h1000\PPO_1
375000,4.0,per_learner/5/mastered_count,ppo_hier_items200_h1000\PPO_1
393216,0.0,per_learner/5/mastered_count,ppo_hier_items200_h1000\PPO_1
400000,3.0,per_learner/5/mastered_count,ppo_hier_items200_h1000\PPO_1
425000,1.0,per_learner/5/mastered_count,ppo_hier_items200_h1000\PPO_1
425984,0.0,per_learner/5/mastered_count,ppo_hier_items200_h1000\PPO_1
450000,0.0,per_learner/5/mastered_count,ppo_hier_items200_h1000\PPO_1
458752,0.0,per_learner/5/mastered_count,ppo_hier_items200_h1000\PPO_1
475000,0.0,per_learner/5/mastered_count,ppo_hier_items200_h1000\PPO_1
491520,2.0,per_learner/5/mastered_count,ppo_hier_items200_h1000\PPO_1
500000,2.0,per_learner/5/mastered_count,ppo_hier_items200_h1000\PPO_1
524288,2.0,per_learner/5/mastered_count,ppo_hier_items200_h1000\PPO_1
525000,2.0,per_learner/5/mastered_count,ppo_hier_items200_h1000\PPO_1
550000,3.0,per_learner/5/mastered_count,ppo_hier_items200_h1000\PPO_1
557056,3.0,per_learner/5/mastered_count,ppo_hier_items200_h1000\PPO_1
575000,7.0,per_learner/5/mastered_count,ppo_hier_items200_h1000\PPO_1
589824,3.0,per_learner/5/mastered_count,ppo_hier_items200_h1000\PPO_1
600000,8.0,per_learner/5/mastered_count,ppo_hier_items200_h1000\PPO_1
622592,4.0,per_learner/5/mastered_count,ppo_hier_items200_h1000\PPO_1
625000,0.0,per_learner/5/mastered_count,ppo_hier_items200_h1000\PPO_1
650000,0.0,per_learner/5/mastered_count,ppo_hier_items200_h1000\PPO_1
655360,7.0,per_learner/5/mastered_count,ppo_hier_items200_h1000\PPO_1
675000,1.0,per_learner/5/mastered_count,ppo_hier_items200_h1000\PPO_1
688128,0.0,per_learner/5/mastered_count,ppo_hier_items200_h1000\PPO_1
700000,3.0,per_learner/5/mastered_count,ppo_hier_items200_h1000\PPO_1
720896,0.0,per_learner/5/mastered_count,ppo_hier_items200_h1000\PPO_1
725000,6.0,per_learner/5/mastered_count,ppo_hier_items200_h1000\PPO_1
750000,6.0,per_learner/5/mastered_count,ppo_hier_items200_h1000\PPO_1
753664,0.0,per_learner/5/mastered_count,ppo_hier_items200_h1000\PPO_1
775000,9.0,per_learner/5/mastered_count,ppo_hier_items200_h1000\PPO_1
786432,2.0,per_learner/5/mastered_count,ppo_hier_items200_h1000\PPO_1
800000,9.0,per_learner/5/mastered_count,ppo_hier_items200_h1000\PPO_1
819200,0.0,per_learner/5/mastered_count,ppo_hier_items200_h1000\PPO_1
825000,0.0,per_learner/5/mastered_count,ppo_hier_items200_h1000\PPO_1
850000,1.0,per_learner/5/mastered_count,ppo_hier_items200_h1000\PPO_1
851968,3.0,per_learner/5/mastered_count,ppo_hier_items200_h1000\PPO_1
875000,3.0,per_learner/5/mastered_count,ppo_hier_items200_h1000\PPO_1
884736,5.0,per_learner/5/mastered_count,ppo_hier_items200_h1000\PPO_1
900000,6.0,per_learner/5/mastered_count,ppo_hier_items200_h1000\PPO_1
917504,7.0,per_learner/5/mastered_count,ppo_hier_items200_h1000\PPO_1
925000,5.0,per_learner/5/mastered_count,ppo_hier_items200_h1000\PPO_1
950000,7.0,per_learner/5/mastered_count,ppo_hier_items200_h1000\PPO_1
950272,4.0,per_learner/5/mastered_count,ppo_hier_items200_h1000\PPO_1
975000,11.0,per_learner/5/mastered_count,ppo_hier_items200_h1000\PPO_1
983040,14.0,per_learner/5/mastered_count,ppo_hier_items200_h1000\PPO_1
1000000,13.0,per_learner/5/mastered_count,ppo_hier_items200_h1000\PPO_1
1015808,8.0,per_learner/5/mastered_count,ppo_hier_items200_h1000\PPO_1
1025000,0.0,per_learner/5/mastered_count,ppo_hier_items200_h1000\PPO_1
1048576,0.0,per_learner/5/mastered_count,ppo_hier_items200_h1000\PPO_1
1050000,0.0,per_learner/5/mastered_count,ppo_hier_items200_h1000\PPO_1
1075000,4.0,per_learner/5/mastered_count,ppo_hier_items200_h1000\PPO_1
1081344,0.0,per_learner/5/mastered_count,ppo_hier_items200_h1000\PPO_1
1100000,9.0,per_learner/5/mastered_count,ppo_hier_items200_h1000\PPO_1
1114112,2.0,per_learner/5/mastered_count,ppo_hier_items200_h1000\PPO_1
1125000,7.0,per_learner/5/mastered_count,ppo_hier_items200_h1000\PPO_1
1146880,6.0,per_learner/5/mastered_count,ppo_hier_items200_h1000\PPO_1
1150000,12.0,per_learner/5/mastered_count,ppo_hier_items200_h1000\PPO_1
1175000,11.0,per_learner/5/mastered_count,ppo_hier_items200_h1000\PPO_1
1179648,5.0,per_learner/5/mastered_count,ppo_hier_items200_h1000\PPO_1
1200000,9.0,per_learner/5/mastered_count,ppo_hier_items200_h1000\PPO_1
1212416,5.0,per_learner/5/mastered_count,ppo_hier_items200_h1000\PPO_1
1225000,2.0,per_learner/5/mastered_count,ppo_hier_items200_h1000\PPO_1
1245184,8.0,per_learner/5/mastered_count,ppo_hier_items200_h1000\PPO_1
1250000,7.0,per_learner/5/mastered_count,ppo_hier_items200_h1000\PPO_1
1275000,6.0,per_learner/5/mastered_count,ppo_hier_items200_h1000\PPO_1
1277952,11.0,per_learner/5/mastered_count,ppo_hier_items200_h1000\PPO_1
1300000,7.0,per_learner/5/mastered_count,ppo_hier_items200_h1000\PPO_1
1310720,11.0,per_learner/5/mastered_count,ppo_hier_items200_h1000\PPO_1
1325000,8.0,per_learner/5/mastered_count,ppo_hier_items200_h1000\PPO_1
1343488,13.0,per_learner/5/mastered_count,ppo_hier_items200_h1000\PPO_1
1350000,6.0,per_learner/5/mastered_count,ppo_hier_items200_h1000\PPO_1
1375000,18.0,per_learner/5/mastered_count,ppo_hier_items200_h1000\PPO_1
1376256,0.0,per_learner/5/mastered_count,ppo_hier_items200_h1000\PPO_1
1400000,14.0,per_learner/5/mastered_count,ppo_hier_items200_h1000\PPO_1
1409024,0.0,per_learner/5/mastered_count,ppo_hier_items200_h1000\PPO_1
1425000,0.0,per_learner/5/mastered_count,ppo_hier_items200_h1000\PPO_1
1441792,2.0,per_learner/5/mastered_count,ppo_hier_items200_h1000\PPO_1
1450000,4.0,per_learner/5/mastered_count,ppo_hier_items200_h1000\PPO_1
1474560,1.0,per_learner/5/mastered_count,ppo_hier_items200_h1000\PPO_1
1475000,6.0,per_learner/5/mastered_count,ppo_hier_items200_h1000\PPO_1
1500000,7.0,per_learner/5/mastered_count,ppo_hier_items200_h1000\PPO_1
1507328,6.0,per_learner/5/mastered_count,ppo_hier_items200_h1000\PPO_1
1525000,9.0,per_learner/5/mastered_count,ppo_hier_items200_h1000\PPO_1
1540096,8.0,per_learner/5/mastered_count,ppo_hier_items200_h1000\PPO_1
1550000,6.0,per_learner/5/mastered_count,ppo_hier_items200_h1000\PPO_1
1572864,5.0,per_learner/5/mastered_count,ppo_hier_items200_h1000\PPO_1
1575000,15.0,per_learner/5/mastered_count,ppo_hier_items200_h1000\PPO_1
1600000,17.0,per_learner/5/mastered_count,ppo_hier_items200_h1000\PPO_1
1605632,7.0,per_learner/5/mastered_count,ppo_hier_items200_h1000\PPO_1
25000,0.9991426467895508,per_learner/5/p_correct,ppo_hier_items200_h1000\PPO_1
32768,0.9993307590484619,per_learner/5/p_correct,ppo_hier_items200_h1000\PPO_1
50000,0.9982720613479614,per_learner/5/p_correct,ppo_hier_items200_h1000\PPO_1
65536,0.998661994934082,per_learner/5/p_correct,ppo_hier_items200_h1000\PPO_1
75000,0.9977599382400513,per_learner/5/p_correct,ppo_hier_items200_h1000\PPO_1
98304,0.9981986284255981,per_learner/5/p_correct,ppo_hier_items200_h1000\PPO_1
100000,0.996533215045929,per_learner/5/p_correct,ppo_hier_items200_h1000\PPO_1
125000,0.9962199330329895,per_learner/5/p_correct,ppo_hier_items200_h1000\PPO_1
131072,0.9976683855056763,per_learner/5/p_correct,ppo_hier_items200_h1000\PPO_1
150000,0.997828483581543,per_learner/5/p_correct,ppo_hier_items200_h1000\PPO_1
163840,0.9992992281913757,per_learner/5/p_correct,ppo_hier_items200_h1000\PPO_1
175000,0.9995949268341064,per_learner/5/p_correct,ppo_hier_items200_h1000\PPO_1
196608,0.9964005351066589,per_learner/5/p_correct,ppo_hier_items200_h1000\PPO_1
200000,0.9941781163215637,per_learner/5/p_correct,ppo_hier_items200_h1000\PPO_1
225000,0.9991610050201416,per_learner/5/p_correct,ppo_hier_items200_h1000\PPO_1
229376,0.9991663098335266,per_learner/5/p_correct,ppo_hier_items200_h1000\PPO_1
250000,0.9986951947212219,per_learner/5/p_correct,ppo_hier_items200_h1000\PPO_1
262144,0.9993085265159607,per_learner/5/p_correct,ppo_hier_items200_h1000\PPO_1
275000,0.997651219367981,per_learner/5/p_correct,ppo_hier_items200_h1000\PPO_1
294912,0.9945594668388367,per_learner/5/p_correct,ppo_hier_items200_h1000\PPO_1
300000,0.9991869926452637,per_learner/5/p_correct,ppo_hier_items200_h1000\PPO_1
325000,0.9967122077941895,per_learner/5/p_correct,ppo_hier_items200_h1000\PPO_1
327680,0.9942601323127747,per_learner/5/p_correct,ppo_hier_items200_h1000\PPO_1
350000,0.9954571723937988,per_learner/5/p_correct,ppo_hier_items200_h1000\PPO_1
360448,0.9996095299720764,per_learner/5/p_correct,ppo_hier_items200_h1000\PPO_1
375000,0.9989027976989746,per_learner/5/p_correct,ppo_hier_items200_h1000\PPO_1
393216,0.9990825057029724,per_learner/5/p_correct,ppo_hier_items200_h1000\PPO_1
400000,0.997024416923523,per_learner/5/p_correct,ppo_hier_items200_h1000\PPO_1
425000,0.9991356730461121,per_learner/5/p_correct,ppo_hier_items200_h1000\PPO_1
425984,0.998433530330658,per_learner/5/p_correct,ppo_hier_items200_h1000\PPO_1
450000,0.9985515475273132,per_learner/5/p_correct,ppo_hier_items200_h1000\PPO_1
458752,0.9995414018630981,per_learner/5/p_correct,ppo_hier_items200_h1000\PPO_1
475000,0.9995951056480408,per_learner/5/p_correct,ppo_hier_items200_h1000\PPO_1
491520,0.9973651170730591,per_learner/5/p_correct,ppo_hier_items200_h1000\PPO_1
500000,0.9996941089630127,per_learner/5/p_correct,ppo_hier_items200_h1000\PPO_1
524288,0.9971706867218018,per_learner/5/p_correct,ppo_hier_items200_h1000\PPO_1
525000,0.9962653517723083,per_learner/5/p_correct,ppo_hier_items200_h1000\PPO_1
550000,0.996048629283905,per_learner/5/p_correct,ppo_hier_items200_h1000\PPO_1
557056,0.9992372393608093,per_learner/5/p_correct,ppo_hier_items200_h1000\PPO_1
575000,0.9999423027038574,per_learner/5/p_correct,ppo_hier_items200_h1000\PPO_1
589824,0.9949361085891724,per_learner/5/p_correct,ppo_hier_items200_h1000\PPO_1
600000,0.9990336298942566,per_learner/5/p_correct,ppo_hier_items200_h1000\PPO_1
622592,0.9979879856109619,per_learner/5/p_correct,ppo_hier_items200_h1000\PPO_1
625000,0.9999556541442871,per_learner/5/p_correct,ppo_hier_items200_h1000\PPO_1
650000,0.9997782111167908,per_learner/5/p_correct,ppo_hier_items200_h1000\PPO_1
655360,0.9989685416221619,per_learner/5/p_correct,ppo_hier_items200_h1000\PPO_1
675000,0.9977658987045288,per_learner/5/p_correct,ppo_hier_items200_h1000\PPO_1
688128,0.9998884201049805,per_learner/5/p_correct,ppo_hier_items200_h1000\PPO_1
700000,0.9968506097793579,per_learner/5/p_correct,ppo_hier_items200_h1000\PPO_1
720896,0.999331533908844,per_learner/5/p_correct,ppo_hier_items200_h1000\PPO_1
725000,0.9956579804420471,per_learner/5/p_correct,ppo_hier_items200_h1000\PPO_1
750000,0.999841034412384,per_learner/5/p_correct,ppo_hier_items200_h1000\PPO_1
753664,0.9989011287689209,per_learner/5/p_correct,ppo_hier_items200_h1000\PPO_1
775000,0.9945433735847473,per_learner/5/p_correct,ppo_hier_items200_h1000\PPO_1
786432,0.9998461008071899,per_learner/5/p_correct,ppo_hier_items200_h1000\PPO_1
800000,0.9996941089630127,per_learner/5/p_correct,ppo_hier_items200_h1000\PPO_1
819200,0.9976648092269897,per_learner/5/p_correct,ppo_hier_items200_h1000\PPO_1
825000,0.9992567300796509,per_learner/5/p_correct,ppo_hier_items200_h1000\PPO_1
850000,0.9997450113296509,per_learner/5/p_correct,ppo_hier_items200_h1000\PPO_1
851968,0.9992952346801758,per_learner/5/p_correct,ppo_hier_items200_h1000\PPO_1
875000,0.9973952770233154,per_learner/5/p_correct,ppo_hier_items200_h1000\PPO_1
884736,0.9968755841255188,per_learner/5/p_correct,ppo_hier_items200_h1000\PPO_1
900000,0.9968809485435486,per_learner/5/p_correct,ppo_hier_items200_h1000\PPO_1
917504,0.9963698387145996,per_learner/5/p_correct,ppo_hier_items200_h1000\PPO_1
925000,0.9962772727012634,per_learner/5/p_correct,ppo_hier_items200_h1000\PPO_1
950000,0.9987351298332214,per_learner/5/p_correct,ppo_hier_items200_h1000\PPO_1
950272,0.9945476651191711,per_learner/5/p_correct,ppo_hier_items200_h1000\PPO_1
975000,0.9940537214279175,per_learner/5/p_correct,ppo_hier_items200_h1000\PPO_1
983040,0.9947550892829895,per_learner/5/p_correct,ppo_hier_items200_h1000\PPO_1
1000000,0.9937111139297485,per_learner/5/p_correct,ppo_hier_items200_h1000\PPO_1
1015808,0.9938618540763855,per_learner/5/p_correct,ppo_hier_items200_h1000\PPO_1
1025000,0.9991356730461121,per_learner/5/p_correct,ppo_hier_items200_h1000\PPO_1
1048576,0.9999251365661621,per_learner/5/p_correct,ppo_hier_items200_h1000\PPO_1
1050000,0.9984424114227295,per_learner/5/p_correct,ppo_hier_items200_h1000\PPO_1
1075000,0.9977290630340576,per_learner/5/p_correct,ppo_hier_items200_h1000\PPO_1
1081344,0.9996351003646851,per_learner/5/p_correct,ppo_hier_items200_h1000\PPO_1
1100000,0.996533215045929,per_learner/5/p_correct,ppo_hier_items200_h1000\PPO_1
1114112,0.9993312954902649,per_learner/5/p_correct,ppo_hier_items200_h1000\PPO_1
1125000,0.9995725750923157,per_learner/5/p_correct,ppo_hier_items200_h1000\PPO_1
1146880,0.9992833733558655,per_learner/5/p_correct,ppo_hier_items200_h1000\PPO_1
1150000,0.9956376552581787,per_learner/5/p_correct,ppo_hier_items200_h1000\PPO_1
1175000,0.9992160797119141,per_learner/5/p_correct,ppo_hier_items200_h1000\PPO_1
1179648,0.9998825192451477,per_learner/5/p_correct,ppo_hier_items200_h1000\PPO_1
1200000,0.9939515590667725,per_learner/5/p_correct,ppo_hier_items200_h1000\PPO_1
1212416,0.9994189739227295,per_learner/5/p_correct,ppo_hier_items200_h1000\PPO_1
1225000,0.9991356730461121,per_learner/5/p_correct,ppo_hier_items200_h1000\PPO_1
1245184,0.9955121874809265,per_learner/5/p_correct,ppo_hier_items200_h1000\PPO_1
1250000,0.9996670484542847,per_learner/5/p_correct,ppo_hier_items200_h1000\PPO_1
1275000,0.9978164434432983,per_learner/5/p_correct,ppo_hier_items200_h1000\PPO_1
1277952,0.995353102684021,per_learner/5/p_correct,ppo_hier_items200_h1000\PPO_1
1300000,0.9971110224723816,per_learner/5/p_correct,ppo_hier_items200_h1000\PPO_1
1310720,0.9951082468032837,per_learner/5/p_correct,ppo_hier_items200_h1000\PPO_1
1325000,0.9990680813789368,per_learner/5/p_correct,ppo_hier_items200_h1000\PPO_1
1343488,0.9944032430648804,per_learner/5/p_correct,ppo_hier_items200_h1000\PPO_1
1350000,0.9960538744926453,per_learner/5/p_correct,ppo_hier_items200_h1000\PPO_1
1375000,0.9947848916053772,per_learner/5/p_correct,ppo_hier_items200_h1000\PPO_1
1376256,0.9997953176498413,per_learner/5/p_correct,ppo_hier_items200_h1000\PPO_1
1400000,0.9992528557777405,per_learner/5/p_correct,ppo_hier_items200_h1000\PPO_1
1409024,0.9991974830627441,per_learner/5/p_correct,ppo_hier_items200_h1000\PPO_1
1425000,0.9991426467895508,per_learner/5/p_correct,ppo_hier_items200_h1000\PPO_1
1441792,0.9988166093826294,per_learner/5/p_correct,ppo_hier_items200_h1000\PPO_1
1450000,0.9983023405075073,per_learner/5/p_correct,ppo_hier_items200_h1000\PPO_1
1474560,0.998315155506134,per_learner/5/p_correct,ppo_hier_items200_h1000\PPO_1
1475000,0.9974579811096191,per_learner/5/p_correct,ppo_hier_items200_h1000\PPO_1
1500000,0.9990284442901611,per_learner/5/p_correct,ppo_hier_items200_h1000\PPO_1
1507328,0.9973800778388977,per_learner/5/p_correct,ppo_hier_items200_h1000\PPO_1
1525000,0.9957510232925415,per_learner/5/p_correct,ppo_hier_items200_h1000\PPO_1
1540096,0.9969406127929688,per_learner/5/p_correct,ppo_hier_items200_h1000\PPO_1
1550000,0.9953219890594482,per_learner/5/p_correct,ppo_hier_items200_h1000\PPO_1
1572864,0.9994205236434937,per_learner/5/p_correct,ppo_hier_items200_h1000\PPO_1
1575000,0.9998470544815063,per_learner/5/p_correct,ppo_hier_items200_h1000\PPO_1
1600000,0.9992583394050598,per_learner/5/p_correct,ppo_hier_items200_h1000\PPO_1
1605632,0.9957416653633118,per_learner/5/p_correct,ppo_hier_items200_h1000\PPO_1
25000,0.9992143511772156,per_learner/5/reward,ppo_hier_items200_h1000\PPO_1
32768,0.9991673231124878,per_learner/5/reward,ppo_hier_items200_h1000\PPO_1
50000,0.9994319677352905,per_learner/5/reward,ppo_hier_items200_h1000\PPO_1
65536,0.9993345141410828,per_learner/5/reward,ppo_hier_items200_h1000\PPO_1
75000,0.9995599985122681,per_learner/5/reward,ppo_hier_items200_h1000\PPO_1
98304,0.9994503259658813,per_learner/5/reward,ppo_hier_items200_h1000\PPO_1
100000,0.9998667240142822,per_learner/5/reward,ppo_hier_items200_h1000\PPO_1
125000,0.9999449849128723,per_learner/5/reward,ppo_hier_items200_h1000\PPO_1
131072,0.9995828866958618,per_learner/5/reward,ppo_hier_items200_h1000\PPO_1
150000,0.9995428919792175,per_learner/5/reward,ppo_hier_items200_h1000\PPO_1
163840,0.9991751909255981,per_learner/5/reward,ppo_hier_items200_h1000\PPO_1
175000,0.9991012811660767,per_learner/5/reward,ppo_hier_items200_h1000\PPO_1
196608,0.9998998641967773,per_learner/5/reward,ppo_hier_items200_h1000\PPO_1
200000,1.0004554986953735,per_learner/5/reward,ppo_hier_items200_h1000\PPO_1
225000,0.9992097616195679,per_learner/5/reward,ppo_hier_items200_h1000\PPO_1
229376,0.999208390712738,per_learner/5/reward,ppo_hier_items200_h1000\PPO_1
250000,0.9993261694908142,per_learner/5/reward,ppo_hier_items200_h1000\PPO_1
262144,0.9991728663444519,per_learner/5/reward,ppo_hier_items200_h1000\PPO_1
275000,0.9995871782302856,per_learner/5/reward,ppo_hier_items200_h1000\PPO_1
294912,1.000360131263733,per_learner/5/reward,ppo_hier_items200_h1000\PPO_1
300000,0.9992032647132874,per_learner/5/reward,ppo_hier_items200_h1000\PPO_1
325000,0.9998219609260559,per_learner/5/reward,ppo_hier_items200_h1000\PPO_1
327680,1.0004349946975708,per_learner/5/reward,ppo_hier_items200_h1000\PPO_1
350000,1.0001356601715088,per_learner/5/reward,ppo_hier_items200_h1000\PPO_1
360448,0.9990975856781006,per_learner/5/reward,ppo_hier_items200_h1000\PPO_1
375000,0.9992743134498596,per_learner/5/reward,ppo_hier_items200_h1000\PPO_1
393216,0.999229371547699,per_learner/5/reward,ppo_hier_items200_h1000\PPO_1
400000,0.9997438788414001,per_learner/5/reward,ppo_hier_items200_h1000\PPO_1
425000,0.9992160797119141,per_learner/5/reward,ppo_hier_items200_h1000\PPO_1
425984,0.9993916153907776,per_learner/5/reward,ppo_hier_items200_h1000\PPO_1
450000,0.9993621110916138,per_learner/5/reward,ppo_hier_items200_h1000\PPO_1
458752,0.9991146326065063,per_learner/5/reward,ppo_hier_items200_h1000\PPO_1
475000,0.9991012215614319,per_learner/5/reward,ppo_hier_items200_h1000\PPO_1
491520,0.9996587038040161,per_learner/5/reward,ppo_hier_items200_h1000\PPO_1
500000,0.9990764856338501,per_learner/5/reward,ppo_hier_items200_h1000\PPO_1
524288,0.9997073411941528,per_learner/5/reward,ppo_hier_items200_h1000\PPO_1
525000,0.999933660030365,per_learner/5/reward,ppo_hier_items200_h1000\PPO_1
550000,0.9999878406524658,per_learner/5/reward,ppo_hier_items200_h1000\PPO_1
557056,0.9991906881332397,per_learner/5/reward,ppo_hier_items200_h1000\PPO_1
575000,3.009014368057251,per_learner/5/reward,ppo_hier_items200_h1000\PPO_1
589824,1.0002659559249878,per_learner/5/reward,ppo_hier_items200_h1000\PPO_1
600000,3.0092415809631348,per_learner/5/reward,ppo_hier_items200_h1000\PPO_1
622592,0.9995030164718628,per_learner/5/reward,ppo_hier_items200_h1000\PPO_1
625000,0.9990110993385315,per_learner/5/reward,ppo_hier_items200_h1000\PPO_1
650000,0.9990554451942444,per_learner/5/reward,ppo_hier_items200_h1000\PPO_1
655360,0.9992578625679016,per_learner/5/reward,ppo_hier_items200_h1000\PPO_1
675000,0.9995585083961487,per_learner/5/reward,ppo_hier_items200_h1000\PPO_1
688128,0.9990279078483582,per_learner/5/reward,ppo_hier_items200_h1000\PPO_1
700000,0.9997873306274414,per_learner/5/reward,ppo_hier_items200_h1000\PPO_1
720896,0.9991671442985535,per_learner/5/reward,ppo_hier_items200_h1000\PPO_1
725000,1.000085473060608,per_learner/5/reward,ppo_hier_items200_h1000\PPO_1
750000,0.9990397691726685,per_learner/5/reward,ppo_hier_items200_h1000\PPO_1
753664,0.999274730682373,per_learner/5/reward,ppo_hier_items200_h1000\PPO_1
775000,1.0003641843795776,per_learner/5/reward,ppo_hier_items200_h1000\PPO_1
786432,3.0090384483337402,per_learner/5/reward,ppo_hier_items200_h1000\PPO_1
800000,0.9990764856338501,per_learner/5/reward,ppo_hier_items200_h1000\PPO_1
819200,0.9995837807655334,per_learner/5/reward,ppo_hier_items200_h1000\PPO_1
825000,0.9991858005523682,per_learner/5/reward,ppo_hier_items200_h1000\PPO_1
850000,0.9990637302398682,per_learner/5/reward,ppo_hier_items200_h1000\PPO_1
851968,0.9991762042045593,per_learner/5/reward,ppo_hier_items200_h1000\PPO_1
875000,0.9996511936187744,per_learner/5/reward,ppo_hier_items200_h1000\PPO_1
884736,0.9997811317443848,per_learner/5/reward,ppo_hier_items200_h1000\PPO_1
900000,0.9997797608375549,per_learner/5/reward,ppo_hier_items200_h1000\PPO_1
917504,0.9999075531959534,per_learner/5/reward,ppo_hier_items200_h1000\PPO_1
925000,0.9999306797981262,per_learner/5/reward,ppo_hier_items200_h1000\PPO_1
950000,0.9993162155151367,per_learner/5/reward,ppo_hier_items200_h1000\PPO_1
950272,1.0003631114959717,per_learner/5/reward,ppo_hier_items200_h1000\PPO_1
975000,1.0004866123199463,per_learner/5/reward,ppo_hier_items200_h1000\PPO_1
983040,1.000311255455017,per_learner/5/reward,ppo_hier_items200_h1000\PPO_1
1000000,1.0005722045898438,per_learner/5/reward,ppo_hier_items200_h1000\PPO_1
1015808,1.0005345344543457,per_learner/5/reward,ppo_hier_items200_h1000\PPO_1
1025000,0.9992160797119141,per_learner/5/reward,ppo_hier_items200_h1000\PPO_1
1048576,0.9990187287330627,per_learner/5/reward,ppo_hier_items200_h1000\PPO_1
1050000,0.9993894100189209,per_learner/5/reward,ppo_hier_items200_h1000\PPO_1
1075000,0.9995677471160889,per_learner/5/reward,ppo_hier_items200_h1000\PPO_1
1081344,0.9990912079811096,per_learner/5/reward,ppo_hier_items200_h1000\PPO_1
1100000,0.9998667240142822,per_learner/5/reward,ppo_hier_items200_h1000\PPO_1
1114112,0.9991671442985535,per_learner/5/reward,ppo_hier_items200_h1000\PPO_1
1125000,3.0091068744659424,per_learner/5/reward,ppo_hier_items200_h1000\PPO_1
1146880,0.9991791844367981,per_learner/5/reward,ppo_hier_items200_h1000\PPO_1
1150000,1.0000905990600586,per_learner/5/reward,ppo_hier_items200_h1000\PPO_1
1175000,3.0091960430145264,per_learner/5/reward,ppo_hier_items200_h1000\PPO_1
1179648,3.0090293884277344,per_learner/5/reward,ppo_hier_items200_h1000\PPO_1
1200000,1.0005121231079102,per_learner/5/reward,ppo_hier_items200_h1000\PPO_1
1212416,3.0091452598571777,per_learner/5/reward,ppo_hier_items200_h1000\PPO_1
1225000,0.9992160797119141,per_learner/5/reward,ppo_hier_items200_h1000\PPO_1
1245184,1.0001219511032104,per_learner/5/reward,ppo_hier_items200_h1000\PPO_1
1250000,0.9990832209587097,per_learner/5/reward,ppo_hier_items200_h1000\PPO_1
1275000,0.9995458722114563,per_learner/5/reward,ppo_hier_items200_h1000\PPO_1
1277952,1.0001617670059204,per_learner/5/reward,ppo_hier_items200_h1000\PPO_1
1300000,0.9997222423553467,per_learner/5/reward,ppo_hier_items200_h1000\PPO_1
1310720,1.00022292137146,per_learner/5/reward,ppo_hier_items200_h1000\PPO_1
1325000,0.9992330074310303,per_learner/5/reward,ppo_hier_items200_h1000\PPO_1
1343488,1.0003992319107056,per_learner/5/reward,ppo_hier_items200_h1000\PPO_1
1350000,0.9999865293502808,per_learner/5/reward,ppo_hier_items200_h1000\PPO_1
1375000,1.0003037452697754,per_learner/5/reward,ppo_hier_items200_h1000\PPO_1
1376256,0.9990511536598206,per_learner/5/reward,ppo_hier_items200_h1000\PPO_1
1400000,3.0091867446899414,per_learner/5/reward,ppo_hier_items200_h1000\PPO_1
1409024,0.9992006421089172,per_learner/5/reward,ppo_hier_items200_h1000\PPO_1
1425000,0.9992143511772156,per_learner/5/reward,ppo_hier_items200_h1000\PPO_1
1441792,0.9992958307266235,per_learner/5/reward,ppo_hier_items200_h1000\PPO_1
1450000,0.999424397945404,per_learner/5/reward,ppo_hier_items200_h1000\PPO_1
1474560,0.9994211792945862,per_learner/5/reward,ppo_hier_items200_h1000\PPO_1
1475000,0.9996355175971985,per_learner/5/reward,ppo_hier_items200_h1000\PPO_1
1500000,0.999242901802063,per_learner/5/reward,ppo_hier_items200_h1000\PPO_1
1507328,0.99965500831604,per_learner/5/reward,ppo_hier_items200_h1000\PPO_1
1525000,1.0000622272491455,per_learner/5/reward,ppo_hier_items200_h1000\PPO_1
1540096,0.9997648596763611,per_learner/5/reward,ppo_hier_items200_h1000\PPO_1
1550000,1.0001695156097412,per_learner/5/reward,ppo_hier_items200_h1000\PPO_1
1572864,0.9991448521614075,per_learner/5/reward,ppo_hier_items200_h1000\PPO_1
1575000,3.009038209915161,per_learner/5/reward,ppo_hier_items200_h1000\PPO_1
1600000,0.9991854429244995,per_learner/5/reward,ppo_hier_items200_h1000\PPO_1
1605632,1.0000646114349365,per_learner/5/reward,ppo_hier_items200_h1000\PPO_1
25000,1.0,per_learner/5/rolling_acc,ppo_hier_items200_h1000\PPO_1
32768,1.0,per_learner/5/rolling_acc,ppo_hier_items200_h1000\PPO_1
50000,1.0,per_learner/5/rolling_acc,ppo_hier_items200_h1000\PPO_1
65536,1.0,per_learner/5/rolling_acc,ppo_hier_items200_h1000\PPO_1
75000,1.0,per_learner/5/rolling_acc,ppo_hier_items200_h1000\PPO_1
98304,1.0,per_learner/5/rolling_acc,ppo_hier_items200_h1000\PPO_1
100000,1.0,per_learner/5/rolling_acc,ppo_hier_items200_h1000\PPO_1
125000,1.0,per_learner/5/rolling_acc,ppo_hier_items200_h1000\PPO_1
131072,0.9666666388511658,per_learner/5/rolling_acc,ppo_hier_items200_h1000\PPO_1
150000,1.0,per_learner/5/rolling_acc,ppo_hier_items200_h1000\PPO_1
163840,1.0,per_learner/5/rolling_acc,ppo_hier_items200_h1000\PPO_1
175000,1.0,per_learner/5/rolling_acc,ppo_hier_items200_h1000\PPO_1
196608,1.0,per_learner/5/rolling_acc,ppo_hier_items200_h1000\PPO_1
200000,1.0,per_learner/5/rolling_acc,ppo_hier_items200_h1000\PPO_1
225000,1.0,per_learner/5/rolling_acc,ppo_hier_items200_h1000\PPO_1
229376,1.0,per_learner/5/rolling_acc,ppo_hier_items200_h1000\PPO_1
250000,1.0,per_learner/5/rolling_acc,ppo_hier_items200_h1000\PPO_1
262144,1.0,per_learner/5/rolling_acc,ppo_hier_items200_h1000\PPO_1
275000,1.0,per_learner/5/rolling_acc,ppo_hier_items200_h1000\PPO_1
294912,1.0,per_learner/5/rolling_acc,ppo_hier_items200_h1000\PPO_1
300000,1.0,per_learner/5/rolling_acc,ppo_hier_items200_h1000\PPO_1
325000,1.0,per_learner/5/rolling_acc,ppo_hier_items200_h1000\PPO_1
327680,1.0,per_learner/5/rolling_acc,ppo_hier_items200_h1000\PPO_1
350000,1.0,per_learner/5/rolling_acc,ppo_hier_items200_h1000\PPO_1
360448,1.0,per_learner/5/rolling_acc,ppo_hier_items200_h1000\PPO_1
375000,1.0,per_learner/5/rolling_acc,ppo_hier_items200_h1000\PPO_1
393216,1.0,per_learner/5/rolling_acc,ppo_hier_items200_h1000\PPO_1
400000,1.0,per_learner/5/rolling_acc,ppo_hier_items200_h1000\PPO_1
425000,1.0,per_learner/5/rolling_acc,ppo_hier_items200_h1000\PPO_1
425984,1.0,per_learner/5/rolling_acc,ppo_hier_items200_h1000\PPO_1
450000,1.0,per_learner/5/rolling_acc,ppo_hier_items200_h1000\PPO_1
458752,1.0,per_learner/5/rolling_acc,ppo_hier_items200_h1000\PPO_1
475000,1.0,per_learner/5/rolling_acc,ppo_hier_items200_h1000\PPO_1
491520,1.0,per_learner/5/rolling_acc,ppo_hier_items200_h1000\PPO_1
500000,1.0,per_learner/5/rolling_acc,ppo_hier_items200_h1000\PPO_1
524288,1.0,per_learner/5/rolling_acc,ppo_hier_items200_h1000\PPO_1
525000,1.0,per_learner/5/rolling_acc,ppo_hier_items200_h1000\PPO_1
550000,0.9666666388511658,per_learner/5/rolling_acc,ppo_hier_items200_h1000\PPO_1
557056,1.0,per_learner/5/rolling_acc,ppo_hier_items200_h1000\PPO_1
575000,1.0,per_learner/5/rolling_acc,ppo_hier_items200_h1000\PPO_1
589824,1.0,per_learner/5/rolling_acc,ppo_hier_items200_h1000\PPO_1
600000,1.0,per_learner/5/rolling_acc,ppo_hier_items200_h1000\PPO_1
622592,1.0,per_learner/5/rolling_acc,ppo_hier_items200_h1000\PPO_1
625000,1.0,per_learner/5/rolling_acc,ppo_hier_items200_h1000\PPO_1
650000,1.0,per_learner/5/rolling_acc,ppo_hier_items200_h1000\PPO_1
655360,1.0,per_learner/5/rolling_acc,ppo_hier_items200_h1000\PPO_1
675000,1.0,per_learner/5/rolling_acc,ppo_hier_items200_h1000\PPO_1
688128,1.0,per_learner/5/rolling_acc,ppo_hier_items200_h1000\PPO_1
700000,1.0,per_learner/5/rolling_acc,ppo_hier_items200_h1000\PPO_1
720896,1.0,per_learner/5/rolling_acc,ppo_hier_items200_h1000\PPO_1
725000,1.0,per_learner/5/rolling_acc,ppo_hier_items200_h1000\PPO_1
750000,1.0,per_learner/5/rolling_acc,ppo_hier_items200_h1000\PPO_1
753664,1.0,per_learner/5/rolling_acc,ppo_hier_items200_h1000\PPO_1
775000,1.0,per_learner/5/rolling_acc,ppo_hier_items200_h1000\PPO_1
786432,1.0,per_learner/5/rolling_acc,ppo_hier_items200_h1000\PPO_1
800000,1.0,per_learner/5/rolling_acc,ppo_hier_items200_h1000\PPO_1
819200,1.0,per_learner/5/rolling_acc,ppo_hier_items200_h1000\PPO_1
825000,1.0,per_learner/5/rolling_acc,ppo_hier_items200_h1000\PPO_1
850000,1.0,per_learner/5/rolling_acc,ppo_hier_items200_h1000\PPO_1
851968,1.0,per_learner/5/rolling_acc,ppo_hier_items200_h1000\PPO_1
875000,1.0,per_learner/5/rolling_acc,ppo_hier_items200_h1000\PPO_1
884736,1.0,per_learner/5/rolling_acc,ppo_hier_items200_h1000\PPO_1
900000,1.0,per_learner/5/rolling_acc,ppo_hier_items200_h1000\PPO_1
917504,1.0,per_learner/5/rolling_acc,ppo_hier_items200_h1000\PPO_1
925000,1.0,per_learner/5/rolling_acc,ppo_hier_items200_h1000\PPO_1
950000,1.0,per_learner/5/rolling_acc,ppo_hier_items200_h1000\PPO_1
950272,1.0,per_learner/5/rolling_acc,ppo_hier_items200_h1000\PPO_1
975000,1.0,per_learner/5/rolling_acc,ppo_hier_items200_h1000\PPO_1
983040,1.0,per_learner/5/rolling_acc,ppo_hier_items200_h1000\PPO_1
1000000,1.0,per_learner/5/rolling_acc,ppo_hier_items200_h1000\PPO_1
1015808,1.0,per_learner/5/rolling_acc,ppo_hier_items200_h1000\PPO_1
1025000,1.0,per_learner/5/rolling_acc,ppo_hier_items200_h1000\PPO_1
1048576,1.0,per_learner/5/rolling_acc,ppo_hier_items200_h1000\PPO_1
1050000,1.0,per_learner/5/rolling_acc,ppo_hier_items200_h1000\PPO_1
1075000,1.0,per_learner/5/rolling_acc,ppo_hier_items200_h1000\PPO_1
1081344,1.0,per_learner/5/rolling_acc,ppo_hier_items200_h1000\PPO_1
1100000,1.0,per_learner/5/rolling_acc,ppo_hier_items200_h1000\PPO_1
1114112,1.0,per_learner/5/rolling_acc,ppo_hier_items200_h1000\PPO_1
1125000,1.0,per_learner/5/rolling_acc,ppo_hier_items200_h1000\PPO_1
1146880,1.0,per_learner/5/rolling_acc,ppo_hier_items200_h1000\PPO_1
1150000,1.0,per_learner/5/rolling_acc,ppo_hier_items200_h1000\PPO_1
1175000,1.0,per_learner/5/rolling_acc,ppo_hier_items200_h1000\PPO_1
1179648,1.0,per_learner/5/rolling_acc,ppo_hier_items200_h1000\PPO_1
1200000,1.0,per_learner/5/rolling_acc,ppo_hier_items200_h1000\PPO_1
1212416,1.0,per_learner/5/rolling_acc,ppo_hier_items200_h1000\PPO_1
1225000,1.0,per_learner/5/rolling_acc,ppo_hier_items200_h1000\PPO_1
1245184,1.0,per_learner/5/rolling_acc,ppo_hier_items200_h1000\PPO_1
1250000,1.0,per_learner/5/rolling_acc,ppo_hier_items200_h1000\PPO_1
1275000,1.0,per_learner/5/rolling_acc,ppo_hier_items200_h1000\PPO_1
1277952,1.0,per_learner/5/rolling_acc,ppo_hier_items200_h1000\PPO_1
1300000,1.0,per_learner/5/rolling_acc,ppo_hier_items200_h1000\PPO_1
1310720,1.0,per_learner/5/rolling_acc,ppo_hier_items200_h1000\PPO_1
1325000,1.0,per_learner/5/rolling_acc,ppo_hier_items200_h1000\PPO_1
1343488,1.0,per_learner/5/rolling_acc,ppo_hier_items200_h1000\PPO_1
1350000,1.0,per_learner/5/rolling_acc,ppo_hier_items200_h1000\PPO_1
1375000,1.0,per_learner/5/rolling_acc,ppo_hier_items200_h1000\PPO_1
1376256,1.0,per_learner/5/rolling_acc,ppo_hier_items200_h1000\PPO_1
1400000,1.0,per_learner/5/rolling_acc,ppo_hier_items200_h1000\PPO_1
1409024,1.0,per_learner/5/rolling_acc,ppo_hier_items200_h1000\PPO_1
1425000,1.0,per_learner/5/rolling_acc,ppo_hier_items200_h1000\PPO_1
1441792,1.0,per_learner/5/rolling_acc,ppo_hier_items200_h1000\PPO_1
1450000,1.0,per_learner/5/rolling_acc,ppo_hier_items200_h1000\PPO_1
1474560,1.0,per_learner/5/rolling_acc,ppo_hier_items200_h1000\PPO_1
1475000,1.0,per_learner/5/rolling_acc,ppo_hier_items200_h1000\PPO_1
1500000,1.0,per_learner/5/rolling_acc,ppo_hier_items200_h1000\PPO_1
1507328,1.0,per_learner/5/rolling_acc,ppo_hier_items200_h1000\PPO_1
1525000,1.0,per_learner/5/rolling_acc,ppo_hier_items200_h1000\PPO_1
1540096,1.0,per_learner/5/rolling_acc,ppo_hier_items200_h1000\PPO_1
1550000,1.0,per_learner/5/rolling_acc,ppo_hier_items200_h1000\PPO_1
1572864,1.0,per_learner/5/rolling_acc,ppo_hier_items200_h1000\PPO_1
1575000,1.0,per_learner/5/rolling_acc,ppo_hier_items200_h1000\PPO_1
1600000,1.0,per_learner/5/rolling_acc,ppo_hier_items200_h1000\PPO_1
1605632,1.0,per_learner/5/rolling_acc,ppo_hier_items200_h1000\PPO_1
25000,1.0,per_learner/6/correct,ppo_hier_items200_h1000\PPO_1
32768,1.0,per_learner/6/correct,ppo_hier_items200_h1000\PPO_1
50000,1.0,per_learner/6/correct,ppo_hier_items200_h1000\PPO_1
65536,1.0,per_learner/6/correct,ppo_hier_items200_h1000\PPO_1
75000,1.0,per_learner/6/correct,ppo_hier_items200_h1000\PPO_1
98304,1.0,per_learner/6/correct,ppo_hier_items200_h1000\PPO_1
100000,1.0,per_learner/6/correct,ppo_hier_items200_h1000\PPO_1
125000,1.0,per_learner/6/correct,ppo_hier_items200_h1000\PPO_1
131072,1.0,per_learner/6/correct,ppo_hier_items200_h1000\PPO_1
150000,1.0,per_learner/6/correct,ppo_hier_items200_h1000\PPO_1
163840,1.0,per_learner/6/correct,ppo_hier_items200_h1000\PPO_1
175000,1.0,per_learner/6/correct,ppo_hier_items200_h1000\PPO_1
196608,1.0,per_learner/6/correct,ppo_hier_items200_h1000\PPO_1
200000,1.0,per_learner/6/correct,ppo_hier_items200_h1000\PPO_1
225000,1.0,per_learner/6/correct,ppo_hier_items200_h1000\PPO_1
229376,1.0,per_learner/6/correct,ppo_hier_items200_h1000\PPO_1
250000,1.0,per_learner/6/correct,ppo_hier_items200_h1000\PPO_1
262144,1.0,per_learner/6/correct,ppo_hier_items200_h1000\PPO_1
275000,1.0,per_learner/6/correct,ppo_hier_items200_h1000\PPO_1
294912,1.0,per_learner/6/correct,ppo_hier_items200_h1000\PPO_1
300000,1.0,per_learner/6/correct,ppo_hier_items200_h1000\PPO_1
325000,1.0,per_learner/6/correct,ppo_hier_items200_h1000\PPO_1
327680,1.0,per_learner/6/correct,ppo_hier_items200_h1000\PPO_1
350000,1.0,per_learner/6/correct,ppo_hier_items200_h1000\PPO_1
360448,1.0,per_learner/6/correct,ppo_hier_items200_h1000\PPO_1
375000,1.0,per_learner/6/correct,ppo_hier_items200_h1000\PPO_1
393216,1.0,per_learner/6/correct,ppo_hier_items200_h1000\PPO_1
400000,1.0,per_learner/6/correct,ppo_hier_items200_h1000\PPO_1
425000,1.0,per_learner/6/correct,ppo_hier_items200_h1000\PPO_1
425984,1.0,per_learner/6/correct,ppo_hier_items200_h1000\PPO_1
450000,1.0,per_learner/6/correct,ppo_hier_items200_h1000\PPO_1
458752,1.0,per_learner/6/correct,ppo_hier_items200_h1000\PPO_1
475000,1.0,per_learner/6/correct,ppo_hier_items200_h1000\PPO_1
491520,1.0,per_learner/6/correct,ppo_hier_items200_h1000\PPO_1
500000,1.0,per_learner/6/correct,ppo_hier_items200_h1000\PPO_1
524288,1.0,per_learner/6/correct,ppo_hier_items200_h1000\PPO_1
525000,1.0,per_learner/6/correct,ppo_hier_items200_h1000\PPO_1
550000,1.0,per_learner/6/correct,ppo_hier_items200_h1000\PPO_1
557056,1.0,per_learner/6/correct,ppo_hier_items200_h1000\PPO_1
575000,1.0,per_learner/6/correct,ppo_hier_items200_h1000\PPO_1
589824,1.0,per_learner/6/correct,ppo_hier_items200_h1000\PPO_1
600000,1.0,per_learner/6/correct,ppo_hier_items200_h1000\PPO_1
622592,1.0,per_learner/6/correct,ppo_hier_items200_h1000\PPO_1
625000,1.0,per_learner/6/correct,ppo_hier_items200_h1000\PPO_1
650000,1.0,per_learner/6/correct,ppo_hier_items200_h1000\PPO_1
655360,1.0,per_learner/6/correct,ppo_hier_items200_h1000\PPO_1
675000,1.0,per_learner/6/correct,ppo_hier_items200_h1000\PPO_1
688128,1.0,per_learner/6/correct,ppo_hier_items200_h1000\PPO_1
700000,1.0,per_learner/6/correct,ppo_hier_items200_h1000\PPO_1
720896,1.0,per_learner/6/correct,ppo_hier_items200_h1000\PPO_1
725000,1.0,per_learner/6/correct,ppo_hier_items200_h1000\PPO_1
750000,1.0,per_learner/6/correct,ppo_hier_items200_h1000\PPO_1
753664,1.0,per_learner/6/correct,ppo_hier_items200_h1000\PPO_1
775000,1.0,per_learner/6/correct,ppo_hier_items200_h1000\PPO_1
786432,1.0,per_learner/6/correct,ppo_hier_items200_h1000\PPO_1
800000,1.0,per_learner/6/correct,ppo_hier_items200_h1000\PPO_1
819200,1.0,per_learner/6/correct,ppo_hier_items200_h1000\PPO_1
825000,1.0,per_learner/6/correct,ppo_hier_items200_h1000\PPO_1
850000,1.0,per_learner/6/correct,ppo_hier_items200_h1000\PPO_1
851968,1.0,per_learner/6/correct,ppo_hier_items200_h1000\PPO_1
875000,1.0,per_learner/6/correct,ppo_hier_items200_h1000\PPO_1
884736,1.0,per_learner/6/correct,ppo_hier_items200_h1000\PPO_1
900000,1.0,per_learner/6/correct,ppo_hier_items200_h1000\PPO_1
917504,1.0,per_learner/6/correct,ppo_hier_items200_h1000\PPO_1
925000,1.0,per_learner/6/correct,ppo_hier_items200_h1000\PPO_1
950000,1.0,per_learner/6/correct,ppo_hier_items200_h1000\PPO_1
950272,1.0,per_learner/6/correct,ppo_hier_items200_h1000\PPO_1
975000,1.0,per_learner/6/correct,ppo_hier_items200_h1000\PPO_1
983040,1.0,per_learner/6/correct,ppo_hier_items200_h1000\PPO_1
1000000,1.0,per_learner/6/correct,ppo_hier_items200_h1000\PPO_1
1015808,1.0,per_learner/6/correct,ppo_hier_items200_h1000\PPO_1
1025000,1.0,per_learner/6/correct,ppo_hier_items200_h1000\PPO_1
1048576,1.0,per_learner/6/correct,ppo_hier_items200_h1000\PPO_1
1050000,1.0,per_learner/6/correct,ppo_hier_items200_h1000\PPO_1
1075000,1.0,per_learner/6/correct,ppo_hier_items200_h1000\PPO_1
1081344,1.0,per_learner/6/correct,ppo_hier_items200_h1000\PPO_1
1100000,1.0,per_learner/6/correct,ppo_hier_items200_h1000\PPO_1
1114112,1.0,per_learner/6/correct,ppo_hier_items200_h1000\PPO_1
1125000,1.0,per_learner/6/correct,ppo_hier_items200_h1000\PPO_1
1146880,1.0,per_learner/6/correct,ppo_hier_items200_h1000\PPO_1
1150000,1.0,per_learner/6/correct,ppo_hier_items200_h1000\PPO_1
1175000,1.0,per_learner/6/correct,ppo_hier_items200_h1000\PPO_1
1179648,1.0,per_learner/6/correct,ppo_hier_items200_h1000\PPO_1
1200000,1.0,per_learner/6/correct,ppo_hier_items200_h1000\PPO_1
1212416,1.0,per_learner/6/correct,ppo_hier_items200_h1000\PPO_1
1225000,1.0,per_learner/6/correct,ppo_hier_items200_h1000\PPO_1
1245184,1.0,per_learner/6/correct,ppo_hier_items200_h1000\PPO_1
1250000,1.0,per_learner/6/correct,ppo_hier_items200_h1000\PPO_1
1275000,1.0,per_learner/6/correct,ppo_hier_items200_h1000\PPO_1
1277952,1.0,per_learner/6/correct,ppo_hier_items200_h1000\PPO_1
1300000,1.0,per_learner/6/correct,ppo_hier_items200_h1000\PPO_1
1310720,1.0,per_learner/6/correct,ppo_hier_items200_h1000\PPO_1
1325000,1.0,per_learner/6/correct,ppo_hier_items200_h1000\PPO_1
1343488,1.0,per_learner/6/correct,ppo_hier_items200_h1000\PPO_1
1350000,1.0,per_learner/6/correct,ppo_hier_items200_h1000\PPO_1
1375000,1.0,per_learner/6/correct,ppo_hier_items200_h1000\PPO_1
1376256,1.0,per_learner/6/correct,ppo_hier_items200_h1000\PPO_1
1400000,1.0,per_learner/6/correct,ppo_hier_items200_h1000\PPO_1
1409024,1.0,per_learner/6/correct,ppo_hier_items200_h1000\PPO_1
1425000,1.0,per_learner/6/correct,ppo_hier_items200_h1000\PPO_1
1441792,1.0,per_learner/6/correct,ppo_hier_items200_h1000\PPO_1
1450000,1.0,per_learner/6/correct,ppo_hier_items200_h1000\PPO_1
1474560,1.0,per_learner/6/correct,ppo_hier_items200_h1000\PPO_1
1475000,1.0,per_learner/6/correct,ppo_hier_items200_h1000\PPO_1
1500000,1.0,per_learner/6/correct,ppo_hier_items200_h1000\PPO_1
1507328,1.0,per_learner/6/correct,ppo_hier_items200_h1000\PPO_1
1525000,1.0,per_learner/6/correct,ppo_hier_items200_h1000\PPO_1
1540096,1.0,per_learner/6/correct,ppo_hier_items200_h1000\PPO_1
1550000,1.0,per_learner/6/correct,ppo_hier_items200_h1000\PPO_1
1572864,1.0,per_learner/6/correct,ppo_hier_items200_h1000\PPO_1
1575000,1.0,per_learner/6/correct,ppo_hier_items200_h1000\PPO_1
1600000,1.0,per_learner/6/correct,ppo_hier_items200_h1000\PPO_1
1605632,1.0,per_learner/6/correct,ppo_hier_items200_h1000\PPO_1
25000,0.0,per_learner/6/mastered_count,ppo_hier_items200_h1000\PPO_1
32768,0.0,per_learner/6/mastered_count,ppo_hier_items200_h1000\PPO_1
50000,0.0,per_learner/6/mastered_count,ppo_hier_items200_h1000\PPO_1
65536,0.0,per_learner/6/mastered_count,ppo_hier_items200_h1000\PPO_1
75000,0.0,per_learner/6/mastered_count,ppo_hier_items200_h1000\PPO_1
98304,0.0,per_learner/6/mastered_count,ppo_hier_items200_h1000\PPO_1
100000,0.0,per_learner/6/mastered_count,ppo_hier_items200_h1000\PPO_1
125000,1.0,per_learner/6/mastered_count,ppo_hier_items200_h1000\PPO_1
131072,1.0,per_learner/6/mastered_count,ppo_hier_items200_h1000\PPO_1
150000,3.0,per_learner/6/mastered_count,ppo_hier_items200_h1000\PPO_1
163840,0.0,per_learner/6/mastered_count,ppo_hier_items200_h1000\PPO_1
175000,3.0,per_learner/6/mastered_count,ppo_hier_items200_h1000\PPO_1
196608,0.0,per_learner/6/mastered_count,ppo_hier_items200_h1000\PPO_1
200000,6.0,per_learner/6/mastered_count,ppo_hier_items200_h1000\PPO_1
225000,0.0,per_learner/6/mastered_count,ppo_hier_items200_h1000\PPO_1
229376,3.0,per_learner/6/mastered_count,ppo_hier_items200_h1000\PPO_1
250000,0.0,per_learner/6/mastered_count,ppo_hier_items200_h1000\PPO_1
262144,0.0,per_learner/6/mastered_count,ppo_hier_items200_h1000\PPO_1
275000,1.0,per_learner/6/mastered_count,ppo_hier_items200_h1000\PPO_1
294912,4.0,per_learner/6/mastered_count,ppo_hier_items200_h1000\PPO_1
300000,0.0,per_learner/6/mastered_count,ppo_hier_items200_h1000\PPO_1
325000,1.0,per_learner/6/mastered_count,ppo_hier_items200_h1000\PPO_1
327680,4.0,per_learner/6/mastered_count,ppo_hier_items200_h1000\PPO_1
350000,1.0,per_learner/6/mastered_count,ppo_hier_items200_h1000\PPO_1
360448,0.0,per_learner/6/mastered_count,ppo_hier_items200_h1000\PPO_1
375000,3.0,per_learner/6/mastered_count,ppo_hier_items200_h1000\PPO_1
393216,0.0,per_learner/6/mastered_count,ppo_hier_items200_h1000\PPO_1
400000,4.0,per_learner/6/mastered_count,ppo_hier_items200_h1000\PPO_1
425000,0.0,per_learner/6/mastered_count,ppo_hier_items200_h1000\PPO_1
425984,0.0,per_learner/6/mastered_count,ppo_hier_items200_h1000\PPO_1
450000,0.0,per_learner/6/mastered_count,ppo_hier_items200_h1000\PPO_1
458752,1.0,per_learner/6/mastered_count,ppo_hier_items200_h1000\PPO_1
475000,0.0,per_learner/6/mastered_count,ppo_hier_items200_h1000\PPO_1
491520,1.0,per_learner/6/mastered_count,ppo_hier_items200_h1000\PPO_1
500000,3.0,per_learner/6/mastered_count,ppo_hier_items200_h1000\PPO_1
524288,1.0,per_learner/6/mastered_count,ppo_hier_items200_h1000\PPO_1
525000,2.0,per_learner/6/mastered_count,ppo_hier_items200_h1000\PPO_1
550000,0.0,per_learner/6/mastered_count,ppo_hier_items200_h1000\PPO_1
557056,4.0,per_learner/6/mastered_count,ppo_hier_items200_h1000\PPO_1
575000,4.0,per_learner/6/mastered_count,ppo_hier_items200_h1000\PPO_1
589824,1.0,per_learner/6/mastered_count,ppo_hier_items200_h1000\PPO_1
600000,5.0,per_learner/6/mastered_count,ppo_hier_items200_h1000\PPO_1
622592,4.0,per_learner/6/mastered_count,ppo_hier_items200_h1000\PPO_1
625000,0.0,per_learner/6/mastered_count,ppo_hier_items200_h1000\PPO_1
650000,0.0,per_learner/6/mastered_count,ppo_hier_items200_h1000\PPO_1
655360,5.0,per_learner/6/mastered_count,ppo_hier_items200_h1000\PPO_1
675000,2.0,per_learner/6/mastered_count,ppo_hier_items200_h1000\PPO_1
688128,0.0,per_learner/6/mastered_count,ppo_hier_items200_h1000\PPO_1
700000,2.0,per_learner/6/mastered_count,ppo_hier_items200_h1000\PPO_1
720896,0.0,per_learner/6/mastered_count,ppo_hier_items200_h1000\PPO_1
725000,1.0,per_learner/6/mastered_count,ppo_hier_items200_h1000\PPO_1
750000,4.0,per_learner/6/mastered_count,ppo_hier_items200_h1000\PPO_1
753664,0.0,per_learner/6/mastered_count,ppo_hier_items200_h1000\PPO_1
775000,7.0,per_learner/6/mastered_count,ppo_hier_items200_h1000\PPO_1
786432,2.0,per_learner/6/mastered_count,ppo_hier_items200_h1000\PPO_1
800000,9.0,per_learner/6/mastered_count,ppo_hier_items200_h1000\PPO_1
819200,0.0,per_learner/6/mastered_count,ppo_hier_items200_h1000\PPO_1
825000,0.0,per_learner/6/mastered_count,ppo_hier_items200_h1000\PPO_1
850000,2.0,per_learner/6/mastered_count,ppo_hier_items200_h1000\PPO_1
851968,5.0,per_learner/6/mastered_count,ppo_hier_items200_h1000\PPO_1
875000,1.0,per_learner/6/mastered_count,ppo_hier_items200_h1000\PPO_1
884736,3.0,per_learner/6/mastered_count,ppo_hier_items200_h1000\PPO_1
900000,0.0,per_learner/6/mastered_count,ppo_hier_items200_h1000\PPO_1
917504,3.0,per_learner/6/mastered_count,ppo_hier_items200_h1000\PPO_1
925000,4.0,per_learner/6/mastered_count,ppo_hier_items200_h1000\PPO_1
950000,7.0,per_learner/6/mastered_count,ppo_hier_items200_h1000\PPO_1
950272,4.0,per_learner/6/mastered_count,ppo_hier_items200_h1000\PPO_1
975000,5.0,per_learner/6/mastered_count,ppo_hier_items200_h1000\PPO_1
983040,7.0,per_learner/6/mastered_count,ppo_hier_items200_h1000\PPO_1
1000000,7.0,per_learner/6/mastered_count,ppo_hier_items200_h1000\PPO_1
1015808,4.0,per_learner/6/mastered_count,ppo_hier_items200_h1000\PPO_1
1025000,0.0,per_learner/6/mastered_count,ppo_hier_items200_h1000\PPO_1
1048576,0.0,per_learner/6/mastered_count,ppo_hier_items200_h1000\PPO_1
1050000,2.0,per_learner/6/mastered_count,ppo_hier_items200_h1000\PPO_1
1075000,3.0,per_learner/6/mastered_count,ppo_hier_items200_h1000\PPO_1
1081344,0.0,per_learner/6/mastered_count,ppo_hier_items200_h1000\PPO_1
1100000,5.0,per_learner/6/mastered_count,ppo_hier_items200_h1000\PPO_1
1114112,2.0,per_learner/6/mastered_count,ppo_hier_items200_h1000\PPO_1
1125000,8.0,per_learner/6/mastered_count,ppo_hier_items200_h1000\PPO_1
1146880,1.0,per_learner/6/mastered_count,ppo_hier_items200_h1000\PPO_1
1150000,7.0,per_learner/6/mastered_count,ppo_hier_items200_h1000\PPO_1
1175000,10.0,per_learner/6/mastered_count,ppo_hier_items200_h1000\PPO_1
1179648,2.0,per_learner/6/mastered_count,ppo_hier_items200_h1000\PPO_1
1200000,8.0,per_learner/6/mastered_count,ppo_hier_items200_h1000\PPO_1
1212416,5.0,per_learner/6/mastered_count,ppo_hier_items200_h1000\PPO_1
1225000,0.0,per_learner/6/mastered_count,ppo_hier_items200_h1000\PPO_1
1245184,7.0,per_learner/6/mastered_count,ppo_hier_items200_h1000\PPO_1
1250000,0.0,per_learner/6/mastered_count,ppo_hier_items200_h1000\PPO_1
1275000,1.0,per_learner/6/mastered_count,ppo_hier_items200_h1000\PPO_1
1277952,6.0,per_learner/6/mastered_count,ppo_hier_items200_h1000\PPO_1
1300000,5.0,per_learner/6/mastered_count,ppo_hier_items200_h1000\PPO_1
1310720,10.0,per_learner/6/mastered_count,ppo_hier_items200_h1000\PPO_1
1325000,6.0,per_learner/6/mastered_count,ppo_hier_items200_h1000\PPO_1
1343488,6.0,per_learner/6/mastered_count,ppo_hier_items200_h1000\PPO_1
1350000,8.0,per_learner/6/mastered_count,ppo_hier_items200_h1000\PPO_1
1375000,10.0,per_learner/6/mastered_count,ppo_hier_items200_h1000\PPO_1
1376256,0.0,per_learner/6/mastered_count,ppo_hier_items200_h1000\PPO_1
1400000,12.0,per_learner/6/mastered_count,ppo_hier_items200_h1000\PPO_1
1409024,0.0,per_learner/6/mastered_count,ppo_hier_items200_h1000\PPO_1
1425000,0.0,per_learner/6/mastered_count,ppo_hier_items200_h1000\PPO_1
1441792,1.0,per_learner/6/mastered_count,ppo_hier_items200_h1000\PPO_1
1450000,0.0,per_learner/6/mastered_count,ppo_hier_items200_h1000\PPO_1
1474560,3.0,per_learner/6/mastered_count,ppo_hier_items200_h1000\PPO_1
1475000,3.0,per_learner/6/mastered_count,ppo_hier_items200_h1000\PPO_1
1500000,3.0,per_learner/6/mastered_count,ppo_hier_items200_h1000\PPO_1
1507328,4.0,per_learner/6/mastered_count,ppo_hier_items200_h1000\PPO_1
1525000,6.0,per_learner/6/mastered_count,ppo_hier_items200_h1000\PPO_1
1540096,6.0,per_learner/6/mastered_count,ppo_hier_items200_h1000\PPO_1
1550000,10.0,per_learner/6/mastered_count,ppo_hier_items200_h1000\PPO_1
1572864,6.0,per_learner/6/mastered_count,ppo_hier_items200_h1000\PPO_1
1575000,12.0,per_learner/6/mastered_count,ppo_hier_items200_h1000\PPO_1
1600000,12.0,per_learner/6/mastered_count,ppo_hier_items200_h1000\PPO_1
1605632,6.0,per_learner/6/mastered_count,ppo_hier_items200_h1000\PPO_1
25000,0.9997369050979614,per_learner/6/p_correct,ppo_hier_items200_h1000\PPO_1
32768,0.999854564666748,per_learner/6/p_correct,ppo_hier_items200_h1000\PPO_1
50000,0.9994985461235046,per_learner/6/p_correct,ppo_hier_items200_h1000\PPO_1
65536,0.9996153116226196,per_learner/6/p_correct,ppo_hier_items200_h1000\PPO_1
75000,0.9997190833091736,per_learner/6/p_correct,ppo_hier_items200_h1000\PPO_1
98304,0.9999125599861145,per_learner/6/p_correct,ppo_hier_items200_h1000\PPO_1
100000,0.999244213104248,per_learner/6/p_correct,ppo_hier_items200_h1000\PPO_1
125000,0.9999492764472961,per_learner/6/p_correct,ppo_hier_items200_h1000\PPO_1
131072,0.9992896914482117,per_learner/6/p_correct,ppo_hier_items200_h1000\PPO_1
150000,0.9985995292663574,per_learner/6/p_correct,ppo_hier_items200_h1000\PPO_1
163840,0.99910968542099,per_learner/6/p_correct,ppo_hier_items200_h1000\PPO_1
175000,0.9993998408317566,per_learner/6/p_correct,ppo_hier_items200_h1000\PPO_1
196608,0.9987583756446838,per_learner/6/p_correct,ppo_hier_items200_h1000\PPO_1
200000,0.9999479055404663,per_learner/6/p_correct,ppo_hier_items200_h1000\PPO_1
225000,0.9997522830963135,per_learner/6/p_correct,ppo_hier_items200_h1000\PPO_1
229376,0.9986512660980225,per_learner/6/p_correct,ppo_hier_items200_h1000\PPO_1
250000,0.9994630813598633,per_learner/6/p_correct,ppo_hier_items200_h1000\PPO_1
262144,0.9988369941711426,per_learner/6/p_correct,ppo_hier_items200_h1000\PPO_1
275000,0.9992468953132629,per_learner/6/p_correct,ppo_hier_items200_h1000\PPO_1
294912,0.999911904335022,per_learner/6/p_correct,ppo_hier_items200_h1000\PPO_1
300000,0.9997854232788086,per_learner/6/p_correct,ppo_hier_items200_h1000\PPO_1
325000,0.9988368153572083,per_learner/6/p_correct,ppo_hier_items200_h1000\PPO_1
327680,0.9980680346488953,per_learner/6/p_correct,ppo_hier_items200_h1000\PPO_1
350000,0.9996780753135681,per_learner/6/p_correct,ppo_hier_items200_h1000\PPO_1
360448,0.9998923540115356,per_learner/6/p_correct,ppo_hier_items200_h1000\PPO_1
375000,0.9998210072517395,per_learner/6/p_correct,ppo_hier_items200_h1000\PPO_1
393216,0.9999769926071167,per_learner/6/p_correct,ppo_hier_items200_h1000\PPO_1
400000,0.9996780753135681,per_learner/6/p_correct,ppo_hier_items200_h1000\PPO_1
425000,0.9997347593307495,per_learner/6/p_correct,ppo_hier_items200_h1000\PPO_1
425984,0.9995379447937012,per_learner/6/p_correct,ppo_hier_items200_h1000\PPO_1
450000,0.9996227622032166,per_learner/6/p_correct,ppo_hier_items200_h1000\PPO_1
458752,0.999365508556366,per_learner/6/p_correct,ppo_hier_items200_h1000\PPO_1
475000,0.9991979598999023,per_learner/6/p_correct,ppo_hier_items200_h1000\PPO_1
491520,0.9993365406990051,per_learner/6/p_correct,ppo_hier_items200_h1000\PPO_1
500000,0.9999691843986511,per_learner/6/p_correct,ppo_hier_items200_h1000\PPO_1
524288,0.9989995956420898,per_learner/6/p_correct,ppo_hier_items200_h1000\PPO_1
525000,0.9997844099998474,per_learner/6/p_correct,ppo_hier_items200_h1000\PPO_1
550000,0.9999281167984009,per_learner/6/p_correct,ppo_hier_items200_h1000\PPO_1
557056,0.9988205432891846,per_learner/6/p_correct,ppo_hier_items200_h1000\PPO_1
575000,0.9983659386634827,per_learner/6/p_correct,ppo_hier_items200_h1000\PPO_1
589824,0.9994779229164124,per_learner/6/p_correct,ppo_hier_items200_h1000\PPO_1
600000,0.9978475570678711,per_learner/6/p_correct,ppo_hier_items200_h1000\PPO_1
622592,0.9987537860870361,per_learner/6/p_correct,ppo_hier_items200_h1000\PPO_1
625000,0.9997502565383911,per_learner/6/p_correct,ppo_hier_items200_h1000\PPO_1
650000,0.9995360374450684,per_learner/6/p_correct,ppo_hier_items200_h1000\PPO_1
655360,0.9994804263114929,per_learner/6/p_correct,ppo_hier_items200_h1000\PPO_1
675000,0.9993041753768921,per_learner/6/p_correct,ppo_hier_items200_h1000\PPO_1
688128,0.9999703764915466,per_learner/6/p_correct,ppo_hier_items200_h1000\PPO_1
700000,0.9998442530632019,per_learner/6/p_correct,ppo_hier_items200_h1000\PPO_1
720896,0.9999880790710449,per_learner/6/p_correct,ppo_hier_items200_h1000\PPO_1
725000,0.9990549683570862,per_learner/6/p_correct,ppo_hier_items200_h1000\PPO_1
750000,0.9997719526290894,per_learner/6/p_correct,ppo_hier_items200_h1000\PPO_1
753664,0.9995831251144409,per_learner/6/p_correct,ppo_hier_items200_h1000\PPO_1
775000,0.9981166124343872,per_learner/6/p_correct,ppo_hier_items200_h1000\PPO_1
786432,0.9995425343513489,per_learner/6/p_correct,ppo_hier_items200_h1000\PPO_1
800000,0.9981324672698975,per_learner/6/p_correct,ppo_hier_items200_h1000\PPO_1
819200,0.9992601275444031,per_learner/6/p_correct,ppo_hier_items200_h1000\PPO_1
825000,0.9997325539588928,per_learner/6/p_correct,ppo_hier_items200_h1000\PPO_1
850000,0.999500572681427,per_learner/6/p_correct,ppo_hier_items200_h1000\PPO_1
851968,0.9990013241767883,per_learner/6/p_correct,ppo_hier_items200_h1000\PPO_1
875000,0.9992833733558655,per_learner/6/p_correct,ppo_hier_items200_h1000\PPO_1
884736,0.9988951086997986,per_learner/6/p_correct,ppo_hier_items200_h1000\PPO_1
900000,0.998995304107666,per_learner/6/p_correct,ppo_hier_items200_h1000\PPO_1
917504,0.9987160563468933,per_learner/6/p_correct,ppo_hier_items200_h1000\PPO_1
925000,0.999926745891571,per_learner/6/p_correct,ppo_hier_items200_h1000\PPO_1
950000,0.9988718032836914,per_learner/6/p_correct,ppo_hier_items200_h1000\PPO_1
950272,0.9984982013702393,per_learner/6/p_correct,ppo_hier_items200_h1000\PPO_1
975000,0.9994175434112549,per_learner/6/p_correct,ppo_hier_items200_h1000\PPO_1
983040,0.9983101487159729,per_learner/6/p_correct,ppo_hier_items200_h1000\PPO_1
1000000,0.997849702835083,per_learner/6/p_correct,ppo_hier_items200_h1000\PPO_1
1015808,0.9977450966835022,per_learner/6/p_correct,ppo_hier_items200_h1000\PPO_1
1025000,0.9997680187225342,per_learner/6/p_correct,ppo_hier_items200_h1000\PPO_1
1048576,0.9998671412467957,per_learner/6/p_correct,ppo_hier_items200_h1000\PPO_1
1050000,0.9998136758804321,per_learner/6/p_correct,ppo_hier_items200_h1000\PPO_1
1075000,0.9992814660072327,per_learner/6/p_correct,ppo_hier_items200_h1000\PPO_1
1081344,0.999611496925354,per_learner/6/p_correct,ppo_hier_items200_h1000\PPO_1
1100000,0.9990667700767517,per_learner/6/p_correct,ppo_hier_items200_h1000\PPO_1
1114112,0.9995080232620239,per_learner/6/p_correct,ppo_hier_items200_h1000\PPO_1
1125000,0.9990564584732056,per_learner/6/p_correct,ppo_hier_items200_h1000\PPO_1
1146880,0.9993279576301575,per_learner/6/p_correct,ppo_hier_items200_h1000\PPO_1
1150000,0.9985634684562683,per_learner/6/p_correct,ppo_hier_items200_h1000\PPO_1
1175000,0.9981188178062439,per_learner/6/p_correct,ppo_hier_items200_h1000\PPO_1
1179648,0.9997535347938538,per_learner/6/p_correct,ppo_hier_items200_h1000\PPO_1
1200000,0.9990269541740417,per_learner/6/p_correct,ppo_hier_items200_h1000\PPO_1
1212416,0.9991654753684998,per_learner/6/p_correct,ppo_hier_items200_h1000\PPO_1
1225000,0.9999179840087891,per_learner/6/p_correct,ppo_hier_items200_h1000\PPO_1
1245184,0.9990216493606567,per_learner/6/p_correct,ppo_hier_items200_h1000\PPO_1
1250000,0.9995341897010803,per_learner/6/p_correct,ppo_hier_items200_h1000\PPO_1
1275000,0.9993137717247009,per_learner/6/p_correct,ppo_hier_items200_h1000\PPO_1
1277952,0.9988733530044556,per_learner/6/p_correct,ppo_hier_items200_h1000\PPO_1
1300000,0.9990770816802979,per_learner/6/p_correct,ppo_hier_items200_h1000\PPO_1
1310720,0.9983888268470764,per_learner/6/p_correct,ppo_hier_items200_h1000\PPO_1
1325000,0.9988391995429993,per_learner/6/p_correct,ppo_hier_items200_h1000\PPO_1
1343488,0.9981162548065186,per_learner/6/p_correct,ppo_hier_items200_h1000\PPO_1
1350000,0.9988657832145691,per_learner/6/p_correct,ppo_hier_items200_h1000\PPO_1
1375000,0.9999262094497681,per_learner/6/p_correct,ppo_hier_items200_h1000\PPO_1
1376256,0.9999395608901978,per_learner/6/p_correct,ppo_hier_items200_h1000\PPO_1
1400000,0.9999581575393677,per_learner/6/p_correct,ppo_hier_items200_h1000\PPO_1
1409024,0.9997422099113464,per_learner/6/p_correct,ppo_hier_items200_h1000\PPO_1
1425000,0.9997703433036804,per_learner/6/p_correct,ppo_hier_items200_h1000\PPO_1
1441792,0.9995549321174622,per_learner/6/p_correct,ppo_hier_items200_h1000\PPO_1
1450000,0.9995393753051758,per_learner/6/p_correct,ppo_hier_items200_h1000\PPO_1
1474560,0.9994080662727356,per_learner/6/p_correct,ppo_hier_items200_h1000\PPO_1
1475000,0.9998827576637268,per_learner/6/p_correct,ppo_hier_items200_h1000\PPO_1
1500000,0.9988464713096619,per_learner/6/p_correct,ppo_hier_items200_h1000\PPO_1
1507328,0.9992342591285706,per_learner/6/p_correct,ppo_hier_items200_h1000\PPO_1
1525000,0.9998090863227844,per_learner/6/p_correct,ppo_hier_items200_h1000\PPO_1
1540096,0.999976634979248,per_learner/6/p_correct,ppo_hier_items200_h1000\PPO_1
1550000,0.9986013770103455,per_learner/6/p_correct,ppo_hier_items200_h1000\PPO_1
1572864,0.9988321661949158,per_learner/6/p_correct,ppo_hier_items200_h1000\PPO_1
1575000,0.9997230172157288,per_learner/6/p_correct,ppo_hier_items200_h1000\PPO_1
1600000,0.998083770275116,per_learner/6/p_correct,ppo_hier_items200_h1000\PPO_1
1605632,0.9986478686332703,per_learner/6/p_correct,ppo_hier_items200_h1000\PPO_1
25000,0.9990657567977905,per_learner/6/reward,ppo_hier_items200_h1000\PPO_1
32768,0.9990363717079163,per_learner/6/reward,ppo_hier_items200_h1000\PPO_1
50000,0.9991253614425659,per_learner/6/reward,ppo_hier_items200_h1000\PPO_1
65536,0.999096155166626,per_learner/6/reward,ppo_hier_items200_h1000\PPO_1
75000,0.9990702271461487,per_learner/6/reward,ppo_hier_items200_h1000\PPO_1
98304,0.9990218877792358,per_learner/6/reward,ppo_hier_items200_h1000\PPO_1
100000,0.9991889595985413,per_learner/6/reward,ppo_hier_items200_h1000\PPO_1
125000,0.9990126490592957,per_learner/6/reward,ppo_hier_items200_h1000\PPO_1
131072,0.9991775751113892,per_learner/6/reward,ppo_hier_items200_h1000\PPO_1
150000,0.9993501305580139,per_learner/6/reward,ppo_hier_items200_h1000\PPO_1
163840,0.9992225766181946,per_learner/6/reward,ppo_hier_items200_h1000\PPO_1
175000,0.9991500377655029,per_learner/6/reward,ppo_hier_items200_h1000\PPO_1
196608,0.9993103742599487,per_learner/6/reward,ppo_hier_items200_h1000\PPO_1
200000,3.0090129375457764,per_learner/6/reward,ppo_hier_items200_h1000\PPO_1
225000,0.9990619421005249,per_learner/6/reward,ppo_hier_items200_h1000\PPO_1
229376,0.9993371963500977,per_learner/6/reward,ppo_hier_items200_h1000\PPO_1
250000,0.9991342425346375,per_learner/6/reward,ppo_hier_items200_h1000\PPO_1
262144,0.9992907643318176,per_learner/6/reward,ppo_hier_items200_h1000\PPO_1
275000,0.9991883039474487,per_learner/6/reward,ppo_hier_items200_h1000\PPO_1
294912,3.0090219974517822,per_learner/6/reward,ppo_hier_items200_h1000\PPO_1
300000,0.9990536570549011,per_learner/6/reward,ppo_hier_items200_h1000\PPO_1
325000,0.9992907643318176,per_learner/6/reward,ppo_hier_items200_h1000\PPO_1
327680,0.9994829893112183,per_learner/6/reward,ppo_hier_items200_h1000\PPO_1
350000,0.99908047914505,per_learner/6/reward,ppo_hier_items200_h1000\PPO_1
360448,0.999026894569397,per_learner/6/reward,ppo_hier_items200_h1000\PPO_1
375000,0.9990447163581848,per_learner/6/reward,ppo_hier_items200_h1000\PPO_1
393216,0.9990057349205017,per_learner/6/reward,ppo_hier_items200_h1000\PPO_1
400000,0.99908047914505,per_learner/6/reward,ppo_hier_items200_h1000\PPO_1
425000,0.9990662932395935,per_learner/6/reward,ppo_hier_items200_h1000\PPO_1
425984,0.999115526676178,per_learner/6/reward,ppo_hier_items200_h1000\PPO_1
450000,0.9990943074226379,per_learner/6/reward,ppo_hier_items200_h1000\PPO_1
458752,0.9991586208343506,per_learner/6/reward,ppo_hier_items200_h1000\PPO_1
475000,0.9992005228996277,per_learner/6/reward,ppo_hier_items200_h1000\PPO_1
491520,0.9991658329963684,per_learner/6/reward,ppo_hier_items200_h1000\PPO_1
500000,0.9990077018737793,per_learner/6/reward,ppo_hier_items200_h1000\PPO_1
524288,0.9992501139640808,per_learner/6/reward,ppo_hier_items200_h1000\PPO_1
525000,0.9990538954734802,per_learner/6/reward,ppo_hier_items200_h1000\PPO_1
550000,0.9990179538726807,per_learner/6/reward,ppo_hier_items200_h1000\PPO_1
557056,0.9992948770523071,per_learner/6/reward,ppo_hier_items200_h1000\PPO_1
575000,0.999408483505249,per_learner/6/reward,ppo_hier_items200_h1000\PPO_1
589824,0.9991304874420166,per_learner/6/reward,ppo_hier_items200_h1000\PPO_1
600000,0.9995381236076355,per_learner/6/reward,ppo_hier_items200_h1000\PPO_1
622592,0.9993115663528442,per_learner/6/reward,ppo_hier_items200_h1000\PPO_1
625000,0.9990624189376831,per_learner/6/reward,ppo_hier_items200_h1000\PPO_1
650000,0.9991160035133362,per_learner/6/reward,ppo_hier_items200_h1000\PPO_1
655360,0.9991298913955688,per_learner/6/reward,ppo_hier_items200_h1000\PPO_1
675000,0.9991739392280579,per_learner/6/reward,ppo_hier_items200_h1000\PPO_1
688128,0.9990074038505554,per_learner/6/reward,ppo_hier_items200_h1000\PPO_1
700000,0.9990389347076416,per_learner/6/reward,ppo_hier_items200_h1000\PPO_1
720896,0.999002993106842,per_learner/6/reward,ppo_hier_items200_h1000\PPO_1
725000,0.9992362856864929,per_learner/6/reward,ppo_hier_items200_h1000\PPO_1
750000,0.9990569949150085,per_learner/6/reward,ppo_hier_items200_h1000\PPO_1
753664,0.9991042017936707,per_learner/6/reward,ppo_hier_items200_h1000\PPO_1
775000,0.9994708299636841,per_learner/6/reward,ppo_hier_items200_h1000\PPO_1
786432,0.9991143941879272,per_learner/6/reward,ppo_hier_items200_h1000\PPO_1
800000,0.9994668960571289,per_learner/6/reward,ppo_hier_items200_h1000\PPO_1
819200,0.9991849660873413,per_learner/6/reward,ppo_hier_items200_h1000\PPO_1
825000,0.9990668296813965,per_learner/6/reward,ppo_hier_items200_h1000\PPO_1
850000,0.9991248846054077,per_learner/6/reward,ppo_hier_items200_h1000\PPO_1
851968,0.9992496371269226,per_learner/6/reward,ppo_hier_items200_h1000\PPO_1
875000,0.9991791248321533,per_learner/6/reward,ppo_hier_items200_h1000\PPO_1
884736,0.9992762207984924,per_learner/6/reward,ppo_hier_items200_h1000\PPO_1
900000,0.9992511868476868,per_learner/6/reward,ppo_hier_items200_h1000\PPO_1
917504,0.9993209838867188,per_learner/6/reward,ppo_hier_items200_h1000\PPO_1
925000,3.0090184211730957,per_learner/6/reward,ppo_hier_items200_h1000\PPO_1
950000,0.9992820620536804,per_learner/6/reward,ppo_hier_items200_h1000\PPO_1
950272,0.9993754625320435,per_learner/6/reward,ppo_hier_items200_h1000\PPO_1
975000,0.9991456270217896,per_learner/6/reward,ppo_hier_items200_h1000\PPO_1
983040,0.9994224309921265,per_learner/6/reward,ppo_hier_items200_h1000\PPO_1
1000000,0.9995375871658325,per_learner/6/reward,ppo_hier_items200_h1000\PPO_1
1015808,0.9995637536048889,per_learner/6/reward,ppo_hier_items200_h1000\PPO_1
1025000,0.9990580081939697,per_learner/6/reward,ppo_hier_items200_h1000\PPO_1
1048576,0.9990332126617432,per_learner/6/reward,ppo_hier_items200_h1000\PPO_1
1050000,0.9990465641021729,per_learner/6/reward,ppo_hier_items200_h1000\PPO_1
1075000,0.9991796612739563,per_learner/6/reward,ppo_hier_items200_h1000\PPO_1
1081344,0.9990971088409424,per_learner/6/reward,ppo_hier_items200_h1000\PPO_1
1100000,0.9992333054542542,per_learner/6/reward,ppo_hier_items200_h1000\PPO_1
1114112,0.9991229772567749,per_learner/6/reward,ppo_hier_items200_h1000\PPO_1
1125000,0.9992358684539795,per_learner/6/reward,ppo_hier_items200_h1000\PPO_1
1146880,0.9991679787635803,per_learner/6/reward,ppo_hier_items200_h1000\PPO_1
1150000,0.999359130859375,per_learner/6/reward,ppo_hier_items200_h1000\PPO_1
1175000,0.9994702935218811,per_learner/6/reward,ppo_hier_items200_h1000\PPO_1
1179648,0.9990615844726562,per_learner/6/reward,ppo_hier_items200_h1000\PPO_1
1200000,0.9992432594299316,per_learner/6/reward,ppo_hier_items200_h1000\PPO_1
1212416,0.9992086291313171,per_learner/6/reward,ppo_hier_items200_h1000\PPO_1
1225000,0.999020516872406,per_learner/6/reward,ppo_hier_items200_h1000\PPO_1
1245184,0.9992445707321167,per_learner/6/reward,ppo_hier_items200_h1000\PPO_1
1250000,0.9991164803504944,per_learner/6/reward,ppo_hier_items200_h1000\PPO_1
1275000,0.9991715550422668,per_learner/6/reward,ppo_hier_items200_h1000\PPO_1
1277952,0.999281644821167,per_learner/6/reward,ppo_hier_items200_h1000\PPO_1
1300000,0.9992307424545288,per_learner/6/reward,ppo_hier_items200_h1000\PPO_1
1310720,0.9994028210639954,per_learner/6/reward,ppo_hier_items200_h1000\PPO_1
1325000,0.9992902278900146,per_learner/6/reward,ppo_hier_items200_h1000\PPO_1
1343488,0.9994709491729736,per_learner/6/reward,ppo_hier_items200_h1000\PPO_1
1350000,0.9992835521697998,per_learner/6/reward,ppo_hier_items200_h1000\PPO_1
1375000,3.0090184211730957,per_learner/6/reward,ppo_hier_items200_h1000\PPO_1
1376256,0.9990150928497314,per_learner/6/reward,ppo_hier_items200_h1000\PPO_1
1400000,0.999010443687439,per_learner/6/reward,ppo_hier_items200_h1000\PPO_1
1409024,0.9990644454956055,per_learner/6/reward,ppo_hier_items200_h1000\PPO_1
1425000,0.999057412147522,per_learner/6/reward,ppo_hier_items200_h1000\PPO_1
1441792,0.9991112947463989,per_learner/6/reward,ppo_hier_items200_h1000\PPO_1
1450000,0.9991151690483093,per_learner/6/reward,ppo_hier_items200_h1000\PPO_1
1474560,0.9991480112075806,per_learner/6/reward,ppo_hier_items200_h1000\PPO_1
1475000,3.0090293884277344,per_learner/6/reward,ppo_hier_items200_h1000\PPO_1
1500000,0.9992883801460266,per_learner/6/reward,ppo_hier_items200_h1000\PPO_1
1507328,0.9991914629936218,per_learner/6/reward,ppo_hier_items200_h1000\PPO_1
1525000,0.9990477561950684,per_learner/6/reward,ppo_hier_items200_h1000\PPO_1
1540096,3.0090057849884033,per_learner/6/reward,ppo_hier_items200_h1000\PPO_1
1550000,0.9993496537208557,per_learner/6/reward,ppo_hier_items200_h1000\PPO_1
1572864,0.9992919564247131,per_learner/6/reward,ppo_hier_items200_h1000\PPO_1
1575000,0.9990692734718323,per_learner/6/reward,ppo_hier_items200_h1000\PPO_1
1600000,0.9994790554046631,per_learner/6/reward,ppo_hier_items200_h1000\PPO_1
1605632,0.9993380308151245,per_learner/6/reward,ppo_hier_items200_h1000\PPO_1
25000,1.0,per_learner/6/rolling_acc,ppo_hier_items200_h1000\PPO_1
32768,1.0,per_learner/6/rolling_acc,ppo_hier_items200_h1000\PPO_1
50000,1.0,per_learner/6/rolling_acc,ppo_hier_items200_h1000\PPO_1
65536,1.0,per_learner/6/rolling_acc,ppo_hier_items200_h1000\PPO_1
75000,1.0,per_learner/6/rolling_acc,ppo_hier_items200_h1000\PPO_1
98304,1.0,per_learner/6/rolling_acc,ppo_hier_items200_h1000\PPO_1
100000,1.0,per_learner/6/rolling_acc,ppo_hier_items200_h1000\PPO_1
125000,1.0,per_learner/6/rolling_acc,ppo_hier_items200_h1000\PPO_1
131072,1.0,per_learner/6/rolling_acc,ppo_hier_items200_h1000\PPO_1
150000,1.0,per_learner/6/rolling_acc,ppo_hier_items200_h1000\PPO_1
163840,1.0,per_learner/6/rolling_acc,ppo_hier_items200_h1000\PPO_1
175000,1.0,per_learner/6/rolling_acc,ppo_hier_items200_h1000\PPO_1
196608,1.0,per_learner/6/rolling_acc,ppo_hier_items200_h1000\PPO_1
200000,1.0,per_learner/6/rolling_acc,ppo_hier_items200_h1000\PPO_1
225000,1.0,per_learner/6/rolling_acc,ppo_hier_items200_h1000\PPO_1
229376,1.0,per_learner/6/rolling_acc,ppo_hier_items200_h1000\PPO_1
250000,1.0,per_learner/6/rolling_acc,ppo_hier_items200_h1000\PPO_1
262144,1.0,per_learner/6/rolling_acc,ppo_hier_items200_h1000\PPO_1
275000,1.0,per_learner/6/rolling_acc,ppo_hier_items200_h1000\PPO_1
294912,1.0,per_learner/6/rolling_acc,ppo_hier_items200_h1000\PPO_1
300000,1.0,per_learner/6/rolling_acc,ppo_hier_items200_h1000\PPO_1
325000,1.0,per_learner/6/rolling_acc,ppo_hier_items200_h1000\PPO_1
327680,1.0,per_learner/6/rolling_acc,ppo_hier_items200_h1000\PPO_1
350000,1.0,per_learner/6/rolling_acc,ppo_hier_items200_h1000\PPO_1
360448,1.0,per_learner/6/rolling_acc,ppo_hier_items200_h1000\PPO_1
375000,1.0,per_learner/6/rolling_acc,ppo_hier_items200_h1000\PPO_1
393216,1.0,per_learner/6/rolling_acc,ppo_hier_items200_h1000\PPO_1
400000,1.0,per_learner/6/rolling_acc,ppo_hier_items200_h1000\PPO_1
425000,1.0,per_learner/6/rolling_acc,ppo_hier_items200_h1000\PPO_1
425984,1.0,per_learner/6/rolling_acc,ppo_hier_items200_h1000\PPO_1
450000,1.0,per_learner/6/rolling_acc,ppo_hier_items200_h1000\PPO_1
458752,1.0,per_learner/6/rolling_acc,ppo_hier_items200_h1000\PPO_1
475000,1.0,per_learner/6/rolling_acc,ppo_hier_items200_h1000\PPO_1
491520,1.0,per_learner/6/rolling_acc,ppo_hier_items200_h1000\PPO_1
500000,1.0,per_learner/6/rolling_acc,ppo_hier_items200_h1000\PPO_1
524288,0.9666666388511658,per_learner/6/rolling_acc,ppo_hier_items200_h1000\PPO_1
525000,1.0,per_learner/6/rolling_acc,ppo_hier_items200_h1000\PPO_1
550000,1.0,per_learner/6/rolling_acc,ppo_hier_items200_h1000\PPO_1
557056,1.0,per_learner/6/rolling_acc,ppo_hier_items200_h1000\PPO_1
575000,1.0,per_learner/6/rolling_acc,ppo_hier_items200_h1000\PPO_1
589824,1.0,per_learner/6/rolling_acc,ppo_hier_items200_h1000\PPO_1
600000,1.0,per_learner/6/rolling_acc,ppo_hier_items200_h1000\PPO_1
622592,1.0,per_learner/6/rolling_acc,ppo_hier_items200_h1000\PPO_1
625000,1.0,per_learner/6/rolling_acc,ppo_hier_items200_h1000\PPO_1
650000,1.0,per_learner/6/rolling_acc,ppo_hier_items200_h1000\PPO_1
655360,1.0,per_learner/6/rolling_acc,ppo_hier_items200_h1000\PPO_1
675000,1.0,per_learner/6/rolling_acc,ppo_hier_items200_h1000\PPO_1
688128,1.0,per_learner/6/rolling_acc,ppo_hier_items200_h1000\PPO_1
700000,1.0,per_learner/6/rolling_acc,ppo_hier_items200_h1000\PPO_1
720896,1.0,per_learner/6/rolling_acc,ppo_hier_items200_h1000\PPO_1
725000,1.0,per_learner/6/rolling_acc,ppo_hier_items200_h1000\PPO_1
750000,1.0,per_learner/6/rolling_acc,ppo_hier_items200_h1000\PPO_1
753664,1.0,per_learner/6/rolling_acc,ppo_hier_items200_h1000\PPO_1
775000,1.0,per_learner/6/rolling_acc,ppo_hier_items200_h1000\PPO_1
786432,1.0,per_learner/6/rolling_acc,ppo_hier_items200_h1000\PPO_1
800000,1.0,per_learner/6/rolling_acc,ppo_hier_items200_h1000\PPO_1
819200,1.0,per_learner/6/rolling_acc,ppo_hier_items200_h1000\PPO_1
825000,1.0,per_learner/6/rolling_acc,ppo_hier_items200_h1000\PPO_1
850000,1.0,per_learner/6/rolling_acc,ppo_hier_items200_h1000\PPO_1
851968,1.0,per_learner/6/rolling_acc,ppo_hier_items200_h1000\PPO_1
875000,1.0,per_learner/6/rolling_acc,ppo_hier_items200_h1000\PPO_1
884736,1.0,per_learner/6/rolling_acc,ppo_hier_items200_h1000\PPO_1
900000,1.0,per_learner/6/rolling_acc,ppo_hier_items200_h1000\PPO_1
917504,1.0,per_learner/6/rolling_acc,ppo_hier_items200_h1000\PPO_1
925000,1.0,per_learner/6/rolling_acc,ppo_hier_items200_h1000\PPO_1
950000,1.0,per_learner/6/rolling_acc,ppo_hier_items200_h1000\PPO_1
950272,1.0,per_learner/6/rolling_acc,ppo_hier_items200_h1000\PPO_1
975000,1.0,per_learner/6/rolling_acc,ppo_hier_items200_h1000\PPO_1
983040,1.0,per_learner/6/rolling_acc,ppo_hier_items200_h1000\PPO_1
1000000,1.0,per_learner/6/rolling_acc,ppo_hier_items200_h1000\PPO_1
1015808,1.0,per_learner/6/rolling_acc,ppo_hier_items200_h1000\PPO_1
1025000,1.0,per_learner/6/rolling_acc,ppo_hier_items200_h1000\PPO_1
1048576,1.0,per_learner/6/rolling_acc,ppo_hier_items200_h1000\PPO_1
1050000,1.0,per_learner/6/rolling_acc,ppo_hier_items200_h1000\PPO_1
1075000,1.0,per_learner/6/rolling_acc,ppo_hier_items200_h1000\PPO_1
1081344,1.0,per_learner/6/rolling_acc,ppo_hier_items200_h1000\PPO_1
1100000,1.0,per_learner/6/rolling_acc,ppo_hier_items200_h1000\PPO_1
1114112,1.0,per_learner/6/rolling_acc,ppo_hier_items200_h1000\PPO_1
1125000,1.0,per_learner/6/rolling_acc,ppo_hier_items200_h1000\PPO_1
1146880,1.0,per_learner/6/rolling_acc,ppo_hier_items200_h1000\PPO_1
1150000,1.0,per_learner/6/rolling_acc,ppo_hier_items200_h1000\PPO_1
1175000,1.0,per_learner/6/rolling_acc,ppo_hier_items200_h1000\PPO_1
1179648,1.0,per_learner/6/rolling_acc,ppo_hier_items200_h1000\PPO_1
1200000,1.0,per_learner/6/rolling_acc,ppo_hier_items200_h1000\PPO_1
1212416,1.0,per_learner/6/rolling_acc,ppo_hier_items200_h1000\PPO_1
1225000,1.0,per_learner/6/rolling_acc,ppo_hier_items200_h1000\PPO_1
1245184,1.0,per_learner/6/rolling_acc,ppo_hier_items200_h1000\PPO_1
1250000,1.0,per_learner/6/rolling_acc,ppo_hier_items200_h1000\PPO_1
1275000,1.0,per_learner/6/rolling_acc,ppo_hier_items200_h1000\PPO_1
1277952,1.0,per_learner/6/rolling_acc,ppo_hier_items200_h1000\PPO_1
1300000,1.0,per_learner/6/rolling_acc,ppo_hier_items200_h1000\PPO_1
1310720,1.0,per_learner/6/rolling_acc,ppo_hier_items200_h1000\PPO_1
1325000,1.0,per_learner/6/rolling_acc,ppo_hier_items200_h1000\PPO_1
1343488,1.0,per_learner/6/rolling_acc,ppo_hier_items200_h1000\PPO_1
1350000,1.0,per_learner/6/rolling_acc,ppo_hier_items200_h1000\PPO_1
1375000,1.0,per_learner/6/rolling_acc,ppo_hier_items200_h1000\PPO_1
1376256,1.0,per_learner/6/rolling_acc,ppo_hier_items200_h1000\PPO_1
1400000,1.0,per_learner/6/rolling_acc,ppo_hier_items200_h1000\PPO_1
1409024,1.0,per_learner/6/rolling_acc,ppo_hier_items200_h1000\PPO_1
1425000,1.0,per_learner/6/rolling_acc,ppo_hier_items200_h1000\PPO_1
1441792,1.0,per_learner/6/rolling_acc,ppo_hier_items200_h1000\PPO_1
1450000,1.0,per_learner/6/rolling_acc,ppo_hier_items200_h1000\PPO_1
1474560,1.0,per_learner/6/rolling_acc,ppo_hier_items200_h1000\PPO_1
1475000,1.0,per_learner/6/rolling_acc,ppo_hier_items200_h1000\PPO_1
1500000,1.0,per_learner/6/rolling_acc,ppo_hier_items200_h1000\PPO_1
1507328,1.0,per_learner/6/rolling_acc,ppo_hier_items200_h1000\PPO_1
1525000,1.0,per_learner/6/rolling_acc,ppo_hier_items200_h1000\PPO_1
1540096,1.0,per_learner/6/rolling_acc,ppo_hier_items200_h1000\PPO_1
1550000,1.0,per_learner/6/rolling_acc,ppo_hier_items200_h1000\PPO_1
1572864,1.0,per_learner/6/rolling_acc,ppo_hier_items200_h1000\PPO_1
1575000,1.0,per_learner/6/rolling_acc,ppo_hier_items200_h1000\PPO_1
1600000,1.0,per_learner/6/rolling_acc,ppo_hier_items200_h1000\PPO_1
1605632,1.0,per_learner/6/rolling_acc,ppo_hier_items200_h1000\PPO_1
25000,1.0,per_learner/7/correct,ppo_hier_items200_h1000\PPO_1
32768,1.0,per_learner/7/correct,ppo_hier_items200_h1000\PPO_1
50000,1.0,per_learner/7/correct,ppo_hier_items200_h1000\PPO_1
65536,1.0,per_learner/7/correct,ppo_hier_items200_h1000\PPO_1
75000,1.0,per_learner/7/correct,ppo_hier_items200_h1000\PPO_1
98304,1.0,per_learner/7/correct,ppo_hier_items200_h1000\PPO_1
100000,1.0,per_learner/7/correct,ppo_hier_items200_h1000\PPO_1
125000,1.0,per_learner/7/correct,ppo_hier_items200_h1000\PPO_1
131072,1.0,per_learner/7/correct,ppo_hier_items200_h1000\PPO_1
150000,1.0,per_learner/7/correct,ppo_hier_items200_h1000\PPO_1
163840,1.0,per_learner/7/correct,ppo_hier_items200_h1000\PPO_1
175000,1.0,per_learner/7/correct,ppo_hier_items200_h1000\PPO_1
196608,1.0,per_learner/7/correct,ppo_hier_items200_h1000\PPO_1
200000,1.0,per_learner/7/correct,ppo_hier_items200_h1000\PPO_1
225000,1.0,per_learner/7/correct,ppo_hier_items200_h1000\PPO_1
229376,1.0,per_learner/7/correct,ppo_hier_items200_h1000\PPO_1
250000,1.0,per_learner/7/correct,ppo_hier_items200_h1000\PPO_1
262144,1.0,per_learner/7/correct,ppo_hier_items200_h1000\PPO_1
275000,1.0,per_learner/7/correct,ppo_hier_items200_h1000\PPO_1
294912,1.0,per_learner/7/correct,ppo_hier_items200_h1000\PPO_1
300000,1.0,per_learner/7/correct,ppo_hier_items200_h1000\PPO_1
325000,1.0,per_learner/7/correct,ppo_hier_items200_h1000\PPO_1
327680,1.0,per_learner/7/correct,ppo_hier_items200_h1000\PPO_1
350000,1.0,per_learner/7/correct,ppo_hier_items200_h1000\PPO_1
360448,1.0,per_learner/7/correct,ppo_hier_items200_h1000\PPO_1
375000,1.0,per_learner/7/correct,ppo_hier_items200_h1000\PPO_1
393216,1.0,per_learner/7/correct,ppo_hier_items200_h1000\PPO_1
400000,1.0,per_learner/7/correct,ppo_hier_items200_h1000\PPO_1
425000,1.0,per_learner/7/correct,ppo_hier_items200_h1000\PPO_1
425984,1.0,per_learner/7/correct,ppo_hier_items200_h1000\PPO_1
450000,1.0,per_learner/7/correct,ppo_hier_items200_h1000\PPO_1
458752,1.0,per_learner/7/correct,ppo_hier_items200_h1000\PPO_1
475000,1.0,per_learner/7/correct,ppo_hier_items200_h1000\PPO_1
491520,1.0,per_learner/7/correct,ppo_hier_items200_h1000\PPO_1
500000,1.0,per_learner/7/correct,ppo_hier_items200_h1000\PPO_1
524288,1.0,per_learner/7/correct,ppo_hier_items200_h1000\PPO_1
525000,1.0,per_learner/7/correct,ppo_hier_items200_h1000\PPO_1
550000,1.0,per_learner/7/correct,ppo_hier_items200_h1000\PPO_1
557056,1.0,per_learner/7/correct,ppo_hier_items200_h1000\PPO_1
575000,1.0,per_learner/7/correct,ppo_hier_items200_h1000\PPO_1
589824,1.0,per_learner/7/correct,ppo_hier_items200_h1000\PPO_1
600000,1.0,per_learner/7/correct,ppo_hier_items200_h1000\PPO_1
622592,1.0,per_learner/7/correct,ppo_hier_items200_h1000\PPO_1
625000,1.0,per_learner/7/correct,ppo_hier_items200_h1000\PPO_1
650000,1.0,per_learner/7/correct,ppo_hier_items200_h1000\PPO_1
655360,1.0,per_learner/7/correct,ppo_hier_items200_h1000\PPO_1
675000,1.0,per_learner/7/correct,ppo_hier_items200_h1000\PPO_1
688128,1.0,per_learner/7/correct,ppo_hier_items200_h1000\PPO_1
700000,1.0,per_learner/7/correct,ppo_hier_items200_h1000\PPO_1
720896,1.0,per_learner/7/correct,ppo_hier_items200_h1000\PPO_1
725000,1.0,per_learner/7/correct,ppo_hier_items200_h1000\PPO_1
750000,1.0,per_learner/7/correct,ppo_hier_items200_h1000\PPO_1
753664,1.0,per_learner/7/correct,ppo_hier_items200_h1000\PPO_1
775000,1.0,per_learner/7/correct,ppo_hier_items200_h1000\PPO_1
786432,1.0,per_learner/7/correct,ppo_hier_items200_h1000\PPO_1
800000,1.0,per_learner/7/correct,ppo_hier_items200_h1000\PPO_1
819200,1.0,per_learner/7/correct,ppo_hier_items200_h1000\PPO_1
825000,1.0,per_learner/7/correct,ppo_hier_items200_h1000\PPO_1
850000,1.0,per_learner/7/correct,ppo_hier_items200_h1000\PPO_1
851968,1.0,per_learner/7/correct,ppo_hier_items200_h1000\PPO_1
875000,1.0,per_learner/7/correct,ppo_hier_items200_h1000\PPO_1
884736,1.0,per_learner/7/correct,ppo_hier_items200_h1000\PPO_1
900000,1.0,per_learner/7/correct,ppo_hier_items200_h1000\PPO_1
917504,1.0,per_learner/7/correct,ppo_hier_items200_h1000\PPO_1
925000,1.0,per_learner/7/correct,ppo_hier_items200_h1000\PPO_1
950000,1.0,per_learner/7/correct,ppo_hier_items200_h1000\PPO_1
950272,1.0,per_learner/7/correct,ppo_hier_items200_h1000\PPO_1
975000,1.0,per_learner/7/correct,ppo_hier_items200_h1000\PPO_1
983040,1.0,per_learner/7/correct,ppo_hier_items200_h1000\PPO_1
1000000,1.0,per_learner/7/correct,ppo_hier_items200_h1000\PPO_1
1015808,1.0,per_learner/7/correct,ppo_hier_items200_h1000\PPO_1
1025000,1.0,per_learner/7/correct,ppo_hier_items200_h1000\PPO_1
1048576,1.0,per_learner/7/correct,ppo_hier_items200_h1000\PPO_1
1050000,1.0,per_learner/7/correct,ppo_hier_items200_h1000\PPO_1
1075000,1.0,per_learner/7/correct,ppo_hier_items200_h1000\PPO_1
1081344,1.0,per_learner/7/correct,ppo_hier_items200_h1000\PPO_1
1100000,1.0,per_learner/7/correct,ppo_hier_items200_h1000\PPO_1
1114112,1.0,per_learner/7/correct,ppo_hier_items200_h1000\PPO_1
1125000,1.0,per_learner/7/correct,ppo_hier_items200_h1000\PPO_1
1146880,1.0,per_learner/7/correct,ppo_hier_items200_h1000\PPO_1
1150000,1.0,per_learner/7/correct,ppo_hier_items200_h1000\PPO_1
1175000,1.0,per_learner/7/correct,ppo_hier_items200_h1000\PPO_1
1179648,1.0,per_learner/7/correct,ppo_hier_items200_h1000\PPO_1
1200000,1.0,per_learner/7/correct,ppo_hier_items200_h1000\PPO_1
1212416,1.0,per_learner/7/correct,ppo_hier_items200_h1000\PPO_1
1225000,1.0,per_learner/7/correct,ppo_hier_items200_h1000\PPO_1
1245184,1.0,per_learner/7/correct,ppo_hier_items200_h1000\PPO_1
1250000,1.0,per_learner/7/correct,ppo_hier_items200_h1000\PPO_1
1275000,1.0,per_learner/7/correct,ppo_hier_items200_h1000\PPO_1
1277952,1.0,per_learner/7/correct,ppo_hier_items200_h1000\PPO_1
1300000,1.0,per_learner/7/correct,ppo_hier_items200_h1000\PPO_1
1310720,1.0,per_learner/7/correct,ppo_hier_items200_h1000\PPO_1
1325000,1.0,per_learner/7/correct,ppo_hier_items200_h1000\PPO_1
1343488,1.0,per_learner/7/correct,ppo_hier_items200_h1000\PPO_1
1350000,1.0,per_learner/7/correct,ppo_hier_items200_h1000\PPO_1
1375000,1.0,per_learner/7/correct,ppo_hier_items200_h1000\PPO_1
1376256,1.0,per_learner/7/correct,ppo_hier_items200_h1000\PPO_1
1400000,1.0,per_learner/7/correct,ppo_hier_items200_h1000\PPO_1
1409024,1.0,per_learner/7/correct,ppo_hier_items200_h1000\PPO_1
1425000,1.0,per_learner/7/correct,ppo_hier_items200_h1000\PPO_1
1441792,1.0,per_learner/7/correct,ppo_hier_items200_h1000\PPO_1
1450000,1.0,per_learner/7/correct,ppo_hier_items200_h1000\PPO_1
1474560,1.0,per_learner/7/correct,ppo_hier_items200_h1000\PPO_1
1475000,1.0,per_learner/7/correct,ppo_hier_items200_h1000\PPO_1
1500000,1.0,per_learner/7/correct,ppo_hier_items200_h1000\PPO_1
1507328,1.0,per_learner/7/correct,ppo_hier_items200_h1000\PPO_1
1525000,1.0,per_learner/7/correct,ppo_hier_items200_h1000\PPO_1
1540096,1.0,per_learner/7/correct,ppo_hier_items200_h1000\PPO_1
1550000,1.0,per_learner/7/correct,ppo_hier_items200_h1000\PPO_1
1572864,1.0,per_learner/7/correct,ppo_hier_items200_h1000\PPO_1
1575000,1.0,per_learner/7/correct,ppo_hier_items200_h1000\PPO_1
1600000,1.0,per_learner/7/correct,ppo_hier_items200_h1000\PPO_1
1605632,1.0,per_learner/7/correct,ppo_hier_items200_h1000\PPO_1
25000,0.0,per_learner/7/mastered_count,ppo_hier_items200_h1000\PPO_1
32768,0.0,per_learner/7/mastered_count,ppo_hier_items200_h1000\PPO_1
50000,0.0,per_learner/7/mastered_count,ppo_hier_items200_h1000\PPO_1
65536,0.0,per_learner/7/mastered_count,ppo_hier_items200_h1000\PPO_1
75000,0.0,per_learner/7/mastered_count,ppo_hier_items200_h1000\PPO_1
98304,0.0,per_learner/7/mastered_count,ppo_hier_items200_h1000\PPO_1
100000,1.0,per_learner/7/mastered_count,ppo_hier_items200_h1000\PPO_1
125000,3.0,per_learner/7/mastered_count,ppo_hier_items200_h1000\PPO_1
131072,0.0,per_learner/7/mastered_count,ppo_hier_items200_h1000\PPO_1
150000,3.0,per_learner/7/mastered_count,ppo_hier_items200_h1000\PPO_1
163840,0.0,per_learner/7/mastered_count,ppo_hier_items200_h1000\PPO_1
175000,3.0,per_learner/7/mastered_count,ppo_hier_items200_h1000\PPO_1
196608,2.0,per_learner/7/mastered_count,ppo_hier_items200_h1000\PPO_1
200000,7.0,per_learner/7/mastered_count,ppo_hier_items200_h1000\PPO_1
225000,0.0,per_learner/7/mastered_count,ppo_hier_items200_h1000\PPO_1
229376,4.0,per_learner/7/mastered_count,ppo_hier_items200_h1000\PPO_1
250000,1.0,per_learner/7/mastered_count,ppo_hier_items200_h1000\PPO_1
262144,5.0,per_learner/7/mastered_count,ppo_hier_items200_h1000\PPO_1
275000,2.0,per_learner/7/mastered_count,ppo_hier_items200_h1000\PPO_1
294912,3.0,per_learner/7/mastered_count,ppo_hier_items200_h1000\PPO_1
300000,2.0,per_learner/7/mastered_count,ppo_hier_items200_h1000\PPO_1
325000,1.0,per_learner/7/mastered_count,ppo_hier_items200_h1000\PPO_1
327680,5.0,per_learner/7/mastered_count,ppo_hier_items200_h1000\PPO_1
350000,5.0,per_learner/7/mastered_count,ppo_hier_items200_h1000\PPO_1
360448,0.0,per_learner/7/mastered_count,ppo_hier_items200_h1000\PPO_1
375000,7.0,per_learner/7/mastered_count,ppo_hier_items200_h1000\PPO_1
393216,0.0,per_learner/7/mastered_count,ppo_hier_items200_h1000\PPO_1
400000,8.0,per_learner/7/mastered_count,ppo_hier_items200_h1000\PPO_1
425000,0.0,per_learner/7/mastered_count,ppo_hier_items200_h1000\PPO_1
425984,0.0,per_learner/7/mastered_count,ppo_hier_items200_h1000\PPO_1
450000,0.0,per_learner/7/mastered_count,ppo_hier_items200_h1000\PPO_1
458752,0.0,per_learner/7/mastered_count,ppo_hier_items200_h1000\PPO_1
475000,0.0,per_learner/7/mastered_count,ppo_hier_items200_h1000\PPO_1
491520,2.0,per_learner/7/mastered_count,ppo_hier_items200_h1000\PPO_1
500000,2.0,per_learner/7/mastered_count,ppo_hier_items200_h1000\PPO_1
524288,1.0,per_learner/7/mastered_count,ppo_hier_items200_h1000\PPO_1
525000,6.0,per_learner/7/mastered_count,ppo_hier_items200_h1000\PPO_1
550000,2.0,per_learner/7/mastered_count,ppo_hier_items200_h1000\PPO_1
557056,4.0,per_learner/7/mastered_count,ppo_hier_items200_h1000\PPO_1
575000,4.0,per_learner/7/mastered_count,ppo_hier_items200_h1000\PPO_1
589824,2.0,per_learner/7/mastered_count,ppo_hier_items200_h1000\PPO_1
600000,7.0,per_learner/7/mastered_count,ppo_hier_items200_h1000\PPO_1
622592,4.0,per_learner/7/mastered_count,ppo_hier_items200_h1000\PPO_1
625000,0.0,per_learner/7/mastered_count,ppo_hier_items200_h1000\PPO_1
650000,0.0,per_learner/7/mastered_count,ppo_hier_items200_h1000\PPO_1
655360,6.0,per_learner/7/mastered_count,ppo_hier_items200_h1000\PPO_1
675000,2.0,per_learner/7/mastered_count,ppo_hier_items200_h1000\PPO_1
688128,0.0,per_learner/7/mastered_count,ppo_hier_items200_h1000\PPO_1
700000,2.0,per_learner/7/mastered_count,ppo_hier_items200_h1000\PPO_1
720896,0.0,per_learner/7/mastered_count,ppo_hier_items200_h1000\PPO_1
725000,4.0,per_learner/7/mastered_count,ppo_hier_items200_h1000\PPO_1
750000,7.0,per_learner/7/mastered_count,ppo_hier_items200_h1000\PPO_1
753664,0.0,per_learner/7/mastered_count,ppo_hier_items200_h1000\PPO_1
775000,11.0,per_learner/7/mastered_count,ppo_hier_items200_h1000\PPO_1
786432,2.0,per_learner/7/mastered_count,ppo_hier_items200_h1000\PPO_1
800000,9.0,per_learner/7/mastered_count,ppo_hier_items200_h1000\PPO_1
819200,2.0,per_learner/7/mastered_count,ppo_hier_items200_h1000\PPO_1
825000,0.0,per_learner/7/mastered_count,ppo_hier_items200_h1000\PPO_1
850000,0.0,per_learner/7/mastered_count,ppo_hier_items200_h1000\PPO_1
851968,7.0,per_learner/7/mastered_count,ppo_hier_items200_h1000\PPO_1
875000,0.0,per_learner/7/mastered_count,ppo_hier_items200_h1000\PPO_1
884736,4.0,per_learner/7/mastered_count,ppo_hier_items200_h1000\PPO_1
900000,4.0,per_learner/7/mastered_count,ppo_hier_items200_h1000\PPO_1
917504,9.0,per_learner/7/mastered_count,ppo_hier_items200_h1000\PPO_1
925000,2.0,per_learner/7/mastered_count,ppo_hier_items200_h1000\PPO_1
950000,6.0,per_learner/7/mastered_count,ppo_hier_items200_h1000\PPO_1
950272,6.0,per_learner/7/mastered_count,ppo_hier_items200_h1000\PPO_1
975000,12.0,per_learner/7/mastered_count,ppo_hier_items200_h1000\PPO_1
983040,11.0,per_learner/7/mastered_count,ppo_hier_items200_h1000\PPO_1
1000000,14.0,per_learner/7/mastered_count,ppo_hier_items200_h1000\PPO_1
1015808,10.0,per_learner/7/mastered_count,ppo_hier_items200_h1000\PPO_1
1025000,2.0,per_learner/7/mastered_count,ppo_hier_items200_h1000\PPO_1
1048576,0.0,per_learner/7/mastered_count,ppo_hier_items200_h1000\PPO_1
1050000,3.0,per_learner/7/mastered_count,ppo_hier_items200_h1000\PPO_1
1075000,2.0,per_learner/7/mastered_count,ppo_hier_items200_h1000\PPO_1
1081344,1.0,per_learner/7/mastered_count,ppo_hier_items200_h1000\PPO_1
1100000,7.0,per_learner/7/mastered_count,ppo_hier_items200_h1000\PPO_1
1114112,4.0,per_learner/7/mastered_count,ppo_hier_items200_h1000\PPO_1
1125000,8.0,per_learner/7/mastered_count,ppo_hier_items200_h1000\PPO_1
1146880,5.0,per_learner/7/mastered_count,ppo_hier_items200_h1000\PPO_1
1150000,8.0,per_learner/7/mastered_count,ppo_hier_items200_h1000\PPO_1
1175000,15.0,per_learner/7/mastered_count,ppo_hier_items200_h1000\PPO_1
1179648,4.0,per_learner/7/mastered_count,ppo_hier_items200_h1000\PPO_1
1200000,12.0,per_learner/7/mastered_count,ppo_hier_items200_h1000\PPO_1
1212416,10.0,per_learner/7/mastered_count,ppo_hier_items200_h1000\PPO_1
1225000,0.0,per_learner/7/mastered_count,ppo_hier_items200_h1000\PPO_1
1245184,12.0,per_learner/7/mastered_count,ppo_hier_items200_h1000\PPO_1
1250000,3.0,per_learner/7/mastered_count,ppo_hier_items200_h1000\PPO_1
1275000,4.0,per_learner/7/mastered_count,ppo_hier_items200_h1000\PPO_1
1277952,13.0,per_learner/7/mastered_count,ppo_hier_items200_h1000\PPO_1
1300000,10.0,per_learner/7/mastered_count,ppo_hier_items200_h1000\PPO_1
1310720,13.0,per_learner/7/mastered_count,ppo_hier_items200_h1000\PPO_1
1325000,12.0,per_learner/7/mastered_count,ppo_hier_items200_h1000\PPO_1
1343488,18.0,per_learner/7/mastered_count,ppo_hier_items200_h1000\PPO_1
1350000,13.0,per_learner/7/mastered_count,ppo_hier_items200_h1000\PPO_1
1375000,14.0,per_learner/7/mastered_count,ppo_hier_items200_h1000\PPO_1
1376256,0.0,per_learner/7/mastered_count,ppo_hier_items200_h1000\PPO_1
1400000,13.0,per_learner/7/mastered_count,ppo_hier_items200_h1000\PPO_1
1409024,3.0,per_learner/7/mastered_count,ppo_hier_items200_h1000\PPO_1
1425000,1.0,per_learner/7/mastered_count,ppo_hier_items200_h1000\PPO_1
1441792,5.0,per_learner/7/mastered_count,ppo_hier_items200_h1000\PPO_1
1450000,2.0,per_learner/7/mastered_count,ppo_hier_items200_h1000\PPO_1
1474560,7.0,per_learner/7/mastered_count,ppo_hier_items200_h1000\PPO_1
1475000,7.0,per_learner/7/mastered_count,ppo_hier_items200_h1000\PPO_1
1500000,12.0,per_learner/7/mastered_count,ppo_hier_items200_h1000\PPO_1
1507328,6.0,per_learner/7/mastered_count,ppo_hier_items200_h1000\PPO_1
1525000,13.0,per_learner/7/mastered_count,ppo_hier_items200_h1000\PPO_1
1540096,10.0,per_learner/7/mastered_count,ppo_hier_items200_h1000\PPO_1
1550000,14.0,per_learner/7/mastered_count,ppo_hier_items200_h1000\PPO_1
1572864,12.0,per_learner/7/mastered_count,ppo_hier_items200_h1000\PPO_1
1575000,14.0,per_learner/7/mastered_count,ppo_hier_items200_h1000\PPO_1
1600000,17.0,per_learner/7/mastered_count,ppo_hier_items200_h1000\PPO_1
1605632,13.0,per_learner/7/mastered_count,ppo_hier_items200_h1000\PPO_1
25000,0.999136745929718,per_learner/7/p_correct,ppo_hier_items200_h1000\PPO_1
32768,0.9993587732315063,per_learner/7/p_correct,ppo_hier_items200_h1000\PPO_1
50000,0.9984158873558044,per_learner/7/p_correct,ppo_hier_items200_h1000\PPO_1
65536,0.998828113079071,per_learner/7/p_correct,ppo_hier_items200_h1000\PPO_1
75000,0.9976087808609009,per_learner/7/p_correct,ppo_hier_items200_h1000\PPO_1
98304,0.9979960918426514,per_learner/7/p_correct,ppo_hier_items200_h1000\PPO_1
100000,0.9986008405685425,per_learner/7/p_correct,ppo_hier_items200_h1000\PPO_1
125000,0.9956632852554321,per_learner/7/p_correct,ppo_hier_items200_h1000\PPO_1
131072,0.99732905626297,per_learner/7/p_correct,ppo_hier_items200_h1000\PPO_1
150000,0.9947126507759094,per_learner/7/p_correct,ppo_hier_items200_h1000\PPO_1
163840,0.9966623783111572,per_learner/7/p_correct,ppo_hier_items200_h1000\PPO_1
175000,0.9949149489402771,per_learner/7/p_correct,ppo_hier_items200_h1000\PPO_1
196608,0.9990857243537903,per_learner/7/p_correct,ppo_hier_items200_h1000\PPO_1
200000,0.994596004486084,per_learner/7/p_correct,ppo_hier_items200_h1000\PPO_1
225000,0.9991872310638428,per_learner/7/p_correct,ppo_hier_items200_h1000\PPO_1
229376,0.9987437129020691,per_learner/7/p_correct,ppo_hier_items200_h1000\PPO_1
250000,0.9983816742897034,per_learner/7/p_correct,ppo_hier_items200_h1000\PPO_1
262144,0.9993128776550293,per_learner/7/p_correct,ppo_hier_items200_h1000\PPO_1
275000,0.9995936155319214,per_learner/7/p_correct,ppo_hier_items200_h1000\PPO_1
294912,0.9940072894096375,per_learner/7/p_correct,ppo_hier_items200_h1000\PPO_1
300000,0.9970993995666504,per_learner/7/p_correct,ppo_hier_items200_h1000\PPO_1
325000,0.996372640132904,per_learner/7/p_correct,ppo_hier_items200_h1000\PPO_1
327680,0.9937249422073364,per_learner/7/p_correct,ppo_hier_items200_h1000\PPO_1
350000,0.9948176145553589,per_learner/7/p_correct,ppo_hier_items200_h1000\PPO_1
360448,0.9996100664138794,per_learner/7/p_correct,ppo_hier_items200_h1000\PPO_1
375000,0.9952611327171326,per_learner/7/p_correct,ppo_hier_items200_h1000\PPO_1
393216,0.9990103840827942,per_learner/7/p_correct,ppo_hier_items200_h1000\PPO_1
400000,0.9990935325622559,per_learner/7/p_correct,ppo_hier_items200_h1000\PPO_1
425000,0.9993262887001038,per_learner/7/p_correct,ppo_hier_items200_h1000\PPO_1
425984,0.9999940991401672,per_learner/7/p_correct,ppo_hier_items200_h1000\PPO_1
450000,0.9982672333717346,per_learner/7/p_correct,ppo_hier_items200_h1000\PPO_1
458752,0.997800886631012,per_learner/7/p_correct,ppo_hier_items200_h1000\PPO_1
475000,0.9978208541870117,per_learner/7/p_correct,ppo_hier_items200_h1000\PPO_1
491520,0.9998680949211121,per_learner/7/p_correct,ppo_hier_items200_h1000\PPO_1
500000,0.9987611174583435,per_learner/7/p_correct,ppo_hier_items200_h1000\PPO_1
524288,0.9965656399726868,per_learner/7/p_correct,ppo_hier_items200_h1000\PPO_1
525000,0.9962025880813599,per_learner/7/p_correct,ppo_hier_items200_h1000\PPO_1
550000,0.995100736618042,per_learner/7/p_correct,ppo_hier_items200_h1000\PPO_1
557056,0.995614767074585,per_learner/7/p_correct,ppo_hier_items200_h1000\PPO_1
575000,0.9975438117980957,per_learner/7/p_correct,ppo_hier_items200_h1000\PPO_1
589824,0.9988960027694702,per_learner/7/p_correct,ppo_hier_items200_h1000\PPO_1
600000,0.9987950921058655,per_learner/7/p_correct,ppo_hier_items200_h1000\PPO_1
622592,0.9977273941040039,per_learner/7/p_correct,ppo_hier_items200_h1000\PPO_1
625000,0.9991227388381958,per_learner/7/p_correct,ppo_hier_items200_h1000\PPO_1
650000,0.9982672333717346,per_learner/7/p_correct,ppo_hier_items200_h1000\PPO_1
655360,0.9936127066612244,per_learner/7/p_correct,ppo_hier_items200_h1000\PPO_1
675000,0.9973984956741333,per_learner/7/p_correct,ppo_hier_items200_h1000\PPO_1
688128,0.9999009370803833,per_learner/7/p_correct,ppo_hier_items200_h1000\PPO_1
700000,0.9970993995666504,per_learner/7/p_correct,ppo_hier_items200_h1000\PPO_1
720896,0.9992480874061584,per_learner/7/p_correct,ppo_hier_items200_h1000\PPO_1
725000,0.9966306090354919,per_learner/7/p_correct,ppo_hier_items200_h1000\PPO_1
750000,0.9947196841239929,per_learner/7/p_correct,ppo_hier_items200_h1000\PPO_1
753664,0.9995481371879578,per_learner/7/p_correct,ppo_hier_items200_h1000\PPO_1
775000,0.9982976913452148,per_learner/7/p_correct,ppo_hier_items200_h1000\PPO_1
786432,0.9981451630592346,per_learner/7/p_correct,ppo_hier_items200_h1000\PPO_1
800000,0.9998424053192139,per_learner/7/p_correct,ppo_hier_items200_h1000\PPO_1
819200,0.9996759295463562,per_learner/7/p_correct,ppo_hier_items200_h1000\PPO_1
825000,0.9992769956588745,per_learner/7/p_correct,ppo_hier_items200_h1000\PPO_1
850000,0.9995324611663818,per_learner/7/p_correct,ppo_hier_items200_h1000\PPO_1
851968,0.9998432397842407,per_learner/7/p_correct,ppo_hier_items200_h1000\PPO_1
875000,0.999949038028717,per_learner/7/p_correct,ppo_hier_items200_h1000\PPO_1
884736,0.9962075352668762,per_learner/7/p_correct,ppo_hier_items200_h1000\PPO_1
900000,0.9970935583114624,per_learner/7/p_correct,ppo_hier_items200_h1000\PPO_1
917504,0.9988143444061279,per_learner/7/p_correct,ppo_hier_items200_h1000\PPO_1
925000,0.9955931305885315,per_learner/7/p_correct,ppo_hier_items200_h1000\PPO_1
950000,0.9954363107681274,per_learner/7/p_correct,ppo_hier_items200_h1000\PPO_1
950272,0.9952235221862793,per_learner/7/p_correct,ppo_hier_items200_h1000\PPO_1
975000,0.9939311146736145,per_learner/7/p_correct,ppo_hier_items200_h1000\PPO_1
983040,0.9948800802230835,per_learner/7/p_correct,ppo_hier_items200_h1000\PPO_1
1000000,0.9933469891548157,per_learner/7/p_correct,ppo_hier_items200_h1000\PPO_1
1015808,0.9940633773803711,per_learner/7/p_correct,ppo_hier_items200_h1000\PPO_1
1025000,0.9992430210113525,per_learner/7/p_correct,ppo_hier_items200_h1000\PPO_1
1048576,0.9996087551116943,per_learner/7/p_correct,ppo_hier_items200_h1000\PPO_1
1050000,0.9994108080863953,per_learner/7/p_correct,ppo_hier_items200_h1000\PPO_1
1075000,0.9977368712425232,per_learner/7/p_correct,ppo_hier_items200_h1000\PPO_1
1081344,0.9990873336791992,per_learner/7/p_correct,ppo_hier_items200_h1000\PPO_1
1100000,0.9999544620513916,per_learner/7/p_correct,ppo_hier_items200_h1000\PPO_1
1114112,0.9981402158737183,per_learner/7/p_correct,ppo_hier_items200_h1000\PPO_1
1125000,0.9999750852584839,per_learner/7/p_correct,ppo_hier_items200_h1000\PPO_1
1146880,0.9974957704544067,per_learner/7/p_correct,ppo_hier_items200_h1000\PPO_1
1150000,0.994803786277771,per_learner/7/p_correct,ppo_hier_items200_h1000\PPO_1
1175000,0.9939311146736145,per_learner/7/p_correct,ppo_hier_items200_h1000\PPO_1
1179648,0.999997079372406,per_learner/7/p_correct,ppo_hier_items200_h1000\PPO_1
1200000,0.993066132068634,per_learner/7/p_correct,ppo_hier_items200_h1000\PPO_1
1212416,0.9963870048522949,per_learner/7/p_correct,ppo_hier_items200_h1000\PPO_1
1225000,0.9992769956588745,per_learner/7/p_correct,ppo_hier_items200_h1000\PPO_1
1245184,0.9964843392372131,per_learner/7/p_correct,ppo_hier_items200_h1000\PPO_1
1250000,0.9993374347686768,per_learner/7/p_correct,ppo_hier_items200_h1000\PPO_1
1275000,0.9998394846916199,per_learner/7/p_correct,ppo_hier_items200_h1000\PPO_1
1277952,0.9997690320014954,per_learner/7/p_correct,ppo_hier_items200_h1000\PPO_1
1300000,0.9965305328369141,per_learner/7/p_correct,ppo_hier_items200_h1000\PPO_1
1310720,0.9995344877243042,per_learner/7/p_correct,ppo_hier_items200_h1000\PPO_1
1325000,0.9956632852554321,per_learner/7/p_correct,ppo_hier_items200_h1000\PPO_1
1343488,0.9935089349746704,per_learner/7/p_correct,ppo_hier_items200_h1000\PPO_1
1350000,0.9956464171409607,per_learner/7/p_correct,ppo_hier_items200_h1000\PPO_1
1375000,0.9949207305908203,per_learner/7/p_correct,ppo_hier_items200_h1000\PPO_1
1376256,0.9997901916503906,per_learner/7/p_correct,ppo_hier_items200_h1000\PPO_1
1400000,0.9939176440238953,per_learner/7/p_correct,ppo_hier_items200_h1000\PPO_1
1409024,0.9992185831069946,per_learner/7/p_correct,ppo_hier_items200_h1000\PPO_1
1425000,0.9992769956588745,per_learner/7/p_correct,ppo_hier_items200_h1000\PPO_1
1441792,0.9995414018630981,per_learner/7/p_correct,ppo_hier_items200_h1000\PPO_1
1450000,0.9985544681549072,per_learner/7/p_correct,ppo_hier_items200_h1000\PPO_1
1474560,0.999671995639801,per_learner/7/p_correct,ppo_hier_items200_h1000\PPO_1
1475000,0.9990891218185425,per_learner/7/p_correct,ppo_hier_items200_h1000\PPO_1
1500000,0.9973024725914001,per_learner/7/p_correct,ppo_hier_items200_h1000\PPO_1
1507328,0.9970599412918091,per_learner/7/p_correct,ppo_hier_items200_h1000\PPO_1
1525000,0.996372640132904,per_learner/7/p_correct,ppo_hier_items200_h1000\PPO_1
1540096,0.9972211718559265,per_learner/7/p_correct,ppo_hier_items200_h1000\PPO_1
1550000,0.9956406354904175,per_learner/7/p_correct,ppo_hier_items200_h1000\PPO_1
1572864,0.9998770952224731,per_learner/7/p_correct,ppo_hier_items200_h1000\PPO_1
1575000,0.9938400387763977,per_learner/7/p_correct,ppo_hier_items200_h1000\PPO_1
1600000,0.9930800199508667,per_learner/7/p_correct,ppo_hier_items200_h1000\PPO_1
1605632,0.9955044388771057,per_learner/7/p_correct,ppo_hier_items200_h1000\PPO_1
25000,0.999215841293335,per_learner/7/reward,ppo_hier_items200_h1000\PPO_1
32768,0.9991602897644043,per_learner/7/reward,ppo_hier_items200_h1000\PPO_1
50000,0.999396026134491,per_learner/7/reward,ppo_hier_items200_h1000\PPO_1
65536,0.9992929697036743,per_learner/7/reward,ppo_hier_items200_h1000\PPO_1
75000,0.9995977878570557,per_learner/7/reward,ppo_hier_items200_h1000\PPO_1
98304,0.9995009899139404,per_learner/7/reward,ppo_hier_items200_h1000\PPO_1
100000,0.9993497729301453,per_learner/7/reward,ppo_hier_items200_h1000\PPO_1
125000,1.0000841617584229,per_learner/7/reward,ppo_hier_items200_h1000\PPO_1
131072,0.999667763710022,per_learner/7/reward,ppo_hier_items200_h1000\PPO_1
150000,1.000321865081787,per_learner/7/reward,ppo_hier_items200_h1000\PPO_1
163840,0.999834418296814,per_learner/7/reward,ppo_hier_items200_h1000\PPO_1
175000,1.0002713203430176,per_learner/7/reward,ppo_hier_items200_h1000\PPO_1
196608,0.9992285966873169,per_learner/7/reward,ppo_hier_items200_h1000\PPO_1
200000,1.0003509521484375,per_learner/7/reward,ppo_hier_items200_h1000\PPO_1
225000,0.9992032051086426,per_learner/7/reward,ppo_hier_items200_h1000\PPO_1
229376,0.9993140697479248,per_learner/7/reward,ppo_hier_items200_h1000\PPO_1
250000,0.9994045495986938,per_learner/7/reward,ppo_hier_items200_h1000\PPO_1
262144,3.009171724319458,per_learner/7/reward,ppo_hier_items200_h1000\PPO_1
275000,3.009101629257202,per_learner/7/reward,ppo_hier_items200_h1000\PPO_1
294912,1.0004981756210327,per_learner/7/reward,ppo_hier_items200_h1000\PPO_1
300000,0.9997251629829407,per_learner/7/reward,ppo_hier_items200_h1000\PPO_1
325000,0.9999068379402161,per_learner/7/reward,ppo_hier_items200_h1000\PPO_1
327680,1.0005687475204468,per_learner/7/reward,ppo_hier_items200_h1000\PPO_1
350000,1.000295639038086,per_learner/7/reward,ppo_hier_items200_h1000\PPO_1
360448,0.999097466468811,per_learner/7/reward,ppo_hier_items200_h1000\PPO_1
375000,1.0001847743988037,per_learner/7/reward,ppo_hier_items200_h1000\PPO_1
393216,0.9992474317550659,per_learner/7/reward,ppo_hier_items200_h1000\PPO_1
400000,0.9992266297340393,per_learner/7/reward,ppo_hier_items200_h1000\PPO_1
425000,0.9991684556007385,per_learner/7/reward,ppo_hier_items200_h1000\PPO_1
425984,0.9990015029907227,per_learner/7/reward,ppo_hier_items200_h1000\PPO_1
450000,0.9994332194328308,per_learner/7/reward,ppo_hier_items200_h1000\PPO_1
458752,0.9995497465133667,per_learner/7/reward,ppo_hier_items200_h1000\PPO_1
475000,0.9995447993278503,per_learner/7/reward,ppo_hier_items200_h1000\PPO_1
491520,0.9990329742431641,per_learner/7/reward,ppo_hier_items200_h1000\PPO_1
500000,0.9993097186088562,per_learner/7/reward,ppo_hier_items200_h1000\PPO_1
524288,0.9998586177825928,per_learner/7/reward,ppo_hier_items200_h1000\PPO_1
525000,0.9999493360519409,per_learner/7/reward,ppo_hier_items200_h1000\PPO_1
550000,1.0002248287200928,per_learner/7/reward,ppo_hier_items200_h1000\PPO_1
557056,1.000096321105957,per_learner/7/reward,ppo_hier_items200_h1000\PPO_1
575000,0.9996140599250793,per_learner/7/reward,ppo_hier_items200_h1000\PPO_1
589824,0.9992759823799133,per_learner/7/reward,ppo_hier_items200_h1000\PPO_1
600000,0.9993011951446533,per_learner/7/reward,ppo_hier_items200_h1000\PPO_1
622592,0.9995681643486023,per_learner/7/reward,ppo_hier_items200_h1000\PPO_1
625000,0.9992192983627319,per_learner/7/reward,ppo_hier_items200_h1000\PPO_1
650000,0.9994332194328308,per_learner/7/reward,ppo_hier_items200_h1000\PPO_1
655360,1.0005967617034912,per_learner/7/reward,ppo_hier_items200_h1000\PPO_1
675000,0.9996503591537476,per_learner/7/reward,ppo_hier_items200_h1000\PPO_1
688128,0.9990247488021851,per_learner/7/reward,ppo_hier_items200_h1000\PPO_1
700000,0.9997251629829407,per_learner/7/reward,ppo_hier_items200_h1000\PPO_1
720896,0.9991880059242249,per_learner/7/reward,ppo_hier_items200_h1000\PPO_1
725000,0.9998423457145691,per_learner/7/reward,ppo_hier_items200_h1000\PPO_1
750000,1.0003200769424438,per_learner/7/reward,ppo_hier_items200_h1000\PPO_1
753664,0.9991129636764526,per_learner/7/reward,ppo_hier_items200_h1000\PPO_1
775000,0.9994255900382996,per_learner/7/reward,ppo_hier_items200_h1000\PPO_1
786432,0.999463677406311,per_learner/7/reward,ppo_hier_items200_h1000\PPO_1
800000,3.0090394020080566,per_learner/7/reward,ppo_hier_items200_h1000\PPO_1
819200,0.999081015586853,per_learner/7/reward,ppo_hier_items200_h1000\PPO_1
825000,0.9991807341575623,per_learner/7/reward,ppo_hier_items200_h1000\PPO_1
850000,0.9991168975830078,per_learner/7/reward,ppo_hier_items200_h1000\PPO_1
851968,0.9990391731262207,per_learner/7/reward,ppo_hier_items200_h1000\PPO_1
875000,0.9990127682685852,per_learner/7/reward,ppo_hier_items200_h1000\PPO_1
884736,0.9999481439590454,per_learner/7/reward,ppo_hier_items200_h1000\PPO_1
900000,0.9997265934944153,per_learner/7/reward,ppo_hier_items200_h1000\PPO_1
917504,0.9992964267730713,per_learner/7/reward,ppo_hier_items200_h1000\PPO_1
925000,1.0001016855239868,per_learner/7/reward,ppo_hier_items200_h1000\PPO_1
950000,1.000140905380249,per_learner/7/reward,ppo_hier_items200_h1000\PPO_1
950272,1.0001940727233887,per_learner/7/reward,ppo_hier_items200_h1000\PPO_1
975000,1.0005172491073608,per_learner/7/reward,ppo_hier_items200_h1000\PPO_1
983040,1.0002800226211548,per_learner/7/reward,ppo_hier_items200_h1000\PPO_1
1000000,1.0006632804870605,per_learner/7/reward,ppo_hier_items200_h1000\PPO_1
1015808,1.0004841089248657,per_learner/7/reward,ppo_hier_items200_h1000\PPO_1
1025000,0.9991892576217651,per_learner/7/reward,ppo_hier_items200_h1000\PPO_1
1048576,0.9990978240966797,per_learner/7/reward,ppo_hier_items200_h1000\PPO_1
1050000,0.9991472959518433,per_learner/7/reward,ppo_hier_items200_h1000\PPO_1
1075000,0.9995657801628113,per_learner/7/reward,ppo_hier_items200_h1000\PPO_1
1081344,0.9992281794548035,per_learner/7/reward,ppo_hier_items200_h1000\PPO_1
1100000,3.0090112686157227,per_learner/7/reward,ppo_hier_items200_h1000\PPO_1
1114112,0.9994649291038513,per_learner/7/reward,ppo_hier_items200_h1000\PPO_1
1125000,3.0090062618255615,per_learner/7/reward,ppo_hier_items200_h1000\PPO_1
1146880,0.9996260404586792,per_learner/7/reward,ppo_hier_items200_h1000\PPO_1
1150000,1.000299096107483,per_learner/7/reward,ppo_hier_items200_h1000\PPO_1
1175000,1.0005172491073608,per_learner/7/reward,ppo_hier_items200_h1000\PPO_1
1179648,0.9990007281303406,per_learner/7/reward,ppo_hier_items200_h1000\PPO_1
1200000,1.000733494758606,per_learner/7/reward,ppo_hier_items200_h1000\PPO_1
1212416,0.9999032616615295,per_learner/7/reward,ppo_hier_items200_h1000\PPO_1
1225000,0.9991807341575623,per_learner/7/reward,ppo_hier_items200_h1000\PPO_1
1245184,0.9998789429664612,per_learner/7/reward,ppo_hier_items200_h1000\PPO_1
1250000,0.9991656541824341,per_learner/7/reward,ppo_hier_items200_h1000\PPO_1
1275000,3.009040117263794,per_learner/7/reward,ppo_hier_items200_h1000\PPO_1
1277952,3.0090577602386475,per_learner/7/reward,ppo_hier_items200_h1000\PPO_1
1300000,0.9998673796653748,per_learner/7/reward,ppo_hier_items200_h1000\PPO_1
1310720,3.0091164112091064,per_learner/7/reward,ppo_hier_items200_h1000\PPO_1
1325000,1.0000841617584229,per_learner/7/reward,ppo_hier_items200_h1000\PPO_1
1343488,1.0006227493286133,per_learner/7/reward,ppo_hier_items200_h1000\PPO_1
1350000,1.0000884532928467,per_learner/7/reward,ppo_hier_items200_h1000\PPO_1
1375000,1.0002697706222534,per_learner/7/reward,ppo_hier_items200_h1000\PPO_1
1376256,0.9990524649620056,per_learner/7/reward,ppo_hier_items200_h1000\PPO_1
1400000,1.0005205869674683,per_learner/7/reward,ppo_hier_items200_h1000\PPO_1
1409024,0.9991953372955322,per_learner/7/reward,ppo_hier_items200_h1000\PPO_1
1425000,0.9991807341575623,per_learner/7/reward,ppo_hier_items200_h1000\PPO_1
1441792,0.9991146326065063,per_learner/7/reward,ppo_hier_items200_h1000\PPO_1
1450000,0.9993613958358765,per_learner/7/reward,ppo_hier_items200_h1000\PPO_1
1474560,0.9990820288658142,per_learner/7/reward,ppo_hier_items200_h1000\PPO_1
1475000,0.9992277026176453,per_learner/7/reward,ppo_hier_items200_h1000\PPO_1
1500000,0.999674379825592,per_learner/7/reward,ppo_hier_items200_h1000\PPO_1
1507328,0.9997349977493286,per_learner/7/reward,ppo_hier_items200_h1000\PPO_1
1525000,0.9999068379402161,per_learner/7/reward,ppo_hier_items200_h1000\PPO_1
1540096,0.9996947050094604,per_learner/7/reward,ppo_hier_items200_h1000\PPO_1
1550000,1.0000898838043213,per_learner/7/reward,ppo_hier_items200_h1000\PPO_1
1572864,0.9990307092666626,per_learner/7/reward,ppo_hier_items200_h1000\PPO_1
1575000,1.000540018081665,per_learner/7/reward,ppo_hier_items200_h1000\PPO_1
1600000,1.000730037689209,per_learner/7/reward,ppo_hier_items200_h1000\PPO_1
1605632,1.0001238584518433,per_learner/7/reward,ppo_hier_items200_h1000\PPO_1
25000,1.0,per_learner/7/rolling_acc,ppo_hier_items200_h1000\PPO_1
32768,1.0,per_learner/7/rolling_acc,ppo_hier_items200_h1000\PPO_1
50000,1.0,per_learner/7/rolling_acc,ppo_hier_items200_h1000\PPO_1
65536,1.0,per_learner/7/rolling_acc,ppo_hier_items200_h1000\PPO_1
75000,1.0,per_learner/7/rolling_acc,ppo_hier_items200_h1000\PPO_1
98304,1.0,per_learner/7/rolling_acc,ppo_hier_items200_h1000\PPO_1
100000,1.0,per_learner/7/rolling_acc,ppo_hier_items200_h1000\PPO_1
125000,1.0,per_learner/7/rolling_acc,ppo_hier_items200_h1000\PPO_1
131072,1.0,per_learner/7/rolling_acc,ppo_hier_items200_h1000\PPO_1
150000,1.0,per_learner/7/rolling_acc,ppo_hier_items200_h1000\PPO_1
163840,1.0,per_learner/7/rolling_acc,ppo_hier_items200_h1000\PPO_1
175000,1.0,per_learner/7/rolling_acc,ppo_hier_items200_h1000\PPO_1
196608,1.0,per_learner/7/rolling_acc,ppo_hier_items200_h1000\PPO_1
200000,1.0,per_learner/7/rolling_acc,ppo_hier_items200_h1000\PPO_1
225000,1.0,per_learner/7/rolling_acc,ppo_hier_items200_h1000\PPO_1
229376,1.0,per_learner/7/rolling_acc,ppo_hier_items200_h1000\PPO_1
250000,0.9642857313156128,per_learner/7/rolling_acc,ppo_hier_items200_h1000\PPO_1
262144,1.0,per_learner/7/rolling_acc,ppo_hier_items200_h1000\PPO_1
275000,1.0,per_learner/7/rolling_acc,ppo_hier_items200_h1000\PPO_1
294912,1.0,per_learner/7/rolling_acc,ppo_hier_items200_h1000\PPO_1
300000,1.0,per_learner/7/rolling_acc,ppo_hier_items200_h1000\PPO_1
325000,0.9666666388511658,per_learner/7/rolling_acc,ppo_hier_items200_h1000\PPO_1
327680,1.0,per_learner/7/rolling_acc,ppo_hier_items200_h1000\PPO_1
350000,1.0,per_learner/7/rolling_acc,ppo_hier_items200_h1000\PPO_1
360448,1.0,per_learner/7/rolling_acc,ppo_hier_items200_h1000\PPO_1
375000,1.0,per_learner/7/rolling_acc,ppo_hier_items200_h1000\PPO_1
393216,1.0,per_learner/7/rolling_acc,ppo_hier_items200_h1000\PPO_1
400000,1.0,per_learner/7/rolling_acc,ppo_hier_items200_h1000\PPO_1
425000,1.0,per_learner/7/rolling_acc,ppo_hier_items200_h1000\PPO_1
425984,1.0,per_learner/7/rolling_acc,ppo_hier_items200_h1000\PPO_1
450000,1.0,per_learner/7/rolling_acc,ppo_hier_items200_h1000\PPO_1
458752,1.0,per_learner/7/rolling_acc,ppo_hier_items200_h1000\PPO_1
475000,1.0,per_learner/7/rolling_acc,ppo_hier_items200_h1000\PPO_1
491520,1.0,per_learner/7/rolling_acc,ppo_hier_items200_h1000\PPO_1
500000,1.0,per_learner/7/rolling_acc,ppo_hier_items200_h1000\PPO_1
524288,1.0,per_learner/7/rolling_acc,ppo_hier_items200_h1000\PPO_1
525000,1.0,per_learner/7/rolling_acc,ppo_hier_items200_h1000\PPO_1
550000,1.0,per_learner/7/rolling_acc,ppo_hier_items200_h1000\PPO_1
557056,0.9666666388511658,per_learner/7/rolling_acc,ppo_hier_items200_h1000\PPO_1
575000,1.0,per_learner/7/rolling_acc,ppo_hier_items200_h1000\PPO_1
589824,1.0,per_learner/7/rolling_acc,ppo_hier_items200_h1000\PPO_1
600000,1.0,per_learner/7/rolling_acc,ppo_hier_items200_h1000\PPO_1
622592,0.9666666388511658,per_learner/7/rolling_acc,ppo_hier_items200_h1000\PPO_1
625000,1.0,per_learner/7/rolling_acc,ppo_hier_items200_h1000\PPO_1
650000,1.0,per_learner/7/rolling_acc,ppo_hier_items200_h1000\PPO_1
655360,1.0,per_learner/7/rolling_acc,ppo_hier_items200_h1000\PPO_1
675000,1.0,per_learner/7/rolling_acc,ppo_hier_items200_h1000\PPO_1
688128,1.0,per_learner/7/rolling_acc,ppo_hier_items200_h1000\PPO_1
700000,1.0,per_learner/7/rolling_acc,ppo_hier_items200_h1000\PPO_1
720896,1.0,per_learner/7/rolling_acc,ppo_hier_items200_h1000\PPO_1
725000,1.0,per_learner/7/rolling_acc,ppo_hier_items200_h1000\PPO_1
750000,1.0,per_learner/7/rolling_acc,ppo_hier_items200_h1000\PPO_1
753664,1.0,per_learner/7/rolling_acc,ppo_hier_items200_h1000\PPO_1
775000,1.0,per_learner/7/rolling_acc,ppo_hier_items200_h1000\PPO_1
786432,1.0,per_learner/7/rolling_acc,ppo_hier_items200_h1000\PPO_1
800000,1.0,per_learner/7/rolling_acc,ppo_hier_items200_h1000\PPO_1
819200,1.0,per_learner/7/rolling_acc,ppo_hier_items200_h1000\PPO_1
825000,1.0,per_learner/7/rolling_acc,ppo_hier_items200_h1000\PPO_1
850000,1.0,per_learner/7/rolling_acc,ppo_hier_items200_h1000\PPO_1
851968,1.0,per_learner/7/rolling_acc,ppo_hier_items200_h1000\PPO_1
875000,1.0,per_learner/7/rolling_acc,ppo_hier_items200_h1000\PPO_1
884736,1.0,per_learner/7/rolling_acc,ppo_hier_items200_h1000\PPO_1
900000,1.0,per_learner/7/rolling_acc,ppo_hier_items200_h1000\PPO_1
917504,1.0,per_learner/7/rolling_acc,ppo_hier_items200_h1000\PPO_1
925000,1.0,per_learner/7/rolling_acc,ppo_hier_items200_h1000\PPO_1
950000,1.0,per_learner/7/rolling_acc,ppo_hier_items200_h1000\PPO_1
950272,1.0,per_learner/7/rolling_acc,ppo_hier_items200_h1000\PPO_1
975000,1.0,per_learner/7/rolling_acc,ppo_hier_items200_h1000\PPO_1
983040,1.0,per_learner/7/rolling_acc,ppo_hier_items200_h1000\PPO_1
1000000,1.0,per_learner/7/rolling_acc,ppo_hier_items200_h1000\PPO_1
1015808,1.0,per_learner/7/rolling_acc,ppo_hier_items200_h1000\PPO_1
1025000,1.0,per_learner/7/rolling_acc,ppo_hier_items200_h1000\PPO_1
1048576,1.0,per_learner/7/rolling_acc,ppo_hier_items200_h1000\PPO_1
1050000,1.0,per_learner/7/rolling_acc,ppo_hier_items200_h1000\PPO_1
1075000,1.0,per_learner/7/rolling_acc,ppo_hier_items200_h1000\PPO_1
1081344,1.0,per_learner/7/rolling_acc,ppo_hier_items200_h1000\PPO_1
1100000,0.9666666388511658,per_learner/7/rolling_acc,ppo_hier_items200_h1000\PPO_1
1114112,1.0,per_learner/7/rolling_acc,ppo_hier_items200_h1000\PPO_1
1125000,0.9666666388511658,per_learner/7/rolling_acc,ppo_hier_items200_h1000\PPO_1
1146880,1.0,per_learner/7/rolling_acc,ppo_hier_items200_h1000\PPO_1
1150000,1.0,per_learner/7/rolling_acc,ppo_hier_items200_h1000\PPO_1
1175000,1.0,per_learner/7/rolling_acc,ppo_hier_items200_h1000\PPO_1
1179648,1.0,per_learner/7/rolling_acc,ppo_hier_items200_h1000\PPO_1
1200000,1.0,per_learner/7/rolling_acc,ppo_hier_items200_h1000\PPO_1
1212416,1.0,per_learner/7/rolling_acc,ppo_hier_items200_h1000\PPO_1
1225000,1.0,per_learner/7/rolling_acc,ppo_hier_items200_h1000\PPO_1
1245184,1.0,per_learner/7/rolling_acc,ppo_hier_items200_h1000\PPO_1
1250000,1.0,per_learner/7/rolling_acc,ppo_hier_items200_h1000\PPO_1
1275000,1.0,per_learner/7/rolling_acc,ppo_hier_items200_h1000\PPO_1
1277952,1.0,per_learner/7/rolling_acc,ppo_hier_items200_h1000\PPO_1
1300000,1.0,per_learner/7/rolling_acc,ppo_hier_items200_h1000\PPO_1
1310720,1.0,per_learner/7/rolling_acc,ppo_hier_items200_h1000\PPO_1
1325000,1.0,per_learner/7/rolling_acc,ppo_hier_items200_h1000\PPO_1
1343488,1.0,per_learner/7/rolling_acc,ppo_hier_items200_h1000\PPO_1
1350000,1.0,per_learner/7/rolling_acc,ppo_hier_items200_h1000\PPO_1
1375000,1.0,per_learner/7/rolling_acc,ppo_hier_items200_h1000\PPO_1
1376256,1.0,per_learner/7/rolling_acc,ppo_hier_items200_h1000\PPO_1
1400000,1.0,per_learner/7/rolling_acc,ppo_hier_items200_h1000\PPO_1
1409024,1.0,per_learner/7/rolling_acc,ppo_hier_items200_h1000\PPO_1
1425000,1.0,per_learner/7/rolling_acc,ppo_hier_items200_h1000\PPO_1
1441792,1.0,per_learner/7/rolling_acc,ppo_hier_items200_h1000\PPO_1
1450000,1.0,per_learner/7/rolling_acc,ppo_hier_items200_h1000\PPO_1
1474560,1.0,per_learner/7/rolling_acc,ppo_hier_items200_h1000\PPO_1
1475000,1.0,per_learner/7/rolling_acc,ppo_hier_items200_h1000\PPO_1
1500000,1.0,per_learner/7/rolling_acc,ppo_hier_items200_h1000\PPO_1
1507328,1.0,per_learner/7/rolling_acc,ppo_hier_items200_h1000\PPO_1
1525000,1.0,per_learner/7/rolling_acc,ppo_hier_items200_h1000\PPO_1
1540096,1.0,per_learner/7/rolling_acc,ppo_hier_items200_h1000\PPO_1
1550000,1.0,per_learner/7/rolling_acc,ppo_hier_items200_h1000\PPO_1
1572864,1.0,per_learner/7/rolling_acc,ppo_hier_items200_h1000\PPO_1
1575000,1.0,per_learner/7/rolling_acc,ppo_hier_items200_h1000\PPO_1
1600000,1.0,per_learner/7/rolling_acc,ppo_hier_items200_h1000\PPO_1
1605632,1.0,per_learner/7/rolling_acc,ppo_hier_items200_h1000\PPO_1
32768,1000.0,rollout/ep_len_mean,ppo_hier_items200_h1000\PPO_1
65536,1000.0,rollout/ep_len_mean,ppo_hier_items200_h1000\PPO_1
98304,1000.0,rollout/ep_len_mean,ppo_hier_items200_h1000\PPO_1
131072,1000.0,rollout/ep_len_mean,ppo_hier_items200_h1000\PPO_1
163840,1000.0,rollout/ep_len_mean,ppo_hier_items200_h1000\PPO_1
196608,1000.0,rollout/ep_len_mean,ppo_hier_items200_h1000\PPO_1
229376,1000.0,rollout/ep_len_mean,ppo_hier_items200_h1000\PPO_1
262144,1000.0,rollout/ep_len_mean,ppo_hier_items200_h1000\PPO_1
294912,1000.0,rollout/ep_len_mean,ppo_hier_items200_h1000\PPO_1
327680,1000.0,rollout/ep_len_mean,ppo_hier_items200_h1000\PPO_1
360448,1000.0,rollout/ep_len_mean,ppo_hier_items200_h1000\PPO_1
393216,1000.0,rollout/ep_len_mean,ppo_hier_items200_h1000\PPO_1
425984,1000.0,rollout/ep_len_mean,ppo_hier_items200_h1000\PPO_1
458752,1000.0,rollout/ep_len_mean,ppo_hier_items200_h1000\PPO_1
491520,1000.0,rollout/ep_len_mean,ppo_hier_items200_h1000\PPO_1
524288,1000.0,rollout/ep_len_mean,ppo_hier_items200_h1000\PPO_1
557056,1000.0,rollout/ep_len_mean,ppo_hier_items200_h1000\PPO_1
589824,1000.0,rollout/ep_len_mean,ppo_hier_items200_h1000\PPO_1
622592,1000.0,rollout/ep_len_mean,ppo_hier_items200_h1000\PPO_1
655360,1000.0,rollout/ep_len_mean,ppo_hier_items200_h1000\PPO_1
688128,1000.0,rollout/ep_len_mean,ppo_hier_items200_h1000\PPO_1
720896,1000.0,rollout/ep_len_mean,ppo_hier_items200_h1000\PPO_1
753664,1000.0,rollout/ep_len_mean,ppo_hier_items200_h1000\PPO_1
786432,1000.0,rollout/ep_len_mean,ppo_hier_items200_h1000\PPO_1
819200,1000.0,rollout/ep_len_mean,ppo_hier_items200_h1000\PPO_1
851968,1000.0,rollout/ep_len_mean,ppo_hier_items200_h1000\PPO_1
884736,1000.0,rollout/ep_len_mean,ppo_hier_items200_h1000\PPO_1
917504,1000.0,rollout/ep_len_mean,ppo_hier_items200_h1000\PPO_1
950272,1000.0,rollout/ep_len_mean,ppo_hier_items200_h1000\PPO_1
983040,1000.0,rollout/ep_len_mean,ppo_hier_items200_h1000\PPO_1
1015808,1000.0,rollout/ep_len_mean,ppo_hier_items200_h1000\PPO_1
1048576,1000.0,rollout/ep_len_mean,ppo_hier_items200_h1000\PPO_1
1081344,1000.0,rollout/ep_len_mean,ppo_hier_items200_h1000\PPO_1
1114112,1000.0,rollout/ep_len_mean,ppo_hier_items200_h1000\PPO_1
1146880,1000.0,rollout/ep_len_mean,ppo_hier_items200_h1000\PPO_1
1179648,1000.0,rollout/ep_len_mean,ppo_hier_items200_h1000\PPO_1
1212416,1000.0,rollout/ep_len_mean,ppo_hier_items200_h1000\PPO_1
1245184,1000.0,rollout/ep_len_mean,ppo_hier_items200_h1000\PPO_1
1277952,1000.0,rollout/ep_len_mean,ppo_hier_items200_h1000\PPO_1
1310720,1000.0,rollout/ep_len_mean,ppo_hier_items200_h1000\PPO_1
1343488,1000.0,rollout/ep_len_mean,ppo_hier_items200_h1000\PPO_1
1376256,1000.0,rollout/ep_len_mean,ppo_hier_items200_h1000\PPO_1
1409024,1000.0,rollout/ep_len_mean,ppo_hier_items200_h1000\PPO_1
1441792,1000.0,rollout/ep_len_mean,ppo_hier_items200_h1000\PPO_1
1474560,1000.0,rollout/ep_len_mean,ppo_hier_items200_h1000\PPO_1
1507328,1000.0,rollout/ep_len_mean,ppo_hier_items200_h1000\PPO_1
1540096,1000.0,rollout/ep_len_mean,ppo_hier_items200_h1000\PPO_1
1572864,1000.0,rollout/ep_len_mean,ppo_hier_items200_h1000\PPO_1
1605632,1000.0,rollout/ep_len_mean,ppo_hier_items200_h1000\PPO_1
32768,48.225040435791016,rollout/ep_rew_mean,ppo_hier_items200_h1000\PPO_1
65536,46.696556091308594,rollout/ep_rew_mean,ppo_hier_items200_h1000\PPO_1
98304,46.38743591308594,rollout/ep_rew_mean,ppo_hier_items200_h1000\PPO_1
131072,45.600318908691406,rollout/ep_rew_mean,ppo_hier_items200_h1000\PPO_1
163840,46.01517105102539,rollout/ep_rew_mean,ppo_hier_items200_h1000\PPO_1
196608,46.18734359741211,rollout/ep_rew_mean,ppo_hier_items200_h1000\PPO_1
229376,46.36345672607422,rollout/ep_rew_mean,ppo_hier_items200_h1000\PPO_1
262144,46.42277908325195,rollout/ep_rew_mean,ppo_hier_items200_h1000\PPO_1
294912,46.397708892822266,rollout/ep_rew_mean,ppo_hier_items200_h1000\PPO_1
327680,46.38384246826172,rollout/ep_rew_mean,ppo_hier_items200_h1000\PPO_1
360448,46.4632453918457,rollout/ep_rew_mean,ppo_hier_items200_h1000\PPO_1
393216,46.512516021728516,rollout/ep_rew_mean,ppo_hier_items200_h1000\PPO_1
425984,46.496063232421875,rollout/ep_rew_mean,ppo_hier_items200_h1000\PPO_1
458752,46.4472770690918,rollout/ep_rew_mean,ppo_hier_items200_h1000\PPO_1
491520,46.50990295410156,rollout/ep_rew_mean,ppo_hier_items200_h1000\PPO_1
524288,46.51237487792969,rollout/ep_rew_mean,ppo_hier_items200_h1000\PPO_1
557056,46.38912582397461,rollout/ep_rew_mean,ppo_hier_items200_h1000\PPO_1
589824,46.36802673339844,rollout/ep_rew_mean,ppo_hier_items200_h1000\PPO_1
622592,46.40938949584961,rollout/ep_rew_mean,ppo_hier_items200_h1000\PPO_1
655360,46.559837341308594,rollout/ep_rew_mean,ppo_hier_items200_h1000\PPO_1
688128,46.595062255859375,rollout/ep_rew_mean,ppo_hier_items200_h1000\PPO_1
720896,46.659332275390625,rollout/ep_rew_mean,ppo_hier_items200_h1000\PPO_1
753664,46.61370086669922,rollout/ep_rew_mean,ppo_hier_items200_h1000\PPO_1
786432,46.60578536987305,rollout/ep_rew_mean,ppo_hier_items200_h1000\PPO_1
819200,46.591758728027344,rollout/ep_rew_mean,ppo_hier_items200_h1000\PPO_1
851968,46.556724548339844,rollout/ep_rew_mean,ppo_hier_items200_h1000\PPO_1
884736,46.514556884765625,rollout/ep_rew_mean,ppo_hier_items200_h1000\PPO_1
917504,46.41908645629883,rollout/ep_rew_mean,ppo_hier_items200_h1000\PPO_1
950272,46.3938102722168,rollout/ep_rew_mean,ppo_hier_items200_h1000\PPO_1
983040,46.351173400878906,rollout/ep_rew_mean,ppo_hier_items200_h1000\PPO_1
1015808,46.31727600097656,rollout/ep_rew_mean,ppo_hier_items200_h1000\PPO_1
1048576,46.12287521362305,rollout/ep_rew_mean,ppo_hier_items200_h1000\PPO_1
1081344,46.011112213134766,rollout/ep_rew_mean,ppo_hier_items200_h1000\PPO_1
1114112,46.082191467285156,rollout/ep_rew_mean,ppo_hier_items200_h1000\PPO_1
1146880,46.19822311401367,rollout/ep_rew_mean,ppo_hier_items200_h1000\PPO_1
1179648,46.3237419128418,rollout/ep_rew_mean,ppo_hier_items200_h1000\PPO_1
1212416,46.331581115722656,rollout/ep_rew_mean,ppo_hier_items200_h1000\PPO_1
1245184,46.338722229003906,rollout/ep_rew_mean,ppo_hier_items200_h1000\PPO_1
1277952,46.31209945678711,rollout/ep_rew_mean,ppo_hier_items200_h1000\PPO_1
1310720,46.349029541015625,rollout/ep_rew_mean,ppo_hier_items200_h1000\PPO_1
1343488,46.36345291137695,rollout/ep_rew_mean,ppo_hier_items200_h1000\PPO_1
1376256,46.41273880004883,rollout/ep_rew_mean,ppo_hier_items200_h1000\PPO_1
1409024,46.435630798339844,rollout/ep_rew_mean,ppo_hier_items200_h1000\PPO_1
1441792,46.41718292236328,rollout/ep_rew_mean,ppo_hier_items200_h1000\PPO_1
1474560,46.329002380371094,rollout/ep_rew_mean,ppo_hier_items200_h1000\PPO_1
1507328,46.46025466918945,rollout/ep_rew_mean,ppo_hier_items200_h1000\PPO_1
1540096,46.518829345703125,rollout/ep_rew_mean,ppo_hier_items200_h1000\PPO_1
1572864,46.75263214111328,rollout/ep_rew_mean,ppo_hier_items200_h1000\PPO_1
1605632,46.752437591552734,rollout/ep_rew_mean,ppo_hier_items200_h1000\PPO_1
32768,1002.0,time/fps,ppo_hier_items200_h1000\PPO_1
65536,795.0,time/fps,ppo_hier_items200_h1000\PPO_1
98304,732.0,time/fps,ppo_hier_items200_h1000\PPO_1
131072,694.0,time/fps,ppo_hier_items200_h1000\PPO_1
163840,694.0,time/fps,ppo_hier_items200_h1000\PPO_1
196608,693.0,time/fps,ppo_hier_items200_h1000\PPO_1
229376,676.0,time/fps,ppo_hier_items200_h1000\PPO_1
262144,677.0,time/fps,ppo_hier_items200_h1000\PPO_1
294912,680.0,time/fps,ppo_hier_items200_h1000\PPO_1
327680,678.0,time/fps,ppo_hier_items200_h1000\PPO_1
360448,682.0,time/fps,ppo_hier_items200_h1000\PPO_1
393216,686.0,time/fps,ppo_hier_items200_h1000\PPO_1
425984,681.0,time/fps,ppo_hier_items200_h1000\PPO_1
458752,683.0,time/fps,ppo_hier_items200_h1000\PPO_1
491520,685.0,time/fps,ppo_hier_items200_h1000\PPO_1
524288,686.0,time/fps,ppo_hier_items200_h1000\PPO_1
557056,677.0,time/fps,ppo_hier_items200_h1000\PPO_1
589824,676.0,time/fps,ppo_hier_items200_h1000\PPO_1
622592,673.0,time/fps,ppo_hier_items200_h1000\PPO_1
655360,662.0,time/fps,ppo_hier_items200_h1000\PPO_1
688128,659.0,time/fps,ppo_hier_items200_h1000\PPO_1
720896,658.0,time/fps,ppo_hier_items200_h1000\PPO_1
753664,656.0,time/fps,ppo_hier_items200_h1000\PPO_1
786432,658.0,time/fps,ppo_hier_items200_h1000\PPO_1
819200,659.0,time/fps,ppo_hier_items200_h1000\PPO_1
851968,656.0,time/fps,ppo_hier_items200_h1000\PPO_1
884736,658.0,time/fps,ppo_hier_items200_h1000\PPO_1
917504,658.0,time/fps,ppo_hier_items200_h1000\PPO_1
950272,656.0,time/fps,ppo_hier_items200_h1000\PPO_1
983040,657.0,time/fps,ppo_hier_items200_h1000\PPO_1
1015808,657.0,time/fps,ppo_hier_items200_h1000\PPO_1
1048576,655.0,time/fps,ppo_hier_items200_h1000\PPO_1
1081344,649.0,time/fps,ppo_hier_items200_h1000\PPO_1
1114112,646.0,time/fps,ppo_hier_items200_h1000\PPO_1
1146880,647.0,time/fps,ppo_hier_items200_h1000\PPO_1
1179648,644.0,time/fps,ppo_hier_items200_h1000\PPO_1
1212416,644.0,time/fps,ppo_hier_items200_h1000\PPO_1
1245184,645.0,time/fps,ppo_hier_items200_h1000\PPO_1
1277952,642.0,time/fps,ppo_hier_items200_h1000\PPO_1
1310720,642.0,time/fps,ppo_hier_items200_h1000\PPO_1
1343488,643.0,time/fps,ppo_hier_items200_h1000\PPO_1
1376256,637.0,time/fps,ppo_hier_items200_h1000\PPO_1
1409024,637.0,time/fps,ppo_hier_items200_h1000\PPO_1
1441792,638.0,time/fps,ppo_hier_items200_h1000\PPO_1
1474560,638.0,time/fps,ppo_hier_items200_h1000\PPO_1
1507328,637.0,time/fps,ppo_hier_items200_h1000\PPO_1
1540096,637.0,time/fps,ppo_hier_items200_h1000\PPO_1
1572864,638.0,time/fps,ppo_hier_items200_h1000\PPO_1
1605632,637.0,time/fps,ppo_hier_items200_h1000\PPO_1
50000,0.007619994692504406,train/approx_kl,ppo_hier_items200_h1000\PPO_1
75000,0.007515071891248226,train/approx_kl,ppo_hier_items200_h1000\PPO_1
100000,0.008771682158112526,train/approx_kl,ppo_hier_items200_h1000\PPO_1
150000,0.009701913222670555,train/approx_kl,ppo_hier_items200_h1000\PPO_1
175000,0.00995088554918766,train/approx_kl,ppo_hier_items200_h1000\PPO_1
200000,0.009890749119222164,train/approx_kl,ppo_hier_items200_h1000\PPO_1
250000,0.009633088484406471,train/approx_kl,ppo_hier_items200_h1000\PPO_1
275000,0.009783190675079823,train/approx_kl,ppo_hier_items200_h1000\PPO_1
300000,0.009731858968734741,train/approx_kl,ppo_hier_items200_h1000\PPO_1
350000,0.009208591654896736,train/approx_kl,ppo_hier_items200_h1000\PPO_1
375000,0.009364438243210316,train/approx_kl,ppo_hier_items200_h1000\PPO_1
400000,0.00931097287684679,train/approx_kl,ppo_hier_items200_h1000\PPO_1
450000,0.009271788410842419,train/approx_kl,ppo_hier_items200_h1000\PPO_1
475000,0.009453894570469856,train/approx_kl,ppo_hier_items200_h1000\PPO_1
500000,0.00935691874474287,train/approx_kl,ppo_hier_items200_h1000\PPO_1
525000,0.009324056096374989,train/approx_kl,ppo_hier_items200_h1000\PPO_1
575000,0.009029584005475044,train/approx_kl,ppo_hier_items200_h1000\PPO_1
600000,0.009434144012629986,train/approx_kl,ppo_hier_items200_h1000\PPO_1
625000,0.009196797385811806,train/approx_kl,ppo_hier_items200_h1000\PPO_1
675000,0.008982924744486809,train/approx_kl,ppo_hier_items200_h1000\PPO_1
700000,0.008568691089749336,train/approx_kl,ppo_hier_items200_h1000\PPO_1
725000,0.008796725422143936,train/approx_kl,ppo_hier_items200_h1000\PPO_1
775000,0.008838513866066933,train/approx_kl,ppo_hier_items200_h1000\PPO_1
800000,0.008651374839246273,train/approx_kl,ppo_hier_items200_h1000\PPO_1
825000,0.008169191889464855,train/approx_kl,ppo_hier_items200_h1000\PPO_1
875000,0.00842994637787342,train/approx_kl,ppo_hier_items200_h1000\PPO_1
900000,0.008183164522051811,train/approx_kl,ppo_hier_items200_h1000\PPO_1
925000,0.007716383785009384,train/approx_kl,ppo_hier_items200_h1000\PPO_1
975000,0.00790874008089304,train/approx_kl,ppo_hier_items200_h1000\PPO_1
1000000,0.007739590480923653,train/approx_kl,ppo_hier_items200_h1000\PPO_1
1025000,0.007445471361279488,train/approx_kl,ppo_hier_items200_h1000\PPO_1
1050000,0.00739473570138216,train/approx_kl,ppo_hier_items200_h1000\PPO_1
1100000,0.007257082965224981,train/approx_kl,ppo_hier_items200_h1000\PPO_1
1125000,0.007123173214495182,train/approx_kl,ppo_hier_items200_h1000\PPO_1
1150000,0.007023146376013756,train/approx_kl,ppo_hier_items200_h1000\PPO_1
1200000,0.00658673420548439,train/approx_kl,ppo_hier_items200_h1000\PPO_1
1225000,0.006438118405640125,train/approx_kl,ppo_hier_items200_h1000\PPO_1
1250000,0.006279923487454653,train/approx_kl,ppo_hier_items200_h1000\PPO_1
1300000,0.005890447646379471,train/approx_kl,ppo_hier_items200_h1000\PPO_1
1325000,0.005440975539386272,train/approx_kl,ppo_hier_items200_h1000\PPO_1
1350000,0.004963373299688101,train/approx_kl,ppo_hier_items200_h1000\PPO_1
1400000,0.004379801452159882,train/approx_kl,ppo_hier_items200_h1000\PPO_1
1425000,0.003848960855975747,train/approx_kl,ppo_hier_items200_h1000\PPO_1
1450000,0.003358915913850069,train/approx_kl,ppo_hier_items200_h1000\PPO_1
1475000,0.0023060601670295,train/approx_kl,ppo_hier_items200_h1000\PPO_1
1525000,0.0013752609957009554,train/approx_kl,ppo_hier_items200_h1000\PPO_1
1550000,0.0007973869214765728,train/approx_kl,ppo_hier_items200_h1000\PPO_1
1575000,0.0001275266840821132,train/approx_kl,ppo_hier_items200_h1000\PPO_1
50000,0.17916564643383026,train/clip_fraction,ppo_hier_items200_h1000\PPO_1
75000,0.18201903998851776,train/clip_fraction,ppo_hier_items200_h1000\PPO_1
100000,0.1787872314453125,train/clip_fraction,ppo_hier_items200_h1000\PPO_1
150000,0.18993529677391052,train/clip_fraction,ppo_hier_items200_h1000\PPO_1
175000,0.18821105360984802,train/clip_fraction,ppo_hier_items200_h1000\PPO_1
200000,0.19861754775047302,train/clip_fraction,ppo_hier_items200_h1000\PPO_1
250000,0.20024414360523224,train/clip_fraction,ppo_hier_items200_h1000\PPO_1
275000,0.20954589545726776,train/clip_fraction,ppo_hier_items200_h1000\PPO_1
300000,0.20766600966453552,train/clip_fraction,ppo_hier_items200_h1000\PPO_1
350000,0.20493774116039276,train/clip_fraction,ppo_hier_items200_h1000\PPO_1
375000,0.21258850395679474,train/clip_fraction,ppo_hier_items200_h1000\PPO_1
400000,0.21575622260570526,train/clip_fraction,ppo_hier_items200_h1000\PPO_1
450000,0.21839293837547302,train/clip_fraction,ppo_hier_items200_h1000\PPO_1
475000,0.22706298530101776,train/clip_fraction,ppo_hier_items200_h1000\PPO_1
500000,0.21093444526195526,train/clip_fraction,ppo_hier_items200_h1000\PPO_1
525000,0.21427612006664276,train/clip_fraction,ppo_hier_items200_h1000\PPO_1
575000,0.20650024712085724,train/clip_fraction,ppo_hier_items200_h1000\PPO_1
600000,0.20568236708641052,train/clip_fraction,ppo_hier_items200_h1000\PPO_1
625000,0.20834656059741974,train/clip_fraction,ppo_hier_items200_h1000\PPO_1
675000,0.19652709364891052,train/clip_fraction,ppo_hier_items200_h1000\PPO_1
700000,0.187713623046875,train/clip_fraction,ppo_hier_items200_h1000\PPO_1
725000,0.19093933701515198,train/clip_fraction,ppo_hier_items200_h1000\PPO_1
775000,0.19331665337085724,train/clip_fraction,ppo_hier_items200_h1000\PPO_1
800000,0.19048461318016052,train/clip_fraction,ppo_hier_items200_h1000\PPO_1
825000,0.17562560737133026,train/clip_fraction,ppo_hier_items200_h1000\PPO_1
875000,0.17967835068702698,train/clip_fraction,ppo_hier_items200_h1000\PPO_1
900000,0.17043456435203552,train/clip_fraction,ppo_hier_items200_h1000\PPO_1
925000,0.1510009765625,train/clip_fraction,ppo_hier_items200_h1000\PPO_1
975000,0.14754334092140198,train/clip_fraction,ppo_hier_items200_h1000\PPO_1
1000000,0.14929810166358948,train/clip_fraction,ppo_hier_items200_h1000\PPO_1
1025000,0.13828735053539276,train/clip_fraction,ppo_hier_items200_h1000\PPO_1
1050000,0.13126525282859802,train/clip_fraction,ppo_hier_items200_h1000\PPO_1
1100000,0.13182982802391052,train/clip_fraction,ppo_hier_items200_h1000\PPO_1
1125000,0.12443847954273224,train/clip_fraction,ppo_hier_items200_h1000\PPO_1
1150000,0.1149139404296875,train/clip_fraction,ppo_hier_items200_h1000\PPO_1
1200000,0.10244140774011612,train/clip_fraction,ppo_hier_items200_h1000\PPO_1
1225000,0.09319152683019638,train/clip_fraction,ppo_hier_items200_h1000\PPO_1
1250000,0.0845489501953125,train/clip_fraction,ppo_hier_items200_h1000\PPO_1
1300000,0.07188110053539276,train/clip_fraction,ppo_hier_items200_h1000\PPO_1
1325000,0.06085205078125,train/clip_fraction,ppo_hier_items200_h1000\PPO_1
1350000,0.04613342136144638,train/clip_fraction,ppo_hier_items200_h1000\PPO_1
1400000,0.0318145751953125,train/clip_fraction,ppo_hier_items200_h1000\PPO_1
1425000,0.0245513916015625,train/clip_fraction,ppo_hier_items200_h1000\PPO_1
1450000,0.01844177208840847,train/clip_fraction,ppo_hier_items200_h1000\PPO_1
1475000,0.009005737490952015,train/clip_fraction,ppo_hier_items200_h1000\PPO_1
1525000,0.0014923096168786287,train/clip_fraction,ppo_hier_items200_h1000\PPO_1
1550000,6.408691115211695e-05,train/clip_fraction,ppo_hier_items200_h1000\PPO_1
1575000,0.0,train/clip_fraction,ppo_hier_items200_h1000\PPO_1
50000,0.15000000596046448,train/clip_range,ppo_hier_items200_h1000\PPO_1
75000,0.15000000596046448,train/clip_range,ppo_hier_items200_h1000\PPO_1
100000,0.15000000596046448,train/clip_range,ppo_hier_items200_h1000\PPO_1
150000,0.15000000596046448,train/clip_range,ppo_hier_items200_h1000\PPO_1
175000,0.15000000596046448,train/clip_range,ppo_hier_items200_h1000\PPO_1
200000,0.15000000596046448,train/clip_range,ppo_hier_items200_h1000\PPO_1
250000,0.15000000596046448,train/clip_range,ppo_hier_items200_h1000\PPO_1
275000,0.15000000596046448,train/clip_range,ppo_hier_items200_h1000\PPO_1
300000,0.15000000596046448,train/clip_range,ppo_hier_items200_h1000\PPO_1
350000,0.15000000596046448,train/clip_range,ppo_hier_items200_h1000\PPO_1
375000,0.15000000596046448,train/clip_range,ppo_hier_items200_h1000\PPO_1
400000,0.15000000596046448,train/clip_range,ppo_hier_items200_h1000\PPO_1
450000,0.15000000596046448,train/clip_range,ppo_hier_items200_h1000\PPO_1
475000,0.15000000596046448,train/clip_range,ppo_hier_items200_h1000\PPO_1
500000,0.15000000596046448,train/clip_range,ppo_hier_items200_h1000\PPO_1
525000,0.15000000596046448,train/clip_range,ppo_hier_items200_h1000\PPO_1
575000,0.15000000596046448,train/clip_range,ppo_hier_items200_h1000\PPO_1
600000,0.15000000596046448,train/clip_range,ppo_hier_items200_h1000\PPO_1
625000,0.15000000596046448,train/clip_range,ppo_hier_items200_h1000\PPO_1
675000,0.15000000596046448,train/clip_range,ppo_hier_items200_h1000\PPO_1
700000,0.15000000596046448,train/clip_range,ppo_hier_items200_h1000\PPO_1
725000,0.15000000596046448,train/clip_range,ppo_hier_items200_h1000\PPO_1
775000,0.15000000596046448,train/clip_range,ppo_hier_items200_h1000\PPO_1
800000,0.15000000596046448,train/clip_range,ppo_hier_items200_h1000\PPO_1
825000,0.15000000596046448,train/clip_range,ppo_hier_items200_h1000\PPO_1
875000,0.15000000596046448,train/clip_range,ppo_hier_items200_h1000\PPO_1
900000,0.15000000596046448,train/clip_range,ppo_hier_items200_h1000\PPO_1
925000,0.15000000596046448,train/clip_range,ppo_hier_items200_h1000\PPO_1
975000,0.15000000596046448,train/clip_range,ppo_hier_items200_h1000\PPO_1
1000000,0.15000000596046448,train/clip_range,ppo_hier_items200_h1000\PPO_1
1025000,0.15000000596046448,train/clip_range,ppo_hier_items200_h1000\PPO_1
1050000,0.15000000596046448,train/clip_range,ppo_hier_items200_h1000\PPO_1
1100000,0.15000000596046448,train/clip_range,ppo_hier_items200_h1000\PPO_1
1125000,0.15000000596046448,train/clip_range,ppo_hier_items200_h1000\PPO_1
1150000,0.15000000596046448,train/clip_range,ppo_hier_items200_h1000\PPO_1
1200000,0.15000000596046448,train/clip_range,ppo_hier_items200_h1000\PPO_1
1225000,0.15000000596046448,train/clip_range,ppo_hier_items200_h1000\PPO_1
1250000,0.15000000596046448,train/clip_range,ppo_hier_items200_h1000\PPO_1
1300000,0.15000000596046448,train/clip_range,ppo_hier_items200_h1000\PPO_1
1325000,0.15000000596046448,train/clip_range,ppo_hier_items200_h1000\PPO_1
1350000,0.15000000596046448,train/clip_range,ppo_hier_items200_h1000\PPO_1
1400000,0.15000000596046448,train/clip_range,ppo_hier_items200_h1000\PPO_1
1425000,0.15000000596046448,train/clip_range,ppo_hier_items200_h1000\PPO_1
1450000,0.15000000596046448,train/clip_range,ppo_hier_items200_h1000\PPO_1
1475000,0.15000000596046448,train/clip_range,ppo_hier_items200_h1000\PPO_1
1525000,0.15000000596046448,train/clip_range,ppo_hier_items200_h1000\PPO_1
1550000,0.15000000596046448,train/clip_range,ppo_hier_items200_h1000\PPO_1
1575000,0.15000000596046448,train/clip_range,ppo_hier_items200_h1000\PPO_1
50000,-7.372159957885742,train/entropy_loss,ppo_hier_items200_h1000\PPO_1
75000,-7.365238666534424,train/entropy_loss,ppo_hier_items200_h1000\PPO_1
100000,-7.357694625854492,train/entropy_loss,ppo_hier_items200_h1000\PPO_1
150000,-7.346928119659424,train/entropy_loss,ppo_hier_items200_h1000\PPO_1
175000,-7.336308479309082,train/entropy_loss,ppo_hier_items200_h1000\PPO_1
200000,-7.324387550354004,train/entropy_loss,ppo_hier_items200_h1000\PPO_1
250000,-7.3142619132995605,train/entropy_loss,ppo_hier_items200_h1000\PPO_1
275000,-7.302632808685303,train/entropy_loss,ppo_hier_items200_h1000\PPO_1
300000,-7.288466930389404,train/entropy_loss,ppo_hier_items200_h1000\PPO_1
350000,-7.274038791656494,train/entropy_loss,ppo_hier_items200_h1000\PPO_1
375000,-7.261220455169678,train/entropy_loss,ppo_hier_items200_h1000\PPO_1
400000,-7.247107028961182,train/entropy_loss,ppo_hier_items200_h1000\PPO_1
450000,-7.236967086791992,train/entropy_loss,ppo_hier_items200_h1000\PPO_1
475000,-7.219165802001953,train/entropy_loss,ppo_hier_items200_h1000\PPO_1
500000,-7.208840847015381,train/entropy_loss,ppo_hier_items200_h1000\PPO_1
525000,-7.196207523345947,train/entropy_loss,ppo_hier_items200_h1000\PPO_1
575000,-7.177523136138916,train/entropy_loss,ppo_hier_items200_h1000\PPO_1
600000,-7.160967826843262,train/entropy_loss,ppo_hier_items200_h1000\PPO_1
625000,-7.141745567321777,train/entropy_loss,ppo_hier_items200_h1000\PPO_1
675000,-7.122103691101074,train/entropy_loss,ppo_hier_items200_h1000\PPO_1
700000,-7.090549468994141,train/entropy_loss,ppo_hier_items200_h1000\PPO_1
725000,-7.066970348358154,train/entropy_loss,ppo_hier_items200_h1000\PPO_1
775000,-7.035406589508057,train/entropy_loss,ppo_hier_items200_h1000\PPO_1
800000,-7.004749774932861,train/entropy_loss,ppo_hier_items200_h1000\PPO_1
825000,-6.992829322814941,train/entropy_loss,ppo_hier_items200_h1000\PPO_1
875000,-6.965713977813721,train/entropy_loss,ppo_hier_items200_h1000\PPO_1
900000,-6.944721698760986,train/entropy_loss,ppo_hier_items200_h1000\PPO_1
925000,-6.918828010559082,train/entropy_loss,ppo_hier_items200_h1000\PPO_1
975000,-6.894598960876465,train/entropy_loss,ppo_hier_items200_h1000\PPO_1
1000000,-6.868088722229004,train/entropy_loss,ppo_hier_items200_h1000\PPO_1
1025000,-6.849049091339111,train/entropy_loss,ppo_hier_items200_h1000\PPO_1
1050000,-6.816070556640625,train/entropy_loss,ppo_hier_items200_h1000\PPO_1
1100000,-6.7890238761901855,train/entropy_loss,ppo_hier_items200_h1000\PPO_1
1125000,-6.774275302886963,train/entropy_loss,ppo_hier_items200_h1000\PPO_1
1150000,-6.760530471801758,train/entropy_loss,ppo_hier_items200_h1000\PPO_1
1200000,-6.743536949157715,train/entropy_loss,ppo_hier_items200_h1000\PPO_1
1225000,-6.722443103790283,train/entropy_loss,ppo_hier_items200_h1000\PPO_1
1250000,-6.710577011108398,train/entropy_loss,ppo_hier_items200_h1000\PPO_1
1300000,-6.694614887237549,train/entropy_loss,ppo_hier_items200_h1000\PPO_1
1325000,-6.689794540405273,train/entropy_loss,ppo_hier_items200_h1000\PPO_1
1350000,-6.678149700164795,train/entropy_loss,ppo_hier_items200_h1000\PPO_1
1400000,-6.660220146179199,train/entropy_loss,ppo_hier_items200_h1000\PPO_1
1425000,-6.6254963874816895,train/entropy_loss,ppo_hier_items200_h1000\PPO_1
1450000,-6.620091438293457,train/entropy_loss,ppo_hier_items200_h1000\PPO_1
1475000,-6.6136345863342285,train/entropy_loss,ppo_hier_items200_h1000\PPO_1
1525000,-6.623997688293457,train/entropy_loss,ppo_hier_items200_h1000\PPO_1
1550000,-6.622695446014404,train/entropy_loss,ppo_hier_items200_h1000\PPO_1
1575000,-6.625268936157227,train/entropy_loss,ppo_hier_items200_h1000\PPO_1
50000,0.3424261212348938,train/explained_variance,ppo_hier_items200_h1000\PPO_1
75000,0.7003426551818848,train/explained_variance,ppo_hier_items200_h1000\PPO_1
100000,0.6678981781005859,train/explained_variance,ppo_hier_items200_h1000\PPO_1
150000,0.6702127456665039,train/explained_variance,ppo_hier_items200_h1000\PPO_1
175000,0.7288007736206055,train/explained_variance,ppo_hier_items200_h1000\PPO_1
200000,0.7832397222518921,train/explained_variance,ppo_hier_items200_h1000\PPO_1
250000,0.8373979330062866,train/explained_variance,ppo_hier_items200_h1000\PPO_1
275000,0.8687456846237183,train/explained_variance,ppo_hier_items200_h1000\PPO_1
300000,0.8992669582366943,train/explained_variance,ppo_hier_items200_h1000\PPO_1
350000,0.9248999953269958,train/explained_variance,ppo_hier_items200_h1000\PPO_1
375000,0.9365605115890503,train/explained_variance,ppo_hier_items200_h1000\PPO_1
400000,0.9503856897354126,train/explained_variance,ppo_hier_items200_h1000\PPO_1
450000,0.9550125598907471,train/explained_variance,ppo_hier_items200_h1000\PPO_1
475000,0.9603856205940247,train/explained_variance,ppo_hier_items200_h1000\PPO_1
500000,0.9678875803947449,train/explained_variance,ppo_hier_items200_h1000\PPO_1
525000,0.9715862274169922,train/explained_variance,ppo_hier_items200_h1000\PPO_1
575000,0.9703028798103333,train/explained_variance,ppo_hier_items200_h1000\PPO_1
600000,0.9699700474739075,train/explained_variance,ppo_hier_items200_h1000\PPO_1
625000,0.9725472927093506,train/explained_variance,ppo_hier_items200_h1000\PPO_1
675000,0.9731442928314209,train/explained_variance,ppo_hier_items200_h1000\PPO_1
700000,0.9717903137207031,train/explained_variance,ppo_hier_items200_h1000\PPO_1
725000,0.9739101529121399,train/explained_variance,ppo_hier_items200_h1000\PPO_1
775000,0.9725496768951416,train/explained_variance,ppo_hier_items200_h1000\PPO_1
800000,0.9779454469680786,train/explained_variance,ppo_hier_items200_h1000\PPO_1
825000,0.9773060083389282,train/explained_variance,ppo_hier_items200_h1000\PPO_1
875000,0.9776179194450378,train/explained_variance,ppo_hier_items200_h1000\PPO_1
900000,0.9794647693634033,train/explained_variance,ppo_hier_items200_h1000\PPO_1
925000,0.974286675453186,train/explained_variance,ppo_hier_items200_h1000\PPO_1
975000,0.9769396781921387,train/explained_variance,ppo_hier_items200_h1000\PPO_1
1000000,0.9800732731819153,train/explained_variance,ppo_hier_items200_h1000\PPO_1
1025000,0.9807084202766418,train/explained_variance,ppo_hier_items200_h1000\PPO_1
1050000,0.974141538143158,train/explained_variance,ppo_hier_items200_h1000\PPO_1
1100000,0.9794172644615173,train/explained_variance,ppo_hier_items200_h1000\PPO_1
1125000,0.9820005893707275,train/explained_variance,ppo_hier_items200_h1000\PPO_1
1150000,0.9839144945144653,train/explained_variance,ppo_hier_items200_h1000\PPO_1
1200000,0.9849677085876465,train/explained_variance,ppo_hier_items200_h1000\PPO_1
1225000,0.9814497828483582,train/explained_variance,ppo_hier_items200_h1000\PPO_1
1250000,0.9818630814552307,train/explained_variance,ppo_hier_items200_h1000\PPO_1
1300000,0.9858618378639221,train/explained_variance,ppo_hier_items200_h1000\PPO_1
1325000,0.9846091866493225,train/explained_variance,ppo_hier_items200_h1000\PPO_1
1350000,0.9846627712249756,train/explained_variance,ppo_hier_items200_h1000\PPO_1
1400000,0.9845633506774902,train/explained_variance,ppo_hier_items200_h1000\PPO_1
1425000,0.9825882911682129,train/explained_variance,ppo_hier_items200_h1000\PPO_1
1450000,0.9843966364860535,train/explained_variance,ppo_hier_items200_h1000\PPO_1
1475000,0.9822002053260803,train/explained_variance,ppo_hier_items200_h1000\PPO_1
1525000,0.985576868057251,train/explained_variance,ppo_hier_items200_h1000\PPO_1
1550000,0.9859126806259155,train/explained_variance,ppo_hier_items200_h1000\PPO_1
1575000,0.987302303314209,train/explained_variance,ppo_hier_items200_h1000\PPO_1
50000,0.0002938559919130057,train/learning_rate,ppo_hier_items200_h1000\PPO_1
75000,0.0002877119986806065,train/learning_rate,ppo_hier_items200_h1000\PPO_1
100000,0.00028156800544820726,train/learning_rate,ppo_hier_items200_h1000\PPO_1
150000,0.00027542401221580803,train/learning_rate,ppo_hier_items200_h1000\PPO_1
175000,0.00026927998987957835,train/learning_rate,ppo_hier_items200_h1000\PPO_1
200000,0.0002631359966471791,train/learning_rate,ppo_hier_items200_h1000\PPO_1
250000,0.0002569920034147799,train/learning_rate,ppo_hier_items200_h1000\PPO_1
275000,0.0002508480101823807,train/learning_rate,ppo_hier_items200_h1000\PPO_1
300000,0.000244703987846151,train/learning_rate,ppo_hier_items200_h1000\PPO_1
350000,0.00023855999461375177,train/learning_rate,ppo_hier_items200_h1000\PPO_1
375000,0.00023241600138135254,train/learning_rate,ppo_hier_items200_h1000\PPO_1
400000,0.0002262719935970381,train/learning_rate,ppo_hier_items200_h1000\PPO_1
450000,0.00022012800036463886,train/learning_rate,ppo_hier_items200_h1000\PPO_1
475000,0.00021398400713223964,train/learning_rate,ppo_hier_items200_h1000\PPO_1
500000,0.00020783999934792519,train/learning_rate,ppo_hier_items200_h1000\PPO_1
525000,0.00020169600611552596,train/learning_rate,ppo_hier_items200_h1000\PPO_1
575000,0.0001955519983312115,train/learning_rate,ppo_hier_items200_h1000\PPO_1
600000,0.00018940800509881228,train/learning_rate,ppo_hier_items200_h1000\PPO_1
625000,0.00018326399731449783,train/learning_rate,ppo_hier_items200_h1000\PPO_1
675000,0.0001771200040820986,train/learning_rate,ppo_hier_items200_h1000\PPO_1
700000,0.00017097599629778415,train/learning_rate,ppo_hier_items200_h1000\PPO_1
725000,0.00016483200306538492,train/learning_rate,ppo_hier_items200_h1000\PPO_1
775000,0.00015868799528107047,train/learning_rate,ppo_hier_items200_h1000\PPO_1
800000,0.00015254400204867125,train/learning_rate,ppo_hier_items200_h1000\PPO_1
825000,0.0001463999942643568,train/learning_rate,ppo_hier_items200_h1000\PPO_1
875000,0.00014025600103195757,train/learning_rate,ppo_hier_items200_h1000\PPO_1
900000,0.0001341119932476431,train/learning_rate,ppo_hier_items200_h1000\PPO_1
925000,0.0001279680000152439,train/learning_rate,ppo_hier_items200_h1000\PPO_1
975000,0.00012182399950688705,train/learning_rate,ppo_hier_items200_h1000\PPO_1
1000000,0.00011567999899853021,train/learning_rate,ppo_hier_items200_h1000\PPO_1
1025000,0.00010953599849017337,train/learning_rate,ppo_hier_items200_h1000\PPO_1
1050000,0.00010339199798181653,train/learning_rate,ppo_hier_items200_h1000\PPO_1
1100000,9.724799747345969e-05,train/learning_rate,ppo_hier_items200_h1000\PPO_1
1125000,9.110399696510285e-05,train/learning_rate,ppo_hier_items200_h1000\PPO_1
1150000,8.495999645674601e-05,train/learning_rate,ppo_hier_items200_h1000\PPO_1
1200000,7.881600322434679e-05,train/learning_rate,ppo_hier_items200_h1000\PPO_1
1225000,7.267200271598995e-05,train/learning_rate,ppo_hier_items200_h1000\PPO_1
1250000,6.652800220763311e-05,train/learning_rate,ppo_hier_items200_h1000\PPO_1
1300000,6.038400169927627e-05,train/learning_rate,ppo_hier_items200_h1000\PPO_1
1325000,5.424000119091943e-05,train/learning_rate,ppo_hier_items200_h1000\PPO_1
1350000,4.809600068256259e-05,train/learning_rate,ppo_hier_items200_h1000\PPO_1
1400000,4.195200017420575e-05,train/learning_rate,ppo_hier_items200_h1000\PPO_1
1425000,3.580799966584891e-05,train/learning_rate,ppo_hier_items200_h1000\PPO_1
1450000,2.966399915749207e-05,train/learning_rate,ppo_hier_items200_h1000\PPO_1
1475000,2.3520000468124636e-05,train/learning_rate,ppo_hier_items200_h1000\PPO_1
1525000,1.7375999959767796e-05,train/learning_rate,ppo_hier_items200_h1000\PPO_1
1550000,1.1232000360905658e-05,train/learning_rate,ppo_hier_items200_h1000\PPO_1
1575000,5.087999852548819e-06,train/learning_rate,ppo_hier_items200_h1000\PPO_1
50000,-0.004094872623682022,train/loss,ppo_hier_items200_h1000\PPO_1
75000,-0.060900766402482986,train/loss,ppo_hier_items200_h1000\PPO_1
100000,-0.062735915184021,train/loss,ppo_hier_items200_h1000\PPO_1
150000,-0.06329552829265594,train/loss,ppo_hier_items200_h1000\PPO_1
175000,-0.056490637362003326,train/loss,ppo_hier_items200_h1000\PPO_1
200000,-0.055923160165548325,train/loss,ppo_hier_items200_h1000\PPO_1
250000,-0.05883719399571419,train/loss,ppo_hier_items200_h1000\PPO_1
275000,-0.06516414880752563,train/loss,ppo_hier_items200_h1000\PPO_1
300000,-0.0648697093129158,train/loss,ppo_hier_items200_h1000\PPO_1
350000,-0.06312154978513718,train/loss,ppo_hier_items200_h1000\PPO_1
375000,-0.0621991865336895,train/loss,ppo_hier_items200_h1000\PPO_1
400000,-0.06621967256069183,train/loss,ppo_hier_items200_h1000\PPO_1
450000,-0.06319106370210648,train/loss,ppo_hier_items200_h1000\PPO_1
475000,-0.07085759192705154,train/loss,ppo_hier_items200_h1000\PPO_1
500000,-0.06998354196548462,train/loss,ppo_hier_items200_h1000\PPO_1
525000,-0.07396075129508972,train/loss,ppo_hier_items200_h1000\PPO_1
575000,-0.07117258757352829,train/loss,ppo_hier_items200_h1000\PPO_1
600000,-0.0693267285823822,train/loss,ppo_hier_items200_h1000\PPO_1
625000,-0.07141059637069702,train/loss,ppo_hier_items200_h1000\PPO_1
675000,-0.07154117524623871,train/loss,ppo_hier_items200_h1000\PPO_1
700000,-0.06724540144205093,train/loss,ppo_hier_items200_h1000\PPO_1
725000,-0.07182183116674423,train/loss,ppo_hier_items200_h1000\PPO_1
775000,-0.06838982552289963,train/loss,ppo_hier_items200_h1000\PPO_1
800000,-0.0633043646812439,train/loss,ppo_hier_items200_h1000\PPO_1
825000,-0.06979992985725403,train/loss,ppo_hier_items200_h1000\PPO_1
875000,-0.07087578624486923,train/loss,ppo_hier_items200_h1000\PPO_1
900000,-0.07137593626976013,train/loss,ppo_hier_items200_h1000\PPO_1
925000,-0.0655270367860794,train/loss,ppo_hier_items200_h1000\PPO_1
975000,-0.06836887449026108,train/loss,ppo_hier_items200_h1000\PPO_1
1000000,-0.07139399647712708,train/loss,ppo_hier_items200_h1000\PPO_1
1025000,-0.06417995691299438,train/loss,ppo_hier_items200_h1000\PPO_1
1050000,-0.06328953802585602,train/loss,ppo_hier_items200_h1000\PPO_1
1100000,-0.06555008888244629,train/loss,ppo_hier_items200_h1000\PPO_1
1125000,-0.06304352730512619,train/loss,ppo_hier_items200_h1000\PPO_1
1150000,-0.06723544001579285,train/loss,ppo_hier_items200_h1000\PPO_1
1200000,-0.06687626242637634,train/loss,ppo_hier_items200_h1000\PPO_1
1225000,-0.060689836740493774,train/loss,ppo_hier_items200_h1000\PPO_1
1250000,-0.059742558747529984,train/loss,ppo_hier_items200_h1000\PPO_1
1300000,-0.05988693982362747,train/loss,ppo_hier_items200_h1000\PPO_1
1325000,-0.059626370668411255,train/loss,ppo_hier_items200_h1000\PPO_1
1350000,-0.05498357117176056,train/loss,ppo_hier_items200_h1000\PPO_1
1400000,-0.05257995054125786,train/loss,ppo_hier_items200_h1000\PPO_1
1425000,-0.05165699124336243,train/loss,ppo_hier_items200_h1000\PPO_1
1450000,-0.04676659405231476,train/loss,ppo_hier_items200_h1000\PPO_1
1475000,-0.044176045805215836,train/loss,ppo_hier_items200_h1000\PPO_1
1525000,-0.04035038873553276,train/loss,ppo_hier_items200_h1000\PPO_1
1550000,-0.03651070594787598,train/loss,ppo_hier_items200_h1000\PPO_1
1575000,-0.031985923647880554,train/loss,ppo_hier_items200_h1000\PPO_1
50000,-0.017656274139881134,train/policy_gradient_loss,ppo_hier_items200_h1000\PPO_1
75000,-0.024748163297772408,train/policy_gradient_loss,ppo_hier_items200_h1000\PPO_1
100000,-0.025656908750534058,train/policy_gradient_loss,ppo_hier_items200_h1000\PPO_1
150000,-0.025853417813777924,train/policy_gradient_loss,ppo_hier_items200_h1000\PPO_1
175000,-0.025542626157402992,train/policy_gradient_loss,ppo_hier_items200_h1000\PPO_1
200000,-0.026789866387844086,train/policy_gradient_loss,ppo_hier_items200_h1000\PPO_1
250000,-0.027338441461324692,train/policy_gradient_loss,ppo_hier_items200_h1000\PPO_1
275000,-0.028141506016254425,train/policy_gradient_loss,ppo_hier_items200_h1000\PPO_1
300000,-0.02866370603442192,train/policy_gradient_loss,ppo_hier_items200_h1000\PPO_1
350000,-0.02886957675218582,train/policy_gradient_loss,ppo_hier_items200_h1000\PPO_1
375000,-0.030304348096251488,train/policy_gradient_loss,ppo_hier_items200_h1000\PPO_1
400000,-0.029780054464936256,train/policy_gradient_loss,ppo_hier_items200_h1000\PPO_1
450000,-0.03017369844019413,train/policy_gradient_loss,ppo_hier_items200_h1000\PPO_1
475000,-0.031890664249658585,train/policy_gradient_loss,ppo_hier_items200_h1000\PPO_1
500000,-0.03180428966879845,train/policy_gradient_loss,ppo_hier_items200_h1000\PPO_1
525000,-0.03217072784900665,train/policy_gradient_loss,ppo_hier_items200_h1000\PPO_1
575000,-0.03157976642251015,train/policy_gradient_loss,ppo_hier_items200_h1000\PPO_1
600000,-0.0315321683883667,train/policy_gradient_loss,ppo_hier_items200_h1000\PPO_1
625000,-0.032260846346616745,train/policy_gradient_loss,ppo_hier_items200_h1000\PPO_1
675000,-0.031385187059640884,train/policy_gradient_loss,ppo_hier_items200_h1000\PPO_1
700000,-0.03102375566959381,train/policy_gradient_loss,ppo_hier_items200_h1000\PPO_1
725000,-0.030649667605757713,train/policy_gradient_loss,ppo_hier_items200_h1000\PPO_1
775000,-0.029640616849064827,train/policy_gradient_loss,ppo_hier_items200_h1000\PPO_1
800000,-0.029770663008093834,train/policy_gradient_loss,ppo_hier_items200_h1000\PPO_1
825000,-0.029400311410427094,train/policy_gradient_loss,ppo_hier_items200_h1000\PPO_1
875000,-0.03018559142947197,train/policy_gradient_loss,ppo_hier_items200_h1000\PPO_1
900000,-0.02969832718372345,train/policy_gradient_loss,ppo_hier_items200_h1000\PPO_1
925000,-0.027029946446418762,train/policy_gradient_loss,ppo_hier_items200_h1000\PPO_1
975000,-0.027726134285330772,train/policy_gradient_loss,ppo_hier_items200_h1000\PPO_1
1000000,-0.02852533757686615,train/policy_gradient_loss,ppo_hier_items200_h1000\PPO_1
1025000,-0.0267333947122097,train/policy_gradient_loss,ppo_hier_items200_h1000\PPO_1
1050000,-0.026117071509361267,train/policy_gradient_loss,ppo_hier_items200_h1000\PPO_1
1100000,-0.024851227179169655,train/policy_gradient_loss,ppo_hier_items200_h1000\PPO_1
1125000,-0.024442996829748154,train/policy_gradient_loss,ppo_hier_items200_h1000\PPO_1
1150000,-0.024252576753497124,train/policy_gradient_loss,ppo_hier_items200_h1000\PPO_1
1200000,-0.02280857227742672,train/policy_gradient_loss,ppo_hier_items200_h1000\PPO_1
1225000,-0.021381620317697525,train/policy_gradient_loss,ppo_hier_items200_h1000\PPO_1
1250000,-0.020183753222227097,train/policy_gradient_loss,ppo_hier_items200_h1000\PPO_1
1300000,-0.01951940357685089,train/policy_gradient_loss,ppo_hier_items200_h1000\PPO_1
1325000,-0.018519869074225426,train/policy_gradient_loss,ppo_hier_items200_h1000\PPO_1
1350000,-0.016419945284724236,train/policy_gradient_loss,ppo_hier_items200_h1000\PPO_1
1400000,-0.015328343957662582,train/policy_gradient_loss,ppo_hier_items200_h1000\PPO_1
1425000,-0.013746395707130432,train/policy_gradient_loss,ppo_hier_items200_h1000\PPO_1
1450000,-0.011616063304245472,train/policy_gradient_loss,ppo_hier_items200_h1000\PPO_1
1475000,-0.009074399247765541,train/policy_gradient_loss,ppo_hier_items200_h1000\PPO_1
1525000,-0.006869908422231674,train/policy_gradient_loss,ppo_hier_items200_h1000\PPO_1
1550000,-0.0045931036584079266,train/policy_gradient_loss,ppo_hier_items200_h1000\PPO_1
1575000,-0.0020645020995289087,train/policy_gradient_loss,ppo_hier_items200_h1000\PPO_1
50000,0.159388467669487,train/value_loss,ppo_hier_items200_h1000\PPO_1
75000,0.040581297129392624,train/value_loss,ppo_hier_items200_h1000\PPO_1
100000,0.03556421771645546,train/value_loss,ppo_hier_items200_h1000\PPO_1
150000,0.03437437117099762,train/value_loss,ppo_hier_items200_h1000\PPO_1
175000,0.034643951803445816,train/value_loss,ppo_hier_items200_h1000\PPO_1
200000,0.03395172581076622,train/value_loss,ppo_hier_items200_h1000\PPO_1
250000,0.03139865770936012,train/value_loss,ppo_hier_items200_h1000\PPO_1
275000,0.029934506863355637,train/value_loss,ppo_hier_items200_h1000\PPO_1
300000,0.027601219713687897,train/value_loss,ppo_hier_items200_h1000\PPO_1
350000,0.025359615683555603,train/value_loss,ppo_hier_items200_h1000\PPO_1
375000,0.025557253509759903,train/value_loss,ppo_hier_items200_h1000\PPO_1
400000,0.02087464928627014,train/value_loss,ppo_hier_items200_h1000\PPO_1
450000,0.020114250481128693,train/value_loss,ppo_hier_items200_h1000\PPO_1
475000,0.018942857161164284,train/value_loss,ppo_hier_items200_h1000\PPO_1
500000,0.016948910430073738,train/value_loss,ppo_hier_items200_h1000\PPO_1
525000,0.01595970243215561,train/value_loss,ppo_hier_items200_h1000\PPO_1
575000,0.016521837562322617,train/value_loss,ppo_hier_items200_h1000\PPO_1
600000,0.016822483390569687,train/value_loss,ppo_hier_items200_h1000\PPO_1
625000,0.016038622707128525,train/value_loss,ppo_hier_items200_h1000\PPO_1
675000,0.01600220426917076,train/value_loss,ppo_hier_items200_h1000\PPO_1
700000,0.01917077787220478,train/value_loss,ppo_hier_items200_h1000\PPO_1
725000,0.01553646195679903,train/value_loss,ppo_hier_items200_h1000\PPO_1
775000,0.016478871926665306,train/value_loss,ppo_hier_items200_h1000\PPO_1
800000,0.013892588205635548,train/value_loss,ppo_hier_items200_h1000\PPO_1
825000,0.014290999621152878,train/value_loss,ppo_hier_items200_h1000\PPO_1
875000,0.014012372121214867,train/value_loss,ppo_hier_items200_h1000\PPO_1
900000,0.013782926835119724,train/value_loss,ppo_hier_items200_h1000\PPO_1
925000,0.01578897051513195,train/value_loss,ppo_hier_items200_h1000\PPO_1
975000,0.014406987465918064,train/value_loss,ppo_hier_items200_h1000\PPO_1
1000000,0.013625606894493103,train/value_loss,ppo_hier_items200_h1000\PPO_1
1025000,0.013935605995357037,train/value_loss,ppo_hier_items200_h1000\PPO_1
1050000,0.016202256083488464,train/value_loss,ppo_hier_items200_h1000\PPO_1
1100000,0.013079036958515644,train/value_loss,ppo_hier_items200_h1000\PPO_1
1125000,0.013006732799112797,train/value_loss,ppo_hier_items200_h1000\PPO_1
1150000,0.011755210347473621,train/value_loss,ppo_hier_items200_h1000\PPO_1
1200000,0.011433783918619156,train/value_loss,ppo_hier_items200_h1000\PPO_1
1225000,0.013063201680779457,train/value_loss,ppo_hier_items200_h1000\PPO_1
1250000,0.013231596909463406,train/value_loss,ppo_hier_items200_h1000\PPO_1
1300000,0.011339735239744186,train/value_loss,ppo_hier_items200_h1000\PPO_1
1325000,0.011991516686975956,train/value_loss,ppo_hier_items200_h1000\PPO_1
1350000,0.012233859859406948,train/value_loss,ppo_hier_items200_h1000\PPO_1
1400000,0.014454085379838943,train/value_loss,ppo_hier_items200_h1000\PPO_1
1425000,0.01299248542636633,train/value_loss,ppo_hier_items200_h1000\PPO_1
1450000,0.012483567930758,train/value_loss,ppo_hier_items200_h1000\PPO_1
1475000,0.01338865514844656,train/value_loss,ppo_hier_items200_h1000\PPO_1
1525000,0.01249468233436346,train/value_loss,ppo_hier_items200_h1000\PPO_1
1550000,0.011959163472056389,train/value_loss,ppo_hier_items200_h1000\PPO_1
1575000,0.011210876516997814,train/value_loss,ppo_hier_items200_h1000\PPO_1
