step,value,metric,run
25000,1500.0,eval/mean_ep_length,ppo_hier_items200_h1500\PPO_1
50000,1500.0,eval/mean_ep_length,ppo_hier_items200_h1500\PPO_1
75000,1500.0,eval/mean_ep_length,ppo_hier_items200_h1500\PPO_1
100000,1500.0,eval/mean_ep_length,ppo_hier_items200_h1500\PPO_1
125000,1500.0,eval/mean_ep_length,ppo_hier_items200_h1500\PPO_1
150000,1500.0,eval/mean_ep_length,ppo_hier_items200_h1500\PPO_1
175000,1500.0,eval/mean_ep_length,ppo_hier_items200_h1500\PPO_1
200000,1500.0,eval/mean_ep_length,ppo_hier_items200_h1500\PPO_1
225000,1500.0,eval/mean_ep_length,ppo_hier_items200_h1500\PPO_1
250000,1500.0,eval/mean_ep_length,ppo_hier_items200_h1500\PPO_1
275000,1500.0,eval/mean_ep_length,ppo_hier_items200_h1500\PPO_1
300000,1500.0,eval/mean_ep_length,ppo_hier_items200_h1500\PPO_1
325000,1500.0,eval/mean_ep_length,ppo_hier_items200_h1500\PPO_1
350000,1500.0,eval/mean_ep_length,ppo_hier_items200_h1500\PPO_1
375000,1500.0,eval/mean_ep_length,ppo_hier_items200_h1500\PPO_1
400000,1500.0,eval/mean_ep_length,ppo_hier_items200_h1500\PPO_1
425000,1500.0,eval/mean_ep_length,ppo_hier_items200_h1500\PPO_1
450000,1500.0,eval/mean_ep_length,ppo_hier_items200_h1500\PPO_1
475000,1500.0,eval/mean_ep_length,ppo_hier_items200_h1500\PPO_1
500000,1500.0,eval/mean_ep_length,ppo_hier_items200_h1500\PPO_1
525000,1500.0,eval/mean_ep_length,ppo_hier_items200_h1500\PPO_1
550000,1500.0,eval/mean_ep_length,ppo_hier_items200_h1500\PPO_1
575000,1500.0,eval/mean_ep_length,ppo_hier_items200_h1500\PPO_1
600000,1500.0,eval/mean_ep_length,ppo_hier_items200_h1500\PPO_1
625000,1500.0,eval/mean_ep_length,ppo_hier_items200_h1500\PPO_1
650000,1500.0,eval/mean_ep_length,ppo_hier_items200_h1500\PPO_1
675000,1500.0,eval/mean_ep_length,ppo_hier_items200_h1500\PPO_1
700000,1500.0,eval/mean_ep_length,ppo_hier_items200_h1500\PPO_1
725000,1500.0,eval/mean_ep_length,ppo_hier_items200_h1500\PPO_1
750000,1500.0,eval/mean_ep_length,ppo_hier_items200_h1500\PPO_1
775000,1500.0,eval/mean_ep_length,ppo_hier_items200_h1500\PPO_1
800000,1500.0,eval/mean_ep_length,ppo_hier_items200_h1500\PPO_1
825000,1500.0,eval/mean_ep_length,ppo_hier_items200_h1500\PPO_1
850000,1500.0,eval/mean_ep_length,ppo_hier_items200_h1500\PPO_1
875000,1500.0,eval/mean_ep_length,ppo_hier_items200_h1500\PPO_1
900000,1500.0,eval/mean_ep_length,ppo_hier_items200_h1500\PPO_1
925000,1500.0,eval/mean_ep_length,ppo_hier_items200_h1500\PPO_1
950000,1500.0,eval/mean_ep_length,ppo_hier_items200_h1500\PPO_1
975000,1500.0,eval/mean_ep_length,ppo_hier_items200_h1500\PPO_1
1000000,1500.0,eval/mean_ep_length,ppo_hier_items200_h1500\PPO_1
1025000,1500.0,eval/mean_ep_length,ppo_hier_items200_h1500\PPO_1
1050000,1500.0,eval/mean_ep_length,ppo_hier_items200_h1500\PPO_1
1075000,1500.0,eval/mean_ep_length,ppo_hier_items200_h1500\PPO_1
1100000,1500.0,eval/mean_ep_length,ppo_hier_items200_h1500\PPO_1
1125000,1500.0,eval/mean_ep_length,ppo_hier_items200_h1500\PPO_1
1150000,1500.0,eval/mean_ep_length,ppo_hier_items200_h1500\PPO_1
1175000,1500.0,eval/mean_ep_length,ppo_hier_items200_h1500\PPO_1
1200000,1500.0,eval/mean_ep_length,ppo_hier_items200_h1500\PPO_1
1225000,1500.0,eval/mean_ep_length,ppo_hier_items200_h1500\PPO_1
1250000,1500.0,eval/mean_ep_length,ppo_hier_items200_h1500\PPO_1
1275000,1500.0,eval/mean_ep_length,ppo_hier_items200_h1500\PPO_1
1300000,1500.0,eval/mean_ep_length,ppo_hier_items200_h1500\PPO_1
1325000,1500.0,eval/mean_ep_length,ppo_hier_items200_h1500\PPO_1
1350000,1500.0,eval/mean_ep_length,ppo_hier_items200_h1500\PPO_1
1375000,1500.0,eval/mean_ep_length,ppo_hier_items200_h1500\PPO_1
1400000,1500.0,eval/mean_ep_length,ppo_hier_items200_h1500\PPO_1
1425000,1500.0,eval/mean_ep_length,ppo_hier_items200_h1500\PPO_1
1450000,1500.0,eval/mean_ep_length,ppo_hier_items200_h1500\PPO_1
1475000,1500.0,eval/mean_ep_length,ppo_hier_items200_h1500\PPO_1
1500000,1500.0,eval/mean_ep_length,ppo_hier_items200_h1500\PPO_1
1525000,1500.0,eval/mean_ep_length,ppo_hier_items200_h1500\PPO_1
1550000,1500.0,eval/mean_ep_length,ppo_hier_items200_h1500\PPO_1
1575000,1500.0,eval/mean_ep_length,ppo_hier_items200_h1500\PPO_1
1600000,1500.0,eval/mean_ep_length,ppo_hier_items200_h1500\PPO_1
1625000,1500.0,eval/mean_ep_length,ppo_hier_items200_h1500\PPO_1
1650000,1500.0,eval/mean_ep_length,ppo_hier_items200_h1500\PPO_1
1675000,1500.0,eval/mean_ep_length,ppo_hier_items200_h1500\PPO_1
1700000,1500.0,eval/mean_ep_length,ppo_hier_items200_h1500\PPO_1
1725000,1500.0,eval/mean_ep_length,ppo_hier_items200_h1500\PPO_1
1750000,1500.0,eval/mean_ep_length,ppo_hier_items200_h1500\PPO_1
1775000,1500.0,eval/mean_ep_length,ppo_hier_items200_h1500\PPO_1
1800000,1500.0,eval/mean_ep_length,ppo_hier_items200_h1500\PPO_1
1825000,1500.0,eval/mean_ep_length,ppo_hier_items200_h1500\PPO_1
1850000,1500.0,eval/mean_ep_length,ppo_hier_items200_h1500\PPO_1
1875000,1500.0,eval/mean_ep_length,ppo_hier_items200_h1500\PPO_1
1900000,1500.0,eval/mean_ep_length,ppo_hier_items200_h1500\PPO_1
1925000,1500.0,eval/mean_ep_length,ppo_hier_items200_h1500\PPO_1
1950000,1500.0,eval/mean_ep_length,ppo_hier_items200_h1500\PPO_1
1975000,1500.0,eval/mean_ep_length,ppo_hier_items200_h1500\PPO_1
2000000,1500.0,eval/mean_ep_length,ppo_hier_items200_h1500\PPO_1
2025000,1500.0,eval/mean_ep_length,ppo_hier_items200_h1500\PPO_1
25000,-143.98886108398438,eval/mean_reward,ppo_hier_items200_h1500\PPO_1
32768,-143.98886108398438,eval/mean_reward,ppo_hier_items200_h1500\PPO_1
50000,-146.18881225585938,eval/mean_reward,ppo_hier_items200_h1500\PPO_1
65536,-146.18881225585938,eval/mean_reward,ppo_hier_items200_h1500\PPO_1
75000,-146.18881225585938,eval/mean_reward,ppo_hier_items200_h1500\PPO_1
98304,-146.18881225585938,eval/mean_reward,ppo_hier_items200_h1500\PPO_1
100000,-145.08883666992188,eval/mean_reward,ppo_hier_items200_h1500\PPO_1
125000,-145.08883666992188,eval/mean_reward,ppo_hier_items200_h1500\PPO_1
131072,-145.08883666992188,eval/mean_reward,ppo_hier_items200_h1500\PPO_1
150000,-146.18881225585938,eval/mean_reward,ppo_hier_items200_h1500\PPO_1
163840,-146.18881225585938,eval/mean_reward,ppo_hier_items200_h1500\PPO_1
175000,-146.18881225585938,eval/mean_reward,ppo_hier_items200_h1500\PPO_1
196608,-146.18881225585938,eval/mean_reward,ppo_hier_items200_h1500\PPO_1
200000,-146.18882751464844,eval/mean_reward,ppo_hier_items200_h1500\PPO_1
225000,-146.18882751464844,eval/mean_reward,ppo_hier_items200_h1500\PPO_1
229376,-146.18882751464844,eval/mean_reward,ppo_hier_items200_h1500\PPO_1
250000,-146.18881225585938,eval/mean_reward,ppo_hier_items200_h1500\PPO_1
262144,-146.18881225585938,eval/mean_reward,ppo_hier_items200_h1500\PPO_1
275000,-145.08883666992188,eval/mean_reward,ppo_hier_items200_h1500\PPO_1
294912,-145.08883666992188,eval/mean_reward,ppo_hier_items200_h1500\PPO_1
300000,-145.08883666992188,eval/mean_reward,ppo_hier_items200_h1500\PPO_1
325000,-145.08883666992188,eval/mean_reward,ppo_hier_items200_h1500\PPO_1
327680,-145.08883666992188,eval/mean_reward,ppo_hier_items200_h1500\PPO_1
350000,-146.18882751464844,eval/mean_reward,ppo_hier_items200_h1500\PPO_1
360448,-146.18882751464844,eval/mean_reward,ppo_hier_items200_h1500\PPO_1
375000,-146.18882751464844,eval/mean_reward,ppo_hier_items200_h1500\PPO_1
393216,-146.18882751464844,eval/mean_reward,ppo_hier_items200_h1500\PPO_1
400000,-146.18882751464844,eval/mean_reward,ppo_hier_items200_h1500\PPO_1
425000,-146.18882751464844,eval/mean_reward,ppo_hier_items200_h1500\PPO_1
425984,-146.18882751464844,eval/mean_reward,ppo_hier_items200_h1500\PPO_1
450000,-141.78887939453125,eval/mean_reward,ppo_hier_items200_h1500\PPO_1
458752,-141.78887939453125,eval/mean_reward,ppo_hier_items200_h1500\PPO_1
475000,-143.98886108398438,eval/mean_reward,ppo_hier_items200_h1500\PPO_1
491520,-143.98886108398438,eval/mean_reward,ppo_hier_items200_h1500\PPO_1
500000,-146.18882751464844,eval/mean_reward,ppo_hier_items200_h1500\PPO_1
524288,-146.18882751464844,eval/mean_reward,ppo_hier_items200_h1500\PPO_1
525000,-146.18881225585938,eval/mean_reward,ppo_hier_items200_h1500\PPO_1
550000,-146.18881225585938,eval/mean_reward,ppo_hier_items200_h1500\PPO_1
557056,-146.18881225585938,eval/mean_reward,ppo_hier_items200_h1500\PPO_1
575000,-146.18881225585938,eval/mean_reward,ppo_hier_items200_h1500\PPO_1
589824,-146.18881225585938,eval/mean_reward,ppo_hier_items200_h1500\PPO_1
600000,-146.18881225585938,eval/mean_reward,ppo_hier_items200_h1500\PPO_1
622592,-146.18881225585938,eval/mean_reward,ppo_hier_items200_h1500\PPO_1
625000,-146.18881225585938,eval/mean_reward,ppo_hier_items200_h1500\PPO_1
650000,-146.18881225585938,eval/mean_reward,ppo_hier_items200_h1500\PPO_1
655360,-146.18881225585938,eval/mean_reward,ppo_hier_items200_h1500\PPO_1
675000,-146.18881225585938,eval/mean_reward,ppo_hier_items200_h1500\PPO_1
688128,-146.18881225585938,eval/mean_reward,ppo_hier_items200_h1500\PPO_1
700000,-146.18881225585938,eval/mean_reward,ppo_hier_items200_h1500\PPO_1
720896,-146.18881225585938,eval/mean_reward,ppo_hier_items200_h1500\PPO_1
725000,-146.18881225585938,eval/mean_reward,ppo_hier_items200_h1500\PPO_1
750000,-146.18881225585938,eval/mean_reward,ppo_hier_items200_h1500\PPO_1
753664,-146.18881225585938,eval/mean_reward,ppo_hier_items200_h1500\PPO_1
775000,-146.18881225585938,eval/mean_reward,ppo_hier_items200_h1500\PPO_1
786432,-146.18881225585938,eval/mean_reward,ppo_hier_items200_h1500\PPO_1
800000,-145.08883666992188,eval/mean_reward,ppo_hier_items200_h1500\PPO_1
819200,-145.08883666992188,eval/mean_reward,ppo_hier_items200_h1500\PPO_1
825000,-145.08883666992188,eval/mean_reward,ppo_hier_items200_h1500\PPO_1
850000,-145.08883666992188,eval/mean_reward,ppo_hier_items200_h1500\PPO_1
851968,-145.08883666992188,eval/mean_reward,ppo_hier_items200_h1500\PPO_1
875000,-146.18881225585938,eval/mean_reward,ppo_hier_items200_h1500\PPO_1
884736,-146.18881225585938,eval/mean_reward,ppo_hier_items200_h1500\PPO_1
900000,-146.18881225585938,eval/mean_reward,ppo_hier_items200_h1500\PPO_1
917504,-146.18881225585938,eval/mean_reward,ppo_hier_items200_h1500\PPO_1
925000,-146.18881225585938,eval/mean_reward,ppo_hier_items200_h1500\PPO_1
950000,-146.18881225585938,eval/mean_reward,ppo_hier_items200_h1500\PPO_1
950272,-146.18881225585938,eval/mean_reward,ppo_hier_items200_h1500\PPO_1
975000,-146.18881225585938,eval/mean_reward,ppo_hier_items200_h1500\PPO_1
983040,-146.18881225585938,eval/mean_reward,ppo_hier_items200_h1500\PPO_1
1000000,-146.18881225585938,eval/mean_reward,ppo_hier_items200_h1500\PPO_1
1015808,-146.18881225585938,eval/mean_reward,ppo_hier_items200_h1500\PPO_1
1025000,-146.18881225585938,eval/mean_reward,ppo_hier_items200_h1500\PPO_1
1048576,-146.18881225585938,eval/mean_reward,ppo_hier_items200_h1500\PPO_1
1050000,-146.18881225585938,eval/mean_reward,ppo_hier_items200_h1500\PPO_1
1075000,-146.18881225585938,eval/mean_reward,ppo_hier_items200_h1500\PPO_1
1081344,-146.18881225585938,eval/mean_reward,ppo_hier_items200_h1500\PPO_1
1100000,-145.08883666992188,eval/mean_reward,ppo_hier_items200_h1500\PPO_1
1114112,-145.08883666992188,eval/mean_reward,ppo_hier_items200_h1500\PPO_1
1125000,-146.18881225585938,eval/mean_reward,ppo_hier_items200_h1500\PPO_1
1146880,-146.18881225585938,eval/mean_reward,ppo_hier_items200_h1500\PPO_1
1150000,-145.08883666992188,eval/mean_reward,ppo_hier_items200_h1500\PPO_1
1175000,-145.08883666992188,eval/mean_reward,ppo_hier_items200_h1500\PPO_1
1179648,-145.08883666992188,eval/mean_reward,ppo_hier_items200_h1500\PPO_1
1200000,-146.18882751464844,eval/mean_reward,ppo_hier_items200_h1500\PPO_1
1212416,-146.18882751464844,eval/mean_reward,ppo_hier_items200_h1500\PPO_1
1225000,-146.18882751464844,eval/mean_reward,ppo_hier_items200_h1500\PPO_1
1245184,-146.18882751464844,eval/mean_reward,ppo_hier_items200_h1500\PPO_1
1250000,-142.8888702392578,eval/mean_reward,ppo_hier_items200_h1500\PPO_1
1275000,-142.8888702392578,eval/mean_reward,ppo_hier_items200_h1500\PPO_1
1277952,-142.8888702392578,eval/mean_reward,ppo_hier_items200_h1500\PPO_1
1300000,-146.18882751464844,eval/mean_reward,ppo_hier_items200_h1500\PPO_1
1310720,-146.18882751464844,eval/mean_reward,ppo_hier_items200_h1500\PPO_1
1325000,-146.18882751464844,eval/mean_reward,ppo_hier_items200_h1500\PPO_1
1343488,-146.18882751464844,eval/mean_reward,ppo_hier_items200_h1500\PPO_1
1350000,-146.18882751464844,eval/mean_reward,ppo_hier_items200_h1500\PPO_1
1375000,-146.18882751464844,eval/mean_reward,ppo_hier_items200_h1500\PPO_1
1376256,-146.18882751464844,eval/mean_reward,ppo_hier_items200_h1500\PPO_1
1400000,-146.18881225585938,eval/mean_reward,ppo_hier_items200_h1500\PPO_1
1409024,-146.18881225585938,eval/mean_reward,ppo_hier_items200_h1500\PPO_1
1425000,-146.18881225585938,eval/mean_reward,ppo_hier_items200_h1500\PPO_1
1441792,-146.18881225585938,eval/mean_reward,ppo_hier_items200_h1500\PPO_1
1450000,-145.08883666992188,eval/mean_reward,ppo_hier_items200_h1500\PPO_1
1474560,-145.08883666992188,eval/mean_reward,ppo_hier_items200_h1500\PPO_1
1475000,-145.08883666992188,eval/mean_reward,ppo_hier_items200_h1500\PPO_1
1500000,-145.08883666992188,eval/mean_reward,ppo_hier_items200_h1500\PPO_1
1507328,-145.08883666992188,eval/mean_reward,ppo_hier_items200_h1500\PPO_1
1525000,-145.08883666992188,eval/mean_reward,ppo_hier_items200_h1500\PPO_1
1540096,-145.08883666992188,eval/mean_reward,ppo_hier_items200_h1500\PPO_1
1550000,-145.08883666992188,eval/mean_reward,ppo_hier_items200_h1500\PPO_1
1572864,-145.08883666992188,eval/mean_reward,ppo_hier_items200_h1500\PPO_1
1575000,-146.18881225585938,eval/mean_reward,ppo_hier_items200_h1500\PPO_1
1600000,-146.18881225585938,eval/mean_reward,ppo_hier_items200_h1500\PPO_1
1605632,-146.18881225585938,eval/mean_reward,ppo_hier_items200_h1500\PPO_1
1625000,-146.18881225585938,eval/mean_reward,ppo_hier_items200_h1500\PPO_1
1638400,-146.18881225585938,eval/mean_reward,ppo_hier_items200_h1500\PPO_1
1650000,-145.08883666992188,eval/mean_reward,ppo_hier_items200_h1500\PPO_1
1671168,-145.08883666992188,eval/mean_reward,ppo_hier_items200_h1500\PPO_1
1675000,-142.8888702392578,eval/mean_reward,ppo_hier_items200_h1500\PPO_1
1700000,-142.8888702392578,eval/mean_reward,ppo_hier_items200_h1500\PPO_1
1703936,-142.8888702392578,eval/mean_reward,ppo_hier_items200_h1500\PPO_1
1725000,-145.08883666992188,eval/mean_reward,ppo_hier_items200_h1500\PPO_1
1736704,-145.08883666992188,eval/mean_reward,ppo_hier_items200_h1500\PPO_1
1750000,-145.08883666992188,eval/mean_reward,ppo_hier_items200_h1500\PPO_1
1769472,-145.08883666992188,eval/mean_reward,ppo_hier_items200_h1500\PPO_1
1775000,-146.18881225585938,eval/mean_reward,ppo_hier_items200_h1500\PPO_1
1800000,-146.18881225585938,eval/mean_reward,ppo_hier_items200_h1500\PPO_1
1802240,-146.18881225585938,eval/mean_reward,ppo_hier_items200_h1500\PPO_1
1825000,-146.18881225585938,eval/mean_reward,ppo_hier_items200_h1500\PPO_1
1835008,-146.18881225585938,eval/mean_reward,ppo_hier_items200_h1500\PPO_1
1850000,-146.18881225585938,eval/mean_reward,ppo_hier_items200_h1500\PPO_1
1867776,-146.18881225585938,eval/mean_reward,ppo_hier_items200_h1500\PPO_1
1875000,-146.18881225585938,eval/mean_reward,ppo_hier_items200_h1500\PPO_1
1900000,-146.18881225585938,eval/mean_reward,ppo_hier_items200_h1500\PPO_1
1900544,-146.18881225585938,eval/mean_reward,ppo_hier_items200_h1500\PPO_1
1925000,-146.18881225585938,eval/mean_reward,ppo_hier_items200_h1500\PPO_1
1933312,-146.18881225585938,eval/mean_reward,ppo_hier_items200_h1500\PPO_1
1950000,-146.18881225585938,eval/mean_reward,ppo_hier_items200_h1500\PPO_1
1966080,-146.18881225585938,eval/mean_reward,ppo_hier_items200_h1500\PPO_1
1975000,-146.18881225585938,eval/mean_reward,ppo_hier_items200_h1500\PPO_1
1998848,-146.18881225585938,eval/mean_reward,ppo_hier_items200_h1500\PPO_1
2000000,-146.18881225585938,eval/mean_reward,ppo_hier_items200_h1500\PPO_1
2025000,-146.18881225585938,eval/mean_reward,ppo_hier_items200_h1500\PPO_1
2031616,-146.18881225585938,eval/mean_reward,ppo_hier_items200_h1500\PPO_1
25000,0.0,global/total_mastered,ppo_hier_items200_h1500\PPO_1
32768,57.0,global/total_mastered,ppo_hier_items200_h1500\PPO_1
50000,1.0,global/total_mastered,ppo_hier_items200_h1500\PPO_1
65536,19.0,global/total_mastered,ppo_hier_items200_h1500\PPO_1
75000,5.0,global/total_mastered,ppo_hier_items200_h1500\PPO_1
98304,3.0,global/total_mastered,ppo_hier_items200_h1500\PPO_1
100000,6.0,global/total_mastered,ppo_hier_items200_h1500\PPO_1
125000,11.0,global/total_mastered,ppo_hier_items200_h1500\PPO_1
131072,99.0,global/total_mastered,ppo_hier_items200_h1500\PPO_1
150000,23.0,global/total_mastered,ppo_hier_items200_h1500\PPO_1
163840,47.0,global/total_mastered,ppo_hier_items200_h1500\PPO_1
175000,34.0,global/total_mastered,ppo_hier_items200_h1500\PPO_1
196608,15.0,global/total_mastered,ppo_hier_items200_h1500\PPO_1
200000,61.0,global/total_mastered,ppo_hier_items200_h1500\PPO_1
225000,61.0,global/total_mastered,ppo_hier_items200_h1500\PPO_1
229376,2.0,global/total_mastered,ppo_hier_items200_h1500\PPO_1
250000,80.0,global/total_mastered,ppo_hier_items200_h1500\PPO_1
262144,85.0,global/total_mastered,ppo_hier_items200_h1500\PPO_1
275000,99.0,global/total_mastered,ppo_hier_items200_h1500\PPO_1
294912,35.0,global/total_mastered,ppo_hier_items200_h1500\PPO_1
300000,131.0,global/total_mastered,ppo_hier_items200_h1500\PPO_1
325000,1.0,global/total_mastered,ppo_hier_items200_h1500\PPO_1
327680,13.0,global/total_mastered,ppo_hier_items200_h1500\PPO_1
350000,7.0,global/total_mastered,ppo_hier_items200_h1500\PPO_1
360448,0.0,global/total_mastered,ppo_hier_items200_h1500\PPO_1
375000,8.0,global/total_mastered,ppo_hier_items200_h1500\PPO_1
393216,85.0,global/total_mastered,ppo_hier_items200_h1500\PPO_1
400000,17.0,global/total_mastered,ppo_hier_items200_h1500\PPO_1
425000,34.0,global/total_mastered,ppo_hier_items200_h1500\PPO_1
425984,46.0,global/total_mastered,ppo_hier_items200_h1500\PPO_1
450000,39.0,global/total_mastered,ppo_hier_items200_h1500\PPO_1
458752,7.0,global/total_mastered,ppo_hier_items200_h1500\PPO_1
475000,54.0,global/total_mastered,ppo_hier_items200_h1500\PPO_1
491520,121.0,global/total_mastered,ppo_hier_items200_h1500\PPO_1
500000,63.0,global/total_mastered,ppo_hier_items200_h1500\PPO_1
524288,77.0,global/total_mastered,ppo_hier_items200_h1500\PPO_1
525000,86.0,global/total_mastered,ppo_hier_items200_h1500\PPO_1
550000,93.0,global/total_mastered,ppo_hier_items200_h1500\PPO_1
557056,41.0,global/total_mastered,ppo_hier_items200_h1500\PPO_1
575000,115.0,global/total_mastered,ppo_hier_items200_h1500\PPO_1
589824,3.0,global/total_mastered,ppo_hier_items200_h1500\PPO_1
600000,138.0,global/total_mastered,ppo_hier_items200_h1500\PPO_1
622592,117.0,global/total_mastered,ppo_hier_items200_h1500\PPO_1
625000,0.0,global/total_mastered,ppo_hier_items200_h1500\PPO_1
650000,6.0,global/total_mastered,ppo_hier_items200_h1500\PPO_1
655360,78.0,global/total_mastered,ppo_hier_items200_h1500\PPO_1
675000,20.0,global/total_mastered,ppo_hier_items200_h1500\PPO_1
688128,33.0,global/total_mastered,ppo_hier_items200_h1500\PPO_1
700000,32.0,global/total_mastered,ppo_hier_items200_h1500\PPO_1
720896,1.0,global/total_mastered,ppo_hier_items200_h1500\PPO_1
725000,47.0,global/total_mastered,ppo_hier_items200_h1500\PPO_1
750000,69.0,global/total_mastered,ppo_hier_items200_h1500\PPO_1
753664,113.0,global/total_mastered,ppo_hier_items200_h1500\PPO_1
775000,75.0,global/total_mastered,ppo_hier_items200_h1500\PPO_1
786432,72.0,global/total_mastered,ppo_hier_items200_h1500\PPO_1
800000,88.0,global/total_mastered,ppo_hier_items200_h1500\PPO_1
819200,25.0,global/total_mastered,ppo_hier_items200_h1500\PPO_1
825000,104.0,global/total_mastered,ppo_hier_items200_h1500\PPO_1
850000,120.0,global/total_mastered,ppo_hier_items200_h1500\PPO_1
851968,146.0,global/total_mastered,ppo_hier_items200_h1500\PPO_1
875000,152.0,global/total_mastered,ppo_hier_items200_h1500\PPO_1
884736,110.0,global/total_mastered,ppo_hier_items200_h1500\PPO_1
900000,165.0,global/total_mastered,ppo_hier_items200_h1500\PPO_1
917504,64.0,global/total_mastered,ppo_hier_items200_h1500\PPO_1
925000,4.0,global/total_mastered,ppo_hier_items200_h1500\PPO_1
950000,14.0,global/total_mastered,ppo_hier_items200_h1500\PPO_1
950272,18.0,global/total_mastered,ppo_hier_items200_h1500\PPO_1
975000,27.0,global/total_mastered,ppo_hier_items200_h1500\PPO_1
983040,161.0,global/total_mastered,ppo_hier_items200_h1500\PPO_1
1000000,47.0,global/total_mastered,ppo_hier_items200_h1500\PPO_1
1015808,109.0,global/total_mastered,ppo_hier_items200_h1500\PPO_1
1025000,62.0,global/total_mastered,ppo_hier_items200_h1500\PPO_1
1048576,56.0,global/total_mastered,ppo_hier_items200_h1500\PPO_1
1050000,78.0,global/total_mastered,ppo_hier_items200_h1500\PPO_1
1075000,92.0,global/total_mastered,ppo_hier_items200_h1500\PPO_1
1081344,6.0,global/total_mastered,ppo_hier_items200_h1500\PPO_1
1100000,114.0,global/total_mastered,ppo_hier_items200_h1500\PPO_1
1114112,143.0,global/total_mastered,ppo_hier_items200_h1500\PPO_1
1125000,126.0,global/total_mastered,ppo_hier_items200_h1500\PPO_1
1146880,88.0,global/total_mastered,ppo_hier_items200_h1500\PPO_1
1150000,125.0,global/total_mastered,ppo_hier_items200_h1500\PPO_1
1175000,166.0,global/total_mastered,ppo_hier_items200_h1500\PPO_1
1179648,41.0,global/total_mastered,ppo_hier_items200_h1500\PPO_1
1200000,180.0,global/total_mastered,ppo_hier_items200_h1500\PPO_1
1212416,0.0,global/total_mastered,ppo_hier_items200_h1500\PPO_1
1225000,2.0,global/total_mastered,ppo_hier_items200_h1500\PPO_1
1245184,123.0,global/total_mastered,ppo_hier_items200_h1500\PPO_1
1250000,23.0,global/total_mastered,ppo_hier_items200_h1500\PPO_1
1275000,38.0,global/total_mastered,ppo_hier_items200_h1500\PPO_1
1277952,98.0,global/total_mastered,ppo_hier_items200_h1500\PPO_1
1300000,58.0,global/total_mastered,ppo_hier_items200_h1500\PPO_1
1310720,32.0,global/total_mastered,ppo_hier_items200_h1500\PPO_1
1325000,61.0,global/total_mastered,ppo_hier_items200_h1500\PPO_1
1343488,172.0,global/total_mastered,ppo_hier_items200_h1500\PPO_1
1350000,88.0,global/total_mastered,ppo_hier_items200_h1500\PPO_1
1375000,96.0,global/total_mastered,ppo_hier_items200_h1500\PPO_1
1376256,114.0,global/total_mastered,ppo_hier_items200_h1500\PPO_1
1400000,120.0,global/total_mastered,ppo_hier_items200_h1500\PPO_1
1409024,70.0,global/total_mastered,ppo_hier_items200_h1500\PPO_1
1425000,133.0,global/total_mastered,ppo_hier_items200_h1500\PPO_1
1441792,10.0,global/total_mastered,ppo_hier_items200_h1500\PPO_1
1450000,147.0,global/total_mastered,ppo_hier_items200_h1500\PPO_1
1474560,148.0,global/total_mastered,ppo_hier_items200_h1500\PPO_1
1475000,156.0,global/total_mastered,ppo_hier_items200_h1500\PPO_1
1500000,175.0,global/total_mastered,ppo_hier_items200_h1500\PPO_1
1507328,104.0,global/total_mastered,ppo_hier_items200_h1500\PPO_1
1525000,6.0,global/total_mastered,ppo_hier_items200_h1500\PPO_1
1540096,59.0,global/total_mastered,ppo_hier_items200_h1500\PPO_1
1550000,17.0,global/total_mastered,ppo_hier_items200_h1500\PPO_1
1572864,4.0,global/total_mastered,ppo_hier_items200_h1500\PPO_1
1575000,40.0,global/total_mastered,ppo_hier_items200_h1500\PPO_1
1600000,52.0,global/total_mastered,ppo_hier_items200_h1500\PPO_1
1605632,138.0,global/total_mastered,ppo_hier_items200_h1500\PPO_1
1625000,82.0,global/total_mastered,ppo_hier_items200_h1500\PPO_1
1638400,79.0,global/total_mastered,ppo_hier_items200_h1500\PPO_1
1650000,99.0,global/total_mastered,ppo_hier_items200_h1500\PPO_1
1671168,49.0,global/total_mastered,ppo_hier_items200_h1500\PPO_1
1675000,109.0,global/total_mastered,ppo_hier_items200_h1500\PPO_1
1700000,120.0,global/total_mastered,ppo_hier_items200_h1500\PPO_1
1703936,193.0,global/total_mastered,ppo_hier_items200_h1500\PPO_1
1725000,124.0,global/total_mastered,ppo_hier_items200_h1500\PPO_1
1736704,149.0,global/total_mastered,ppo_hier_items200_h1500\PPO_1
1750000,149.0,global/total_mastered,ppo_hier_items200_h1500\PPO_1
1769472,85.0,global/total_mastered,ppo_hier_items200_h1500\PPO_1
1775000,165.0,global/total_mastered,ppo_hier_items200_h1500\PPO_1
1800000,190.0,global/total_mastered,ppo_hier_items200_h1500\PPO_1
1802240,19.0,global/total_mastered,ppo_hier_items200_h1500\PPO_1
1825000,3.0,global/total_mastered,ppo_hier_items200_h1500\PPO_1
1835008,176.0,global/total_mastered,ppo_hier_items200_h1500\PPO_1
1850000,27.0,global/total_mastered,ppo_hier_items200_h1500\PPO_1
1867776,115.0,global/total_mastered,ppo_hier_items200_h1500\PPO_1
1875000,41.0,global/total_mastered,ppo_hier_items200_h1500\PPO_1
1900000,65.0,global/total_mastered,ppo_hier_items200_h1500\PPO_1
1900544,77.0,global/total_mastered,ppo_hier_items200_h1500\PPO_1
1925000,71.0,global/total_mastered,ppo_hier_items200_h1500\PPO_1
1933312,12.0,global/total_mastered,ppo_hier_items200_h1500\PPO_1
1950000,83.0,global/total_mastered,ppo_hier_items200_h1500\PPO_1
1966080,165.0,global/total_mastered,ppo_hier_items200_h1500\PPO_1
1975000,103.0,global/total_mastered,ppo_hier_items200_h1500\PPO_1
1998848,94.0,global/total_mastered,ppo_hier_items200_h1500\PPO_1
2000000,131.0,global/total_mastered,ppo_hier_items200_h1500\PPO_1
2025000,151.0,global/total_mastered,ppo_hier_items200_h1500\PPO_1
2031616,52.0,global/total_mastered,ppo_hier_items200_h1500\PPO_1
25000,1.0,group/0/avg_rolling_acc,ppo_hier_items200_h1500\PPO_1
32768,1.0,group/0/avg_rolling_acc,ppo_hier_items200_h1500\PPO_1
50000,1.0,group/0/avg_rolling_acc,ppo_hier_items200_h1500\PPO_1
65536,1.0,group/0/avg_rolling_acc,ppo_hier_items200_h1500\PPO_1
75000,1.0,group/0/avg_rolling_acc,ppo_hier_items200_h1500\PPO_1
98304,0.9916666746139526,group/0/avg_rolling_acc,ppo_hier_items200_h1500\PPO_1
100000,0.9916666746139526,group/0/avg_rolling_acc,ppo_hier_items200_h1500\PPO_1
125000,1.0,group/0/avg_rolling_acc,ppo_hier_items200_h1500\PPO_1
131072,1.0,group/0/avg_rolling_acc,ppo_hier_items200_h1500\PPO_1
150000,1.0,group/0/avg_rolling_acc,ppo_hier_items200_h1500\PPO_1
163840,1.0,group/0/avg_rolling_acc,ppo_hier_items200_h1500\PPO_1
175000,1.0,group/0/avg_rolling_acc,ppo_hier_items200_h1500\PPO_1
196608,1.0,group/0/avg_rolling_acc,ppo_hier_items200_h1500\PPO_1
200000,1.0,group/0/avg_rolling_acc,ppo_hier_items200_h1500\PPO_1
225000,0.9916666746139526,group/0/avg_rolling_acc,ppo_hier_items200_h1500\PPO_1
229376,1.0,group/0/avg_rolling_acc,ppo_hier_items200_h1500\PPO_1
250000,1.0,group/0/avg_rolling_acc,ppo_hier_items200_h1500\PPO_1
262144,1.0,group/0/avg_rolling_acc,ppo_hier_items200_h1500\PPO_1
275000,1.0,group/0/avg_rolling_acc,ppo_hier_items200_h1500\PPO_1
294912,1.0,group/0/avg_rolling_acc,ppo_hier_items200_h1500\PPO_1
300000,1.0,group/0/avg_rolling_acc,ppo_hier_items200_h1500\PPO_1
325000,1.0,group/0/avg_rolling_acc,ppo_hier_items200_h1500\PPO_1
327680,1.0,group/0/avg_rolling_acc,ppo_hier_items200_h1500\PPO_1
350000,1.0,group/0/avg_rolling_acc,ppo_hier_items200_h1500\PPO_1
360448,1.0,group/0/avg_rolling_acc,ppo_hier_items200_h1500\PPO_1
375000,1.0,group/0/avg_rolling_acc,ppo_hier_items200_h1500\PPO_1
393216,1.0,group/0/avg_rolling_acc,ppo_hier_items200_h1500\PPO_1
400000,1.0,group/0/avg_rolling_acc,ppo_hier_items200_h1500\PPO_1
425000,1.0,group/0/avg_rolling_acc,ppo_hier_items200_h1500\PPO_1
425984,1.0,group/0/avg_rolling_acc,ppo_hier_items200_h1500\PPO_1
450000,1.0,group/0/avg_rolling_acc,ppo_hier_items200_h1500\PPO_1
458752,1.0,group/0/avg_rolling_acc,ppo_hier_items200_h1500\PPO_1
475000,1.0,group/0/avg_rolling_acc,ppo_hier_items200_h1500\PPO_1
491520,1.0,group/0/avg_rolling_acc,ppo_hier_items200_h1500\PPO_1
500000,1.0,group/0/avg_rolling_acc,ppo_hier_items200_h1500\PPO_1
524288,0.9916666746139526,group/0/avg_rolling_acc,ppo_hier_items200_h1500\PPO_1
525000,0.9916666746139526,group/0/avg_rolling_acc,ppo_hier_items200_h1500\PPO_1
550000,1.0,group/0/avg_rolling_acc,ppo_hier_items200_h1500\PPO_1
557056,1.0,group/0/avg_rolling_acc,ppo_hier_items200_h1500\PPO_1
575000,1.0,group/0/avg_rolling_acc,ppo_hier_items200_h1500\PPO_1
589824,1.0,group/0/avg_rolling_acc,ppo_hier_items200_h1500\PPO_1
600000,1.0,group/0/avg_rolling_acc,ppo_hier_items200_h1500\PPO_1
622592,1.0,group/0/avg_rolling_acc,ppo_hier_items200_h1500\PPO_1
625000,1.0,group/0/avg_rolling_acc,ppo_hier_items200_h1500\PPO_1
650000,1.0,group/0/avg_rolling_acc,ppo_hier_items200_h1500\PPO_1
655360,1.0,group/0/avg_rolling_acc,ppo_hier_items200_h1500\PPO_1
675000,1.0,group/0/avg_rolling_acc,ppo_hier_items200_h1500\PPO_1
688128,1.0,group/0/avg_rolling_acc,ppo_hier_items200_h1500\PPO_1
700000,1.0,group/0/avg_rolling_acc,ppo_hier_items200_h1500\PPO_1
720896,1.0,group/0/avg_rolling_acc,ppo_hier_items200_h1500\PPO_1
725000,1.0,group/0/avg_rolling_acc,ppo_hier_items200_h1500\PPO_1
750000,1.0,group/0/avg_rolling_acc,ppo_hier_items200_h1500\PPO_1
753664,1.0,group/0/avg_rolling_acc,ppo_hier_items200_h1500\PPO_1
775000,1.0,group/0/avg_rolling_acc,ppo_hier_items200_h1500\PPO_1
786432,1.0,group/0/avg_rolling_acc,ppo_hier_items200_h1500\PPO_1
800000,0.9916666746139526,group/0/avg_rolling_acc,ppo_hier_items200_h1500\PPO_1
819200,1.0,group/0/avg_rolling_acc,ppo_hier_items200_h1500\PPO_1
825000,1.0,group/0/avg_rolling_acc,ppo_hier_items200_h1500\PPO_1
850000,1.0,group/0/avg_rolling_acc,ppo_hier_items200_h1500\PPO_1
851968,1.0,group/0/avg_rolling_acc,ppo_hier_items200_h1500\PPO_1
875000,1.0,group/0/avg_rolling_acc,ppo_hier_items200_h1500\PPO_1
884736,1.0,group/0/avg_rolling_acc,ppo_hier_items200_h1500\PPO_1
900000,1.0,group/0/avg_rolling_acc,ppo_hier_items200_h1500\PPO_1
917504,1.0,group/0/avg_rolling_acc,ppo_hier_items200_h1500\PPO_1
925000,1.0,group/0/avg_rolling_acc,ppo_hier_items200_h1500\PPO_1
950000,1.0,group/0/avg_rolling_acc,ppo_hier_items200_h1500\PPO_1
950272,1.0,group/0/avg_rolling_acc,ppo_hier_items200_h1500\PPO_1
975000,1.0,group/0/avg_rolling_acc,ppo_hier_items200_h1500\PPO_1
983040,1.0,group/0/avg_rolling_acc,ppo_hier_items200_h1500\PPO_1
1000000,1.0,group/0/avg_rolling_acc,ppo_hier_items200_h1500\PPO_1
1015808,1.0,group/0/avg_rolling_acc,ppo_hier_items200_h1500\PPO_1
1025000,1.0,group/0/avg_rolling_acc,ppo_hier_items200_h1500\PPO_1
1048576,1.0,group/0/avg_rolling_acc,ppo_hier_items200_h1500\PPO_1
1050000,1.0,group/0/avg_rolling_acc,ppo_hier_items200_h1500\PPO_1
1075000,1.0,group/0/avg_rolling_acc,ppo_hier_items200_h1500\PPO_1
1081344,1.0,group/0/avg_rolling_acc,ppo_hier_items200_h1500\PPO_1
1100000,1.0,group/0/avg_rolling_acc,ppo_hier_items200_h1500\PPO_1
1114112,1.0,group/0/avg_rolling_acc,ppo_hier_items200_h1500\PPO_1
1125000,1.0,group/0/avg_rolling_acc,ppo_hier_items200_h1500\PPO_1
1146880,1.0,group/0/avg_rolling_acc,ppo_hier_items200_h1500\PPO_1
1150000,1.0,group/0/avg_rolling_acc,ppo_hier_items200_h1500\PPO_1
1175000,0.9916666746139526,group/0/avg_rolling_acc,ppo_hier_items200_h1500\PPO_1
1179648,1.0,group/0/avg_rolling_acc,ppo_hier_items200_h1500\PPO_1
1200000,1.0,group/0/avg_rolling_acc,ppo_hier_items200_h1500\PPO_1
1212416,1.0,group/0/avg_rolling_acc,ppo_hier_items200_h1500\PPO_1
1225000,1.0,group/0/avg_rolling_acc,ppo_hier_items200_h1500\PPO_1
1245184,1.0,group/0/avg_rolling_acc,ppo_hier_items200_h1500\PPO_1
1250000,1.0,group/0/avg_rolling_acc,ppo_hier_items200_h1500\PPO_1
1275000,1.0,group/0/avg_rolling_acc,ppo_hier_items200_h1500\PPO_1
1277952,1.0,group/0/avg_rolling_acc,ppo_hier_items200_h1500\PPO_1
1300000,1.0,group/0/avg_rolling_acc,ppo_hier_items200_h1500\PPO_1
1310720,1.0,group/0/avg_rolling_acc,ppo_hier_items200_h1500\PPO_1
1325000,1.0,group/0/avg_rolling_acc,ppo_hier_items200_h1500\PPO_1
1343488,1.0,group/0/avg_rolling_acc,ppo_hier_items200_h1500\PPO_1
1350000,0.9916666746139526,group/0/avg_rolling_acc,ppo_hier_items200_h1500\PPO_1
1375000,0.9916666746139526,group/0/avg_rolling_acc,ppo_hier_items200_h1500\PPO_1
1376256,0.9916666746139526,group/0/avg_rolling_acc,ppo_hier_items200_h1500\PPO_1
1400000,1.0,group/0/avg_rolling_acc,ppo_hier_items200_h1500\PPO_1
1409024,1.0,group/0/avg_rolling_acc,ppo_hier_items200_h1500\PPO_1
1425000,1.0,group/0/avg_rolling_acc,ppo_hier_items200_h1500\PPO_1
1441792,1.0,group/0/avg_rolling_acc,ppo_hier_items200_h1500\PPO_1
1450000,1.0,group/0/avg_rolling_acc,ppo_hier_items200_h1500\PPO_1
1474560,1.0,group/0/avg_rolling_acc,ppo_hier_items200_h1500\PPO_1
1475000,1.0,group/0/avg_rolling_acc,ppo_hier_items200_h1500\PPO_1
1500000,1.0,group/0/avg_rolling_acc,ppo_hier_items200_h1500\PPO_1
1507328,1.0,group/0/avg_rolling_acc,ppo_hier_items200_h1500\PPO_1
1525000,1.0,group/0/avg_rolling_acc,ppo_hier_items200_h1500\PPO_1
1540096,1.0,group/0/avg_rolling_acc,ppo_hier_items200_h1500\PPO_1
1550000,0.9886363744735718,group/0/avg_rolling_acc,ppo_hier_items200_h1500\PPO_1
1572864,1.0,group/0/avg_rolling_acc,ppo_hier_items200_h1500\PPO_1
1575000,1.0,group/0/avg_rolling_acc,ppo_hier_items200_h1500\PPO_1
1600000,1.0,group/0/avg_rolling_acc,ppo_hier_items200_h1500\PPO_1
1605632,1.0,group/0/avg_rolling_acc,ppo_hier_items200_h1500\PPO_1
1625000,1.0,group/0/avg_rolling_acc,ppo_hier_items200_h1500\PPO_1
1638400,1.0,group/0/avg_rolling_acc,ppo_hier_items200_h1500\PPO_1
1650000,1.0,group/0/avg_rolling_acc,ppo_hier_items200_h1500\PPO_1
1671168,1.0,group/0/avg_rolling_acc,ppo_hier_items200_h1500\PPO_1
1675000,1.0,group/0/avg_rolling_acc,ppo_hier_items200_h1500\PPO_1
1700000,1.0,group/0/avg_rolling_acc,ppo_hier_items200_h1500\PPO_1
1703936,1.0,group/0/avg_rolling_acc,ppo_hier_items200_h1500\PPO_1
1725000,1.0,group/0/avg_rolling_acc,ppo_hier_items200_h1500\PPO_1
1736704,1.0,group/0/avg_rolling_acc,ppo_hier_items200_h1500\PPO_1
1750000,0.9916666746139526,group/0/avg_rolling_acc,ppo_hier_items200_h1500\PPO_1
1769472,1.0,group/0/avg_rolling_acc,ppo_hier_items200_h1500\PPO_1
1775000,1.0,group/0/avg_rolling_acc,ppo_hier_items200_h1500\PPO_1
1800000,1.0,group/0/avg_rolling_acc,ppo_hier_items200_h1500\PPO_1
1802240,1.0,group/0/avg_rolling_acc,ppo_hier_items200_h1500\PPO_1
1825000,1.0,group/0/avg_rolling_acc,ppo_hier_items200_h1500\PPO_1
1835008,1.0,group/0/avg_rolling_acc,ppo_hier_items200_h1500\PPO_1
1850000,1.0,group/0/avg_rolling_acc,ppo_hier_items200_h1500\PPO_1
1867776,1.0,group/0/avg_rolling_acc,ppo_hier_items200_h1500\PPO_1
1875000,1.0,group/0/avg_rolling_acc,ppo_hier_items200_h1500\PPO_1
1900000,1.0,group/0/avg_rolling_acc,ppo_hier_items200_h1500\PPO_1
1900544,1.0,group/0/avg_rolling_acc,ppo_hier_items200_h1500\PPO_1
1925000,1.0,group/0/avg_rolling_acc,ppo_hier_items200_h1500\PPO_1
1933312,1.0,group/0/avg_rolling_acc,ppo_hier_items200_h1500\PPO_1
1950000,1.0,group/0/avg_rolling_acc,ppo_hier_items200_h1500\PPO_1
1966080,1.0,group/0/avg_rolling_acc,ppo_hier_items200_h1500\PPO_1
1975000,1.0,group/0/avg_rolling_acc,ppo_hier_items200_h1500\PPO_1
1998848,1.0,group/0/avg_rolling_acc,ppo_hier_items200_h1500\PPO_1
2000000,1.0,group/0/avg_rolling_acc,ppo_hier_items200_h1500\PPO_1
2025000,1.0,group/0/avg_rolling_acc,ppo_hier_items200_h1500\PPO_1
2031616,0.9916666746139526,group/0/avg_rolling_acc,ppo_hier_items200_h1500\PPO_1
25000,0.0,group/0/mastered_count,ppo_hier_items200_h1500\PPO_1
32768,25.0,group/0/mastered_count,ppo_hier_items200_h1500\PPO_1
50000,1.0,group/0/mastered_count,ppo_hier_items200_h1500\PPO_1
65536,10.0,group/0/mastered_count,ppo_hier_items200_h1500\PPO_1
75000,2.0,group/0/mastered_count,ppo_hier_items200_h1500\PPO_1
98304,2.0,group/0/mastered_count,ppo_hier_items200_h1500\PPO_1
100000,3.0,group/0/mastered_count,ppo_hier_items200_h1500\PPO_1
125000,4.0,group/0/mastered_count,ppo_hier_items200_h1500\PPO_1
131072,39.0,group/0/mastered_count,ppo_hier_items200_h1500\PPO_1
150000,16.0,group/0/mastered_count,ppo_hier_items200_h1500\PPO_1
163840,19.0,group/0/mastered_count,ppo_hier_items200_h1500\PPO_1
175000,18.0,group/0/mastered_count,ppo_hier_items200_h1500\PPO_1
196608,5.0,group/0/mastered_count,ppo_hier_items200_h1500\PPO_1
200000,29.0,group/0/mastered_count,ppo_hier_items200_h1500\PPO_1
225000,29.0,group/0/mastered_count,ppo_hier_items200_h1500\PPO_1
229376,1.0,group/0/mastered_count,ppo_hier_items200_h1500\PPO_1
250000,50.0,group/0/mastered_count,ppo_hier_items200_h1500\PPO_1
262144,33.0,group/0/mastered_count,ppo_hier_items200_h1500\PPO_1
275000,54.0,group/0/mastered_count,ppo_hier_items200_h1500\PPO_1
294912,20.0,group/0/mastered_count,ppo_hier_items200_h1500\PPO_1
300000,72.0,group/0/mastered_count,ppo_hier_items200_h1500\PPO_1
325000,0.0,group/0/mastered_count,ppo_hier_items200_h1500\PPO_1
327680,5.0,group/0/mastered_count,ppo_hier_items200_h1500\PPO_1
350000,3.0,group/0/mastered_count,ppo_hier_items200_h1500\PPO_1
360448,0.0,group/0/mastered_count,ppo_hier_items200_h1500\PPO_1
375000,3.0,group/0/mastered_count,ppo_hier_items200_h1500\PPO_1
393216,46.0,group/0/mastered_count,ppo_hier_items200_h1500\PPO_1
400000,10.0,group/0/mastered_count,ppo_hier_items200_h1500\PPO_1
425000,15.0,group/0/mastered_count,ppo_hier_items200_h1500\PPO_1
425984,21.0,group/0/mastered_count,ppo_hier_items200_h1500\PPO_1
450000,19.0,group/0/mastered_count,ppo_hier_items200_h1500\PPO_1
458752,3.0,group/0/mastered_count,ppo_hier_items200_h1500\PPO_1
475000,25.0,group/0/mastered_count,ppo_hier_items200_h1500\PPO_1
491520,61.0,group/0/mastered_count,ppo_hier_items200_h1500\PPO_1
500000,33.0,group/0/mastered_count,ppo_hier_items200_h1500\PPO_1
524288,38.0,group/0/mastered_count,ppo_hier_items200_h1500\PPO_1
525000,41.0,group/0/mastered_count,ppo_hier_items200_h1500\PPO_1
550000,41.0,group/0/mastered_count,ppo_hier_items200_h1500\PPO_1
557056,18.0,group/0/mastered_count,ppo_hier_items200_h1500\PPO_1
575000,55.0,group/0/mastered_count,ppo_hier_items200_h1500\PPO_1
589824,2.0,group/0/mastered_count,ppo_hier_items200_h1500\PPO_1
600000,64.0,group/0/mastered_count,ppo_hier_items200_h1500\PPO_1
622592,56.0,group/0/mastered_count,ppo_hier_items200_h1500\PPO_1
625000,0.0,group/0/mastered_count,ppo_hier_items200_h1500\PPO_1
650000,3.0,group/0/mastered_count,ppo_hier_items200_h1500\PPO_1
655360,32.0,group/0/mastered_count,ppo_hier_items200_h1500\PPO_1
675000,11.0,group/0/mastered_count,ppo_hier_items200_h1500\PPO_1
688128,13.0,group/0/mastered_count,ppo_hier_items200_h1500\PPO_1
700000,15.0,group/0/mastered_count,ppo_hier_items200_h1500\PPO_1
720896,1.0,group/0/mastered_count,ppo_hier_items200_h1500\PPO_1
725000,17.0,group/0/mastered_count,ppo_hier_items200_h1500\PPO_1
750000,32.0,group/0/mastered_count,ppo_hier_items200_h1500\PPO_1
753664,59.0,group/0/mastered_count,ppo_hier_items200_h1500\PPO_1
775000,30.0,group/0/mastered_count,ppo_hier_items200_h1500\PPO_1
786432,44.0,group/0/mastered_count,ppo_hier_items200_h1500\PPO_1
800000,41.0,group/0/mastered_count,ppo_hier_items200_h1500\PPO_1
819200,11.0,group/0/mastered_count,ppo_hier_items200_h1500\PPO_1
825000,53.0,group/0/mastered_count,ppo_hier_items200_h1500\PPO_1
850000,54.0,group/0/mastered_count,ppo_hier_items200_h1500\PPO_1
851968,70.0,group/0/mastered_count,ppo_hier_items200_h1500\PPO_1
875000,78.0,group/0/mastered_count,ppo_hier_items200_h1500\PPO_1
884736,60.0,group/0/mastered_count,ppo_hier_items200_h1500\PPO_1
900000,82.0,group/0/mastered_count,ppo_hier_items200_h1500\PPO_1
917504,34.0,group/0/mastered_count,ppo_hier_items200_h1500\PPO_1
925000,4.0,group/0/mastered_count,ppo_hier_items200_h1500\PPO_1
950000,7.0,group/0/mastered_count,ppo_hier_items200_h1500\PPO_1
950272,10.0,group/0/mastered_count,ppo_hier_items200_h1500\PPO_1
975000,15.0,group/0/mastered_count,ppo_hier_items200_h1500\PPO_1
983040,76.0,group/0/mastered_count,ppo_hier_items200_h1500\PPO_1
1000000,19.0,group/0/mastered_count,ppo_hier_items200_h1500\PPO_1
1015808,52.0,group/0/mastered_count,ppo_hier_items200_h1500\PPO_1
1025000,26.0,group/0/mastered_count,ppo_hier_items200_h1500\PPO_1
1048576,35.0,group/0/mastered_count,ppo_hier_items200_h1500\PPO_1
1050000,40.0,group/0/mastered_count,ppo_hier_items200_h1500\PPO_1
1075000,45.0,group/0/mastered_count,ppo_hier_items200_h1500\PPO_1
1081344,1.0,group/0/mastered_count,ppo_hier_items200_h1500\PPO_1
1100000,52.0,group/0/mastered_count,ppo_hier_items200_h1500\PPO_1
1114112,70.0,group/0/mastered_count,ppo_hier_items200_h1500\PPO_1
1125000,57.0,group/0/mastered_count,ppo_hier_items200_h1500\PPO_1
1146880,52.0,group/0/mastered_count,ppo_hier_items200_h1500\PPO_1
1150000,64.0,group/0/mastered_count,ppo_hier_items200_h1500\PPO_1
1175000,76.0,group/0/mastered_count,ppo_hier_items200_h1500\PPO_1
1179648,17.0,group/0/mastered_count,ppo_hier_items200_h1500\PPO_1
1200000,82.0,group/0/mastered_count,ppo_hier_items200_h1500\PPO_1
1212416,0.0,group/0/mastered_count,ppo_hier_items200_h1500\PPO_1
1225000,1.0,group/0/mastered_count,ppo_hier_items200_h1500\PPO_1
1245184,61.0,group/0/mastered_count,ppo_hier_items200_h1500\PPO_1
1250000,9.0,group/0/mastered_count,ppo_hier_items200_h1500\PPO_1
1275000,16.0,group/0/mastered_count,ppo_hier_items200_h1500\PPO_1
1277952,49.0,group/0/mastered_count,ppo_hier_items200_h1500\PPO_1
1300000,28.0,group/0/mastered_count,ppo_hier_items200_h1500\PPO_1
1310720,10.0,group/0/mastered_count,ppo_hier_items200_h1500\PPO_1
1325000,28.0,group/0/mastered_count,ppo_hier_items200_h1500\PPO_1
1343488,88.0,group/0/mastered_count,ppo_hier_items200_h1500\PPO_1
1350000,43.0,group/0/mastered_count,ppo_hier_items200_h1500\PPO_1
1375000,49.0,group/0/mastered_count,ppo_hier_items200_h1500\PPO_1
1376256,57.0,group/0/mastered_count,ppo_hier_items200_h1500\PPO_1
1400000,58.0,group/0/mastered_count,ppo_hier_items200_h1500\PPO_1
1409024,31.0,group/0/mastered_count,ppo_hier_items200_h1500\PPO_1
1425000,64.0,group/0/mastered_count,ppo_hier_items200_h1500\PPO_1
1441792,4.0,group/0/mastered_count,ppo_hier_items200_h1500\PPO_1
1450000,72.0,group/0/mastered_count,ppo_hier_items200_h1500\PPO_1
1474560,64.0,group/0/mastered_count,ppo_hier_items200_h1500\PPO_1
1475000,66.0,group/0/mastered_count,ppo_hier_items200_h1500\PPO_1
1500000,87.0,group/0/mastered_count,ppo_hier_items200_h1500\PPO_1
1507328,50.0,group/0/mastered_count,ppo_hier_items200_h1500\PPO_1
1525000,6.0,group/0/mastered_count,ppo_hier_items200_h1500\PPO_1
1540096,34.0,group/0/mastered_count,ppo_hier_items200_h1500\PPO_1
1550000,10.0,group/0/mastered_count,ppo_hier_items200_h1500\PPO_1
1572864,3.0,group/0/mastered_count,ppo_hier_items200_h1500\PPO_1
1575000,19.0,group/0/mastered_count,ppo_hier_items200_h1500\PPO_1
1600000,21.0,group/0/mastered_count,ppo_hier_items200_h1500\PPO_1
1605632,66.0,group/0/mastered_count,ppo_hier_items200_h1500\PPO_1
1625000,41.0,group/0/mastered_count,ppo_hier_items200_h1500\PPO_1
1638400,37.0,group/0/mastered_count,ppo_hier_items200_h1500\PPO_1
1650000,47.0,group/0/mastered_count,ppo_hier_items200_h1500\PPO_1
1671168,23.0,group/0/mastered_count,ppo_hier_items200_h1500\PPO_1
1675000,47.0,group/0/mastered_count,ppo_hier_items200_h1500\PPO_1
1700000,55.0,group/0/mastered_count,ppo_hier_items200_h1500\PPO_1
1703936,93.0,group/0/mastered_count,ppo_hier_items200_h1500\PPO_1
1725000,69.0,group/0/mastered_count,ppo_hier_items200_h1500\PPO_1
1736704,71.0,group/0/mastered_count,ppo_hier_items200_h1500\PPO_1
1750000,68.0,group/0/mastered_count,ppo_hier_items200_h1500\PPO_1
1769472,43.0,group/0/mastered_count,ppo_hier_items200_h1500\PPO_1
1775000,88.0,group/0/mastered_count,ppo_hier_items200_h1500\PPO_1
1800000,89.0,group/0/mastered_count,ppo_hier_items200_h1500\PPO_1
1802240,9.0,group/0/mastered_count,ppo_hier_items200_h1500\PPO_1
1825000,1.0,group/0/mastered_count,ppo_hier_items200_h1500\PPO_1
1835008,87.0,group/0/mastered_count,ppo_hier_items200_h1500\PPO_1
1850000,16.0,group/0/mastered_count,ppo_hier_items200_h1500\PPO_1
1867776,46.0,group/0/mastered_count,ppo_hier_items200_h1500\PPO_1
1875000,19.0,group/0/mastered_count,ppo_hier_items200_h1500\PPO_1
1900000,26.0,group/0/mastered_count,ppo_hier_items200_h1500\PPO_1
1900544,32.0,group/0/mastered_count,ppo_hier_items200_h1500\PPO_1
1925000,35.0,group/0/mastered_count,ppo_hier_items200_h1500\PPO_1
1933312,6.0,group/0/mastered_count,ppo_hier_items200_h1500\PPO_1
1950000,36.0,group/0/mastered_count,ppo_hier_items200_h1500\PPO_1
1966080,70.0,group/0/mastered_count,ppo_hier_items200_h1500\PPO_1
1975000,44.0,group/0/mastered_count,ppo_hier_items200_h1500\PPO_1
1998848,51.0,group/0/mastered_count,ppo_hier_items200_h1500\PPO_1
2000000,66.0,group/0/mastered_count,ppo_hier_items200_h1500\PPO_1
2025000,79.0,group/0/mastered_count,ppo_hier_items200_h1500\PPO_1
2031616,24.0,group/0/mastered_count,ppo_hier_items200_h1500\PPO_1
25000,1.0,group/1/avg_rolling_acc,ppo_hier_items200_h1500\PPO_1
32768,1.0,group/1/avg_rolling_acc,ppo_hier_items200_h1500\PPO_1
50000,1.0,group/1/avg_rolling_acc,ppo_hier_items200_h1500\PPO_1
65536,1.0,group/1/avg_rolling_acc,ppo_hier_items200_h1500\PPO_1
75000,1.0,group/1/avg_rolling_acc,ppo_hier_items200_h1500\PPO_1
98304,1.0,group/1/avg_rolling_acc,ppo_hier_items200_h1500\PPO_1
100000,1.0,group/1/avg_rolling_acc,ppo_hier_items200_h1500\PPO_1
125000,1.0,group/1/avg_rolling_acc,ppo_hier_items200_h1500\PPO_1
131072,0.9833333492279053,group/1/avg_rolling_acc,ppo_hier_items200_h1500\PPO_1
150000,1.0,group/1/avg_rolling_acc,ppo_hier_items200_h1500\PPO_1
163840,1.0,group/1/avg_rolling_acc,ppo_hier_items200_h1500\PPO_1
175000,1.0,group/1/avg_rolling_acc,ppo_hier_items200_h1500\PPO_1
196608,1.0,group/1/avg_rolling_acc,ppo_hier_items200_h1500\PPO_1
200000,1.0,group/1/avg_rolling_acc,ppo_hier_items200_h1500\PPO_1
225000,1.0,group/1/avg_rolling_acc,ppo_hier_items200_h1500\PPO_1
229376,1.0,group/1/avg_rolling_acc,ppo_hier_items200_h1500\PPO_1
250000,1.0,group/1/avg_rolling_acc,ppo_hier_items200_h1500\PPO_1
262144,1.0,group/1/avg_rolling_acc,ppo_hier_items200_h1500\PPO_1
275000,1.0,group/1/avg_rolling_acc,ppo_hier_items200_h1500\PPO_1
294912,1.0,group/1/avg_rolling_acc,ppo_hier_items200_h1500\PPO_1
300000,0.9750000238418579,group/1/avg_rolling_acc,ppo_hier_items200_h1500\PPO_1
325000,1.0,group/1/avg_rolling_acc,ppo_hier_items200_h1500\PPO_1
327680,1.0,group/1/avg_rolling_acc,ppo_hier_items200_h1500\PPO_1
350000,1.0,group/1/avg_rolling_acc,ppo_hier_items200_h1500\PPO_1
360448,1.0,group/1/avg_rolling_acc,ppo_hier_items200_h1500\PPO_1
375000,0.9916666746139526,group/1/avg_rolling_acc,ppo_hier_items200_h1500\PPO_1
393216,0.9916666746139526,group/1/avg_rolling_acc,ppo_hier_items200_h1500\PPO_1
400000,1.0,group/1/avg_rolling_acc,ppo_hier_items200_h1500\PPO_1
425000,1.0,group/1/avg_rolling_acc,ppo_hier_items200_h1500\PPO_1
425984,1.0,group/1/avg_rolling_acc,ppo_hier_items200_h1500\PPO_1
450000,1.0,group/1/avg_rolling_acc,ppo_hier_items200_h1500\PPO_1
458752,1.0,group/1/avg_rolling_acc,ppo_hier_items200_h1500\PPO_1
475000,1.0,group/1/avg_rolling_acc,ppo_hier_items200_h1500\PPO_1
491520,0.9916666746139526,group/1/avg_rolling_acc,ppo_hier_items200_h1500\PPO_1
500000,0.9833333492279053,group/1/avg_rolling_acc,ppo_hier_items200_h1500\PPO_1
524288,1.0,group/1/avg_rolling_acc,ppo_hier_items200_h1500\PPO_1
525000,1.0,group/1/avg_rolling_acc,ppo_hier_items200_h1500\PPO_1
550000,1.0,group/1/avg_rolling_acc,ppo_hier_items200_h1500\PPO_1
557056,1.0,group/1/avg_rolling_acc,ppo_hier_items200_h1500\PPO_1
575000,0.9916666746139526,group/1/avg_rolling_acc,ppo_hier_items200_h1500\PPO_1
589824,1.0,group/1/avg_rolling_acc,ppo_hier_items200_h1500\PPO_1
600000,0.9916666746139526,group/1/avg_rolling_acc,ppo_hier_items200_h1500\PPO_1
622592,1.0,group/1/avg_rolling_acc,ppo_hier_items200_h1500\PPO_1
625000,1.0,group/1/avg_rolling_acc,ppo_hier_items200_h1500\PPO_1
650000,1.0,group/1/avg_rolling_acc,ppo_hier_items200_h1500\PPO_1
655360,1.0,group/1/avg_rolling_acc,ppo_hier_items200_h1500\PPO_1
675000,1.0,group/1/avg_rolling_acc,ppo_hier_items200_h1500\PPO_1
688128,0.9916666746139526,group/1/avg_rolling_acc,ppo_hier_items200_h1500\PPO_1
700000,1.0,group/1/avg_rolling_acc,ppo_hier_items200_h1500\PPO_1
720896,1.0,group/1/avg_rolling_acc,ppo_hier_items200_h1500\PPO_1
725000,1.0,group/1/avg_rolling_acc,ppo_hier_items200_h1500\PPO_1
750000,1.0,group/1/avg_rolling_acc,ppo_hier_items200_h1500\PPO_1
753664,0.9916666746139526,group/1/avg_rolling_acc,ppo_hier_items200_h1500\PPO_1
775000,1.0,group/1/avg_rolling_acc,ppo_hier_items200_h1500\PPO_1
786432,0.9833333492279053,group/1/avg_rolling_acc,ppo_hier_items200_h1500\PPO_1
800000,0.9916666746139526,group/1/avg_rolling_acc,ppo_hier_items200_h1500\PPO_1
819200,0.9916666746139526,group/1/avg_rolling_acc,ppo_hier_items200_h1500\PPO_1
825000,1.0,group/1/avg_rolling_acc,ppo_hier_items200_h1500\PPO_1
850000,1.0,group/1/avg_rolling_acc,ppo_hier_items200_h1500\PPO_1
851968,0.9916666746139526,group/1/avg_rolling_acc,ppo_hier_items200_h1500\PPO_1
875000,1.0,group/1/avg_rolling_acc,ppo_hier_items200_h1500\PPO_1
884736,0.9916666746139526,group/1/avg_rolling_acc,ppo_hier_items200_h1500\PPO_1
900000,1.0,group/1/avg_rolling_acc,ppo_hier_items200_h1500\PPO_1
917504,1.0,group/1/avg_rolling_acc,ppo_hier_items200_h1500\PPO_1
925000,1.0,group/1/avg_rolling_acc,ppo_hier_items200_h1500\PPO_1
950000,1.0,group/1/avg_rolling_acc,ppo_hier_items200_h1500\PPO_1
950272,1.0,group/1/avg_rolling_acc,ppo_hier_items200_h1500\PPO_1
975000,1.0,group/1/avg_rolling_acc,ppo_hier_items200_h1500\PPO_1
983040,0.9916666746139526,group/1/avg_rolling_acc,ppo_hier_items200_h1500\PPO_1
1000000,1.0,group/1/avg_rolling_acc,ppo_hier_items200_h1500\PPO_1
1015808,0.9916666746139526,group/1/avg_rolling_acc,ppo_hier_items200_h1500\PPO_1
1025000,1.0,group/1/avg_rolling_acc,ppo_hier_items200_h1500\PPO_1
1048576,1.0,group/1/avg_rolling_acc,ppo_hier_items200_h1500\PPO_1
1050000,1.0,group/1/avg_rolling_acc,ppo_hier_items200_h1500\PPO_1
1075000,0.9916666746139526,group/1/avg_rolling_acc,ppo_hier_items200_h1500\PPO_1
1081344,1.0,group/1/avg_rolling_acc,ppo_hier_items200_h1500\PPO_1
1100000,1.0,group/1/avg_rolling_acc,ppo_hier_items200_h1500\PPO_1
1114112,1.0,group/1/avg_rolling_acc,ppo_hier_items200_h1500\PPO_1
1125000,1.0,group/1/avg_rolling_acc,ppo_hier_items200_h1500\PPO_1
1146880,0.9750000238418579,group/1/avg_rolling_acc,ppo_hier_items200_h1500\PPO_1
1150000,0.9916666746139526,group/1/avg_rolling_acc,ppo_hier_items200_h1500\PPO_1
1175000,1.0,group/1/avg_rolling_acc,ppo_hier_items200_h1500\PPO_1
1179648,1.0,group/1/avg_rolling_acc,ppo_hier_items200_h1500\PPO_1
1200000,1.0,group/1/avg_rolling_acc,ppo_hier_items200_h1500\PPO_1
1212416,1.0,group/1/avg_rolling_acc,ppo_hier_items200_h1500\PPO_1
1225000,1.0,group/1/avg_rolling_acc,ppo_hier_items200_h1500\PPO_1
1245184,0.9833333492279053,group/1/avg_rolling_acc,ppo_hier_items200_h1500\PPO_1
1250000,1.0,group/1/avg_rolling_acc,ppo_hier_items200_h1500\PPO_1
1275000,0.9916666746139526,group/1/avg_rolling_acc,ppo_hier_items200_h1500\PPO_1
1277952,1.0,group/1/avg_rolling_acc,ppo_hier_items200_h1500\PPO_1
1300000,1.0,group/1/avg_rolling_acc,ppo_hier_items200_h1500\PPO_1
1310720,1.0,group/1/avg_rolling_acc,ppo_hier_items200_h1500\PPO_1
1325000,1.0,group/1/avg_rolling_acc,ppo_hier_items200_h1500\PPO_1
1343488,0.9916666746139526,group/1/avg_rolling_acc,ppo_hier_items200_h1500\PPO_1
1350000,1.0,group/1/avg_rolling_acc,ppo_hier_items200_h1500\PPO_1
1375000,1.0,group/1/avg_rolling_acc,ppo_hier_items200_h1500\PPO_1
1376256,1.0,group/1/avg_rolling_acc,ppo_hier_items200_h1500\PPO_1
1400000,0.9916666746139526,group/1/avg_rolling_acc,ppo_hier_items200_h1500\PPO_1
1409024,1.0,group/1/avg_rolling_acc,ppo_hier_items200_h1500\PPO_1
1425000,1.0,group/1/avg_rolling_acc,ppo_hier_items200_h1500\PPO_1
1441792,1.0,group/1/avg_rolling_acc,ppo_hier_items200_h1500\PPO_1
1450000,1.0,group/1/avg_rolling_acc,ppo_hier_items200_h1500\PPO_1
1474560,0.9833333492279053,group/1/avg_rolling_acc,ppo_hier_items200_h1500\PPO_1
1475000,0.9916666746139526,group/1/avg_rolling_acc,ppo_hier_items200_h1500\PPO_1
1500000,0.9916666746139526,group/1/avg_rolling_acc,ppo_hier_items200_h1500\PPO_1
1507328,1.0,group/1/avg_rolling_acc,ppo_hier_items200_h1500\PPO_1
1525000,1.0,group/1/avg_rolling_acc,ppo_hier_items200_h1500\PPO_1
1540096,0.9916666746139526,group/1/avg_rolling_acc,ppo_hier_items200_h1500\PPO_1
1550000,1.0,group/1/avg_rolling_acc,ppo_hier_items200_h1500\PPO_1
1572864,1.0,group/1/avg_rolling_acc,ppo_hier_items200_h1500\PPO_1
1575000,1.0,group/1/avg_rolling_acc,ppo_hier_items200_h1500\PPO_1
1600000,1.0,group/1/avg_rolling_acc,ppo_hier_items200_h1500\PPO_1
1605632,0.9916666746139526,group/1/avg_rolling_acc,ppo_hier_items200_h1500\PPO_1
1625000,1.0,group/1/avg_rolling_acc,ppo_hier_items200_h1500\PPO_1
1638400,1.0,group/1/avg_rolling_acc,ppo_hier_items200_h1500\PPO_1
1650000,1.0,group/1/avg_rolling_acc,ppo_hier_items200_h1500\PPO_1
1671168,1.0,group/1/avg_rolling_acc,ppo_hier_items200_h1500\PPO_1
1675000,1.0,group/1/avg_rolling_acc,ppo_hier_items200_h1500\PPO_1
1700000,1.0,group/1/avg_rolling_acc,ppo_hier_items200_h1500\PPO_1
1703936,1.0,group/1/avg_rolling_acc,ppo_hier_items200_h1500\PPO_1
1725000,1.0,group/1/avg_rolling_acc,ppo_hier_items200_h1500\PPO_1
1736704,0.9916666746139526,group/1/avg_rolling_acc,ppo_hier_items200_h1500\PPO_1
1750000,0.9916666746139526,group/1/avg_rolling_acc,ppo_hier_items200_h1500\PPO_1
1769472,1.0,group/1/avg_rolling_acc,ppo_hier_items200_h1500\PPO_1
1775000,0.9833333492279053,group/1/avg_rolling_acc,ppo_hier_items200_h1500\PPO_1
1800000,0.9916666746139526,group/1/avg_rolling_acc,ppo_hier_items200_h1500\PPO_1
1802240,1.0,group/1/avg_rolling_acc,ppo_hier_items200_h1500\PPO_1
1825000,1.0,group/1/avg_rolling_acc,ppo_hier_items200_h1500\PPO_1
1835008,0.9916666746139526,group/1/avg_rolling_acc,ppo_hier_items200_h1500\PPO_1
1850000,1.0,group/1/avg_rolling_acc,ppo_hier_items200_h1500\PPO_1
1867776,1.0,group/1/avg_rolling_acc,ppo_hier_items200_h1500\PPO_1
1875000,1.0,group/1/avg_rolling_acc,ppo_hier_items200_h1500\PPO_1
1900000,0.9916666746139526,group/1/avg_rolling_acc,ppo_hier_items200_h1500\PPO_1
1900544,1.0,group/1/avg_rolling_acc,ppo_hier_items200_h1500\PPO_1
1925000,1.0,group/1/avg_rolling_acc,ppo_hier_items200_h1500\PPO_1
1933312,1.0,group/1/avg_rolling_acc,ppo_hier_items200_h1500\PPO_1
1950000,1.0,group/1/avg_rolling_acc,ppo_hier_items200_h1500\PPO_1
1966080,1.0,group/1/avg_rolling_acc,ppo_hier_items200_h1500\PPO_1
1975000,1.0,group/1/avg_rolling_acc,ppo_hier_items200_h1500\PPO_1
1998848,0.9750000238418579,group/1/avg_rolling_acc,ppo_hier_items200_h1500\PPO_1
2000000,1.0,group/1/avg_rolling_acc,ppo_hier_items200_h1500\PPO_1
2025000,1.0,group/1/avg_rolling_acc,ppo_hier_items200_h1500\PPO_1
2031616,1.0,group/1/avg_rolling_acc,ppo_hier_items200_h1500\PPO_1
25000,0.0,group/1/mastered_count,ppo_hier_items200_h1500\PPO_1
32768,32.0,group/1/mastered_count,ppo_hier_items200_h1500\PPO_1
50000,0.0,group/1/mastered_count,ppo_hier_items200_h1500\PPO_1
65536,9.0,group/1/mastered_count,ppo_hier_items200_h1500\PPO_1
75000,3.0,group/1/mastered_count,ppo_hier_items200_h1500\PPO_1
98304,1.0,group/1/mastered_count,ppo_hier_items200_h1500\PPO_1
100000,3.0,group/1/mastered_count,ppo_hier_items200_h1500\PPO_1
125000,7.0,group/1/mastered_count,ppo_hier_items200_h1500\PPO_1
131072,60.0,group/1/mastered_count,ppo_hier_items200_h1500\PPO_1
150000,7.0,group/1/mastered_count,ppo_hier_items200_h1500\PPO_1
163840,28.0,group/1/mastered_count,ppo_hier_items200_h1500\PPO_1
175000,16.0,group/1/mastered_count,ppo_hier_items200_h1500\PPO_1
196608,10.0,group/1/mastered_count,ppo_hier_items200_h1500\PPO_1
200000,32.0,group/1/mastered_count,ppo_hier_items200_h1500\PPO_1
225000,32.0,group/1/mastered_count,ppo_hier_items200_h1500\PPO_1
229376,1.0,group/1/mastered_count,ppo_hier_items200_h1500\PPO_1
250000,30.0,group/1/mastered_count,ppo_hier_items200_h1500\PPO_1
262144,52.0,group/1/mastered_count,ppo_hier_items200_h1500\PPO_1
275000,45.0,group/1/mastered_count,ppo_hier_items200_h1500\PPO_1
294912,15.0,group/1/mastered_count,ppo_hier_items200_h1500\PPO_1
300000,59.0,group/1/mastered_count,ppo_hier_items200_h1500\PPO_1
325000,1.0,group/1/mastered_count,ppo_hier_items200_h1500\PPO_1
327680,8.0,group/1/mastered_count,ppo_hier_items200_h1500\PPO_1
350000,4.0,group/1/mastered_count,ppo_hier_items200_h1500\PPO_1
360448,0.0,group/1/mastered_count,ppo_hier_items200_h1500\PPO_1
375000,5.0,group/1/mastered_count,ppo_hier_items200_h1500\PPO_1
393216,39.0,group/1/mastered_count,ppo_hier_items200_h1500\PPO_1
400000,7.0,group/1/mastered_count,ppo_hier_items200_h1500\PPO_1
425000,19.0,group/1/mastered_count,ppo_hier_items200_h1500\PPO_1
425984,25.0,group/1/mastered_count,ppo_hier_items200_h1500\PPO_1
450000,20.0,group/1/mastered_count,ppo_hier_items200_h1500\PPO_1
458752,4.0,group/1/mastered_count,ppo_hier_items200_h1500\PPO_1
475000,29.0,group/1/mastered_count,ppo_hier_items200_h1500\PPO_1
491520,60.0,group/1/mastered_count,ppo_hier_items200_h1500\PPO_1
500000,30.0,group/1/mastered_count,ppo_hier_items200_h1500\PPO_1
524288,39.0,group/1/mastered_count,ppo_hier_items200_h1500\PPO_1
525000,45.0,group/1/mastered_count,ppo_hier_items200_h1500\PPO_1
550000,52.0,group/1/mastered_count,ppo_hier_items200_h1500\PPO_1
557056,23.0,group/1/mastered_count,ppo_hier_items200_h1500\PPO_1
575000,60.0,group/1/mastered_count,ppo_hier_items200_h1500\PPO_1
589824,1.0,group/1/mastered_count,ppo_hier_items200_h1500\PPO_1
600000,74.0,group/1/mastered_count,ppo_hier_items200_h1500\PPO_1
622592,61.0,group/1/mastered_count,ppo_hier_items200_h1500\PPO_1
625000,0.0,group/1/mastered_count,ppo_hier_items200_h1500\PPO_1
650000,3.0,group/1/mastered_count,ppo_hier_items200_h1500\PPO_1
655360,46.0,group/1/mastered_count,ppo_hier_items200_h1500\PPO_1
675000,9.0,group/1/mastered_count,ppo_hier_items200_h1500\PPO_1
688128,20.0,group/1/mastered_count,ppo_hier_items200_h1500\PPO_1
700000,17.0,group/1/mastered_count,ppo_hier_items200_h1500\PPO_1
720896,0.0,group/1/mastered_count,ppo_hier_items200_h1500\PPO_1
725000,30.0,group/1/mastered_count,ppo_hier_items200_h1500\PPO_1
750000,37.0,group/1/mastered_count,ppo_hier_items200_h1500\PPO_1
753664,54.0,group/1/mastered_count,ppo_hier_items200_h1500\PPO_1
775000,45.0,group/1/mastered_count,ppo_hier_items200_h1500\PPO_1
786432,28.0,group/1/mastered_count,ppo_hier_items200_h1500\PPO_1
800000,47.0,group/1/mastered_count,ppo_hier_items200_h1500\PPO_1
819200,14.0,group/1/mastered_count,ppo_hier_items200_h1500\PPO_1
825000,51.0,group/1/mastered_count,ppo_hier_items200_h1500\PPO_1
850000,66.0,group/1/mastered_count,ppo_hier_items200_h1500\PPO_1
851968,76.0,group/1/mastered_count,ppo_hier_items200_h1500\PPO_1
875000,74.0,group/1/mastered_count,ppo_hier_items200_h1500\PPO_1
884736,50.0,group/1/mastered_count,ppo_hier_items200_h1500\PPO_1
900000,83.0,group/1/mastered_count,ppo_hier_items200_h1500\PPO_1
917504,30.0,group/1/mastered_count,ppo_hier_items200_h1500\PPO_1
925000,0.0,group/1/mastered_count,ppo_hier_items200_h1500\PPO_1
950000,7.0,group/1/mastered_count,ppo_hier_items200_h1500\PPO_1
950272,8.0,group/1/mastered_count,ppo_hier_items200_h1500\PPO_1
975000,12.0,group/1/mastered_count,ppo_hier_items200_h1500\PPO_1
983040,85.0,group/1/mastered_count,ppo_hier_items200_h1500\PPO_1
1000000,28.0,group/1/mastered_count,ppo_hier_items200_h1500\PPO_1
1015808,57.0,group/1/mastered_count,ppo_hier_items200_h1500\PPO_1
1025000,36.0,group/1/mastered_count,ppo_hier_items200_h1500\PPO_1
1048576,21.0,group/1/mastered_count,ppo_hier_items200_h1500\PPO_1
1050000,38.0,group/1/mastered_count,ppo_hier_items200_h1500\PPO_1
1075000,47.0,group/1/mastered_count,ppo_hier_items200_h1500\PPO_1
1081344,5.0,group/1/mastered_count,ppo_hier_items200_h1500\PPO_1
1100000,62.0,group/1/mastered_count,ppo_hier_items200_h1500\PPO_1
1114112,73.0,group/1/mastered_count,ppo_hier_items200_h1500\PPO_1
1125000,69.0,group/1/mastered_count,ppo_hier_items200_h1500\PPO_1
1146880,36.0,group/1/mastered_count,ppo_hier_items200_h1500\PPO_1
1150000,61.0,group/1/mastered_count,ppo_hier_items200_h1500\PPO_1
1175000,90.0,group/1/mastered_count,ppo_hier_items200_h1500\PPO_1
1179648,24.0,group/1/mastered_count,ppo_hier_items200_h1500\PPO_1
1200000,98.0,group/1/mastered_count,ppo_hier_items200_h1500\PPO_1
1212416,0.0,group/1/mastered_count,ppo_hier_items200_h1500\PPO_1
1225000,1.0,group/1/mastered_count,ppo_hier_items200_h1500\PPO_1
1245184,62.0,group/1/mastered_count,ppo_hier_items200_h1500\PPO_1
1250000,14.0,group/1/mastered_count,ppo_hier_items200_h1500\PPO_1
1275000,22.0,group/1/mastered_count,ppo_hier_items200_h1500\PPO_1
1277952,49.0,group/1/mastered_count,ppo_hier_items200_h1500\PPO_1
1300000,30.0,group/1/mastered_count,ppo_hier_items200_h1500\PPO_1
1310720,22.0,group/1/mastered_count,ppo_hier_items200_h1500\PPO_1
1325000,33.0,group/1/mastered_count,ppo_hier_items200_h1500\PPO_1
1343488,84.0,group/1/mastered_count,ppo_hier_items200_h1500\PPO_1
1350000,45.0,group/1/mastered_count,ppo_hier_items200_h1500\PPO_1
1375000,47.0,group/1/mastered_count,ppo_hier_items200_h1500\PPO_1
1376256,57.0,group/1/mastered_count,ppo_hier_items200_h1500\PPO_1
1400000,62.0,group/1/mastered_count,ppo_hier_items200_h1500\PPO_1
1409024,39.0,group/1/mastered_count,ppo_hier_items200_h1500\PPO_1
1425000,69.0,group/1/mastered_count,ppo_hier_items200_h1500\PPO_1
1441792,6.0,group/1/mastered_count,ppo_hier_items200_h1500\PPO_1
1450000,75.0,group/1/mastered_count,ppo_hier_items200_h1500\PPO_1
1474560,84.0,group/1/mastered_count,ppo_hier_items200_h1500\PPO_1
1475000,90.0,group/1/mastered_count,ppo_hier_items200_h1500\PPO_1
1500000,88.0,group/1/mastered_count,ppo_hier_items200_h1500\PPO_1
1507328,54.0,group/1/mastered_count,ppo_hier_items200_h1500\PPO_1
1525000,0.0,group/1/mastered_count,ppo_hier_items200_h1500\PPO_1
1540096,25.0,group/1/mastered_count,ppo_hier_items200_h1500\PPO_1
1550000,7.0,group/1/mastered_count,ppo_hier_items200_h1500\PPO_1
1572864,1.0,group/1/mastered_count,ppo_hier_items200_h1500\PPO_1
1575000,21.0,group/1/mastered_count,ppo_hier_items200_h1500\PPO_1
1600000,31.0,group/1/mastered_count,ppo_hier_items200_h1500\PPO_1
1605632,72.0,group/1/mastered_count,ppo_hier_items200_h1500\PPO_1
1625000,41.0,group/1/mastered_count,ppo_hier_items200_h1500\PPO_1
1638400,42.0,group/1/mastered_count,ppo_hier_items200_h1500\PPO_1
1650000,52.0,group/1/mastered_count,ppo_hier_items200_h1500\PPO_1
1671168,26.0,group/1/mastered_count,ppo_hier_items200_h1500\PPO_1
1675000,62.0,group/1/mastered_count,ppo_hier_items200_h1500\PPO_1
1700000,65.0,group/1/mastered_count,ppo_hier_items200_h1500\PPO_1
1703936,100.0,group/1/mastered_count,ppo_hier_items200_h1500\PPO_1
1725000,55.0,group/1/mastered_count,ppo_hier_items200_h1500\PPO_1
1736704,78.0,group/1/mastered_count,ppo_hier_items200_h1500\PPO_1
1750000,81.0,group/1/mastered_count,ppo_hier_items200_h1500\PPO_1
1769472,42.0,group/1/mastered_count,ppo_hier_items200_h1500\PPO_1
1775000,77.0,group/1/mastered_count,ppo_hier_items200_h1500\PPO_1
1800000,101.0,group/1/mastered_count,ppo_hier_items200_h1500\PPO_1
1802240,10.0,group/1/mastered_count,ppo_hier_items200_h1500\PPO_1
1825000,2.0,group/1/mastered_count,ppo_hier_items200_h1500\PPO_1
1835008,89.0,group/1/mastered_count,ppo_hier_items200_h1500\PPO_1
1850000,11.0,group/1/mastered_count,ppo_hier_items200_h1500\PPO_1
1867776,69.0,group/1/mastered_count,ppo_hier_items200_h1500\PPO_1
1875000,22.0,group/1/mastered_count,ppo_hier_items200_h1500\PPO_1
1900000,39.0,group/1/mastered_count,ppo_hier_items200_h1500\PPO_1
1900544,45.0,group/1/mastered_count,ppo_hier_items200_h1500\PPO_1
1925000,36.0,group/1/mastered_count,ppo_hier_items200_h1500\PPO_1
1933312,6.0,group/1/mastered_count,ppo_hier_items200_h1500\PPO_1
1950000,47.0,group/1/mastered_count,ppo_hier_items200_h1500\PPO_1
1966080,95.0,group/1/mastered_count,ppo_hier_items200_h1500\PPO_1
1975000,59.0,group/1/mastered_count,ppo_hier_items200_h1500\PPO_1
1998848,43.0,group/1/mastered_count,ppo_hier_items200_h1500\PPO_1
2000000,65.0,group/1/mastered_count,ppo_hier_items200_h1500\PPO_1
2025000,72.0,group/1/mastered_count,ppo_hier_items200_h1500\PPO_1
2031616,28.0,group/1/mastered_count,ppo_hier_items200_h1500\PPO_1
25000,1.0,per_learner/0/correct,ppo_hier_items200_h1500\PPO_1
32768,1.0,per_learner/0/correct,ppo_hier_items200_h1500\PPO_1
50000,1.0,per_learner/0/correct,ppo_hier_items200_h1500\PPO_1
65536,1.0,per_learner/0/correct,ppo_hier_items200_h1500\PPO_1
75000,1.0,per_learner/0/correct,ppo_hier_items200_h1500\PPO_1
98304,1.0,per_learner/0/correct,ppo_hier_items200_h1500\PPO_1
100000,1.0,per_learner/0/correct,ppo_hier_items200_h1500\PPO_1
125000,1.0,per_learner/0/correct,ppo_hier_items200_h1500\PPO_1
131072,1.0,per_learner/0/correct,ppo_hier_items200_h1500\PPO_1
150000,1.0,per_learner/0/correct,ppo_hier_items200_h1500\PPO_1
163840,1.0,per_learner/0/correct,ppo_hier_items200_h1500\PPO_1
175000,1.0,per_learner/0/correct,ppo_hier_items200_h1500\PPO_1
196608,1.0,per_learner/0/correct,ppo_hier_items200_h1500\PPO_1
200000,1.0,per_learner/0/correct,ppo_hier_items200_h1500\PPO_1
225000,1.0,per_learner/0/correct,ppo_hier_items200_h1500\PPO_1
229376,1.0,per_learner/0/correct,ppo_hier_items200_h1500\PPO_1
250000,1.0,per_learner/0/correct,ppo_hier_items200_h1500\PPO_1
262144,1.0,per_learner/0/correct,ppo_hier_items200_h1500\PPO_1
275000,1.0,per_learner/0/correct,ppo_hier_items200_h1500\PPO_1
294912,1.0,per_learner/0/correct,ppo_hier_items200_h1500\PPO_1
300000,1.0,per_learner/0/correct,ppo_hier_items200_h1500\PPO_1
325000,1.0,per_learner/0/correct,ppo_hier_items200_h1500\PPO_1
327680,1.0,per_learner/0/correct,ppo_hier_items200_h1500\PPO_1
350000,1.0,per_learner/0/correct,ppo_hier_items200_h1500\PPO_1
360448,1.0,per_learner/0/correct,ppo_hier_items200_h1500\PPO_1
375000,1.0,per_learner/0/correct,ppo_hier_items200_h1500\PPO_1
393216,1.0,per_learner/0/correct,ppo_hier_items200_h1500\PPO_1
400000,1.0,per_learner/0/correct,ppo_hier_items200_h1500\PPO_1
425000,1.0,per_learner/0/correct,ppo_hier_items200_h1500\PPO_1
425984,1.0,per_learner/0/correct,ppo_hier_items200_h1500\PPO_1
450000,1.0,per_learner/0/correct,ppo_hier_items200_h1500\PPO_1
458752,1.0,per_learner/0/correct,ppo_hier_items200_h1500\PPO_1
475000,1.0,per_learner/0/correct,ppo_hier_items200_h1500\PPO_1
491520,1.0,per_learner/0/correct,ppo_hier_items200_h1500\PPO_1
500000,1.0,per_learner/0/correct,ppo_hier_items200_h1500\PPO_1
524288,1.0,per_learner/0/correct,ppo_hier_items200_h1500\PPO_1
525000,1.0,per_learner/0/correct,ppo_hier_items200_h1500\PPO_1
550000,1.0,per_learner/0/correct,ppo_hier_items200_h1500\PPO_1
557056,1.0,per_learner/0/correct,ppo_hier_items200_h1500\PPO_1
575000,1.0,per_learner/0/correct,ppo_hier_items200_h1500\PPO_1
589824,1.0,per_learner/0/correct,ppo_hier_items200_h1500\PPO_1
600000,1.0,per_learner/0/correct,ppo_hier_items200_h1500\PPO_1
622592,1.0,per_learner/0/correct,ppo_hier_items200_h1500\PPO_1
625000,1.0,per_learner/0/correct,ppo_hier_items200_h1500\PPO_1
650000,1.0,per_learner/0/correct,ppo_hier_items200_h1500\PPO_1
655360,1.0,per_learner/0/correct,ppo_hier_items200_h1500\PPO_1
675000,1.0,per_learner/0/correct,ppo_hier_items200_h1500\PPO_1
688128,1.0,per_learner/0/correct,ppo_hier_items200_h1500\PPO_1
700000,1.0,per_learner/0/correct,ppo_hier_items200_h1500\PPO_1
720896,1.0,per_learner/0/correct,ppo_hier_items200_h1500\PPO_1
725000,1.0,per_learner/0/correct,ppo_hier_items200_h1500\PPO_1
750000,1.0,per_learner/0/correct,ppo_hier_items200_h1500\PPO_1
753664,1.0,per_learner/0/correct,ppo_hier_items200_h1500\PPO_1
775000,1.0,per_learner/0/correct,ppo_hier_items200_h1500\PPO_1
786432,1.0,per_learner/0/correct,ppo_hier_items200_h1500\PPO_1
800000,1.0,per_learner/0/correct,ppo_hier_items200_h1500\PPO_1
819200,1.0,per_learner/0/correct,ppo_hier_items200_h1500\PPO_1
825000,1.0,per_learner/0/correct,ppo_hier_items200_h1500\PPO_1
850000,1.0,per_learner/0/correct,ppo_hier_items200_h1500\PPO_1
851968,1.0,per_learner/0/correct,ppo_hier_items200_h1500\PPO_1
875000,1.0,per_learner/0/correct,ppo_hier_items200_h1500\PPO_1
884736,1.0,per_learner/0/correct,ppo_hier_items200_h1500\PPO_1
900000,1.0,per_learner/0/correct,ppo_hier_items200_h1500\PPO_1
917504,1.0,per_learner/0/correct,ppo_hier_items200_h1500\PPO_1
925000,1.0,per_learner/0/correct,ppo_hier_items200_h1500\PPO_1
950000,1.0,per_learner/0/correct,ppo_hier_items200_h1500\PPO_1
950272,1.0,per_learner/0/correct,ppo_hier_items200_h1500\PPO_1
975000,1.0,per_learner/0/correct,ppo_hier_items200_h1500\PPO_1
983040,1.0,per_learner/0/correct,ppo_hier_items200_h1500\PPO_1
1000000,1.0,per_learner/0/correct,ppo_hier_items200_h1500\PPO_1
1015808,1.0,per_learner/0/correct,ppo_hier_items200_h1500\PPO_1
1025000,1.0,per_learner/0/correct,ppo_hier_items200_h1500\PPO_1
1048576,1.0,per_learner/0/correct,ppo_hier_items200_h1500\PPO_1
1050000,1.0,per_learner/0/correct,ppo_hier_items200_h1500\PPO_1
1075000,1.0,per_learner/0/correct,ppo_hier_items200_h1500\PPO_1
1081344,1.0,per_learner/0/correct,ppo_hier_items200_h1500\PPO_1
1100000,1.0,per_learner/0/correct,ppo_hier_items200_h1500\PPO_1
1114112,1.0,per_learner/0/correct,ppo_hier_items200_h1500\PPO_1
1125000,1.0,per_learner/0/correct,ppo_hier_items200_h1500\PPO_1
1146880,1.0,per_learner/0/correct,ppo_hier_items200_h1500\PPO_1
1150000,1.0,per_learner/0/correct,ppo_hier_items200_h1500\PPO_1
1175000,1.0,per_learner/0/correct,ppo_hier_items200_h1500\PPO_1
1179648,1.0,per_learner/0/correct,ppo_hier_items200_h1500\PPO_1
1200000,1.0,per_learner/0/correct,ppo_hier_items200_h1500\PPO_1
1212416,1.0,per_learner/0/correct,ppo_hier_items200_h1500\PPO_1
1225000,1.0,per_learner/0/correct,ppo_hier_items200_h1500\PPO_1
1245184,1.0,per_learner/0/correct,ppo_hier_items200_h1500\PPO_1
1250000,1.0,per_learner/0/correct,ppo_hier_items200_h1500\PPO_1
1275000,1.0,per_learner/0/correct,ppo_hier_items200_h1500\PPO_1
1277952,1.0,per_learner/0/correct,ppo_hier_items200_h1500\PPO_1
1300000,1.0,per_learner/0/correct,ppo_hier_items200_h1500\PPO_1
1310720,1.0,per_learner/0/correct,ppo_hier_items200_h1500\PPO_1
1325000,1.0,per_learner/0/correct,ppo_hier_items200_h1500\PPO_1
1343488,1.0,per_learner/0/correct,ppo_hier_items200_h1500\PPO_1
1350000,1.0,per_learner/0/correct,ppo_hier_items200_h1500\PPO_1
1375000,1.0,per_learner/0/correct,ppo_hier_items200_h1500\PPO_1
1376256,1.0,per_learner/0/correct,ppo_hier_items200_h1500\PPO_1
1400000,1.0,per_learner/0/correct,ppo_hier_items200_h1500\PPO_1
1409024,1.0,per_learner/0/correct,ppo_hier_items200_h1500\PPO_1
1425000,1.0,per_learner/0/correct,ppo_hier_items200_h1500\PPO_1
1441792,1.0,per_learner/0/correct,ppo_hier_items200_h1500\PPO_1
1450000,1.0,per_learner/0/correct,ppo_hier_items200_h1500\PPO_1
1474560,1.0,per_learner/0/correct,ppo_hier_items200_h1500\PPO_1
1475000,1.0,per_learner/0/correct,ppo_hier_items200_h1500\PPO_1
1500000,1.0,per_learner/0/correct,ppo_hier_items200_h1500\PPO_1
1507328,1.0,per_learner/0/correct,ppo_hier_items200_h1500\PPO_1
1525000,1.0,per_learner/0/correct,ppo_hier_items200_h1500\PPO_1
1540096,1.0,per_learner/0/correct,ppo_hier_items200_h1500\PPO_1
1550000,1.0,per_learner/0/correct,ppo_hier_items200_h1500\PPO_1
1572864,1.0,per_learner/0/correct,ppo_hier_items200_h1500\PPO_1
1575000,1.0,per_learner/0/correct,ppo_hier_items200_h1500\PPO_1
1600000,1.0,per_learner/0/correct,ppo_hier_items200_h1500\PPO_1
1605632,1.0,per_learner/0/correct,ppo_hier_items200_h1500\PPO_1
1625000,1.0,per_learner/0/correct,ppo_hier_items200_h1500\PPO_1
1638400,1.0,per_learner/0/correct,ppo_hier_items200_h1500\PPO_1
1650000,1.0,per_learner/0/correct,ppo_hier_items200_h1500\PPO_1
1671168,1.0,per_learner/0/correct,ppo_hier_items200_h1500\PPO_1
1675000,1.0,per_learner/0/correct,ppo_hier_items200_h1500\PPO_1
1700000,1.0,per_learner/0/correct,ppo_hier_items200_h1500\PPO_1
1703936,1.0,per_learner/0/correct,ppo_hier_items200_h1500\PPO_1
1725000,1.0,per_learner/0/correct,ppo_hier_items200_h1500\PPO_1
1736704,1.0,per_learner/0/correct,ppo_hier_items200_h1500\PPO_1
1750000,1.0,per_learner/0/correct,ppo_hier_items200_h1500\PPO_1
1769472,1.0,per_learner/0/correct,ppo_hier_items200_h1500\PPO_1
1775000,1.0,per_learner/0/correct,ppo_hier_items200_h1500\PPO_1
1800000,1.0,per_learner/0/correct,ppo_hier_items200_h1500\PPO_1
1802240,1.0,per_learner/0/correct,ppo_hier_items200_h1500\PPO_1
1825000,1.0,per_learner/0/correct,ppo_hier_items200_h1500\PPO_1
1835008,1.0,per_learner/0/correct,ppo_hier_items200_h1500\PPO_1
1850000,1.0,per_learner/0/correct,ppo_hier_items200_h1500\PPO_1
1867776,1.0,per_learner/0/correct,ppo_hier_items200_h1500\PPO_1
1875000,1.0,per_learner/0/correct,ppo_hier_items200_h1500\PPO_1
1900000,1.0,per_learner/0/correct,ppo_hier_items200_h1500\PPO_1
1900544,1.0,per_learner/0/correct,ppo_hier_items200_h1500\PPO_1
1925000,1.0,per_learner/0/correct,ppo_hier_items200_h1500\PPO_1
1933312,1.0,per_learner/0/correct,ppo_hier_items200_h1500\PPO_1
1950000,1.0,per_learner/0/correct,ppo_hier_items200_h1500\PPO_1
1966080,1.0,per_learner/0/correct,ppo_hier_items200_h1500\PPO_1
1975000,1.0,per_learner/0/correct,ppo_hier_items200_h1500\PPO_1
1998848,1.0,per_learner/0/correct,ppo_hier_items200_h1500\PPO_1
2000000,1.0,per_learner/0/correct,ppo_hier_items200_h1500\PPO_1
2025000,1.0,per_learner/0/correct,ppo_hier_items200_h1500\PPO_1
2031616,1.0,per_learner/0/correct,ppo_hier_items200_h1500\PPO_1
25000,0.0,per_learner/0/mastered_count,ppo_hier_items200_h1500\PPO_1
32768,4.0,per_learner/0/mastered_count,ppo_hier_items200_h1500\PPO_1
50000,1.0,per_learner/0/mastered_count,ppo_hier_items200_h1500\PPO_1
65536,1.0,per_learner/0/mastered_count,ppo_hier_items200_h1500\PPO_1
75000,1.0,per_learner/0/mastered_count,ppo_hier_items200_h1500\PPO_1
98304,1.0,per_learner/0/mastered_count,ppo_hier_items200_h1500\PPO_1
100000,1.0,per_learner/0/mastered_count,ppo_hier_items200_h1500\PPO_1
125000,1.0,per_learner/0/mastered_count,ppo_hier_items200_h1500\PPO_1
131072,9.0,per_learner/0/mastered_count,ppo_hier_items200_h1500\PPO_1
150000,6.0,per_learner/0/mastered_count,ppo_hier_items200_h1500\PPO_1
163840,6.0,per_learner/0/mastered_count,ppo_hier_items200_h1500\PPO_1
175000,5.0,per_learner/0/mastered_count,ppo_hier_items200_h1500\PPO_1
196608,1.0,per_learner/0/mastered_count,ppo_hier_items200_h1500\PPO_1
200000,8.0,per_learner/0/mastered_count,ppo_hier_items200_h1500\PPO_1
225000,11.0,per_learner/0/mastered_count,ppo_hier_items200_h1500\PPO_1
229376,0.0,per_learner/0/mastered_count,ppo_hier_items200_h1500\PPO_1
250000,13.0,per_learner/0/mastered_count,ppo_hier_items200_h1500\PPO_1
262144,10.0,per_learner/0/mastered_count,ppo_hier_items200_h1500\PPO_1
275000,20.0,per_learner/0/mastered_count,ppo_hier_items200_h1500\PPO_1
294912,5.0,per_learner/0/mastered_count,ppo_hier_items200_h1500\PPO_1
300000,15.0,per_learner/0/mastered_count,ppo_hier_items200_h1500\PPO_1
325000,0.0,per_learner/0/mastered_count,ppo_hier_items200_h1500\PPO_1
327680,2.0,per_learner/0/mastered_count,ppo_hier_items200_h1500\PPO_1
350000,0.0,per_learner/0/mastered_count,ppo_hier_items200_h1500\PPO_1
360448,0.0,per_learner/0/mastered_count,ppo_hier_items200_h1500\PPO_1
375000,1.0,per_learner/0/mastered_count,ppo_hier_items200_h1500\PPO_1
393216,9.0,per_learner/0/mastered_count,ppo_hier_items200_h1500\PPO_1
400000,3.0,per_learner/0/mastered_count,ppo_hier_items200_h1500\PPO_1
425000,2.0,per_learner/0/mastered_count,ppo_hier_items200_h1500\PPO_1
425984,5.0,per_learner/0/mastered_count,ppo_hier_items200_h1500\PPO_1
450000,5.0,per_learner/0/mastered_count,ppo_hier_items200_h1500\PPO_1
458752,0.0,per_learner/0/mastered_count,ppo_hier_items200_h1500\PPO_1
475000,5.0,per_learner/0/mastered_count,ppo_hier_items200_h1500\PPO_1
491520,19.0,per_learner/0/mastered_count,ppo_hier_items200_h1500\PPO_1
500000,6.0,per_learner/0/mastered_count,ppo_hier_items200_h1500\PPO_1
524288,8.0,per_learner/0/mastered_count,ppo_hier_items200_h1500\PPO_1
525000,9.0,per_learner/0/mastered_count,ppo_hier_items200_h1500\PPO_1
550000,16.0,per_learner/0/mastered_count,ppo_hier_items200_h1500\PPO_1
557056,8.0,per_learner/0/mastered_count,ppo_hier_items200_h1500\PPO_1
575000,13.0,per_learner/0/mastered_count,ppo_hier_items200_h1500\PPO_1
589824,0.0,per_learner/0/mastered_count,ppo_hier_items200_h1500\PPO_1
600000,20.0,per_learner/0/mastered_count,ppo_hier_items200_h1500\PPO_1
622592,16.0,per_learner/0/mastered_count,ppo_hier_items200_h1500\PPO_1
625000,0.0,per_learner/0/mastered_count,ppo_hier_items200_h1500\PPO_1
650000,2.0,per_learner/0/mastered_count,ppo_hier_items200_h1500\PPO_1
655360,11.0,per_learner/0/mastered_count,ppo_hier_items200_h1500\PPO_1
675000,5.0,per_learner/0/mastered_count,ppo_hier_items200_h1500\PPO_1
688128,3.0,per_learner/0/mastered_count,ppo_hier_items200_h1500\PPO_1
700000,1.0,per_learner/0/mastered_count,ppo_hier_items200_h1500\PPO_1
720896,0.0,per_learner/0/mastered_count,ppo_hier_items200_h1500\PPO_1
725000,3.0,per_learner/0/mastered_count,ppo_hier_items200_h1500\PPO_1
750000,9.0,per_learner/0/mastered_count,ppo_hier_items200_h1500\PPO_1
753664,13.0,per_learner/0/mastered_count,ppo_hier_items200_h1500\PPO_1
775000,5.0,per_learner/0/mastered_count,ppo_hier_items200_h1500\PPO_1
786432,6.0,per_learner/0/mastered_count,ppo_hier_items200_h1500\PPO_1
800000,12.0,per_learner/0/mastered_count,ppo_hier_items200_h1500\PPO_1
819200,0.0,per_learner/0/mastered_count,ppo_hier_items200_h1500\PPO_1
825000,16.0,per_learner/0/mastered_count,ppo_hier_items200_h1500\PPO_1
850000,12.0,per_learner/0/mastered_count,ppo_hier_items200_h1500\PPO_1
851968,20.0,per_learner/0/mastered_count,ppo_hier_items200_h1500\PPO_1
875000,15.0,per_learner/0/mastered_count,ppo_hier_items200_h1500\PPO_1
884736,14.0,per_learner/0/mastered_count,ppo_hier_items200_h1500\PPO_1
900000,18.0,per_learner/0/mastered_count,ppo_hier_items200_h1500\PPO_1
917504,5.0,per_learner/0/mastered_count,ppo_hier_items200_h1500\PPO_1
925000,1.0,per_learner/0/mastered_count,ppo_hier_items200_h1500\PPO_1
950000,0.0,per_learner/0/mastered_count,ppo_hier_items200_h1500\PPO_1
950272,0.0,per_learner/0/mastered_count,ppo_hier_items200_h1500\PPO_1
975000,3.0,per_learner/0/mastered_count,ppo_hier_items200_h1500\PPO_1
983040,23.0,per_learner/0/mastered_count,ppo_hier_items200_h1500\PPO_1
1000000,5.0,per_learner/0/mastered_count,ppo_hier_items200_h1500\PPO_1
1015808,10.0,per_learner/0/mastered_count,ppo_hier_items200_h1500\PPO_1
1025000,6.0,per_learner/0/mastered_count,ppo_hier_items200_h1500\PPO_1
1048576,5.0,per_learner/0/mastered_count,ppo_hier_items200_h1500\PPO_1
1050000,8.0,per_learner/0/mastered_count,ppo_hier_items200_h1500\PPO_1
1075000,12.0,per_learner/0/mastered_count,ppo_hier_items200_h1500\PPO_1
1081344,0.0,per_learner/0/mastered_count,ppo_hier_items200_h1500\PPO_1
1100000,7.0,per_learner/0/mastered_count,ppo_hier_items200_h1500\PPO_1
1114112,17.0,per_learner/0/mastered_count,ppo_hier_items200_h1500\PPO_1
1125000,8.0,per_learner/0/mastered_count,ppo_hier_items200_h1500\PPO_1
1146880,11.0,per_learner/0/mastered_count,ppo_hier_items200_h1500\PPO_1
1150000,13.0,per_learner/0/mastered_count,ppo_hier_items200_h1500\PPO_1
1175000,18.0,per_learner/0/mastered_count,ppo_hier_items200_h1500\PPO_1
1179648,4.0,per_learner/0/mastered_count,ppo_hier_items200_h1500\PPO_1
1200000,18.0,per_learner/0/mastered_count,ppo_hier_items200_h1500\PPO_1
1212416,0.0,per_learner/0/mastered_count,ppo_hier_items200_h1500\PPO_1
1225000,1.0,per_learner/0/mastered_count,ppo_hier_items200_h1500\PPO_1
1245184,15.0,per_learner/0/mastered_count,ppo_hier_items200_h1500\PPO_1
1250000,2.0,per_learner/0/mastered_count,ppo_hier_items200_h1500\PPO_1
1275000,5.0,per_learner/0/mastered_count,ppo_hier_items200_h1500\PPO_1
1277952,8.0,per_learner/0/mastered_count,ppo_hier_items200_h1500\PPO_1
1300000,7.0,per_learner/0/mastered_count,ppo_hier_items200_h1500\PPO_1
1310720,6.0,per_learner/0/mastered_count,ppo_hier_items200_h1500\PPO_1
1325000,8.0,per_learner/0/mastered_count,ppo_hier_items200_h1500\PPO_1
1343488,14.0,per_learner/0/mastered_count,ppo_hier_items200_h1500\PPO_1
1350000,10.0,per_learner/0/mastered_count,ppo_hier_items200_h1500\PPO_1
1375000,8.0,per_learner/0/mastered_count,ppo_hier_items200_h1500\PPO_1
1376256,15.0,per_learner/0/mastered_count,ppo_hier_items200_h1500\PPO_1
1400000,13.0,per_learner/0/mastered_count,ppo_hier_items200_h1500\PPO_1
1409024,5.0,per_learner/0/mastered_count,ppo_hier_items200_h1500\PPO_1
1425000,12.0,per_learner/0/mastered_count,ppo_hier_items200_h1500\PPO_1
1441792,3.0,per_learner/0/mastered_count,ppo_hier_items200_h1500\PPO_1
1450000,17.0,per_learner/0/mastered_count,ppo_hier_items200_h1500\PPO_1
1474560,12.0,per_learner/0/mastered_count,ppo_hier_items200_h1500\PPO_1
1475000,24.0,per_learner/0/mastered_count,ppo_hier_items200_h1500\PPO_1
1500000,23.0,per_learner/0/mastered_count,ppo_hier_items200_h1500\PPO_1
1507328,11.0,per_learner/0/mastered_count,ppo_hier_items200_h1500\PPO_1
1525000,1.0,per_learner/0/mastered_count,ppo_hier_items200_h1500\PPO_1
1540096,8.0,per_learner/0/mastered_count,ppo_hier_items200_h1500\PPO_1
1550000,1.0,per_learner/0/mastered_count,ppo_hier_items200_h1500\PPO_1
1572864,1.0,per_learner/0/mastered_count,ppo_hier_items200_h1500\PPO_1
1575000,5.0,per_learner/0/mastered_count,ppo_hier_items200_h1500\PPO_1
1600000,9.0,per_learner/0/mastered_count,ppo_hier_items200_h1500\PPO_1
1605632,17.0,per_learner/0/mastered_count,ppo_hier_items200_h1500\PPO_1
1625000,6.0,per_learner/0/mastered_count,ppo_hier_items200_h1500\PPO_1
1638400,9.0,per_learner/0/mastered_count,ppo_hier_items200_h1500\PPO_1
1650000,5.0,per_learner/0/mastered_count,ppo_hier_items200_h1500\PPO_1
1671168,8.0,per_learner/0/mastered_count,ppo_hier_items200_h1500\PPO_1
1675000,14.0,per_learner/0/mastered_count,ppo_hier_items200_h1500\PPO_1
1700000,14.0,per_learner/0/mastered_count,ppo_hier_items200_h1500\PPO_1
1703936,22.0,per_learner/0/mastered_count,ppo_hier_items200_h1500\PPO_1
1725000,12.0,per_learner/0/mastered_count,ppo_hier_items200_h1500\PPO_1
1736704,11.0,per_learner/0/mastered_count,ppo_hier_items200_h1500\PPO_1
1750000,21.0,per_learner/0/mastered_count,ppo_hier_items200_h1500\PPO_1
1769472,12.0,per_learner/0/mastered_count,ppo_hier_items200_h1500\PPO_1
1775000,26.0,per_learner/0/mastered_count,ppo_hier_items200_h1500\PPO_1
1800000,27.0,per_learner/0/mastered_count,ppo_hier_items200_h1500\PPO_1
1802240,4.0,per_learner/0/mastered_count,ppo_hier_items200_h1500\PPO_1
1825000,0.0,per_learner/0/mastered_count,ppo_hier_items200_h1500\PPO_1
1835008,23.0,per_learner/0/mastered_count,ppo_hier_items200_h1500\PPO_1
1850000,2.0,per_learner/0/mastered_count,ppo_hier_items200_h1500\PPO_1
1867776,20.0,per_learner/0/mastered_count,ppo_hier_items200_h1500\PPO_1
1875000,5.0,per_learner/0/mastered_count,ppo_hier_items200_h1500\PPO_1
1900000,6.0,per_learner/0/mastered_count,ppo_hier_items200_h1500\PPO_1
1900544,5.0,per_learner/0/mastered_count,ppo_hier_items200_h1500\PPO_1
1925000,9.0,per_learner/0/mastered_count,ppo_hier_items200_h1500\PPO_1
1933312,0.0,per_learner/0/mastered_count,ppo_hier_items200_h1500\PPO_1
1950000,9.0,per_learner/0/mastered_count,ppo_hier_items200_h1500\PPO_1
1966080,18.0,per_learner/0/mastered_count,ppo_hier_items200_h1500\PPO_1
1975000,12.0,per_learner/0/mastered_count,ppo_hier_items200_h1500\PPO_1
1998848,14.0,per_learner/0/mastered_count,ppo_hier_items200_h1500\PPO_1
2000000,12.0,per_learner/0/mastered_count,ppo_hier_items200_h1500\PPO_1
2025000,15.0,per_learner/0/mastered_count,ppo_hier_items200_h1500\PPO_1
2031616,3.0,per_learner/0/mastered_count,ppo_hier_items200_h1500\PPO_1
25000,0.9997714161872864,per_learner/0/p_correct,ppo_hier_items200_h1500\PPO_1
32768,0.9994381666183472,per_learner/0/p_correct,ppo_hier_items200_h1500\PPO_1
50000,0.9995428919792175,per_learner/0/p_correct,ppo_hier_items200_h1500\PPO_1
65536,0.9982784986495972,per_learner/0/p_correct,ppo_hier_items200_h1500\PPO_1
75000,0.9990692138671875,per_learner/0/p_correct,ppo_hier_items200_h1500\PPO_1
98304,0.9994260668754578,per_learner/0/p_correct,ppo_hier_items200_h1500\PPO_1
100000,0.9990023374557495,per_learner/0/p_correct,ppo_hier_items200_h1500\PPO_1
125000,0.9985952973365784,per_learner/0/p_correct,ppo_hier_items200_h1500\PPO_1
131072,0.9998268485069275,per_learner/0/p_correct,ppo_hier_items200_h1500\PPO_1
150000,0.9994504451751709,per_learner/0/p_correct,ppo_hier_items200_h1500\PPO_1
163840,0.9999831914901733,per_learner/0/p_correct,ppo_hier_items200_h1500\PPO_1
175000,0.9980353116989136,per_learner/0/p_correct,ppo_hier_items200_h1500\PPO_1
196608,0.9989612102508545,per_learner/0/p_correct,ppo_hier_items200_h1500\PPO_1
200000,0.9975182414054871,per_learner/0/p_correct,ppo_hier_items200_h1500\PPO_1
225000,0.9992379546165466,per_learner/0/p_correct,ppo_hier_items200_h1500\PPO_1
229376,0.9998850226402283,per_learner/0/p_correct,ppo_hier_items200_h1500\PPO_1
250000,0.997700035572052,per_learner/0/p_correct,ppo_hier_items200_h1500\PPO_1
262144,0.9974668622016907,per_learner/0/p_correct,ppo_hier_items200_h1500\PPO_1
275000,0.9998658299446106,per_learner/0/p_correct,ppo_hier_items200_h1500\PPO_1
294912,0.9984102845191956,per_learner/0/p_correct,ppo_hier_items200_h1500\PPO_1
300000,0.9988567233085632,per_learner/0/p_correct,ppo_hier_items200_h1500\PPO_1
325000,0.999921977519989,per_learner/0/p_correct,ppo_hier_items200_h1500\PPO_1
327680,0.9999439120292664,per_learner/0/p_correct,ppo_hier_items200_h1500\PPO_1
350000,0.9997854828834534,per_learner/0/p_correct,ppo_hier_items200_h1500\PPO_1
360448,0.999896764755249,per_learner/0/p_correct,ppo_hier_items200_h1500\PPO_1
375000,0.9992561936378479,per_learner/0/p_correct,ppo_hier_items200_h1500\PPO_1
393216,0.9979198575019836,per_learner/0/p_correct,ppo_hier_items200_h1500\PPO_1
400000,0.9990023374557495,per_learner/0/p_correct,ppo_hier_items200_h1500\PPO_1
425000,0.9999510049819946,per_learner/0/p_correct,ppo_hier_items200_h1500\PPO_1
425984,0.9986506700515747,per_learner/0/p_correct,ppo_hier_items200_h1500\PPO_1
450000,0.9998341202735901,per_learner/0/p_correct,ppo_hier_items200_h1500\PPO_1
458752,0.9997570514678955,per_learner/0/p_correct,ppo_hier_items200_h1500\PPO_1
475000,0.9980330467224121,per_learner/0/p_correct,ppo_hier_items200_h1500\PPO_1
491520,0.9994009137153625,per_learner/0/p_correct,ppo_hier_items200_h1500\PPO_1
500000,0.9991778135299683,per_learner/0/p_correct,ppo_hier_items200_h1500\PPO_1
524288,0.9996850490570068,per_learner/0/p_correct,ppo_hier_items200_h1500\PPO_1
525000,0.9995326995849609,per_learner/0/p_correct,ppo_hier_items200_h1500\PPO_1
550000,0.9971902966499329,per_learner/0/p_correct,ppo_hier_items200_h1500\PPO_1
557056,0.999976634979248,per_learner/0/p_correct,ppo_hier_items200_h1500\PPO_1
575000,0.9972553849220276,per_learner/0/p_correct,ppo_hier_items200_h1500\PPO_1
589824,0.9995251893997192,per_learner/0/p_correct,ppo_hier_items200_h1500\PPO_1
600000,0.9966332912445068,per_learner/0/p_correct,ppo_hier_items200_h1500\PPO_1
622592,0.9975621104240417,per_learner/0/p_correct,ppo_hier_items200_h1500\PPO_1
625000,0.9997519850730896,per_learner/0/p_correct,ppo_hier_items200_h1500\PPO_1
650000,0.9993876814842224,per_learner/0/p_correct,ppo_hier_items200_h1500\PPO_1
655360,0.9998737573623657,per_learner/0/p_correct,ppo_hier_items200_h1500\PPO_1
675000,0.9992601871490479,per_learner/0/p_correct,ppo_hier_items200_h1500\PPO_1
688128,0.9990677237510681,per_learner/0/p_correct,ppo_hier_items200_h1500\PPO_1
700000,0.9997443556785583,per_learner/0/p_correct,ppo_hier_items200_h1500\PPO_1
720896,0.9997760057449341,per_learner/0/p_correct,ppo_hier_items200_h1500\PPO_1
725000,0.9997166991233826,per_learner/0/p_correct,ppo_hier_items200_h1500\PPO_1
750000,0.9999774694442749,per_learner/0/p_correct,ppo_hier_items200_h1500\PPO_1
753664,0.9978188872337341,per_learner/0/p_correct,ppo_hier_items200_h1500\PPO_1
775000,0.9982271790504456,per_learner/0/p_correct,ppo_hier_items200_h1500\PPO_1
786432,0.9981904029846191,per_learner/0/p_correct,ppo_hier_items200_h1500\PPO_1
800000,0.9998010396957397,per_learner/0/p_correct,ppo_hier_items200_h1500\PPO_1
819200,0.999266505241394,per_learner/0/p_correct,ppo_hier_items200_h1500\PPO_1
825000,0.997977614402771,per_learner/0/p_correct,ppo_hier_items200_h1500\PPO_1
850000,0.9974675178527832,per_learner/0/p_correct,ppo_hier_items200_h1500\PPO_1
851968,0.9993685483932495,per_learner/0/p_correct,ppo_hier_items200_h1500\PPO_1
875000,0.9972573518753052,per_learner/0/p_correct,ppo_hier_items200_h1500\PPO_1
884736,0.9979888200759888,per_learner/0/p_correct,ppo_hier_items200_h1500\PPO_1
900000,0.9992334842681885,per_learner/0/p_correct,ppo_hier_items200_h1500\PPO_1
917504,0.999840497970581,per_learner/0/p_correct,ppo_hier_items200_h1500\PPO_1
925000,0.9999280571937561,per_learner/0/p_correct,ppo_hier_items200_h1500\PPO_1
950000,0.9994414448738098,per_learner/0/p_correct,ppo_hier_items200_h1500\PPO_1
950272,0.9999231100082397,per_learner/0/p_correct,ppo_hier_items200_h1500\PPO_1
975000,0.9998952150344849,per_learner/0/p_correct,ppo_hier_items200_h1500\PPO_1
983040,0.9971296787261963,per_learner/0/p_correct,ppo_hier_items200_h1500\PPO_1
1000000,0.9999962449073792,per_learner/0/p_correct,ppo_hier_items200_h1500\PPO_1
1015808,0.999962329864502,per_learner/0/p_correct,ppo_hier_items200_h1500\PPO_1
1025000,0.9999610185623169,per_learner/0/p_correct,ppo_hier_items200_h1500\PPO_1
1048576,0.9988307356834412,per_learner/0/p_correct,ppo_hier_items200_h1500\PPO_1
1050000,0.9999094605445862,per_learner/0/p_correct,ppo_hier_items200_h1500\PPO_1
1075000,0.9996626377105713,per_learner/0/p_correct,ppo_hier_items200_h1500\PPO_1
1081344,0.9996981620788574,per_learner/0/p_correct,ppo_hier_items200_h1500\PPO_1
1100000,0.9999035596847534,per_learner/0/p_correct,ppo_hier_items200_h1500\PPO_1
1114112,0.9973706007003784,per_learner/0/p_correct,ppo_hier_items200_h1500\PPO_1
1125000,0.9979704022407532,per_learner/0/p_correct,ppo_hier_items200_h1500\PPO_1
1146880,0.9993969202041626,per_learner/0/p_correct,ppo_hier_items200_h1500\PPO_1
1150000,0.9997720122337341,per_learner/0/p_correct,ppo_hier_items200_h1500\PPO_1
1175000,0.9998263120651245,per_learner/0/p_correct,ppo_hier_items200_h1500\PPO_1
1179648,0.9990677237510681,per_learner/0/p_correct,ppo_hier_items200_h1500\PPO_1
1200000,0.9970080256462097,per_learner/0/p_correct,ppo_hier_items200_h1500\PPO_1
1212416,0.9999078512191772,per_learner/0/p_correct,ppo_hier_items200_h1500\PPO_1
1225000,0.9997206926345825,per_learner/0/p_correct,ppo_hier_items200_h1500\PPO_1
1245184,0.9999895095825195,per_learner/0/p_correct,ppo_hier_items200_h1500\PPO_1
1250000,0.999382734298706,per_learner/0/p_correct,ppo_hier_items200_h1500\PPO_1
1275000,0.999970018863678,per_learner/0/p_correct,ppo_hier_items200_h1500\PPO_1
1277952,0.9998058080673218,per_learner/0/p_correct,ppo_hier_items200_h1500\PPO_1
1300000,0.9999510645866394,per_learner/0/p_correct,ppo_hier_items200_h1500\PPO_1
1310720,0.9997225403785706,per_learner/0/p_correct,ppo_hier_items200_h1500\PPO_1
1325000,0.9988727569580078,per_learner/0/p_correct,ppo_hier_items200_h1500\PPO_1
1343488,0.9970671534538269,per_learner/0/p_correct,ppo_hier_items200_h1500\PPO_1
1350000,0.9986200928688049,per_learner/0/p_correct,ppo_hier_items200_h1500\PPO_1
1375000,0.9997330904006958,per_learner/0/p_correct,ppo_hier_items200_h1500\PPO_1
1376256,0.9999001026153564,per_learner/0/p_correct,ppo_hier_items200_h1500\PPO_1
1400000,0.9981958866119385,per_learner/0/p_correct,ppo_hier_items200_h1500\PPO_1
1409024,0.9988673329353333,per_learner/0/p_correct,ppo_hier_items200_h1500\PPO_1
1425000,0.9977542161941528,per_learner/0/p_correct,ppo_hier_items200_h1500\PPO_1
1441792,0.9999549984931946,per_learner/0/p_correct,ppo_hier_items200_h1500\PPO_1
1450000,0.9971902966499329,per_learner/0/p_correct,ppo_hier_items200_h1500\PPO_1
1474560,0.9998340010643005,per_learner/0/p_correct,ppo_hier_items200_h1500\PPO_1
1475000,0.9998036623001099,per_learner/0/p_correct,ppo_hier_items200_h1500\PPO_1
1500000,0.9966288208961487,per_learner/0/p_correct,ppo_hier_items200_h1500\PPO_1
1507328,0.9999300241470337,per_learner/0/p_correct,ppo_hier_items200_h1500\PPO_1
1525000,0.999969482421875,per_learner/0/p_correct,ppo_hier_items200_h1500\PPO_1
1540096,0.9989651441574097,per_learner/0/p_correct,ppo_hier_items200_h1500\PPO_1
1550000,0.9999237060546875,per_learner/0/p_correct,ppo_hier_items200_h1500\PPO_1
1572864,0.9999669790267944,per_learner/0/p_correct,ppo_hier_items200_h1500\PPO_1
1575000,0.9992521405220032,per_learner/0/p_correct,ppo_hier_items200_h1500\PPO_1
1600000,0.9997261762619019,per_learner/0/p_correct,ppo_hier_items200_h1500\PPO_1
1605632,0.9970067739486694,per_learner/0/p_correct,ppo_hier_items200_h1500\PPO_1
1625000,0.9999268054962158,per_learner/0/p_correct,ppo_hier_items200_h1500\PPO_1
1638400,0.9995800852775574,per_learner/0/p_correct,ppo_hier_items200_h1500\PPO_1
1650000,0.9984805583953857,per_learner/0/p_correct,ppo_hier_items200_h1500\PPO_1
1671168,0.9999600052833557,per_learner/0/p_correct,ppo_hier_items200_h1500\PPO_1
1675000,0.9984214305877686,per_learner/0/p_correct,ppo_hier_items200_h1500\PPO_1
1700000,0.9998975396156311,per_learner/0/p_correct,ppo_hier_items200_h1500\PPO_1
1703936,0.9972531795501709,per_learner/0/p_correct,ppo_hier_items200_h1500\PPO_1
1725000,0.9979721903800964,per_learner/0/p_correct,ppo_hier_items200_h1500\PPO_1
1736704,0.9972947239875793,per_learner/0/p_correct,ppo_hier_items200_h1500\PPO_1
1750000,0.9998050928115845,per_learner/0/p_correct,ppo_hier_items200_h1500\PPO_1
1769472,0.9986327290534973,per_learner/0/p_correct,ppo_hier_items200_h1500\PPO_1
1775000,0.9972144365310669,per_learner/0/p_correct,ppo_hier_items200_h1500\PPO_1
1800000,0.9995777010917664,per_learner/0/p_correct,ppo_hier_items200_h1500\PPO_1
1802240,0.9998103380203247,per_learner/0/p_correct,ppo_hier_items200_h1500\PPO_1
1825000,0.9997788071632385,per_learner/0/p_correct,ppo_hier_items200_h1500\PPO_1
1835008,0.9965848326683044,per_learner/0/p_correct,ppo_hier_items200_h1500\PPO_1
1850000,0.9994946122169495,per_learner/0/p_correct,ppo_hier_items200_h1500\PPO_1
1867776,0.9978127479553223,per_learner/0/p_correct,ppo_hier_items200_h1500\PPO_1
1875000,0.9991600513458252,per_learner/0/p_correct,ppo_hier_items200_h1500\PPO_1
1900000,0.9990023374557495,per_learner/0/p_correct,ppo_hier_items200_h1500\PPO_1
1900544,0.9999732375144958,per_learner/0/p_correct,ppo_hier_items200_h1500\PPO_1
1925000,0.9987360239028931,per_learner/0/p_correct,ppo_hier_items200_h1500\PPO_1
1933312,0.9995967149734497,per_learner/0/p_correct,ppo_hier_items200_h1500\PPO_1
1950000,0.9983141422271729,per_learner/0/p_correct,ppo_hier_items200_h1500\PPO_1
1966080,0.9999672770500183,per_learner/0/p_correct,ppo_hier_items200_h1500\PPO_1
1975000,0.9982139468193054,per_learner/0/p_correct,ppo_hier_items200_h1500\PPO_1
1998848,0.998423159122467,per_learner/0/p_correct,ppo_hier_items200_h1500\PPO_1
2000000,0.999740481376648,per_learner/0/p_correct,ppo_hier_items200_h1500\PPO_1
2025000,0.9999832510948181,per_learner/0/p_correct,ppo_hier_items200_h1500\PPO_1
2031616,0.9988752603530884,per_learner/0/p_correct,ppo_hier_items200_h1500\PPO_1
25000,0.9990571737289429,per_learner/0/reward,ppo_hier_items200_h1500\PPO_1
32768,0.9991404414176941,per_learner/0/reward,ppo_hier_items200_h1500\PPO_1
50000,0.9991142749786377,per_learner/0/reward,ppo_hier_items200_h1500\PPO_1
65536,0.9994303584098816,per_learner/0/reward,ppo_hier_items200_h1500\PPO_1
75000,0.9992327094078064,per_learner/0/reward,ppo_hier_items200_h1500\PPO_1
98304,0.9991434812545776,per_learner/0/reward,ppo_hier_items200_h1500\PPO_1
100000,0.9992493987083435,per_learner/0/reward,ppo_hier_items200_h1500\PPO_1
125000,0.9993512034416199,per_learner/0/reward,ppo_hier_items200_h1500\PPO_1
131072,3.0090432167053223,per_learner/0/reward,ppo_hier_items200_h1500\PPO_1
150000,0.9991374015808105,per_learner/0/reward,ppo_hier_items200_h1500\PPO_1
163840,3.0090041160583496,per_learner/0/reward,ppo_hier_items200_h1500\PPO_1
175000,0.9994911551475525,per_learner/0/reward,ppo_hier_items200_h1500\PPO_1
196608,0.9992597103118896,per_learner/0/reward,ppo_hier_items200_h1500\PPO_1
200000,0.9996204376220703,per_learner/0/reward,ppo_hier_items200_h1500\PPO_1
225000,0.9991905093193054,per_learner/0/reward,ppo_hier_items200_h1500\PPO_1
229376,0.999028742313385,per_learner/0/reward,ppo_hier_items200_h1500\PPO_1
250000,0.9995750188827515,per_learner/0/reward,ppo_hier_items200_h1500\PPO_1
262144,0.9996333122253418,per_learner/0/reward,ppo_hier_items200_h1500\PPO_1
275000,0.9990335702896118,per_learner/0/reward,ppo_hier_items200_h1500\PPO_1
294912,0.9993974566459656,per_learner/0/reward,ppo_hier_items200_h1500\PPO_1
300000,0.9992858171463013,per_learner/0/reward,ppo_hier_items200_h1500\PPO_1
325000,0.9990195035934448,per_learner/0/reward,ppo_hier_items200_h1500\PPO_1
327680,0.9990140199661255,per_learner/0/reward,ppo_hier_items200_h1500\PPO_1
350000,0.9990535974502563,per_learner/0/reward,ppo_hier_items200_h1500\PPO_1
360448,0.999025821685791,per_learner/0/reward,ppo_hier_items200_h1500\PPO_1
375000,0.9991859793663025,per_learner/0/reward,ppo_hier_items200_h1500\PPO_1
393216,0.9995200037956238,per_learner/0/reward,ppo_hier_items200_h1500\PPO_1
400000,0.9992493987083435,per_learner/0/reward,ppo_hier_items200_h1500\PPO_1
425000,0.9990122318267822,per_learner/0/reward,ppo_hier_items200_h1500\PPO_1
425984,0.9993373155593872,per_learner/0/reward,ppo_hier_items200_h1500\PPO_1
450000,0.9990414977073669,per_learner/0/reward,ppo_hier_items200_h1500\PPO_1
458752,0.9990607500076294,per_learner/0/reward,ppo_hier_items200_h1500\PPO_1
475000,0.9994917511940002,per_learner/0/reward,ppo_hier_items200_h1500\PPO_1
491520,0.9991497993469238,per_learner/0/reward,ppo_hier_items200_h1500\PPO_1
500000,0.9992055296897888,per_learner/0/reward,ppo_hier_items200_h1500\PPO_1
524288,0.9990787506103516,per_learner/0/reward,ppo_hier_items200_h1500\PPO_1
525000,0.999116837978363,per_learner/0/reward,ppo_hier_items200_h1500\PPO_1
550000,0.9997024536132812,per_learner/0/reward,ppo_hier_items200_h1500\PPO_1
557056,3.0090057849884033,per_learner/0/reward,ppo_hier_items200_h1500\PPO_1
575000,0.9996861815452576,per_learner/0/reward,ppo_hier_items200_h1500\PPO_1
589824,0.9991186857223511,per_learner/0/reward,ppo_hier_items200_h1500\PPO_1
600000,0.9998416900634766,per_learner/0/reward,ppo_hier_items200_h1500\PPO_1
622592,0.9996094703674316,per_learner/0/reward,ppo_hier_items200_h1500\PPO_1
625000,0.9990620017051697,per_learner/0/reward,ppo_hier_items200_h1500\PPO_1
650000,0.9991530776023865,per_learner/0/reward,ppo_hier_items200_h1500\PPO_1
655360,0.9990315437316895,per_learner/0/reward,ppo_hier_items200_h1500\PPO_1
675000,0.9991849660873413,per_learner/0/reward,ppo_hier_items200_h1500\PPO_1
688128,0.999233067035675,per_learner/0/reward,ppo_hier_items200_h1500\PPO_1
700000,0.9990639090538025,per_learner/0/reward,ppo_hier_items200_h1500\PPO_1
720896,0.9990559816360474,per_learner/0/reward,ppo_hier_items200_h1500\PPO_1
725000,0.9990708231925964,per_learner/0/reward,ppo_hier_items200_h1500\PPO_1
750000,3.009005546569824,per_learner/0/reward,ppo_hier_items200_h1500\PPO_1
753664,0.9995452761650085,per_learner/0/reward,ppo_hier_items200_h1500\PPO_1
775000,0.9994431734085083,per_learner/0/reward,ppo_hier_items200_h1500\PPO_1
786432,0.9994524121284485,per_learner/0/reward,ppo_hier_items200_h1500\PPO_1
800000,3.009049654006958,per_learner/0/reward,ppo_hier_items200_h1500\PPO_1
819200,0.9991833567619324,per_learner/0/reward,ppo_hier_items200_h1500\PPO_1
825000,0.9995055794715881,per_learner/0/reward,ppo_hier_items200_h1500\PPO_1
850000,0.9996331334114075,per_learner/0/reward,ppo_hier_items200_h1500\PPO_1
851968,0.9991578459739685,per_learner/0/reward,ppo_hier_items200_h1500\PPO_1
875000,0.9996856451034546,per_learner/0/reward,ppo_hier_items200_h1500\PPO_1
884736,0.9995027780532837,per_learner/0/reward,ppo_hier_items200_h1500\PPO_1
900000,0.9991916418075562,per_learner/0/reward,ppo_hier_items200_h1500\PPO_1
917504,3.009039878845215,per_learner/0/reward,ppo_hier_items200_h1500\PPO_1
925000,0.9990180134773254,per_learner/0/reward,ppo_hier_items200_h1500\PPO_1
950000,0.9991396069526672,per_learner/0/reward,ppo_hier_items200_h1500\PPO_1
950272,0.999019205570221,per_learner/0/reward,ppo_hier_items200_h1500\PPO_1
975000,3.009026288986206,per_learner/0/reward,ppo_hier_items200_h1500\PPO_1
983040,0.9997175931930542,per_learner/0/reward,ppo_hier_items200_h1500\PPO_1
1000000,3.0090010166168213,per_learner/0/reward,ppo_hier_items200_h1500\PPO_1
1015808,0.9990094304084778,per_learner/0/reward,ppo_hier_items200_h1500\PPO_1
1025000,3.009009838104248,per_learner/0/reward,ppo_hier_items200_h1500\PPO_1
1048576,0.9992923140525818,per_learner/0/reward,ppo_hier_items200_h1500\PPO_1
1050000,0.9990226030349731,per_learner/0/reward,ppo_hier_items200_h1500\PPO_1
1075000,0.9990843534469604,per_learner/0/reward,ppo_hier_items200_h1500\PPO_1
1081344,0.9990754723548889,per_learner/0/reward,ppo_hier_items200_h1500\PPO_1
1100000,3.009024143218994,per_learner/0/reward,ppo_hier_items200_h1500\PPO_1
1114112,0.9996573328971863,per_learner/0/reward,ppo_hier_items200_h1500\PPO_1
1125000,0.9995074272155762,per_learner/0/reward,ppo_hier_items200_h1500\PPO_1
1146880,0.9991507530212402,per_learner/0/reward,ppo_hier_items200_h1500\PPO_1
1150000,0.9990569949150085,per_learner/0/reward,ppo_hier_items200_h1500\PPO_1
1175000,0.9990434050559998,per_learner/0/reward,ppo_hier_items200_h1500\PPO_1
1179648,0.999233067035675,per_learner/0/reward,ppo_hier_items200_h1500\PPO_1
1200000,0.9997479915618896,per_learner/0/reward,ppo_hier_items200_h1500\PPO_1
1212416,0.9990230202674866,per_learner/0/reward,ppo_hier_items200_h1500\PPO_1
1225000,0.9990698099136353,per_learner/0/reward,ppo_hier_items200_h1500\PPO_1
1245184,3.009002685546875,per_learner/0/reward,ppo_hier_items200_h1500\PPO_1
1250000,0.9991543292999268,per_learner/0/reward,ppo_hier_items200_h1500\PPO_1
1275000,0.999007523059845,per_learner/0/reward,ppo_hier_items200_h1500\PPO_1
1277952,0.9990485310554504,per_learner/0/reward,ppo_hier_items200_h1500\PPO_1
1300000,0.9990122318267822,per_learner/0/reward,ppo_hier_items200_h1500\PPO_1
1310720,0.9990693926811218,per_learner/0/reward,ppo_hier_items200_h1500\PPO_1
1325000,0.9992818236351013,per_learner/0/reward,ppo_hier_items200_h1500\PPO_1
1343488,0.9997332096099854,per_learner/0/reward,ppo_hier_items200_h1500\PPO_1
1350000,0.9993449449539185,per_learner/0/reward,ppo_hier_items200_h1500\PPO_1
1375000,0.9990667104721069,per_learner/0/reward,ppo_hier_items200_h1500\PPO_1
1376256,3.0090250968933105,per_learner/0/reward,ppo_hier_items200_h1500\PPO_1
1400000,0.9994510412216187,per_learner/0/reward,ppo_hier_items200_h1500\PPO_1
1409024,0.9992831945419312,per_learner/0/reward,ppo_hier_items200_h1500\PPO_1
1425000,0.9995614290237427,per_learner/0/reward,ppo_hier_items200_h1500\PPO_1
1441792,0.999011218547821,per_learner/0/reward,ppo_hier_items200_h1500\PPO_1
1450000,0.9997024536132812,per_learner/0/reward,ppo_hier_items200_h1500\PPO_1
1474560,0.9990414977073669,per_learner/0/reward,ppo_hier_items200_h1500\PPO_1
1475000,3.0090491771698,per_learner/0/reward,ppo_hier_items200_h1500\PPO_1
1500000,0.9998428225517273,per_learner/0/reward,ppo_hier_items200_h1500\PPO_1
1507328,0.9990174770355225,per_learner/0/reward,ppo_hier_items200_h1500\PPO_1
1525000,0.9990076422691345,per_learner/0/reward,ppo_hier_items200_h1500\PPO_1
1540096,0.9992586970329285,per_learner/0/reward,ppo_hier_items200_h1500\PPO_1
1550000,0.9990190863609314,per_learner/0/reward,ppo_hier_items200_h1500\PPO_1
1572864,3.0090081691741943,per_learner/0/reward,ppo_hier_items200_h1500\PPO_1
1575000,0.9991869330406189,per_learner/0/reward,ppo_hier_items200_h1500\PPO_1
1600000,0.9990684390068054,per_learner/0/reward,ppo_hier_items200_h1500\PPO_1
1605632,0.9997482895851135,per_learner/0/reward,ppo_hier_items200_h1500\PPO_1
1625000,3.0090181827545166,per_learner/0/reward,ppo_hier_items200_h1500\PPO_1
1638400,0.9991049766540527,per_learner/0/reward,ppo_hier_items200_h1500\PPO_1
1650000,0.9993798732757568,per_learner/0/reward,ppo_hier_items200_h1500\PPO_1
1671168,0.9990099668502808,per_learner/0/reward,ppo_hier_items200_h1500\PPO_1
1675000,0.9993946552276611,per_learner/0/reward,ppo_hier_items200_h1500\PPO_1
1700000,0.9990256428718567,per_learner/0/reward,ppo_hier_items200_h1500\PPO_1
1703936,0.9996867179870605,per_learner/0/reward,ppo_hier_items200_h1500\PPO_1
1725000,0.999506950378418,per_learner/0/reward,ppo_hier_items200_h1500\PPO_1
1736704,0.9996762871742249,per_learner/0/reward,ppo_hier_items200_h1500\PPO_1
1750000,0.9990487098693848,per_learner/0/reward,ppo_hier_items200_h1500\PPO_1
1769472,0.9993418455123901,per_learner/0/reward,ppo_hier_items200_h1500\PPO_1
1775000,0.9996963739395142,per_learner/0/reward,ppo_hier_items200_h1500\PPO_1
1800000,0.9991055727005005,per_learner/0/reward,ppo_hier_items200_h1500\PPO_1
1802240,0.9990473985671997,per_learner/0/reward,ppo_hier_items200_h1500\PPO_1
1825000,0.9990553259849548,per_learner/0/reward,ppo_hier_items200_h1500\PPO_1
1835008,0.999853789806366,per_learner/0/reward,ppo_hier_items200_h1500\PPO_1
1850000,0.9991263747215271,per_learner/0/reward,ppo_hier_items200_h1500\PPO_1
1867776,0.9995468258857727,per_learner/0/reward,ppo_hier_items200_h1500\PPO_1
1875000,0.999210000038147,per_learner/0/reward,ppo_hier_items200_h1500\PPO_1
1900000,0.9992493987083435,per_learner/0/reward,ppo_hier_items200_h1500\PPO_1
1900544,0.9990066885948181,per_learner/0/reward,ppo_hier_items200_h1500\PPO_1
1925000,0.9993159770965576,per_learner/0/reward,ppo_hier_items200_h1500\PPO_1
1933312,0.9991008043289185,per_learner/0/reward,ppo_hier_items200_h1500\PPO_1
1950000,0.9994214773178101,per_learner/0/reward,ppo_hier_items200_h1500\PPO_1
1966080,0.9990081787109375,per_learner/0/reward,ppo_hier_items200_h1500\PPO_1
1975000,0.9994465112686157,per_learner/0/reward,ppo_hier_items200_h1500\PPO_1
1998848,0.9993942379951477,per_learner/0/reward,ppo_hier_items200_h1500\PPO_1
2000000,0.9990648627281189,per_learner/0/reward,ppo_hier_items200_h1500\PPO_1
2025000,3.0090041160583496,per_learner/0/reward,ppo_hier_items200_h1500\PPO_1
2031616,0.9992811679840088,per_learner/0/reward,ppo_hier_items200_h1500\PPO_1
25000,1.0,per_learner/0/rolling_acc,ppo_hier_items200_h1500\PPO_1
32768,1.0,per_learner/0/rolling_acc,ppo_hier_items200_h1500\PPO_1
50000,1.0,per_learner/0/rolling_acc,ppo_hier_items200_h1500\PPO_1
65536,1.0,per_learner/0/rolling_acc,ppo_hier_items200_h1500\PPO_1
75000,1.0,per_learner/0/rolling_acc,ppo_hier_items200_h1500\PPO_1
98304,1.0,per_learner/0/rolling_acc,ppo_hier_items200_h1500\PPO_1
100000,1.0,per_learner/0/rolling_acc,ppo_hier_items200_h1500\PPO_1
125000,1.0,per_learner/0/rolling_acc,ppo_hier_items200_h1500\PPO_1
131072,1.0,per_learner/0/rolling_acc,ppo_hier_items200_h1500\PPO_1
150000,1.0,per_learner/0/rolling_acc,ppo_hier_items200_h1500\PPO_1
163840,1.0,per_learner/0/rolling_acc,ppo_hier_items200_h1500\PPO_1
175000,1.0,per_learner/0/rolling_acc,ppo_hier_items200_h1500\PPO_1
196608,1.0,per_learner/0/rolling_acc,ppo_hier_items200_h1500\PPO_1
200000,1.0,per_learner/0/rolling_acc,ppo_hier_items200_h1500\PPO_1
225000,1.0,per_learner/0/rolling_acc,ppo_hier_items200_h1500\PPO_1
229376,1.0,per_learner/0/rolling_acc,ppo_hier_items200_h1500\PPO_1
250000,1.0,per_learner/0/rolling_acc,ppo_hier_items200_h1500\PPO_1
262144,1.0,per_learner/0/rolling_acc,ppo_hier_items200_h1500\PPO_1
275000,1.0,per_learner/0/rolling_acc,ppo_hier_items200_h1500\PPO_1
294912,1.0,per_learner/0/rolling_acc,ppo_hier_items200_h1500\PPO_1
300000,1.0,per_learner/0/rolling_acc,ppo_hier_items200_h1500\PPO_1
325000,1.0,per_learner/0/rolling_acc,ppo_hier_items200_h1500\PPO_1
327680,1.0,per_learner/0/rolling_acc,ppo_hier_items200_h1500\PPO_1
350000,1.0,per_learner/0/rolling_acc,ppo_hier_items200_h1500\PPO_1
360448,1.0,per_learner/0/rolling_acc,ppo_hier_items200_h1500\PPO_1
375000,1.0,per_learner/0/rolling_acc,ppo_hier_items200_h1500\PPO_1
393216,1.0,per_learner/0/rolling_acc,ppo_hier_items200_h1500\PPO_1
400000,1.0,per_learner/0/rolling_acc,ppo_hier_items200_h1500\PPO_1
425000,1.0,per_learner/0/rolling_acc,ppo_hier_items200_h1500\PPO_1
425984,1.0,per_learner/0/rolling_acc,ppo_hier_items200_h1500\PPO_1
450000,1.0,per_learner/0/rolling_acc,ppo_hier_items200_h1500\PPO_1
458752,1.0,per_learner/0/rolling_acc,ppo_hier_items200_h1500\PPO_1
475000,1.0,per_learner/0/rolling_acc,ppo_hier_items200_h1500\PPO_1
491520,1.0,per_learner/0/rolling_acc,ppo_hier_items200_h1500\PPO_1
500000,1.0,per_learner/0/rolling_acc,ppo_hier_items200_h1500\PPO_1
524288,1.0,per_learner/0/rolling_acc,ppo_hier_items200_h1500\PPO_1
525000,1.0,per_learner/0/rolling_acc,ppo_hier_items200_h1500\PPO_1
550000,1.0,per_learner/0/rolling_acc,ppo_hier_items200_h1500\PPO_1
557056,1.0,per_learner/0/rolling_acc,ppo_hier_items200_h1500\PPO_1
575000,1.0,per_learner/0/rolling_acc,ppo_hier_items200_h1500\PPO_1
589824,1.0,per_learner/0/rolling_acc,ppo_hier_items200_h1500\PPO_1
600000,1.0,per_learner/0/rolling_acc,ppo_hier_items200_h1500\PPO_1
622592,1.0,per_learner/0/rolling_acc,ppo_hier_items200_h1500\PPO_1
625000,1.0,per_learner/0/rolling_acc,ppo_hier_items200_h1500\PPO_1
650000,1.0,per_learner/0/rolling_acc,ppo_hier_items200_h1500\PPO_1
655360,1.0,per_learner/0/rolling_acc,ppo_hier_items200_h1500\PPO_1
675000,1.0,per_learner/0/rolling_acc,ppo_hier_items200_h1500\PPO_1
688128,1.0,per_learner/0/rolling_acc,ppo_hier_items200_h1500\PPO_1
700000,1.0,per_learner/0/rolling_acc,ppo_hier_items200_h1500\PPO_1
720896,1.0,per_learner/0/rolling_acc,ppo_hier_items200_h1500\PPO_1
725000,1.0,per_learner/0/rolling_acc,ppo_hier_items200_h1500\PPO_1
750000,1.0,per_learner/0/rolling_acc,ppo_hier_items200_h1500\PPO_1
753664,1.0,per_learner/0/rolling_acc,ppo_hier_items200_h1500\PPO_1
775000,1.0,per_learner/0/rolling_acc,ppo_hier_items200_h1500\PPO_1
786432,1.0,per_learner/0/rolling_acc,ppo_hier_items200_h1500\PPO_1
800000,1.0,per_learner/0/rolling_acc,ppo_hier_items200_h1500\PPO_1
819200,1.0,per_learner/0/rolling_acc,ppo_hier_items200_h1500\PPO_1
825000,1.0,per_learner/0/rolling_acc,ppo_hier_items200_h1500\PPO_1
850000,1.0,per_learner/0/rolling_acc,ppo_hier_items200_h1500\PPO_1
851968,1.0,per_learner/0/rolling_acc,ppo_hier_items200_h1500\PPO_1
875000,1.0,per_learner/0/rolling_acc,ppo_hier_items200_h1500\PPO_1
884736,1.0,per_learner/0/rolling_acc,ppo_hier_items200_h1500\PPO_1
900000,1.0,per_learner/0/rolling_acc,ppo_hier_items200_h1500\PPO_1
917504,1.0,per_learner/0/rolling_acc,ppo_hier_items200_h1500\PPO_1
925000,1.0,per_learner/0/rolling_acc,ppo_hier_items200_h1500\PPO_1
950000,1.0,per_learner/0/rolling_acc,ppo_hier_items200_h1500\PPO_1
950272,1.0,per_learner/0/rolling_acc,ppo_hier_items200_h1500\PPO_1
975000,1.0,per_learner/0/rolling_acc,ppo_hier_items200_h1500\PPO_1
983040,1.0,per_learner/0/rolling_acc,ppo_hier_items200_h1500\PPO_1
1000000,1.0,per_learner/0/rolling_acc,ppo_hier_items200_h1500\PPO_1
1015808,1.0,per_learner/0/rolling_acc,ppo_hier_items200_h1500\PPO_1
1025000,1.0,per_learner/0/rolling_acc,ppo_hier_items200_h1500\PPO_1
1048576,1.0,per_learner/0/rolling_acc,ppo_hier_items200_h1500\PPO_1
1050000,1.0,per_learner/0/rolling_acc,ppo_hier_items200_h1500\PPO_1
1075000,1.0,per_learner/0/rolling_acc,ppo_hier_items200_h1500\PPO_1
1081344,1.0,per_learner/0/rolling_acc,ppo_hier_items200_h1500\PPO_1
1100000,1.0,per_learner/0/rolling_acc,ppo_hier_items200_h1500\PPO_1
1114112,1.0,per_learner/0/rolling_acc,ppo_hier_items200_h1500\PPO_1
1125000,1.0,per_learner/0/rolling_acc,ppo_hier_items200_h1500\PPO_1
1146880,1.0,per_learner/0/rolling_acc,ppo_hier_items200_h1500\PPO_1
1150000,1.0,per_learner/0/rolling_acc,ppo_hier_items200_h1500\PPO_1
1175000,1.0,per_learner/0/rolling_acc,ppo_hier_items200_h1500\PPO_1
1179648,1.0,per_learner/0/rolling_acc,ppo_hier_items200_h1500\PPO_1
1200000,1.0,per_learner/0/rolling_acc,ppo_hier_items200_h1500\PPO_1
1212416,1.0,per_learner/0/rolling_acc,ppo_hier_items200_h1500\PPO_1
1225000,1.0,per_learner/0/rolling_acc,ppo_hier_items200_h1500\PPO_1
1245184,1.0,per_learner/0/rolling_acc,ppo_hier_items200_h1500\PPO_1
1250000,1.0,per_learner/0/rolling_acc,ppo_hier_items200_h1500\PPO_1
1275000,1.0,per_learner/0/rolling_acc,ppo_hier_items200_h1500\PPO_1
1277952,1.0,per_learner/0/rolling_acc,ppo_hier_items200_h1500\PPO_1
1300000,1.0,per_learner/0/rolling_acc,ppo_hier_items200_h1500\PPO_1
1310720,1.0,per_learner/0/rolling_acc,ppo_hier_items200_h1500\PPO_1
1325000,1.0,per_learner/0/rolling_acc,ppo_hier_items200_h1500\PPO_1
1343488,1.0,per_learner/0/rolling_acc,ppo_hier_items200_h1500\PPO_1
1350000,1.0,per_learner/0/rolling_acc,ppo_hier_items200_h1500\PPO_1
1375000,1.0,per_learner/0/rolling_acc,ppo_hier_items200_h1500\PPO_1
1376256,1.0,per_learner/0/rolling_acc,ppo_hier_items200_h1500\PPO_1
1400000,1.0,per_learner/0/rolling_acc,ppo_hier_items200_h1500\PPO_1
1409024,1.0,per_learner/0/rolling_acc,ppo_hier_items200_h1500\PPO_1
1425000,1.0,per_learner/0/rolling_acc,ppo_hier_items200_h1500\PPO_1
1441792,1.0,per_learner/0/rolling_acc,ppo_hier_items200_h1500\PPO_1
1450000,1.0,per_learner/0/rolling_acc,ppo_hier_items200_h1500\PPO_1
1474560,1.0,per_learner/0/rolling_acc,ppo_hier_items200_h1500\PPO_1
1475000,1.0,per_learner/0/rolling_acc,ppo_hier_items200_h1500\PPO_1
1500000,1.0,per_learner/0/rolling_acc,ppo_hier_items200_h1500\PPO_1
1507328,1.0,per_learner/0/rolling_acc,ppo_hier_items200_h1500\PPO_1
1525000,1.0,per_learner/0/rolling_acc,ppo_hier_items200_h1500\PPO_1
1540096,1.0,per_learner/0/rolling_acc,ppo_hier_items200_h1500\PPO_1
1550000,1.0,per_learner/0/rolling_acc,ppo_hier_items200_h1500\PPO_1
1572864,1.0,per_learner/0/rolling_acc,ppo_hier_items200_h1500\PPO_1
1575000,1.0,per_learner/0/rolling_acc,ppo_hier_items200_h1500\PPO_1
1600000,1.0,per_learner/0/rolling_acc,ppo_hier_items200_h1500\PPO_1
1605632,1.0,per_learner/0/rolling_acc,ppo_hier_items200_h1500\PPO_1
1625000,1.0,per_learner/0/rolling_acc,ppo_hier_items200_h1500\PPO_1
1638400,1.0,per_learner/0/rolling_acc,ppo_hier_items200_h1500\PPO_1
1650000,1.0,per_learner/0/rolling_acc,ppo_hier_items200_h1500\PPO_1
1671168,1.0,per_learner/0/rolling_acc,ppo_hier_items200_h1500\PPO_1
1675000,1.0,per_learner/0/rolling_acc,ppo_hier_items200_h1500\PPO_1
1700000,1.0,per_learner/0/rolling_acc,ppo_hier_items200_h1500\PPO_1
1703936,1.0,per_learner/0/rolling_acc,ppo_hier_items200_h1500\PPO_1
1725000,1.0,per_learner/0/rolling_acc,ppo_hier_items200_h1500\PPO_1
1736704,1.0,per_learner/0/rolling_acc,ppo_hier_items200_h1500\PPO_1
1750000,0.9666666388511658,per_learner/0/rolling_acc,ppo_hier_items200_h1500\PPO_1
1769472,1.0,per_learner/0/rolling_acc,ppo_hier_items200_h1500\PPO_1
1775000,1.0,per_learner/0/rolling_acc,ppo_hier_items200_h1500\PPO_1
1800000,1.0,per_learner/0/rolling_acc,ppo_hier_items200_h1500\PPO_1
1802240,1.0,per_learner/0/rolling_acc,ppo_hier_items200_h1500\PPO_1
1825000,1.0,per_learner/0/rolling_acc,ppo_hier_items200_h1500\PPO_1
1835008,1.0,per_learner/0/rolling_acc,ppo_hier_items200_h1500\PPO_1
1850000,1.0,per_learner/0/rolling_acc,ppo_hier_items200_h1500\PPO_1
1867776,1.0,per_learner/0/rolling_acc,ppo_hier_items200_h1500\PPO_1
1875000,1.0,per_learner/0/rolling_acc,ppo_hier_items200_h1500\PPO_1
1900000,1.0,per_learner/0/rolling_acc,ppo_hier_items200_h1500\PPO_1
1900544,1.0,per_learner/0/rolling_acc,ppo_hier_items200_h1500\PPO_1
1925000,1.0,per_learner/0/rolling_acc,ppo_hier_items200_h1500\PPO_1
1933312,1.0,per_learner/0/rolling_acc,ppo_hier_items200_h1500\PPO_1
1950000,1.0,per_learner/0/rolling_acc,ppo_hier_items200_h1500\PPO_1
1966080,1.0,per_learner/0/rolling_acc,ppo_hier_items200_h1500\PPO_1
1975000,1.0,per_learner/0/rolling_acc,ppo_hier_items200_h1500\PPO_1
1998848,0.9666666388511658,per_learner/0/rolling_acc,ppo_hier_items200_h1500\PPO_1
2000000,1.0,per_learner/0/rolling_acc,ppo_hier_items200_h1500\PPO_1
2025000,0.9666666388511658,per_learner/0/rolling_acc,ppo_hier_items200_h1500\PPO_1
2031616,1.0,per_learner/0/rolling_acc,ppo_hier_items200_h1500\PPO_1
25000,1.0,per_learner/1/correct,ppo_hier_items200_h1500\PPO_1
32768,1.0,per_learner/1/correct,ppo_hier_items200_h1500\PPO_1
50000,1.0,per_learner/1/correct,ppo_hier_items200_h1500\PPO_1
65536,1.0,per_learner/1/correct,ppo_hier_items200_h1500\PPO_1
75000,1.0,per_learner/1/correct,ppo_hier_items200_h1500\PPO_1
98304,1.0,per_learner/1/correct,ppo_hier_items200_h1500\PPO_1
100000,1.0,per_learner/1/correct,ppo_hier_items200_h1500\PPO_1
125000,1.0,per_learner/1/correct,ppo_hier_items200_h1500\PPO_1
131072,1.0,per_learner/1/correct,ppo_hier_items200_h1500\PPO_1
150000,1.0,per_learner/1/correct,ppo_hier_items200_h1500\PPO_1
163840,1.0,per_learner/1/correct,ppo_hier_items200_h1500\PPO_1
175000,1.0,per_learner/1/correct,ppo_hier_items200_h1500\PPO_1
196608,1.0,per_learner/1/correct,ppo_hier_items200_h1500\PPO_1
200000,1.0,per_learner/1/correct,ppo_hier_items200_h1500\PPO_1
225000,1.0,per_learner/1/correct,ppo_hier_items200_h1500\PPO_1
229376,1.0,per_learner/1/correct,ppo_hier_items200_h1500\PPO_1
250000,1.0,per_learner/1/correct,ppo_hier_items200_h1500\PPO_1
262144,1.0,per_learner/1/correct,ppo_hier_items200_h1500\PPO_1
275000,1.0,per_learner/1/correct,ppo_hier_items200_h1500\PPO_1
294912,1.0,per_learner/1/correct,ppo_hier_items200_h1500\PPO_1
300000,1.0,per_learner/1/correct,ppo_hier_items200_h1500\PPO_1
325000,1.0,per_learner/1/correct,ppo_hier_items200_h1500\PPO_1
327680,1.0,per_learner/1/correct,ppo_hier_items200_h1500\PPO_1
350000,1.0,per_learner/1/correct,ppo_hier_items200_h1500\PPO_1
360448,1.0,per_learner/1/correct,ppo_hier_items200_h1500\PPO_1
375000,1.0,per_learner/1/correct,ppo_hier_items200_h1500\PPO_1
393216,1.0,per_learner/1/correct,ppo_hier_items200_h1500\PPO_1
400000,1.0,per_learner/1/correct,ppo_hier_items200_h1500\PPO_1
425000,1.0,per_learner/1/correct,ppo_hier_items200_h1500\PPO_1
425984,1.0,per_learner/1/correct,ppo_hier_items200_h1500\PPO_1
450000,1.0,per_learner/1/correct,ppo_hier_items200_h1500\PPO_1
458752,1.0,per_learner/1/correct,ppo_hier_items200_h1500\PPO_1
475000,1.0,per_learner/1/correct,ppo_hier_items200_h1500\PPO_1
491520,1.0,per_learner/1/correct,ppo_hier_items200_h1500\PPO_1
500000,1.0,per_learner/1/correct,ppo_hier_items200_h1500\PPO_1
524288,1.0,per_learner/1/correct,ppo_hier_items200_h1500\PPO_1
525000,1.0,per_learner/1/correct,ppo_hier_items200_h1500\PPO_1
550000,1.0,per_learner/1/correct,ppo_hier_items200_h1500\PPO_1
557056,1.0,per_learner/1/correct,ppo_hier_items200_h1500\PPO_1
575000,1.0,per_learner/1/correct,ppo_hier_items200_h1500\PPO_1
589824,1.0,per_learner/1/correct,ppo_hier_items200_h1500\PPO_1
600000,1.0,per_learner/1/correct,ppo_hier_items200_h1500\PPO_1
622592,1.0,per_learner/1/correct,ppo_hier_items200_h1500\PPO_1
625000,1.0,per_learner/1/correct,ppo_hier_items200_h1500\PPO_1
650000,1.0,per_learner/1/correct,ppo_hier_items200_h1500\PPO_1
655360,1.0,per_learner/1/correct,ppo_hier_items200_h1500\PPO_1
675000,1.0,per_learner/1/correct,ppo_hier_items200_h1500\PPO_1
688128,1.0,per_learner/1/correct,ppo_hier_items200_h1500\PPO_1
700000,1.0,per_learner/1/correct,ppo_hier_items200_h1500\PPO_1
720896,1.0,per_learner/1/correct,ppo_hier_items200_h1500\PPO_1
725000,1.0,per_learner/1/correct,ppo_hier_items200_h1500\PPO_1
750000,1.0,per_learner/1/correct,ppo_hier_items200_h1500\PPO_1
753664,1.0,per_learner/1/correct,ppo_hier_items200_h1500\PPO_1
775000,1.0,per_learner/1/correct,ppo_hier_items200_h1500\PPO_1
786432,1.0,per_learner/1/correct,ppo_hier_items200_h1500\PPO_1
800000,1.0,per_learner/1/correct,ppo_hier_items200_h1500\PPO_1
819200,1.0,per_learner/1/correct,ppo_hier_items200_h1500\PPO_1
825000,1.0,per_learner/1/correct,ppo_hier_items200_h1500\PPO_1
850000,1.0,per_learner/1/correct,ppo_hier_items200_h1500\PPO_1
851968,1.0,per_learner/1/correct,ppo_hier_items200_h1500\PPO_1
875000,1.0,per_learner/1/correct,ppo_hier_items200_h1500\PPO_1
884736,1.0,per_learner/1/correct,ppo_hier_items200_h1500\PPO_1
900000,1.0,per_learner/1/correct,ppo_hier_items200_h1500\PPO_1
917504,1.0,per_learner/1/correct,ppo_hier_items200_h1500\PPO_1
925000,1.0,per_learner/1/correct,ppo_hier_items200_h1500\PPO_1
950000,1.0,per_learner/1/correct,ppo_hier_items200_h1500\PPO_1
950272,1.0,per_learner/1/correct,ppo_hier_items200_h1500\PPO_1
975000,1.0,per_learner/1/correct,ppo_hier_items200_h1500\PPO_1
983040,1.0,per_learner/1/correct,ppo_hier_items200_h1500\PPO_1
1000000,1.0,per_learner/1/correct,ppo_hier_items200_h1500\PPO_1
1015808,1.0,per_learner/1/correct,ppo_hier_items200_h1500\PPO_1
1025000,1.0,per_learner/1/correct,ppo_hier_items200_h1500\PPO_1
1048576,1.0,per_learner/1/correct,ppo_hier_items200_h1500\PPO_1
1050000,1.0,per_learner/1/correct,ppo_hier_items200_h1500\PPO_1
1075000,1.0,per_learner/1/correct,ppo_hier_items200_h1500\PPO_1
1081344,1.0,per_learner/1/correct,ppo_hier_items200_h1500\PPO_1
1100000,1.0,per_learner/1/correct,ppo_hier_items200_h1500\PPO_1
1114112,1.0,per_learner/1/correct,ppo_hier_items200_h1500\PPO_1
1125000,1.0,per_learner/1/correct,ppo_hier_items200_h1500\PPO_1
1146880,1.0,per_learner/1/correct,ppo_hier_items200_h1500\PPO_1
1150000,1.0,per_learner/1/correct,ppo_hier_items200_h1500\PPO_1
1175000,1.0,per_learner/1/correct,ppo_hier_items200_h1500\PPO_1
1179648,1.0,per_learner/1/correct,ppo_hier_items200_h1500\PPO_1
1200000,1.0,per_learner/1/correct,ppo_hier_items200_h1500\PPO_1
1212416,1.0,per_learner/1/correct,ppo_hier_items200_h1500\PPO_1
1225000,1.0,per_learner/1/correct,ppo_hier_items200_h1500\PPO_1
1245184,1.0,per_learner/1/correct,ppo_hier_items200_h1500\PPO_1
1250000,1.0,per_learner/1/correct,ppo_hier_items200_h1500\PPO_1
1275000,1.0,per_learner/1/correct,ppo_hier_items200_h1500\PPO_1
1277952,1.0,per_learner/1/correct,ppo_hier_items200_h1500\PPO_1
1300000,1.0,per_learner/1/correct,ppo_hier_items200_h1500\PPO_1
1310720,1.0,per_learner/1/correct,ppo_hier_items200_h1500\PPO_1
1325000,1.0,per_learner/1/correct,ppo_hier_items200_h1500\PPO_1
1343488,1.0,per_learner/1/correct,ppo_hier_items200_h1500\PPO_1
1350000,1.0,per_learner/1/correct,ppo_hier_items200_h1500\PPO_1
1375000,1.0,per_learner/1/correct,ppo_hier_items200_h1500\PPO_1
1376256,1.0,per_learner/1/correct,ppo_hier_items200_h1500\PPO_1
1400000,1.0,per_learner/1/correct,ppo_hier_items200_h1500\PPO_1
1409024,1.0,per_learner/1/correct,ppo_hier_items200_h1500\PPO_1
1425000,1.0,per_learner/1/correct,ppo_hier_items200_h1500\PPO_1
1441792,1.0,per_learner/1/correct,ppo_hier_items200_h1500\PPO_1
1450000,1.0,per_learner/1/correct,ppo_hier_items200_h1500\PPO_1
1474560,1.0,per_learner/1/correct,ppo_hier_items200_h1500\PPO_1
1475000,1.0,per_learner/1/correct,ppo_hier_items200_h1500\PPO_1
1500000,1.0,per_learner/1/correct,ppo_hier_items200_h1500\PPO_1
1507328,1.0,per_learner/1/correct,ppo_hier_items200_h1500\PPO_1
1525000,1.0,per_learner/1/correct,ppo_hier_items200_h1500\PPO_1
1540096,1.0,per_learner/1/correct,ppo_hier_items200_h1500\PPO_1
1550000,1.0,per_learner/1/correct,ppo_hier_items200_h1500\PPO_1
1572864,1.0,per_learner/1/correct,ppo_hier_items200_h1500\PPO_1
1575000,1.0,per_learner/1/correct,ppo_hier_items200_h1500\PPO_1
1600000,1.0,per_learner/1/correct,ppo_hier_items200_h1500\PPO_1
1605632,1.0,per_learner/1/correct,ppo_hier_items200_h1500\PPO_1
1625000,1.0,per_learner/1/correct,ppo_hier_items200_h1500\PPO_1
1638400,1.0,per_learner/1/correct,ppo_hier_items200_h1500\PPO_1
1650000,1.0,per_learner/1/correct,ppo_hier_items200_h1500\PPO_1
1671168,1.0,per_learner/1/correct,ppo_hier_items200_h1500\PPO_1
1675000,1.0,per_learner/1/correct,ppo_hier_items200_h1500\PPO_1
1700000,1.0,per_learner/1/correct,ppo_hier_items200_h1500\PPO_1
1703936,1.0,per_learner/1/correct,ppo_hier_items200_h1500\PPO_1
1725000,1.0,per_learner/1/correct,ppo_hier_items200_h1500\PPO_1
1736704,1.0,per_learner/1/correct,ppo_hier_items200_h1500\PPO_1
1750000,1.0,per_learner/1/correct,ppo_hier_items200_h1500\PPO_1
1769472,1.0,per_learner/1/correct,ppo_hier_items200_h1500\PPO_1
1775000,1.0,per_learner/1/correct,ppo_hier_items200_h1500\PPO_1
1800000,1.0,per_learner/1/correct,ppo_hier_items200_h1500\PPO_1
1802240,1.0,per_learner/1/correct,ppo_hier_items200_h1500\PPO_1
1825000,1.0,per_learner/1/correct,ppo_hier_items200_h1500\PPO_1
1835008,1.0,per_learner/1/correct,ppo_hier_items200_h1500\PPO_1
1850000,1.0,per_learner/1/correct,ppo_hier_items200_h1500\PPO_1
1867776,1.0,per_learner/1/correct,ppo_hier_items200_h1500\PPO_1
1875000,1.0,per_learner/1/correct,ppo_hier_items200_h1500\PPO_1
1900000,1.0,per_learner/1/correct,ppo_hier_items200_h1500\PPO_1
1900544,1.0,per_learner/1/correct,ppo_hier_items200_h1500\PPO_1
1925000,1.0,per_learner/1/correct,ppo_hier_items200_h1500\PPO_1
1933312,1.0,per_learner/1/correct,ppo_hier_items200_h1500\PPO_1
1950000,1.0,per_learner/1/correct,ppo_hier_items200_h1500\PPO_1
1966080,1.0,per_learner/1/correct,ppo_hier_items200_h1500\PPO_1
1975000,1.0,per_learner/1/correct,ppo_hier_items200_h1500\PPO_1
1998848,1.0,per_learner/1/correct,ppo_hier_items200_h1500\PPO_1
2000000,1.0,per_learner/1/correct,ppo_hier_items200_h1500\PPO_1
2025000,1.0,per_learner/1/correct,ppo_hier_items200_h1500\PPO_1
2031616,1.0,per_learner/1/correct,ppo_hier_items200_h1500\PPO_1
25000,0.0,per_learner/1/mastered_count,ppo_hier_items200_h1500\PPO_1
32768,6.0,per_learner/1/mastered_count,ppo_hier_items200_h1500\PPO_1
50000,0.0,per_learner/1/mastered_count,ppo_hier_items200_h1500\PPO_1
65536,2.0,per_learner/1/mastered_count,ppo_hier_items200_h1500\PPO_1
75000,2.0,per_learner/1/mastered_count,ppo_hier_items200_h1500\PPO_1
98304,0.0,per_learner/1/mastered_count,ppo_hier_items200_h1500\PPO_1
100000,1.0,per_learner/1/mastered_count,ppo_hier_items200_h1500\PPO_1
125000,1.0,per_learner/1/mastered_count,ppo_hier_items200_h1500\PPO_1
131072,15.0,per_learner/1/mastered_count,ppo_hier_items200_h1500\PPO_1
150000,3.0,per_learner/1/mastered_count,ppo_hier_items200_h1500\PPO_1
163840,6.0,per_learner/1/mastered_count,ppo_hier_items200_h1500\PPO_1
175000,8.0,per_learner/1/mastered_count,ppo_hier_items200_h1500\PPO_1
196608,2.0,per_learner/1/mastered_count,ppo_hier_items200_h1500\PPO_1
200000,11.0,per_learner/1/mastered_count,ppo_hier_items200_h1500\PPO_1
225000,11.0,per_learner/1/mastered_count,ppo_hier_items200_h1500\PPO_1
229376,0.0,per_learner/1/mastered_count,ppo_hier_items200_h1500\PPO_1
250000,10.0,per_learner/1/mastered_count,ppo_hier_items200_h1500\PPO_1
262144,11.0,per_learner/1/mastered_count,ppo_hier_items200_h1500\PPO_1
275000,13.0,per_learner/1/mastered_count,ppo_hier_items200_h1500\PPO_1
294912,2.0,per_learner/1/mastered_count,ppo_hier_items200_h1500\PPO_1
300000,16.0,per_learner/1/mastered_count,ppo_hier_items200_h1500\PPO_1
325000,0.0,per_learner/1/mastered_count,ppo_hier_items200_h1500\PPO_1
327680,1.0,per_learner/1/mastered_count,ppo_hier_items200_h1500\PPO_1
350000,1.0,per_learner/1/mastered_count,ppo_hier_items200_h1500\PPO_1
360448,0.0,per_learner/1/mastered_count,ppo_hier_items200_h1500\PPO_1
375000,1.0,per_learner/1/mastered_count,ppo_hier_items200_h1500\PPO_1
393216,10.0,per_learner/1/mastered_count,ppo_hier_items200_h1500\PPO_1
400000,0.0,per_learner/1/mastered_count,ppo_hier_items200_h1500\PPO_1
425000,3.0,per_learner/1/mastered_count,ppo_hier_items200_h1500\PPO_1
425984,10.0,per_learner/1/mastered_count,ppo_hier_items200_h1500\PPO_1
450000,6.0,per_learner/1/mastered_count,ppo_hier_items200_h1500\PPO_1
458752,2.0,per_learner/1/mastered_count,ppo_hier_items200_h1500\PPO_1
475000,3.0,per_learner/1/mastered_count,ppo_hier_items200_h1500\PPO_1
491520,17.0,per_learner/1/mastered_count,ppo_hier_items200_h1500\PPO_1
500000,15.0,per_learner/1/mastered_count,ppo_hier_items200_h1500\PPO_1
524288,10.0,per_learner/1/mastered_count,ppo_hier_items200_h1500\PPO_1
525000,14.0,per_learner/1/mastered_count,ppo_hier_items200_h1500\PPO_1
550000,12.0,per_learner/1/mastered_count,ppo_hier_items200_h1500\PPO_1
557056,2.0,per_learner/1/mastered_count,ppo_hier_items200_h1500\PPO_1
575000,17.0,per_learner/1/mastered_count,ppo_hier_items200_h1500\PPO_1
589824,0.0,per_learner/1/mastered_count,ppo_hier_items200_h1500\PPO_1
600000,18.0,per_learner/1/mastered_count,ppo_hier_items200_h1500\PPO_1
622592,16.0,per_learner/1/mastered_count,ppo_hier_items200_h1500\PPO_1
625000,0.0,per_learner/1/mastered_count,ppo_hier_items200_h1500\PPO_1
650000,2.0,per_learner/1/mastered_count,ppo_hier_items200_h1500\PPO_1
655360,7.0,per_learner/1/mastered_count,ppo_hier_items200_h1500\PPO_1
675000,2.0,per_learner/1/mastered_count,ppo_hier_items200_h1500\PPO_1
688128,3.0,per_learner/1/mastered_count,ppo_hier_items200_h1500\PPO_1
700000,2.0,per_learner/1/mastered_count,ppo_hier_items200_h1500\PPO_1
720896,0.0,per_learner/1/mastered_count,ppo_hier_items200_h1500\PPO_1
725000,8.0,per_learner/1/mastered_count,ppo_hier_items200_h1500\PPO_1
750000,7.0,per_learner/1/mastered_count,ppo_hier_items200_h1500\PPO_1
753664,12.0,per_learner/1/mastered_count,ppo_hier_items200_h1500\PPO_1
775000,9.0,per_learner/1/mastered_count,ppo_hier_items200_h1500\PPO_1
786432,7.0,per_learner/1/mastered_count,ppo_hier_items200_h1500\PPO_1
800000,10.0,per_learner/1/mastered_count,ppo_hier_items200_h1500\PPO_1
819200,3.0,per_learner/1/mastered_count,ppo_hier_items200_h1500\PPO_1
825000,12.0,per_learner/1/mastered_count,ppo_hier_items200_h1500\PPO_1
850000,12.0,per_learner/1/mastered_count,ppo_hier_items200_h1500\PPO_1
851968,20.0,per_learner/1/mastered_count,ppo_hier_items200_h1500\PPO_1
875000,14.0,per_learner/1/mastered_count,ppo_hier_items200_h1500\PPO_1
884736,12.0,per_learner/1/mastered_count,ppo_hier_items200_h1500\PPO_1
900000,20.0,per_learner/1/mastered_count,ppo_hier_items200_h1500\PPO_1
917504,11.0,per_learner/1/mastered_count,ppo_hier_items200_h1500\PPO_1
925000,1.0,per_learner/1/mastered_count,ppo_hier_items200_h1500\PPO_1
950000,1.0,per_learner/1/mastered_count,ppo_hier_items200_h1500\PPO_1
950272,1.0,per_learner/1/mastered_count,ppo_hier_items200_h1500\PPO_1
975000,3.0,per_learner/1/mastered_count,ppo_hier_items200_h1500\PPO_1
983040,17.0,per_learner/1/mastered_count,ppo_hier_items200_h1500\PPO_1
1000000,8.0,per_learner/1/mastered_count,ppo_hier_items200_h1500\PPO_1
1015808,13.0,per_learner/1/mastered_count,ppo_hier_items200_h1500\PPO_1
1025000,10.0,per_learner/1/mastered_count,ppo_hier_items200_h1500\PPO_1
1048576,8.0,per_learner/1/mastered_count,ppo_hier_items200_h1500\PPO_1
1050000,12.0,per_learner/1/mastered_count,ppo_hier_items200_h1500\PPO_1
1075000,10.0,per_learner/1/mastered_count,ppo_hier_items200_h1500\PPO_1
1081344,0.0,per_learner/1/mastered_count,ppo_hier_items200_h1500\PPO_1
1100000,19.0,per_learner/1/mastered_count,ppo_hier_items200_h1500\PPO_1
1114112,20.0,per_learner/1/mastered_count,ppo_hier_items200_h1500\PPO_1
1125000,15.0,per_learner/1/mastered_count,ppo_hier_items200_h1500\PPO_1
1146880,9.0,per_learner/1/mastered_count,ppo_hier_items200_h1500\PPO_1
1150000,17.0,per_learner/1/mastered_count,ppo_hier_items200_h1500\PPO_1
1175000,22.0,per_learner/1/mastered_count,ppo_hier_items200_h1500\PPO_1
1179648,10.0,per_learner/1/mastered_count,ppo_hier_items200_h1500\PPO_1
1200000,22.0,per_learner/1/mastered_count,ppo_hier_items200_h1500\PPO_1
1212416,0.0,per_learner/1/mastered_count,ppo_hier_items200_h1500\PPO_1
1225000,0.0,per_learner/1/mastered_count,ppo_hier_items200_h1500\PPO_1
1245184,17.0,per_learner/1/mastered_count,ppo_hier_items200_h1500\PPO_1
1250000,2.0,per_learner/1/mastered_count,ppo_hier_items200_h1500\PPO_1
1275000,4.0,per_learner/1/mastered_count,ppo_hier_items200_h1500\PPO_1
1277952,16.0,per_learner/1/mastered_count,ppo_hier_items200_h1500\PPO_1
1300000,6.0,per_learner/1/mastered_count,ppo_hier_items200_h1500\PPO_1
1310720,8.0,per_learner/1/mastered_count,ppo_hier_items200_h1500\PPO_1
1325000,4.0,per_learner/1/mastered_count,ppo_hier_items200_h1500\PPO_1
1343488,23.0,per_learner/1/mastered_count,ppo_hier_items200_h1500\PPO_1
1350000,10.0,per_learner/1/mastered_count,ppo_hier_items200_h1500\PPO_1
1375000,14.0,per_learner/1/mastered_count,ppo_hier_items200_h1500\PPO_1
1376256,16.0,per_learner/1/mastered_count,ppo_hier_items200_h1500\PPO_1
1400000,17.0,per_learner/1/mastered_count,ppo_hier_items200_h1500\PPO_1
1409024,7.0,per_learner/1/mastered_count,ppo_hier_items200_h1500\PPO_1
1425000,16.0,per_learner/1/mastered_count,ppo_hier_items200_h1500\PPO_1
1441792,1.0,per_learner/1/mastered_count,ppo_hier_items200_h1500\PPO_1
1450000,14.0,per_learner/1/mastered_count,ppo_hier_items200_h1500\PPO_1
1474560,19.0,per_learner/1/mastered_count,ppo_hier_items200_h1500\PPO_1
1475000,21.0,per_learner/1/mastered_count,ppo_hier_items200_h1500\PPO_1
1500000,23.0,per_learner/1/mastered_count,ppo_hier_items200_h1500\PPO_1
1507328,10.0,per_learner/1/mastered_count,ppo_hier_items200_h1500\PPO_1
1525000,0.0,per_learner/1/mastered_count,ppo_hier_items200_h1500\PPO_1
1540096,7.0,per_learner/1/mastered_count,ppo_hier_items200_h1500\PPO_1
1550000,0.0,per_learner/1/mastered_count,ppo_hier_items200_h1500\PPO_1
1572864,0.0,per_learner/1/mastered_count,ppo_hier_items200_h1500\PPO_1
1575000,2.0,per_learner/1/mastered_count,ppo_hier_items200_h1500\PPO_1
1600000,3.0,per_learner/1/mastered_count,ppo_hier_items200_h1500\PPO_1
1605632,15.0,per_learner/1/mastered_count,ppo_hier_items200_h1500\PPO_1
1625000,7.0,per_learner/1/mastered_count,ppo_hier_items200_h1500\PPO_1
1638400,14.0,per_learner/1/mastered_count,ppo_hier_items200_h1500\PPO_1
1650000,9.0,per_learner/1/mastered_count,ppo_hier_items200_h1500\PPO_1
1671168,3.0,per_learner/1/mastered_count,ppo_hier_items200_h1500\PPO_1
1675000,10.0,per_learner/1/mastered_count,ppo_hier_items200_h1500\PPO_1
1700000,19.0,per_learner/1/mastered_count,ppo_hier_items200_h1500\PPO_1
1703936,19.0,per_learner/1/mastered_count,ppo_hier_items200_h1500\PPO_1
1725000,17.0,per_learner/1/mastered_count,ppo_hier_items200_h1500\PPO_1
1736704,11.0,per_learner/1/mastered_count,ppo_hier_items200_h1500\PPO_1
1750000,22.0,per_learner/1/mastered_count,ppo_hier_items200_h1500\PPO_1
1769472,9.0,per_learner/1/mastered_count,ppo_hier_items200_h1500\PPO_1
1775000,18.0,per_learner/1/mastered_count,ppo_hier_items200_h1500\PPO_1
1800000,21.0,per_learner/1/mastered_count,ppo_hier_items200_h1500\PPO_1
1802240,3.0,per_learner/1/mastered_count,ppo_hier_items200_h1500\PPO_1
1825000,0.0,per_learner/1/mastered_count,ppo_hier_items200_h1500\PPO_1
1835008,17.0,per_learner/1/mastered_count,ppo_hier_items200_h1500\PPO_1
1850000,1.0,per_learner/1/mastered_count,ppo_hier_items200_h1500\PPO_1
1867776,13.0,per_learner/1/mastered_count,ppo_hier_items200_h1500\PPO_1
1875000,2.0,per_learner/1/mastered_count,ppo_hier_items200_h1500\PPO_1
1900000,8.0,per_learner/1/mastered_count,ppo_hier_items200_h1500\PPO_1
1900544,4.0,per_learner/1/mastered_count,ppo_hier_items200_h1500\PPO_1
1925000,4.0,per_learner/1/mastered_count,ppo_hier_items200_h1500\PPO_1
1933312,0.0,per_learner/1/mastered_count,ppo_hier_items200_h1500\PPO_1
1950000,9.0,per_learner/1/mastered_count,ppo_hier_items200_h1500\PPO_1
1966080,20.0,per_learner/1/mastered_count,ppo_hier_items200_h1500\PPO_1
1975000,11.0,per_learner/1/mastered_count,ppo_hier_items200_h1500\PPO_1
1998848,6.0,per_learner/1/mastered_count,ppo_hier_items200_h1500\PPO_1
2000000,6.0,per_learner/1/mastered_count,ppo_hier_items200_h1500\PPO_1
2025000,15.0,per_learner/1/mastered_count,ppo_hier_items200_h1500\PPO_1
2031616,3.0,per_learner/1/mastered_count,ppo_hier_items200_h1500\PPO_1
25000,0.9993794560432434,per_learner/1/p_correct,ppo_hier_items200_h1500\PPO_1
32768,0.9928016662597656,per_learner/1/p_correct,ppo_hier_items200_h1500\PPO_1
50000,0.99957275390625,per_learner/1/p_correct,ppo_hier_items200_h1500\PPO_1
65536,0.9954490065574646,per_learner/1/p_correct,ppo_hier_items200_h1500\PPO_1
75000,0.9979045987129211,per_learner/1/p_correct,ppo_hier_items200_h1500\PPO_1
98304,0.9999561309814453,per_learner/1/p_correct,ppo_hier_items200_h1500\PPO_1
100000,0.9970730543136597,per_learner/1/p_correct,ppo_hier_items200_h1500\PPO_1
125000,0.9961354732513428,per_learner/1/p_correct,ppo_hier_items200_h1500\PPO_1
131072,0.9995645880699158,per_learner/1/p_correct,ppo_hier_items200_h1500\PPO_1
150000,0.9956098794937134,per_learner/1/p_correct,ppo_hier_items200_h1500\PPO_1
163840,0.9939524531364441,per_learner/1/p_correct,ppo_hier_items200_h1500\PPO_1
175000,0.9984562993049622,per_learner/1/p_correct,ppo_hier_items200_h1500\PPO_1
196608,0.9970974326133728,per_learner/1/p_correct,ppo_hier_items200_h1500\PPO_1
200000,0.9938103556632996,per_learner/1/p_correct,ppo_hier_items200_h1500\PPO_1
225000,0.9918516874313354,per_learner/1/p_correct,ppo_hier_items200_h1500\PPO_1
229376,0.9989848732948303,per_learner/1/p_correct,ppo_hier_items200_h1500\PPO_1
250000,0.9996556639671326,per_learner/1/p_correct,ppo_hier_items200_h1500\PPO_1
262144,0.9997498989105225,per_learner/1/p_correct,ppo_hier_items200_h1500\PPO_1
275000,0.9930901527404785,per_learner/1/p_correct,ppo_hier_items200_h1500\PPO_1
294912,0.9979108572006226,per_learner/1/p_correct,ppo_hier_items200_h1500\PPO_1
300000,0.9996577501296997,per_learner/1/p_correct,ppo_hier_items200_h1500\PPO_1
325000,0.9992718696594238,per_learner/1/p_correct,ppo_hier_items200_h1500\PPO_1
327680,0.9966644644737244,per_learner/1/p_correct,ppo_hier_items200_h1500\PPO_1
350000,0.999909520149231,per_learner/1/p_correct,ppo_hier_items200_h1500\PPO_1
360448,0.9997690320014954,per_learner/1/p_correct,ppo_hier_items200_h1500\PPO_1
375000,0.9984304308891296,per_learner/1/p_correct,ppo_hier_items200_h1500\PPO_1
393216,0.9997313618659973,per_learner/1/p_correct,ppo_hier_items200_h1500\PPO_1
400000,0.9970730543136597,per_learner/1/p_correct,ppo_hier_items200_h1500\PPO_1
425000,0.9985179901123047,per_learner/1/p_correct,ppo_hier_items200_h1500\PPO_1
425984,0.9998940825462341,per_learner/1/p_correct,ppo_hier_items200_h1500\PPO_1
450000,0.9956157207489014,per_learner/1/p_correct,ppo_hier_items200_h1500\PPO_1
458752,0.9978891015052795,per_learner/1/p_correct,ppo_hier_items200_h1500\PPO_1
475000,0.9948524236679077,per_learner/1/p_correct,ppo_hier_items200_h1500\PPO_1
491520,0.9986580610275269,per_learner/1/p_correct,ppo_hier_items200_h1500\PPO_1
500000,0.9941183924674988,per_learner/1/p_correct,ppo_hier_items200_h1500\PPO_1
524288,0.9939386248588562,per_learner/1/p_correct,ppo_hier_items200_h1500\PPO_1
525000,0.9996375441551208,per_learner/1/p_correct,ppo_hier_items200_h1500\PPO_1
550000,0.9926899671554565,per_learner/1/p_correct,ppo_hier_items200_h1500\PPO_1
557056,0.9995442032814026,per_learner/1/p_correct,ppo_hier_items200_h1500\PPO_1
575000,0.9994159936904907,per_learner/1/p_correct,ppo_hier_items200_h1500\PPO_1
589824,0.9985048174858093,per_learner/1/p_correct,ppo_hier_items200_h1500\PPO_1
600000,0.9990588426589966,per_learner/1/p_correct,ppo_hier_items200_h1500\PPO_1
622592,0.9933508038520813,per_learner/1/p_correct,ppo_hier_items200_h1500\PPO_1
625000,0.9990978240966797,per_learner/1/p_correct,ppo_hier_items200_h1500\PPO_1
650000,0.9985383749008179,per_learner/1/p_correct,ppo_hier_items200_h1500\PPO_1
655360,0.9996621012687683,per_learner/1/p_correct,ppo_hier_items200_h1500\PPO_1
675000,0.9976844787597656,per_learner/1/p_correct,ppo_hier_items200_h1500\PPO_1
688128,0.9997394680976868,per_learner/1/p_correct,ppo_hier_items200_h1500\PPO_1
700000,0.9987573623657227,per_learner/1/p_correct,ppo_hier_items200_h1500\PPO_1
720896,0.9991850852966309,per_learner/1/p_correct,ppo_hier_items200_h1500\PPO_1
725000,0.9963279962539673,per_learner/1/p_correct,ppo_hier_items200_h1500\PPO_1
750000,0.9993141293525696,per_learner/1/p_correct,ppo_hier_items200_h1500\PPO_1
753664,0.9993450045585632,per_learner/1/p_correct,ppo_hier_items200_h1500\PPO_1
775000,0.9997559189796448,per_learner/1/p_correct,ppo_hier_items200_h1500\PPO_1
786432,0.9966330528259277,per_learner/1/p_correct,ppo_hier_items200_h1500\PPO_1
800000,0.994397759437561,per_learner/1/p_correct,ppo_hier_items200_h1500\PPO_1
819200,0.997758686542511,per_learner/1/p_correct,ppo_hier_items200_h1500\PPO_1
825000,0.9952903389930725,per_learner/1/p_correct,ppo_hier_items200_h1500\PPO_1
850000,0.9909496307373047,per_learner/1/p_correct,ppo_hier_items200_h1500\PPO_1
851968,0.9997198581695557,per_learner/1/p_correct,ppo_hier_items200_h1500\PPO_1
875000,0.9999418258666992,per_learner/1/p_correct,ppo_hier_items200_h1500\PPO_1
884736,0.999458909034729,per_learner/1/p_correct,ppo_hier_items200_h1500\PPO_1
900000,0.9999166131019592,per_learner/1/p_correct,ppo_hier_items200_h1500\PPO_1
917504,0.9957578778266907,per_learner/1/p_correct,ppo_hier_items200_h1500\PPO_1
925000,0.9992777109146118,per_learner/1/p_correct,ppo_hier_items200_h1500\PPO_1
950000,0.9983600378036499,per_learner/1/p_correct,ppo_hier_items200_h1500\PPO_1
950272,0.9999938607215881,per_learner/1/p_correct,ppo_hier_items200_h1500\PPO_1
975000,0.9976844787597656,per_learner/1/p_correct,ppo_hier_items200_h1500\PPO_1
983040,0.9930801391601562,per_learner/1/p_correct,ppo_hier_items200_h1500\PPO_1
1000000,0.9963743090629578,per_learner/1/p_correct,ppo_hier_items200_h1500\PPO_1
1015808,0.997845470905304,per_learner/1/p_correct,ppo_hier_items200_h1500\PPO_1
1025000,0.9998952150344849,per_learner/1/p_correct,ppo_hier_items200_h1500\PPO_1
1048576,0.999912679195404,per_learner/1/p_correct,ppo_hier_items200_h1500\PPO_1
1050000,0.9956098794937134,per_learner/1/p_correct,ppo_hier_items200_h1500\PPO_1
1075000,0.9942686557769775,per_learner/1/p_correct,ppo_hier_items200_h1500\PPO_1
1081344,0.9987778663635254,per_learner/1/p_correct,ppo_hier_items200_h1500\PPO_1
1100000,0.999974250793457,per_learner/1/p_correct,ppo_hier_items200_h1500\PPO_1
1114112,0.9988307356834412,per_learner/1/p_correct,ppo_hier_items200_h1500\PPO_1
1125000,0.9937045574188232,per_learner/1/p_correct,ppo_hier_items200_h1500\PPO_1
1146880,0.9992063045501709,per_learner/1/p_correct,ppo_hier_items200_h1500\PPO_1
1150000,0.9918009042739868,per_learner/1/p_correct,ppo_hier_items200_h1500\PPO_1
1175000,0.9997243285179138,per_learner/1/p_correct,ppo_hier_items200_h1500\PPO_1
1179648,0.999403178691864,per_learner/1/p_correct,ppo_hier_items200_h1500\PPO_1
1200000,0.9916111826896667,per_learner/1/p_correct,ppo_hier_items200_h1500\PPO_1
1212416,0.9997076392173767,per_learner/1/p_correct,ppo_hier_items200_h1500\PPO_1
1225000,0.9992836117744446,per_learner/1/p_correct,ppo_hier_items200_h1500\PPO_1
1245184,0.9916784167289734,per_learner/1/p_correct,ppo_hier_items200_h1500\PPO_1
1250000,0.9997459650039673,per_learner/1/p_correct,ppo_hier_items200_h1500\PPO_1
1275000,0.9998693466186523,per_learner/1/p_correct,ppo_hier_items200_h1500\PPO_1
1277952,0.9953866600990295,per_learner/1/p_correct,ppo_hier_items200_h1500\PPO_1
1300000,0.9999305009841919,per_learner/1/p_correct,ppo_hier_items200_h1500\PPO_1
1310720,0.9978953003883362,per_learner/1/p_correct,ppo_hier_items200_h1500\PPO_1
1325000,0.9963279962539673,per_learner/1/p_correct,ppo_hier_items200_h1500\PPO_1
1343488,0.9998111128807068,per_learner/1/p_correct,ppo_hier_items200_h1500\PPO_1
1350000,0.9993631839752197,per_learner/1/p_correct,ppo_hier_items200_h1500\PPO_1
1375000,0.9998339414596558,per_learner/1/p_correct,ppo_hier_items200_h1500\PPO_1
1376256,0.9948105812072754,per_learner/1/p_correct,ppo_hier_items200_h1500\PPO_1
1400000,0.9938103556632996,per_learner/1/p_correct,ppo_hier_items200_h1500\PPO_1
1409024,0.9954391717910767,per_learner/1/p_correct,ppo_hier_items200_h1500\PPO_1
1425000,0.9983280301094055,per_learner/1/p_correct,ppo_hier_items200_h1500\PPO_1
1441792,0.9986149668693542,per_learner/1/p_correct,ppo_hier_items200_h1500\PPO_1
1450000,0.9937167763710022,per_learner/1/p_correct,ppo_hier_items200_h1500\PPO_1
1474560,0.9922818541526794,per_learner/1/p_correct,ppo_hier_items200_h1500\PPO_1
1475000,0.9919253587722778,per_learner/1/p_correct,ppo_hier_items200_h1500\PPO_1
1500000,0.9901679158210754,per_learner/1/p_correct,ppo_hier_items200_h1500\PPO_1
1507328,0.9961602091789246,per_learner/1/p_correct,ppo_hier_items200_h1500\PPO_1
1525000,0.9992296099662781,per_learner/1/p_correct,ppo_hier_items200_h1500\PPO_1
1540096,0.9969969391822815,per_learner/1/p_correct,ppo_hier_items200_h1500\PPO_1
1550000,0.9996012449264526,per_learner/1/p_correct,ppo_hier_items200_h1500\PPO_1
1572864,0.9992214441299438,per_learner/1/p_correct,ppo_hier_items200_h1500\PPO_1
1575000,0.9976844787597656,per_learner/1/p_correct,ppo_hier_items200_h1500\PPO_1
1600000,0.9999790191650391,per_learner/1/p_correct,ppo_hier_items200_h1500\PPO_1
1605632,0.9925511479377747,per_learner/1/p_correct,ppo_hier_items200_h1500\PPO_1
1625000,0.9996418356895447,per_learner/1/p_correct,ppo_hier_items200_h1500\PPO_1
1638400,0.9953233599662781,per_learner/1/p_correct,ppo_hier_items200_h1500\PPO_1
1650000,0.9999019503593445,per_learner/1/p_correct,ppo_hier_items200_h1500\PPO_1
1671168,0.9999570250511169,per_learner/1/p_correct,ppo_hier_items200_h1500\PPO_1
1675000,0.9994274377822876,per_learner/1/p_correct,ppo_hier_items200_h1500\PPO_1
1700000,0.994397759437561,per_learner/1/p_correct,ppo_hier_items200_h1500\PPO_1
1703936,0.9907822608947754,per_learner/1/p_correct,ppo_hier_items200_h1500\PPO_1
1725000,0.9936990141868591,per_learner/1/p_correct,ppo_hier_items200_h1500\PPO_1
1736704,0.9945294857025146,per_learner/1/p_correct,ppo_hier_items200_h1500\PPO_1
1750000,0.992267370223999,per_learner/1/p_correct,ppo_hier_items200_h1500\PPO_1
1769472,0.9988649487495422,per_learner/1/p_correct,ppo_hier_items200_h1500\PPO_1
1775000,0.9942458271980286,per_learner/1/p_correct,ppo_hier_items200_h1500\PPO_1
1800000,0.9999133348464966,per_learner/1/p_correct,ppo_hier_items200_h1500\PPO_1
1802240,0.9985930323600769,per_learner/1/p_correct,ppo_hier_items200_h1500\PPO_1
1825000,0.9991050958633423,per_learner/1/p_correct,ppo_hier_items200_h1500\PPO_1
1835008,0.9982414841651917,per_learner/1/p_correct,ppo_hier_items200_h1500\PPO_1
1850000,0.998958945274353,per_learner/1/p_correct,ppo_hier_items200_h1500\PPO_1
1867776,0.9951168894767761,per_learner/1/p_correct,ppo_hier_items200_h1500\PPO_1
1875000,0.9978054761886597,per_learner/1/p_correct,ppo_hier_items200_h1500\PPO_1
1900000,0.9999805092811584,per_learner/1/p_correct,ppo_hier_items200_h1500\PPO_1
1900544,0.9958740472793579,per_learner/1/p_correct,ppo_hier_items200_h1500\PPO_1
1925000,0.9964970350265503,per_learner/1/p_correct,ppo_hier_items200_h1500\PPO_1
1933312,0.998821496963501,per_learner/1/p_correct,ppo_hier_items200_h1500\PPO_1
1950000,0.9956215620040894,per_learner/1/p_correct,ppo_hier_items200_h1500\PPO_1
1966080,0.998297929763794,per_learner/1/p_correct,ppo_hier_items200_h1500\PPO_1
1975000,0.9993165135383606,per_learner/1/p_correct,ppo_hier_items200_h1500\PPO_1
1998848,0.9951977729797363,per_learner/1/p_correct,ppo_hier_items200_h1500\PPO_1
2000000,0.9938165545463562,per_learner/1/p_correct,ppo_hier_items200_h1500\PPO_1
2025000,0.9934249520301819,per_learner/1/p_correct,ppo_hier_items200_h1500\PPO_1
2031616,0.9970250725746155,per_learner/1/p_correct,ppo_hier_items200_h1500\PPO_1
25000,0.9991551041603088,per_learner/1/reward,ppo_hier_items200_h1500\PPO_1
32768,1.000799536705017,per_learner/1/reward,ppo_hier_items200_h1500\PPO_1
50000,0.9991068243980408,per_learner/1/reward,ppo_hier_items200_h1500\PPO_1
65536,1.0001376867294312,per_learner/1/reward,ppo_hier_items200_h1500\PPO_1
75000,0.9995238780975342,per_learner/1/reward,ppo_hier_items200_h1500\PPO_1
98304,0.9990109801292419,per_learner/1/reward,ppo_hier_items200_h1500\PPO_1
100000,0.999731719493866,per_learner/1/reward,ppo_hier_items200_h1500\PPO_1
125000,0.9999661445617676,per_learner/1/reward,ppo_hier_items200_h1500\PPO_1
131072,3.009108781814575,per_learner/1/reward,ppo_hier_items200_h1500\PPO_1
150000,1.0000975131988525,per_learner/1/reward,ppo_hier_items200_h1500\PPO_1
163840,1.000511884689331,per_learner/1/reward,ppo_hier_items200_h1500\PPO_1
175000,0.9993859529495239,per_learner/1/reward,ppo_hier_items200_h1500\PPO_1
196608,0.9997256398200989,per_learner/1/reward,ppo_hier_items200_h1500\PPO_1
200000,1.0005474090576172,per_learner/1/reward,ppo_hier_items200_h1500\PPO_1
225000,1.0010371208190918,per_learner/1/reward,ppo_hier_items200_h1500\PPO_1
229376,0.9992538094520569,per_learner/1/reward,ppo_hier_items200_h1500\PPO_1
250000,3.0090861320495605,per_learner/1/reward,ppo_hier_items200_h1500\PPO_1
262144,3.0090625286102295,per_learner/1/reward,ppo_hier_items200_h1500\PPO_1
275000,1.0007274150848389,per_learner/1/reward,ppo_hier_items200_h1500\PPO_1
294912,0.9995222687721252,per_learner/1/reward,ppo_hier_items200_h1500\PPO_1
300000,3.0090856552124023,per_learner/1/reward,ppo_hier_items200_h1500\PPO_1
325000,0.9991820454597473,per_learner/1/reward,ppo_hier_items200_h1500\PPO_1
327680,0.999833881855011,per_learner/1/reward,ppo_hier_items200_h1500\PPO_1
350000,3.0090227127075195,per_learner/1/reward,ppo_hier_items200_h1500\PPO_1
360448,0.9990577697753906,per_learner/1/reward,ppo_hier_items200_h1500\PPO_1
375000,0.9993923902511597,per_learner/1/reward,ppo_hier_items200_h1500\PPO_1
393216,3.0090670585632324,per_learner/1/reward,ppo_hier_items200_h1500\PPO_1
400000,0.999731719493866,per_learner/1/reward,ppo_hier_items200_h1500\PPO_1
425000,0.9993705153465271,per_learner/1/reward,ppo_hier_items200_h1500\PPO_1
425984,3.009026527404785,per_learner/1/reward,ppo_hier_items200_h1500\PPO_1
450000,1.000096082687378,per_learner/1/reward,ppo_hier_items200_h1500\PPO_1
458752,0.9995277523994446,per_learner/1/reward,ppo_hier_items200_h1500\PPO_1
475000,1.0002869367599487,per_learner/1/reward,ppo_hier_items200_h1500\PPO_1
491520,0.9993354678153992,per_learner/1/reward,ppo_hier_items200_h1500\PPO_1
500000,1.0004703998565674,per_learner/1/reward,ppo_hier_items200_h1500\PPO_1
524288,1.000515341758728,per_learner/1/reward,ppo_hier_items200_h1500\PPO_1
525000,0.9990906119346619,per_learner/1/reward,ppo_hier_items200_h1500\PPO_1
550000,1.0008275508880615,per_learner/1/reward,ppo_hier_items200_h1500\PPO_1
557056,0.999113917350769,per_learner/1/reward,ppo_hier_items200_h1500\PPO_1
575000,0.9991459846496582,per_learner/1/reward,ppo_hier_items200_h1500\PPO_1
589824,0.9993737936019897,per_learner/1/reward,ppo_hier_items200_h1500\PPO_1
600000,3.009235382080078,per_learner/1/reward,ppo_hier_items200_h1500\PPO_1
622592,1.0006623268127441,per_learner/1/reward,ppo_hier_items200_h1500\PPO_1
625000,0.9992255568504333,per_learner/1/reward,ppo_hier_items200_h1500\PPO_1
650000,0.9993653893470764,per_learner/1/reward,ppo_hier_items200_h1500\PPO_1
655360,3.009084463119507,per_learner/1/reward,ppo_hier_items200_h1500\PPO_1
675000,0.9995788931846619,per_learner/1/reward,ppo_hier_items200_h1500\PPO_1
688128,0.9990651607513428,per_learner/1/reward,ppo_hier_items200_h1500\PPO_1
700000,0.9993106722831726,per_learner/1/reward,ppo_hier_items200_h1500\PPO_1
720896,0.9992037415504456,per_learner/1/reward,ppo_hier_items200_h1500\PPO_1
725000,0.9999179840087891,per_learner/1/reward,ppo_hier_items200_h1500\PPO_1
750000,0.9991714954376221,per_learner/1/reward,ppo_hier_items200_h1500\PPO_1
753664,0.9991637468338013,per_learner/1/reward,ppo_hier_items200_h1500\PPO_1
775000,3.009061098098755,per_learner/1/reward,ppo_hier_items200_h1500\PPO_1
786432,0.9998417496681213,per_learner/1/reward,ppo_hier_items200_h1500\PPO_1
800000,1.0004005432128906,per_learner/1/reward,ppo_hier_items200_h1500\PPO_1
819200,0.9995603561401367,per_learner/1/reward,ppo_hier_items200_h1500\PPO_1
825000,1.0001773834228516,per_learner/1/reward,ppo_hier_items200_h1500\PPO_1
850000,1.0012625455856323,per_learner/1/reward,ppo_hier_items200_h1500\PPO_1
851968,3.0090701580047607,per_learner/1/reward,ppo_hier_items200_h1500\PPO_1
875000,3.00901460647583,per_learner/1/reward,ppo_hier_items200_h1500\PPO_1
884736,3.0091352462768555,per_learner/1/reward,ppo_hier_items200_h1500\PPO_1
900000,3.0090208053588867,per_learner/1/reward,ppo_hier_items200_h1500\PPO_1
917504,1.0000605583190918,per_learner/1/reward,ppo_hier_items200_h1500\PPO_1
925000,0.9991805553436279,per_learner/1/reward,ppo_hier_items200_h1500\PPO_1
950000,0.9994099736213684,per_learner/1/reward,ppo_hier_items200_h1500\PPO_1
950272,3.0090014934539795,per_learner/1/reward,ppo_hier_items200_h1500\PPO_1
975000,0.9995788931846619,per_learner/1/reward,ppo_hier_items200_h1500\PPO_1
983040,1.0007299184799194,per_learner/1/reward,ppo_hier_items200_h1500\PPO_1
1000000,0.9999064207077026,per_learner/1/reward,ppo_hier_items200_h1500\PPO_1
1015808,0.9995386004447937,per_learner/1/reward,ppo_hier_items200_h1500\PPO_1
1025000,3.009026288986206,per_learner/1/reward,ppo_hier_items200_h1500\PPO_1
1048576,3.009021759033203,per_learner/1/reward,ppo_hier_items200_h1500\PPO_1
1050000,1.0000975131988525,per_learner/1/reward,ppo_hier_items200_h1500\PPO_1
1075000,1.0004328489303589,per_learner/1/reward,ppo_hier_items200_h1500\PPO_1
1081344,0.9993055462837219,per_learner/1/reward,ppo_hier_items200_h1500\PPO_1
1100000,0.999006450176239,per_learner/1/reward,ppo_hier_items200_h1500\PPO_1
1114112,3.0092923641204834,per_learner/1/reward,ppo_hier_items200_h1500\PPO_1
1125000,1.0005738735198975,per_learner/1/reward,ppo_hier_items200_h1500\PPO_1
1146880,3.0091984272003174,per_learner/1/reward,ppo_hier_items200_h1500\PPO_1
1150000,1.0010497570037842,per_learner/1/reward,ppo_hier_items200_h1500\PPO_1
1175000,0.9990689158439636,per_learner/1/reward,ppo_hier_items200_h1500\PPO_1
1179648,3.0091493129730225,per_learner/1/reward,ppo_hier_items200_h1500\PPO_1
1200000,1.0010972023010254,per_learner/1/reward,ppo_hier_items200_h1500\PPO_1
1212416,0.9990730881690979,per_learner/1/reward,ppo_hier_items200_h1500\PPO_1
1225000,0.9991791248321533,per_learner/1/reward,ppo_hier_items200_h1500\PPO_1
1245184,1.0010803937911987,per_learner/1/reward,ppo_hier_items200_h1500\PPO_1
1250000,3.009063482284546,per_learner/1/reward,ppo_hier_items200_h1500\PPO_1
1275000,3.009032726287842,per_learner/1/reward,ppo_hier_items200_h1500\PPO_1
1277952,1.0001533031463623,per_learner/1/reward,ppo_hier_items200_h1500\PPO_1
1300000,3.0090174674987793,per_learner/1/reward,ppo_hier_items200_h1500\PPO_1
1310720,0.9995262026786804,per_learner/1/reward,ppo_hier_items200_h1500\PPO_1
1325000,0.9999179840087891,per_learner/1/reward,ppo_hier_items200_h1500\PPO_1
1343488,3.009047269821167,per_learner/1/reward,ppo_hier_items200_h1500\PPO_1
1350000,3.0091593265533447,per_learner/1/reward,ppo_hier_items200_h1500\PPO_1
1375000,0.9990414977073669,per_learner/1/reward,ppo_hier_items200_h1500\PPO_1
1376256,1.0002973079681396,per_learner/1/reward,ppo_hier_items200_h1500\PPO_1
1400000,1.0005474090576172,per_learner/1/reward,ppo_hier_items200_h1500\PPO_1
1409024,1.0001401901245117,per_learner/1/reward,ppo_hier_items200_h1500\PPO_1
1425000,0.9994180202484131,per_learner/1/reward,ppo_hier_items200_h1500\PPO_1
1441792,0.9993462562561035,per_learner/1/reward,ppo_hier_items200_h1500\PPO_1
1450000,1.0005707740783691,per_learner/1/reward,ppo_hier_items200_h1500\PPO_1
1474560,1.0009294748306274,per_learner/1/reward,ppo_hier_items200_h1500\PPO_1
1475000,1.0010186433792114,per_learner/1/reward,ppo_hier_items200_h1500\PPO_1
1500000,1.0014580488204956,per_learner/1/reward,ppo_hier_items200_h1500\PPO_1
1507328,0.9999599456787109,per_learner/1/reward,ppo_hier_items200_h1500\PPO_1
1525000,0.9991925954818726,per_learner/1/reward,ppo_hier_items200_h1500\PPO_1
1540096,0.9997507929801941,per_learner/1/reward,ppo_hier_items200_h1500\PPO_1
1550000,0.9990996718406677,per_learner/1/reward,ppo_hier_items200_h1500\PPO_1
1572864,0.9991946220397949,per_learner/1/reward,ppo_hier_items200_h1500\PPO_1
1575000,0.9995788931846619,per_learner/1/reward,ppo_hier_items200_h1500\PPO_1
1600000,0.9990052580833435,per_learner/1/reward,ppo_hier_items200_h1500\PPO_1
1605632,1.0008622407913208,per_learner/1/reward,ppo_hier_items200_h1500\PPO_1
1625000,3.009089469909668,per_learner/1/reward,ppo_hier_items200_h1500\PPO_1
1638400,1.0001691579818726,per_learner/1/reward,ppo_hier_items200_h1500\PPO_1
1650000,0.999024510383606,per_learner/1/reward,ppo_hier_items200_h1500\PPO_1
1671168,0.9990107417106628,per_learner/1/reward,ppo_hier_items200_h1500\PPO_1
1675000,0.999143123626709,per_learner/1/reward,ppo_hier_items200_h1500\PPO_1
1700000,1.0004005432128906,per_learner/1/reward,ppo_hier_items200_h1500\PPO_1
1703936,1.0013043880462646,per_learner/1/reward,ppo_hier_items200_h1500\PPO_1
1725000,1.000575304031372,per_learner/1/reward,ppo_hier_items200_h1500\PPO_1
1736704,1.0003676414489746,per_learner/1/reward,ppo_hier_items200_h1500\PPO_1
1750000,1.0009331703186035,per_learner/1/reward,ppo_hier_items200_h1500\PPO_1
1769472,0.9992837309837341,per_learner/1/reward,ppo_hier_items200_h1500\PPO_1
1775000,1.0004385709762573,per_learner/1/reward,ppo_hier_items200_h1500\PPO_1
1800000,0.9990216493606567,per_learner/1/reward,ppo_hier_items200_h1500\PPO_1
1802240,0.9993517398834229,per_learner/1/reward,ppo_hier_items200_h1500\PPO_1
1825000,0.9992237091064453,per_learner/1/reward,ppo_hier_items200_h1500\PPO_1
1835008,0.9994395971298218,per_learner/1/reward,ppo_hier_items200_h1500\PPO_1
1850000,0.9992602467536926,per_learner/1/reward,ppo_hier_items200_h1500\PPO_1
1867776,1.000220775604248,per_learner/1/reward,ppo_hier_items200_h1500\PPO_1
1875000,0.999548614025116,per_learner/1/reward,ppo_hier_items200_h1500\PPO_1
1900000,3.009004831314087,per_learner/1/reward,ppo_hier_items200_h1500\PPO_1
1900544,1.0000314712524414,per_learner/1/reward,ppo_hier_items200_h1500\PPO_1
1925000,0.9998757243156433,per_learner/1/reward,ppo_hier_items200_h1500\PPO_1
1933312,0.999294638633728,per_learner/1/reward,ppo_hier_items200_h1500\PPO_1
1950000,1.0000946521759033,per_learner/1/reward,ppo_hier_items200_h1500\PPO_1
1966080,0.9994255304336548,per_learner/1/reward,ppo_hier_items200_h1500\PPO_1
1975000,0.9991708397865295,per_learner/1/reward,ppo_hier_items200_h1500\PPO_1
1998848,1.0002005100250244,per_learner/1/reward,ppo_hier_items200_h1500\PPO_1
2000000,1.000545859336853,per_learner/1/reward,ppo_hier_items200_h1500\PPO_1
2025000,1.0006437301635742,per_learner/1/reward,ppo_hier_items200_h1500\PPO_1
2031616,0.9997437596321106,per_learner/1/reward,ppo_hier_items200_h1500\PPO_1
25000,1.0,per_learner/1/rolling_acc,ppo_hier_items200_h1500\PPO_1
32768,0.9333333373069763,per_learner/1/rolling_acc,ppo_hier_items200_h1500\PPO_1
50000,1.0,per_learner/1/rolling_acc,ppo_hier_items200_h1500\PPO_1
65536,1.0,per_learner/1/rolling_acc,ppo_hier_items200_h1500\PPO_1
75000,1.0,per_learner/1/rolling_acc,ppo_hier_items200_h1500\PPO_1
98304,1.0,per_learner/1/rolling_acc,ppo_hier_items200_h1500\PPO_1
100000,1.0,per_learner/1/rolling_acc,ppo_hier_items200_h1500\PPO_1
125000,1.0,per_learner/1/rolling_acc,ppo_hier_items200_h1500\PPO_1
131072,1.0,per_learner/1/rolling_acc,ppo_hier_items200_h1500\PPO_1
150000,1.0,per_learner/1/rolling_acc,ppo_hier_items200_h1500\PPO_1
163840,1.0,per_learner/1/rolling_acc,ppo_hier_items200_h1500\PPO_1
175000,1.0,per_learner/1/rolling_acc,ppo_hier_items200_h1500\PPO_1
196608,1.0,per_learner/1/rolling_acc,ppo_hier_items200_h1500\PPO_1
200000,1.0,per_learner/1/rolling_acc,ppo_hier_items200_h1500\PPO_1
225000,1.0,per_learner/1/rolling_acc,ppo_hier_items200_h1500\PPO_1
229376,1.0,per_learner/1/rolling_acc,ppo_hier_items200_h1500\PPO_1
250000,1.0,per_learner/1/rolling_acc,ppo_hier_items200_h1500\PPO_1
262144,1.0,per_learner/1/rolling_acc,ppo_hier_items200_h1500\PPO_1
275000,1.0,per_learner/1/rolling_acc,ppo_hier_items200_h1500\PPO_1
294912,1.0,per_learner/1/rolling_acc,ppo_hier_items200_h1500\PPO_1
300000,0.9333333373069763,per_learner/1/rolling_acc,ppo_hier_items200_h1500\PPO_1
325000,1.0,per_learner/1/rolling_acc,ppo_hier_items200_h1500\PPO_1
327680,1.0,per_learner/1/rolling_acc,ppo_hier_items200_h1500\PPO_1
350000,1.0,per_learner/1/rolling_acc,ppo_hier_items200_h1500\PPO_1
360448,1.0,per_learner/1/rolling_acc,ppo_hier_items200_h1500\PPO_1
375000,1.0,per_learner/1/rolling_acc,ppo_hier_items200_h1500\PPO_1
393216,0.9666666388511658,per_learner/1/rolling_acc,ppo_hier_items200_h1500\PPO_1
400000,1.0,per_learner/1/rolling_acc,ppo_hier_items200_h1500\PPO_1
425000,1.0,per_learner/1/rolling_acc,ppo_hier_items200_h1500\PPO_1
425984,1.0,per_learner/1/rolling_acc,ppo_hier_items200_h1500\PPO_1
450000,1.0,per_learner/1/rolling_acc,ppo_hier_items200_h1500\PPO_1
458752,1.0,per_learner/1/rolling_acc,ppo_hier_items200_h1500\PPO_1
475000,1.0,per_learner/1/rolling_acc,ppo_hier_items200_h1500\PPO_1
491520,1.0,per_learner/1/rolling_acc,ppo_hier_items200_h1500\PPO_1
500000,1.0,per_learner/1/rolling_acc,ppo_hier_items200_h1500\PPO_1
524288,1.0,per_learner/1/rolling_acc,ppo_hier_items200_h1500\PPO_1
525000,1.0,per_learner/1/rolling_acc,ppo_hier_items200_h1500\PPO_1
550000,1.0,per_learner/1/rolling_acc,ppo_hier_items200_h1500\PPO_1
557056,1.0,per_learner/1/rolling_acc,ppo_hier_items200_h1500\PPO_1
575000,0.9666666388511658,per_learner/1/rolling_acc,ppo_hier_items200_h1500\PPO_1
589824,1.0,per_learner/1/rolling_acc,ppo_hier_items200_h1500\PPO_1
600000,1.0,per_learner/1/rolling_acc,ppo_hier_items200_h1500\PPO_1
622592,1.0,per_learner/1/rolling_acc,ppo_hier_items200_h1500\PPO_1
625000,1.0,per_learner/1/rolling_acc,ppo_hier_items200_h1500\PPO_1
650000,1.0,per_learner/1/rolling_acc,ppo_hier_items200_h1500\PPO_1
655360,1.0,per_learner/1/rolling_acc,ppo_hier_items200_h1500\PPO_1
675000,1.0,per_learner/1/rolling_acc,ppo_hier_items200_h1500\PPO_1
688128,1.0,per_learner/1/rolling_acc,ppo_hier_items200_h1500\PPO_1
700000,1.0,per_learner/1/rolling_acc,ppo_hier_items200_h1500\PPO_1
720896,1.0,per_learner/1/rolling_acc,ppo_hier_items200_h1500\PPO_1
725000,1.0,per_learner/1/rolling_acc,ppo_hier_items200_h1500\PPO_1
750000,1.0,per_learner/1/rolling_acc,ppo_hier_items200_h1500\PPO_1
753664,1.0,per_learner/1/rolling_acc,ppo_hier_items200_h1500\PPO_1
775000,1.0,per_learner/1/rolling_acc,ppo_hier_items200_h1500\PPO_1
786432,1.0,per_learner/1/rolling_acc,ppo_hier_items200_h1500\PPO_1
800000,1.0,per_learner/1/rolling_acc,ppo_hier_items200_h1500\PPO_1
819200,1.0,per_learner/1/rolling_acc,ppo_hier_items200_h1500\PPO_1
825000,1.0,per_learner/1/rolling_acc,ppo_hier_items200_h1500\PPO_1
850000,1.0,per_learner/1/rolling_acc,ppo_hier_items200_h1500\PPO_1
851968,1.0,per_learner/1/rolling_acc,ppo_hier_items200_h1500\PPO_1
875000,1.0,per_learner/1/rolling_acc,ppo_hier_items200_h1500\PPO_1
884736,1.0,per_learner/1/rolling_acc,ppo_hier_items200_h1500\PPO_1
900000,1.0,per_learner/1/rolling_acc,ppo_hier_items200_h1500\PPO_1
917504,1.0,per_learner/1/rolling_acc,ppo_hier_items200_h1500\PPO_1
925000,1.0,per_learner/1/rolling_acc,ppo_hier_items200_h1500\PPO_1
950000,1.0,per_learner/1/rolling_acc,ppo_hier_items200_h1500\PPO_1
950272,1.0,per_learner/1/rolling_acc,ppo_hier_items200_h1500\PPO_1
975000,1.0,per_learner/1/rolling_acc,ppo_hier_items200_h1500\PPO_1
983040,1.0,per_learner/1/rolling_acc,ppo_hier_items200_h1500\PPO_1
1000000,1.0,per_learner/1/rolling_acc,ppo_hier_items200_h1500\PPO_1
1015808,1.0,per_learner/1/rolling_acc,ppo_hier_items200_h1500\PPO_1
1025000,1.0,per_learner/1/rolling_acc,ppo_hier_items200_h1500\PPO_1
1048576,1.0,per_learner/1/rolling_acc,ppo_hier_items200_h1500\PPO_1
1050000,1.0,per_learner/1/rolling_acc,ppo_hier_items200_h1500\PPO_1
1075000,1.0,per_learner/1/rolling_acc,ppo_hier_items200_h1500\PPO_1
1081344,1.0,per_learner/1/rolling_acc,ppo_hier_items200_h1500\PPO_1
1100000,1.0,per_learner/1/rolling_acc,ppo_hier_items200_h1500\PPO_1
1114112,1.0,per_learner/1/rolling_acc,ppo_hier_items200_h1500\PPO_1
1125000,0.9666666388511658,per_learner/1/rolling_acc,ppo_hier_items200_h1500\PPO_1
1146880,1.0,per_learner/1/rolling_acc,ppo_hier_items200_h1500\PPO_1
1150000,0.9666666388511658,per_learner/1/rolling_acc,ppo_hier_items200_h1500\PPO_1
1175000,1.0,per_learner/1/rolling_acc,ppo_hier_items200_h1500\PPO_1
1179648,1.0,per_learner/1/rolling_acc,ppo_hier_items200_h1500\PPO_1
1200000,1.0,per_learner/1/rolling_acc,ppo_hier_items200_h1500\PPO_1
1212416,1.0,per_learner/1/rolling_acc,ppo_hier_items200_h1500\PPO_1
1225000,1.0,per_learner/1/rolling_acc,ppo_hier_items200_h1500\PPO_1
1245184,1.0,per_learner/1/rolling_acc,ppo_hier_items200_h1500\PPO_1
1250000,1.0,per_learner/1/rolling_acc,ppo_hier_items200_h1500\PPO_1
1275000,1.0,per_learner/1/rolling_acc,ppo_hier_items200_h1500\PPO_1
1277952,1.0,per_learner/1/rolling_acc,ppo_hier_items200_h1500\PPO_1
1300000,1.0,per_learner/1/rolling_acc,ppo_hier_items200_h1500\PPO_1
1310720,1.0,per_learner/1/rolling_acc,ppo_hier_items200_h1500\PPO_1
1325000,1.0,per_learner/1/rolling_acc,ppo_hier_items200_h1500\PPO_1
1343488,0.9666666388511658,per_learner/1/rolling_acc,ppo_hier_items200_h1500\PPO_1
1350000,1.0,per_learner/1/rolling_acc,ppo_hier_items200_h1500\PPO_1
1375000,1.0,per_learner/1/rolling_acc,ppo_hier_items200_h1500\PPO_1
1376256,1.0,per_learner/1/rolling_acc,ppo_hier_items200_h1500\PPO_1
1400000,1.0,per_learner/1/rolling_acc,ppo_hier_items200_h1500\PPO_1
1409024,1.0,per_learner/1/rolling_acc,ppo_hier_items200_h1500\PPO_1
1425000,1.0,per_learner/1/rolling_acc,ppo_hier_items200_h1500\PPO_1
1441792,1.0,per_learner/1/rolling_acc,ppo_hier_items200_h1500\PPO_1
1450000,1.0,per_learner/1/rolling_acc,ppo_hier_items200_h1500\PPO_1
1474560,0.9666666388511658,per_learner/1/rolling_acc,ppo_hier_items200_h1500\PPO_1
1475000,1.0,per_learner/1/rolling_acc,ppo_hier_items200_h1500\PPO_1
1500000,1.0,per_learner/1/rolling_acc,ppo_hier_items200_h1500\PPO_1
1507328,1.0,per_learner/1/rolling_acc,ppo_hier_items200_h1500\PPO_1
1525000,1.0,per_learner/1/rolling_acc,ppo_hier_items200_h1500\PPO_1
1540096,1.0,per_learner/1/rolling_acc,ppo_hier_items200_h1500\PPO_1
1550000,1.0,per_learner/1/rolling_acc,ppo_hier_items200_h1500\PPO_1
1572864,1.0,per_learner/1/rolling_acc,ppo_hier_items200_h1500\PPO_1
1575000,1.0,per_learner/1/rolling_acc,ppo_hier_items200_h1500\PPO_1
1600000,1.0,per_learner/1/rolling_acc,ppo_hier_items200_h1500\PPO_1
1605632,0.9666666388511658,per_learner/1/rolling_acc,ppo_hier_items200_h1500\PPO_1
1625000,1.0,per_learner/1/rolling_acc,ppo_hier_items200_h1500\PPO_1
1638400,1.0,per_learner/1/rolling_acc,ppo_hier_items200_h1500\PPO_1
1650000,1.0,per_learner/1/rolling_acc,ppo_hier_items200_h1500\PPO_1
1671168,1.0,per_learner/1/rolling_acc,ppo_hier_items200_h1500\PPO_1
1675000,1.0,per_learner/1/rolling_acc,ppo_hier_items200_h1500\PPO_1
1700000,1.0,per_learner/1/rolling_acc,ppo_hier_items200_h1500\PPO_1
1703936,1.0,per_learner/1/rolling_acc,ppo_hier_items200_h1500\PPO_1
1725000,1.0,per_learner/1/rolling_acc,ppo_hier_items200_h1500\PPO_1
1736704,1.0,per_learner/1/rolling_acc,ppo_hier_items200_h1500\PPO_1
1750000,1.0,per_learner/1/rolling_acc,ppo_hier_items200_h1500\PPO_1
1769472,1.0,per_learner/1/rolling_acc,ppo_hier_items200_h1500\PPO_1
1775000,1.0,per_learner/1/rolling_acc,ppo_hier_items200_h1500\PPO_1
1800000,1.0,per_learner/1/rolling_acc,ppo_hier_items200_h1500\PPO_1
1802240,1.0,per_learner/1/rolling_acc,ppo_hier_items200_h1500\PPO_1
1825000,1.0,per_learner/1/rolling_acc,ppo_hier_items200_h1500\PPO_1
1835008,1.0,per_learner/1/rolling_acc,ppo_hier_items200_h1500\PPO_1
1850000,1.0,per_learner/1/rolling_acc,ppo_hier_items200_h1500\PPO_1
1867776,1.0,per_learner/1/rolling_acc,ppo_hier_items200_h1500\PPO_1
1875000,1.0,per_learner/1/rolling_acc,ppo_hier_items200_h1500\PPO_1
1900000,1.0,per_learner/1/rolling_acc,ppo_hier_items200_h1500\PPO_1
1900544,1.0,per_learner/1/rolling_acc,ppo_hier_items200_h1500\PPO_1
1925000,1.0,per_learner/1/rolling_acc,ppo_hier_items200_h1500\PPO_1
1933312,1.0,per_learner/1/rolling_acc,ppo_hier_items200_h1500\PPO_1
1950000,1.0,per_learner/1/rolling_acc,ppo_hier_items200_h1500\PPO_1
1966080,1.0,per_learner/1/rolling_acc,ppo_hier_items200_h1500\PPO_1
1975000,1.0,per_learner/1/rolling_acc,ppo_hier_items200_h1500\PPO_1
1998848,1.0,per_learner/1/rolling_acc,ppo_hier_items200_h1500\PPO_1
2000000,0.9666666388511658,per_learner/1/rolling_acc,ppo_hier_items200_h1500\PPO_1
2025000,1.0,per_learner/1/rolling_acc,ppo_hier_items200_h1500\PPO_1
2031616,1.0,per_learner/1/rolling_acc,ppo_hier_items200_h1500\PPO_1
25000,1.0,per_learner/2/correct,ppo_hier_items200_h1500\PPO_1
32768,1.0,per_learner/2/correct,ppo_hier_items200_h1500\PPO_1
50000,1.0,per_learner/2/correct,ppo_hier_items200_h1500\PPO_1
65536,1.0,per_learner/2/correct,ppo_hier_items200_h1500\PPO_1
75000,1.0,per_learner/2/correct,ppo_hier_items200_h1500\PPO_1
98304,1.0,per_learner/2/correct,ppo_hier_items200_h1500\PPO_1
100000,1.0,per_learner/2/correct,ppo_hier_items200_h1500\PPO_1
125000,1.0,per_learner/2/correct,ppo_hier_items200_h1500\PPO_1
131072,1.0,per_learner/2/correct,ppo_hier_items200_h1500\PPO_1
150000,1.0,per_learner/2/correct,ppo_hier_items200_h1500\PPO_1
163840,1.0,per_learner/2/correct,ppo_hier_items200_h1500\PPO_1
175000,1.0,per_learner/2/correct,ppo_hier_items200_h1500\PPO_1
196608,1.0,per_learner/2/correct,ppo_hier_items200_h1500\PPO_1
200000,1.0,per_learner/2/correct,ppo_hier_items200_h1500\PPO_1
225000,1.0,per_learner/2/correct,ppo_hier_items200_h1500\PPO_1
229376,1.0,per_learner/2/correct,ppo_hier_items200_h1500\PPO_1
250000,1.0,per_learner/2/correct,ppo_hier_items200_h1500\PPO_1
262144,1.0,per_learner/2/correct,ppo_hier_items200_h1500\PPO_1
275000,1.0,per_learner/2/correct,ppo_hier_items200_h1500\PPO_1
294912,1.0,per_learner/2/correct,ppo_hier_items200_h1500\PPO_1
300000,1.0,per_learner/2/correct,ppo_hier_items200_h1500\PPO_1
325000,1.0,per_learner/2/correct,ppo_hier_items200_h1500\PPO_1
327680,1.0,per_learner/2/correct,ppo_hier_items200_h1500\PPO_1
350000,1.0,per_learner/2/correct,ppo_hier_items200_h1500\PPO_1
360448,1.0,per_learner/2/correct,ppo_hier_items200_h1500\PPO_1
375000,1.0,per_learner/2/correct,ppo_hier_items200_h1500\PPO_1
393216,1.0,per_learner/2/correct,ppo_hier_items200_h1500\PPO_1
400000,1.0,per_learner/2/correct,ppo_hier_items200_h1500\PPO_1
425000,1.0,per_learner/2/correct,ppo_hier_items200_h1500\PPO_1
425984,1.0,per_learner/2/correct,ppo_hier_items200_h1500\PPO_1
450000,1.0,per_learner/2/correct,ppo_hier_items200_h1500\PPO_1
458752,1.0,per_learner/2/correct,ppo_hier_items200_h1500\PPO_1
475000,1.0,per_learner/2/correct,ppo_hier_items200_h1500\PPO_1
491520,1.0,per_learner/2/correct,ppo_hier_items200_h1500\PPO_1
500000,1.0,per_learner/2/correct,ppo_hier_items200_h1500\PPO_1
524288,1.0,per_learner/2/correct,ppo_hier_items200_h1500\PPO_1
525000,1.0,per_learner/2/correct,ppo_hier_items200_h1500\PPO_1
550000,1.0,per_learner/2/correct,ppo_hier_items200_h1500\PPO_1
557056,1.0,per_learner/2/correct,ppo_hier_items200_h1500\PPO_1
575000,1.0,per_learner/2/correct,ppo_hier_items200_h1500\PPO_1
589824,1.0,per_learner/2/correct,ppo_hier_items200_h1500\PPO_1
600000,1.0,per_learner/2/correct,ppo_hier_items200_h1500\PPO_1
622592,1.0,per_learner/2/correct,ppo_hier_items200_h1500\PPO_1
625000,1.0,per_learner/2/correct,ppo_hier_items200_h1500\PPO_1
650000,1.0,per_learner/2/correct,ppo_hier_items200_h1500\PPO_1
655360,1.0,per_learner/2/correct,ppo_hier_items200_h1500\PPO_1
675000,1.0,per_learner/2/correct,ppo_hier_items200_h1500\PPO_1
688128,1.0,per_learner/2/correct,ppo_hier_items200_h1500\PPO_1
700000,1.0,per_learner/2/correct,ppo_hier_items200_h1500\PPO_1
720896,1.0,per_learner/2/correct,ppo_hier_items200_h1500\PPO_1
725000,1.0,per_learner/2/correct,ppo_hier_items200_h1500\PPO_1
750000,1.0,per_learner/2/correct,ppo_hier_items200_h1500\PPO_1
753664,1.0,per_learner/2/correct,ppo_hier_items200_h1500\PPO_1
775000,1.0,per_learner/2/correct,ppo_hier_items200_h1500\PPO_1
786432,1.0,per_learner/2/correct,ppo_hier_items200_h1500\PPO_1
800000,1.0,per_learner/2/correct,ppo_hier_items200_h1500\PPO_1
819200,1.0,per_learner/2/correct,ppo_hier_items200_h1500\PPO_1
825000,1.0,per_learner/2/correct,ppo_hier_items200_h1500\PPO_1
850000,1.0,per_learner/2/correct,ppo_hier_items200_h1500\PPO_1
851968,1.0,per_learner/2/correct,ppo_hier_items200_h1500\PPO_1
875000,1.0,per_learner/2/correct,ppo_hier_items200_h1500\PPO_1
884736,1.0,per_learner/2/correct,ppo_hier_items200_h1500\PPO_1
900000,1.0,per_learner/2/correct,ppo_hier_items200_h1500\PPO_1
917504,1.0,per_learner/2/correct,ppo_hier_items200_h1500\PPO_1
925000,1.0,per_learner/2/correct,ppo_hier_items200_h1500\PPO_1
950000,1.0,per_learner/2/correct,ppo_hier_items200_h1500\PPO_1
950272,1.0,per_learner/2/correct,ppo_hier_items200_h1500\PPO_1
975000,1.0,per_learner/2/correct,ppo_hier_items200_h1500\PPO_1
983040,1.0,per_learner/2/correct,ppo_hier_items200_h1500\PPO_1
1000000,1.0,per_learner/2/correct,ppo_hier_items200_h1500\PPO_1
1015808,1.0,per_learner/2/correct,ppo_hier_items200_h1500\PPO_1
1025000,1.0,per_learner/2/correct,ppo_hier_items200_h1500\PPO_1
1048576,1.0,per_learner/2/correct,ppo_hier_items200_h1500\PPO_1
1050000,1.0,per_learner/2/correct,ppo_hier_items200_h1500\PPO_1
1075000,1.0,per_learner/2/correct,ppo_hier_items200_h1500\PPO_1
1081344,1.0,per_learner/2/correct,ppo_hier_items200_h1500\PPO_1
1100000,1.0,per_learner/2/correct,ppo_hier_items200_h1500\PPO_1
1114112,1.0,per_learner/2/correct,ppo_hier_items200_h1500\PPO_1
1125000,1.0,per_learner/2/correct,ppo_hier_items200_h1500\PPO_1
1146880,1.0,per_learner/2/correct,ppo_hier_items200_h1500\PPO_1
1150000,1.0,per_learner/2/correct,ppo_hier_items200_h1500\PPO_1
1175000,1.0,per_learner/2/correct,ppo_hier_items200_h1500\PPO_1
1179648,1.0,per_learner/2/correct,ppo_hier_items200_h1500\PPO_1
1200000,1.0,per_learner/2/correct,ppo_hier_items200_h1500\PPO_1
1212416,1.0,per_learner/2/correct,ppo_hier_items200_h1500\PPO_1
1225000,1.0,per_learner/2/correct,ppo_hier_items200_h1500\PPO_1
1245184,1.0,per_learner/2/correct,ppo_hier_items200_h1500\PPO_1
1250000,1.0,per_learner/2/correct,ppo_hier_items200_h1500\PPO_1
1275000,1.0,per_learner/2/correct,ppo_hier_items200_h1500\PPO_1
1277952,1.0,per_learner/2/correct,ppo_hier_items200_h1500\PPO_1
1300000,1.0,per_learner/2/correct,ppo_hier_items200_h1500\PPO_1
1310720,1.0,per_learner/2/correct,ppo_hier_items200_h1500\PPO_1
1325000,1.0,per_learner/2/correct,ppo_hier_items200_h1500\PPO_1
1343488,1.0,per_learner/2/correct,ppo_hier_items200_h1500\PPO_1
1350000,1.0,per_learner/2/correct,ppo_hier_items200_h1500\PPO_1
1375000,1.0,per_learner/2/correct,ppo_hier_items200_h1500\PPO_1
1376256,1.0,per_learner/2/correct,ppo_hier_items200_h1500\PPO_1
1400000,1.0,per_learner/2/correct,ppo_hier_items200_h1500\PPO_1
1409024,1.0,per_learner/2/correct,ppo_hier_items200_h1500\PPO_1
1425000,1.0,per_learner/2/correct,ppo_hier_items200_h1500\PPO_1
1441792,1.0,per_learner/2/correct,ppo_hier_items200_h1500\PPO_1
1450000,1.0,per_learner/2/correct,ppo_hier_items200_h1500\PPO_1
1474560,1.0,per_learner/2/correct,ppo_hier_items200_h1500\PPO_1
1475000,1.0,per_learner/2/correct,ppo_hier_items200_h1500\PPO_1
1500000,1.0,per_learner/2/correct,ppo_hier_items200_h1500\PPO_1
1507328,1.0,per_learner/2/correct,ppo_hier_items200_h1500\PPO_1
1525000,1.0,per_learner/2/correct,ppo_hier_items200_h1500\PPO_1
1540096,1.0,per_learner/2/correct,ppo_hier_items200_h1500\PPO_1
1550000,1.0,per_learner/2/correct,ppo_hier_items200_h1500\PPO_1
1572864,1.0,per_learner/2/correct,ppo_hier_items200_h1500\PPO_1
1575000,1.0,per_learner/2/correct,ppo_hier_items200_h1500\PPO_1
1600000,1.0,per_learner/2/correct,ppo_hier_items200_h1500\PPO_1
1605632,1.0,per_learner/2/correct,ppo_hier_items200_h1500\PPO_1
1625000,1.0,per_learner/2/correct,ppo_hier_items200_h1500\PPO_1
1638400,1.0,per_learner/2/correct,ppo_hier_items200_h1500\PPO_1
1650000,1.0,per_learner/2/correct,ppo_hier_items200_h1500\PPO_1
1671168,1.0,per_learner/2/correct,ppo_hier_items200_h1500\PPO_1
1675000,1.0,per_learner/2/correct,ppo_hier_items200_h1500\PPO_1
1700000,1.0,per_learner/2/correct,ppo_hier_items200_h1500\PPO_1
1703936,1.0,per_learner/2/correct,ppo_hier_items200_h1500\PPO_1
1725000,1.0,per_learner/2/correct,ppo_hier_items200_h1500\PPO_1
1736704,1.0,per_learner/2/correct,ppo_hier_items200_h1500\PPO_1
1750000,1.0,per_learner/2/correct,ppo_hier_items200_h1500\PPO_1
1769472,1.0,per_learner/2/correct,ppo_hier_items200_h1500\PPO_1
1775000,1.0,per_learner/2/correct,ppo_hier_items200_h1500\PPO_1
1800000,1.0,per_learner/2/correct,ppo_hier_items200_h1500\PPO_1
1802240,1.0,per_learner/2/correct,ppo_hier_items200_h1500\PPO_1
1825000,1.0,per_learner/2/correct,ppo_hier_items200_h1500\PPO_1
1835008,1.0,per_learner/2/correct,ppo_hier_items200_h1500\PPO_1
1850000,1.0,per_learner/2/correct,ppo_hier_items200_h1500\PPO_1
1867776,1.0,per_learner/2/correct,ppo_hier_items200_h1500\PPO_1
1875000,1.0,per_learner/2/correct,ppo_hier_items200_h1500\PPO_1
1900000,1.0,per_learner/2/correct,ppo_hier_items200_h1500\PPO_1
1900544,1.0,per_learner/2/correct,ppo_hier_items200_h1500\PPO_1
1925000,1.0,per_learner/2/correct,ppo_hier_items200_h1500\PPO_1
1933312,1.0,per_learner/2/correct,ppo_hier_items200_h1500\PPO_1
1950000,1.0,per_learner/2/correct,ppo_hier_items200_h1500\PPO_1
1966080,1.0,per_learner/2/correct,ppo_hier_items200_h1500\PPO_1
1975000,1.0,per_learner/2/correct,ppo_hier_items200_h1500\PPO_1
1998848,1.0,per_learner/2/correct,ppo_hier_items200_h1500\PPO_1
2000000,1.0,per_learner/2/correct,ppo_hier_items200_h1500\PPO_1
2025000,1.0,per_learner/2/correct,ppo_hier_items200_h1500\PPO_1
2031616,1.0,per_learner/2/correct,ppo_hier_items200_h1500\PPO_1
25000,0.0,per_learner/2/mastered_count,ppo_hier_items200_h1500\PPO_1
32768,9.0,per_learner/2/mastered_count,ppo_hier_items200_h1500\PPO_1
50000,0.0,per_learner/2/mastered_count,ppo_hier_items200_h1500\PPO_1
65536,2.0,per_learner/2/mastered_count,ppo_hier_items200_h1500\PPO_1
75000,2.0,per_learner/2/mastered_count,ppo_hier_items200_h1500\PPO_1
98304,0.0,per_learner/2/mastered_count,ppo_hier_items200_h1500\PPO_1
100000,0.0,per_learner/2/mastered_count,ppo_hier_items200_h1500\PPO_1
125000,6.0,per_learner/2/mastered_count,ppo_hier_items200_h1500\PPO_1
131072,12.0,per_learner/2/mastered_count,ppo_hier_items200_h1500\PPO_1
150000,2.0,per_learner/2/mastered_count,ppo_hier_items200_h1500\PPO_1
163840,4.0,per_learner/2/mastered_count,ppo_hier_items200_h1500\PPO_1
175000,5.0,per_learner/2/mastered_count,ppo_hier_items200_h1500\PPO_1
196608,3.0,per_learner/2/mastered_count,ppo_hier_items200_h1500\PPO_1
200000,9.0,per_learner/2/mastered_count,ppo_hier_items200_h1500\PPO_1
225000,9.0,per_learner/2/mastered_count,ppo_hier_items200_h1500\PPO_1
229376,1.0,per_learner/2/mastered_count,ppo_hier_items200_h1500\PPO_1
250000,15.0,per_learner/2/mastered_count,ppo_hier_items200_h1500\PPO_1
262144,11.0,per_learner/2/mastered_count,ppo_hier_items200_h1500\PPO_1
275000,19.0,per_learner/2/mastered_count,ppo_hier_items200_h1500\PPO_1
294912,9.0,per_learner/2/mastered_count,ppo_hier_items200_h1500\PPO_1
300000,22.0,per_learner/2/mastered_count,ppo_hier_items200_h1500\PPO_1
325000,0.0,per_learner/2/mastered_count,ppo_hier_items200_h1500\PPO_1
327680,2.0,per_learner/2/mastered_count,ppo_hier_items200_h1500\PPO_1
350000,0.0,per_learner/2/mastered_count,ppo_hier_items200_h1500\PPO_1
360448,0.0,per_learner/2/mastered_count,ppo_hier_items200_h1500\PPO_1
375000,1.0,per_learner/2/mastered_count,ppo_hier_items200_h1500\PPO_1
393216,14.0,per_learner/2/mastered_count,ppo_hier_items200_h1500\PPO_1
400000,3.0,per_learner/2/mastered_count,ppo_hier_items200_h1500\PPO_1
425000,5.0,per_learner/2/mastered_count,ppo_hier_items200_h1500\PPO_1
425984,4.0,per_learner/2/mastered_count,ppo_hier_items200_h1500\PPO_1
450000,11.0,per_learner/2/mastered_count,ppo_hier_items200_h1500\PPO_1
458752,3.0,per_learner/2/mastered_count,ppo_hier_items200_h1500\PPO_1
475000,8.0,per_learner/2/mastered_count,ppo_hier_items200_h1500\PPO_1
491520,24.0,per_learner/2/mastered_count,ppo_hier_items200_h1500\PPO_1
500000,6.0,per_learner/2/mastered_count,ppo_hier_items200_h1500\PPO_1
524288,13.0,per_learner/2/mastered_count,ppo_hier_items200_h1500\PPO_1
525000,13.0,per_learner/2/mastered_count,ppo_hier_items200_h1500\PPO_1
550000,12.0,per_learner/2/mastered_count,ppo_hier_items200_h1500\PPO_1
557056,5.0,per_learner/2/mastered_count,ppo_hier_items200_h1500\PPO_1
575000,15.0,per_learner/2/mastered_count,ppo_hier_items200_h1500\PPO_1
589824,1.0,per_learner/2/mastered_count,ppo_hier_items200_h1500\PPO_1
600000,30.0,per_learner/2/mastered_count,ppo_hier_items200_h1500\PPO_1
622592,15.0,per_learner/2/mastered_count,ppo_hier_items200_h1500\PPO_1
625000,0.0,per_learner/2/mastered_count,ppo_hier_items200_h1500\PPO_1
650000,0.0,per_learner/2/mastered_count,ppo_hier_items200_h1500\PPO_1
655360,7.0,per_learner/2/mastered_count,ppo_hier_items200_h1500\PPO_1
675000,3.0,per_learner/2/mastered_count,ppo_hier_items200_h1500\PPO_1
688128,4.0,per_learner/2/mastered_count,ppo_hier_items200_h1500\PPO_1
700000,3.0,per_learner/2/mastered_count,ppo_hier_items200_h1500\PPO_1
720896,1.0,per_learner/2/mastered_count,ppo_hier_items200_h1500\PPO_1
725000,9.0,per_learner/2/mastered_count,ppo_hier_items200_h1500\PPO_1
750000,7.0,per_learner/2/mastered_count,ppo_hier_items200_h1500\PPO_1
753664,13.0,per_learner/2/mastered_count,ppo_hier_items200_h1500\PPO_1
775000,15.0,per_learner/2/mastered_count,ppo_hier_items200_h1500\PPO_1
786432,12.0,per_learner/2/mastered_count,ppo_hier_items200_h1500\PPO_1
800000,13.0,per_learner/2/mastered_count,ppo_hier_items200_h1500\PPO_1
819200,3.0,per_learner/2/mastered_count,ppo_hier_items200_h1500\PPO_1
825000,13.0,per_learner/2/mastered_count,ppo_hier_items200_h1500\PPO_1
850000,21.0,per_learner/2/mastered_count,ppo_hier_items200_h1500\PPO_1
851968,24.0,per_learner/2/mastered_count,ppo_hier_items200_h1500\PPO_1
875000,25.0,per_learner/2/mastered_count,ppo_hier_items200_h1500\PPO_1
884736,14.0,per_learner/2/mastered_count,ppo_hier_items200_h1500\PPO_1
900000,29.0,per_learner/2/mastered_count,ppo_hier_items200_h1500\PPO_1
917504,10.0,per_learner/2/mastered_count,ppo_hier_items200_h1500\PPO_1
925000,2.0,per_learner/2/mastered_count,ppo_hier_items200_h1500\PPO_1
950000,4.0,per_learner/2/mastered_count,ppo_hier_items200_h1500\PPO_1
950272,2.0,per_learner/2/mastered_count,ppo_hier_items200_h1500\PPO_1
975000,4.0,per_learner/2/mastered_count,ppo_hier_items200_h1500\PPO_1
983040,32.0,per_learner/2/mastered_count,ppo_hier_items200_h1500\PPO_1
1000000,6.0,per_learner/2/mastered_count,ppo_hier_items200_h1500\PPO_1
1015808,19.0,per_learner/2/mastered_count,ppo_hier_items200_h1500\PPO_1
1025000,14.0,per_learner/2/mastered_count,ppo_hier_items200_h1500\PPO_1
1048576,12.0,per_learner/2/mastered_count,ppo_hier_items200_h1500\PPO_1
1050000,13.0,per_learner/2/mastered_count,ppo_hier_items200_h1500\PPO_1
1075000,13.0,per_learner/2/mastered_count,ppo_hier_items200_h1500\PPO_1
1081344,1.0,per_learner/2/mastered_count,ppo_hier_items200_h1500\PPO_1
1100000,22.0,per_learner/2/mastered_count,ppo_hier_items200_h1500\PPO_1
1114112,23.0,per_learner/2/mastered_count,ppo_hier_items200_h1500\PPO_1
1125000,24.0,per_learner/2/mastered_count,ppo_hier_items200_h1500\PPO_1
1146880,17.0,per_learner/2/mastered_count,ppo_hier_items200_h1500\PPO_1
1150000,25.0,per_learner/2/mastered_count,ppo_hier_items200_h1500\PPO_1
1175000,25.0,per_learner/2/mastered_count,ppo_hier_items200_h1500\PPO_1
1179648,9.0,per_learner/2/mastered_count,ppo_hier_items200_h1500\PPO_1
1200000,25.0,per_learner/2/mastered_count,ppo_hier_items200_h1500\PPO_1
1212416,0.0,per_learner/2/mastered_count,ppo_hier_items200_h1500\PPO_1
1225000,0.0,per_learner/2/mastered_count,ppo_hier_items200_h1500\PPO_1
1245184,22.0,per_learner/2/mastered_count,ppo_hier_items200_h1500\PPO_1
1250000,3.0,per_learner/2/mastered_count,ppo_hier_items200_h1500\PPO_1
1275000,5.0,per_learner/2/mastered_count,ppo_hier_items200_h1500\PPO_1
1277952,13.0,per_learner/2/mastered_count,ppo_hier_items200_h1500\PPO_1
1300000,12.0,per_learner/2/mastered_count,ppo_hier_items200_h1500\PPO_1
1310720,7.0,per_learner/2/mastered_count,ppo_hier_items200_h1500\PPO_1
1325000,13.0,per_learner/2/mastered_count,ppo_hier_items200_h1500\PPO_1
1343488,25.0,per_learner/2/mastered_count,ppo_hier_items200_h1500\PPO_1
1350000,15.0,per_learner/2/mastered_count,ppo_hier_items200_h1500\PPO_1
1375000,15.0,per_learner/2/mastered_count,ppo_hier_items200_h1500\PPO_1
1376256,17.0,per_learner/2/mastered_count,ppo_hier_items200_h1500\PPO_1
1400000,18.0,per_learner/2/mastered_count,ppo_hier_items200_h1500\PPO_1
1409024,17.0,per_learner/2/mastered_count,ppo_hier_items200_h1500\PPO_1
1425000,22.0,per_learner/2/mastered_count,ppo_hier_items200_h1500\PPO_1
1441792,5.0,per_learner/2/mastered_count,ppo_hier_items200_h1500\PPO_1
1450000,23.0,per_learner/2/mastered_count,ppo_hier_items200_h1500\PPO_1
1474560,27.0,per_learner/2/mastered_count,ppo_hier_items200_h1500\PPO_1
1475000,30.0,per_learner/2/mastered_count,ppo_hier_items200_h1500\PPO_1
1500000,26.0,per_learner/2/mastered_count,ppo_hier_items200_h1500\PPO_1
1507328,16.0,per_learner/2/mastered_count,ppo_hier_items200_h1500\PPO_1
1525000,1.0,per_learner/2/mastered_count,ppo_hier_items200_h1500\PPO_1
1540096,13.0,per_learner/2/mastered_count,ppo_hier_items200_h1500\PPO_1
1550000,5.0,per_learner/2/mastered_count,ppo_hier_items200_h1500\PPO_1
1572864,1.0,per_learner/2/mastered_count,ppo_hier_items200_h1500\PPO_1
1575000,7.0,per_learner/2/mastered_count,ppo_hier_items200_h1500\PPO_1
1600000,5.0,per_learner/2/mastered_count,ppo_hier_items200_h1500\PPO_1
1605632,19.0,per_learner/2/mastered_count,ppo_hier_items200_h1500\PPO_1
1625000,12.0,per_learner/2/mastered_count,ppo_hier_items200_h1500\PPO_1
1638400,18.0,per_learner/2/mastered_count,ppo_hier_items200_h1500\PPO_1
1650000,13.0,per_learner/2/mastered_count,ppo_hier_items200_h1500\PPO_1
1671168,8.0,per_learner/2/mastered_count,ppo_hier_items200_h1500\PPO_1
1675000,20.0,per_learner/2/mastered_count,ppo_hier_items200_h1500\PPO_1
1700000,21.0,per_learner/2/mastered_count,ppo_hier_items200_h1500\PPO_1
1703936,31.0,per_learner/2/mastered_count,ppo_hier_items200_h1500\PPO_1
1725000,22.0,per_learner/2/mastered_count,ppo_hier_items200_h1500\PPO_1
1736704,25.0,per_learner/2/mastered_count,ppo_hier_items200_h1500\PPO_1
1750000,23.0,per_learner/2/mastered_count,ppo_hier_items200_h1500\PPO_1
1769472,18.0,per_learner/2/mastered_count,ppo_hier_items200_h1500\PPO_1
1775000,24.0,per_learner/2/mastered_count,ppo_hier_items200_h1500\PPO_1
1800000,33.0,per_learner/2/mastered_count,ppo_hier_items200_h1500\PPO_1
1802240,6.0,per_learner/2/mastered_count,ppo_hier_items200_h1500\PPO_1
1825000,2.0,per_learner/2/mastered_count,ppo_hier_items200_h1500\PPO_1
1835008,23.0,per_learner/2/mastered_count,ppo_hier_items200_h1500\PPO_1
1850000,4.0,per_learner/2/mastered_count,ppo_hier_items200_h1500\PPO_1
1867776,21.0,per_learner/2/mastered_count,ppo_hier_items200_h1500\PPO_1
1875000,8.0,per_learner/2/mastered_count,ppo_hier_items200_h1500\PPO_1
1900000,12.0,per_learner/2/mastered_count,ppo_hier_items200_h1500\PPO_1
1900544,12.0,per_learner/2/mastered_count,ppo_hier_items200_h1500\PPO_1
1925000,17.0,per_learner/2/mastered_count,ppo_hier_items200_h1500\PPO_1
1933312,2.0,per_learner/2/mastered_count,ppo_hier_items200_h1500\PPO_1
1950000,17.0,per_learner/2/mastered_count,ppo_hier_items200_h1500\PPO_1
1966080,19.0,per_learner/2/mastered_count,ppo_hier_items200_h1500\PPO_1
1975000,17.0,per_learner/2/mastered_count,ppo_hier_items200_h1500\PPO_1
1998848,17.0,per_learner/2/mastered_count,ppo_hier_items200_h1500\PPO_1
2000000,19.0,per_learner/2/mastered_count,ppo_hier_items200_h1500\PPO_1
2025000,25.0,per_learner/2/mastered_count,ppo_hier_items200_h1500\PPO_1
2031616,6.0,per_learner/2/mastered_count,ppo_hier_items200_h1500\PPO_1
25000,0.9997073411941528,per_learner/2/p_correct,ppo_hier_items200_h1500\PPO_1
32768,0.9977027773857117,per_learner/2/p_correct,ppo_hier_items200_h1500\PPO_1
50000,0.9995306134223938,per_learner/2/p_correct,ppo_hier_items200_h1500\PPO_1
65536,0.9986854791641235,per_learner/2/p_correct,ppo_hier_items200_h1500\PPO_1
75000,0.999276876449585,per_learner/2/p_correct,ppo_hier_items200_h1500\PPO_1
98304,0.999309241771698,per_learner/2/p_correct,ppo_hier_items200_h1500\PPO_1
100000,0.9993016719818115,per_learner/2/p_correct,ppo_hier_items200_h1500\PPO_1
125000,0.9987033605575562,per_learner/2/p_correct,ppo_hier_items200_h1500\PPO_1
131072,0.9997668266296387,per_learner/2/p_correct,ppo_hier_items200_h1500\PPO_1
150000,0.9997116327285767,per_learner/2/p_correct,ppo_hier_items200_h1500\PPO_1
163840,0.9986303448677063,per_learner/2/p_correct,ppo_hier_items200_h1500\PPO_1
175000,0.998184323310852,per_learner/2/p_correct,ppo_hier_items200_h1500\PPO_1
196608,0.9996984004974365,per_learner/2/p_correct,ppo_hier_items200_h1500\PPO_1
200000,0.9986023902893066,per_learner/2/p_correct,ppo_hier_items200_h1500\PPO_1
225000,0.9978283047676086,per_learner/2/p_correct,ppo_hier_items200_h1500\PPO_1
229376,0.999671220779419,per_learner/2/p_correct,ppo_hier_items200_h1500\PPO_1
250000,0.9976286292076111,per_learner/2/p_correct,ppo_hier_items200_h1500\PPO_1
262144,0.9972749948501587,per_learner/2/p_correct,ppo_hier_items200_h1500\PPO_1
275000,0.9980782270431519,per_learner/2/p_correct,ppo_hier_items200_h1500\PPO_1
294912,0.9983590245246887,per_learner/2/p_correct,ppo_hier_items200_h1500\PPO_1
300000,0.9996556043624878,per_learner/2/p_correct,ppo_hier_items200_h1500\PPO_1
325000,0.9997643232345581,per_learner/2/p_correct,ppo_hier_items200_h1500\PPO_1
327680,0.9990460276603699,per_learner/2/p_correct,ppo_hier_items200_h1500\PPO_1
350000,0.9994771480560303,per_learner/2/p_correct,ppo_hier_items200_h1500\PPO_1
360448,0.9998835921287537,per_learner/2/p_correct,ppo_hier_items200_h1500\PPO_1
375000,0.999194860458374,per_learner/2/p_correct,ppo_hier_items200_h1500\PPO_1
393216,0.9977743029594421,per_learner/2/p_correct,ppo_hier_items200_h1500\PPO_1
400000,0.9989650249481201,per_learner/2/p_correct,ppo_hier_items200_h1500\PPO_1
425000,0.9985063672065735,per_learner/2/p_correct,ppo_hier_items200_h1500\PPO_1
425984,0.9989533424377441,per_learner/2/p_correct,ppo_hier_items200_h1500\PPO_1
450000,0.9998564720153809,per_learner/2/p_correct,ppo_hier_items200_h1500\PPO_1
458752,0.9991750121116638,per_learner/2/p_correct,ppo_hier_items200_h1500\PPO_1
475000,0.998310923576355,per_learner/2/p_correct,ppo_hier_items200_h1500\PPO_1
491520,0.9989950656890869,per_learner/2/p_correct,ppo_hier_items200_h1500\PPO_1
500000,0.9986023902893066,per_learner/2/p_correct,ppo_hier_items200_h1500\PPO_1
524288,0.997828483581543,per_learner/2/p_correct,ppo_hier_items200_h1500\PPO_1
525000,0.9984276294708252,per_learner/2/p_correct,ppo_hier_items200_h1500\PPO_1
550000,0.9999930262565613,per_learner/2/p_correct,ppo_hier_items200_h1500\PPO_1
557056,0.9996333122253418,per_learner/2/p_correct,ppo_hier_items200_h1500\PPO_1
575000,0.9971182942390442,per_learner/2/p_correct,ppo_hier_items200_h1500\PPO_1
589824,0.9995576739311218,per_learner/2/p_correct,ppo_hier_items200_h1500\PPO_1
600000,0.999938428401947,per_learner/2/p_correct,ppo_hier_items200_h1500\PPO_1
622592,0.9990907907485962,per_learner/2/p_correct,ppo_hier_items200_h1500\PPO_1
625000,0.9997594356536865,per_learner/2/p_correct,ppo_hier_items200_h1500\PPO_1
650000,0.9995267987251282,per_learner/2/p_correct,ppo_hier_items200_h1500\PPO_1
655360,0.998254656791687,per_learner/2/p_correct,ppo_hier_items200_h1500\PPO_1
675000,0.9992765188217163,per_learner/2/p_correct,ppo_hier_items200_h1500\PPO_1
688128,0.9987627267837524,per_learner/2/p_correct,ppo_hier_items200_h1500\PPO_1
700000,0.9999162554740906,per_learner/2/p_correct,ppo_hier_items200_h1500\PPO_1
720896,0.9997826814651489,per_learner/2/p_correct,ppo_hier_items200_h1500\PPO_1
725000,0.9997093081474304,per_learner/2/p_correct,ppo_hier_items200_h1500\PPO_1
750000,0.9996797442436218,per_learner/2/p_correct,ppo_hier_items200_h1500\PPO_1
753664,0.9983102083206177,per_learner/2/p_correct,ppo_hier_items200_h1500\PPO_1
775000,0.9983055591583252,per_learner/2/p_correct,ppo_hier_items200_h1500\PPO_1
786432,0.9984728693962097,per_learner/2/p_correct,ppo_hier_items200_h1500\PPO_1
800000,0.9980634450912476,per_learner/2/p_correct,ppo_hier_items200_h1500\PPO_1
819200,0.9992241263389587,per_learner/2/p_correct,ppo_hier_items200_h1500\PPO_1
825000,0.9978283047676086,per_learner/2/p_correct,ppo_hier_items200_h1500\PPO_1
850000,0.99981290102005,per_learner/2/p_correct,ppo_hier_items200_h1500\PPO_1
851968,0.9998012781143188,per_learner/2/p_correct,ppo_hier_items200_h1500\PPO_1
875000,0.9973459243774414,per_learner/2/p_correct,ppo_hier_items200_h1500\PPO_1
884736,0.9978939294815063,per_learner/2/p_correct,ppo_hier_items200_h1500\PPO_1
900000,0.9993919134140015,per_learner/2/p_correct,ppo_hier_items200_h1500\PPO_1
917504,0.9983506202697754,per_learner/2/p_correct,ppo_hier_items200_h1500\PPO_1
925000,0.9999788403511047,per_learner/2/p_correct,ppo_hier_items200_h1500\PPO_1
950000,0.9999411702156067,per_learner/2/p_correct,ppo_hier_items200_h1500\PPO_1
950272,0.9994096755981445,per_learner/2/p_correct,ppo_hier_items200_h1500\PPO_1
975000,0.9996621012687683,per_learner/2/p_correct,ppo_hier_items200_h1500\PPO_1
983040,0.9997875690460205,per_learner/2/p_correct,ppo_hier_items200_h1500\PPO_1
1000000,0.998962938785553,per_learner/2/p_correct,ppo_hier_items200_h1500\PPO_1
1015808,0.9979521632194519,per_learner/2/p_correct,ppo_hier_items200_h1500\PPO_1
1025000,0.9999193549156189,per_learner/2/p_correct,ppo_hier_items200_h1500\PPO_1
1048576,0.9991995096206665,per_learner/2/p_correct,ppo_hier_items200_h1500\PPO_1
1050000,0.9989575147628784,per_learner/2/p_correct,ppo_hier_items200_h1500\PPO_1
1075000,0.9987785220146179,per_learner/2/p_correct,ppo_hier_items200_h1500\PPO_1
1081344,0.9996789693832397,per_learner/2/p_correct,ppo_hier_items200_h1500\PPO_1
1100000,0.9986023902893066,per_learner/2/p_correct,ppo_hier_items200_h1500\PPO_1
1114112,0.9996823072433472,per_learner/2/p_correct,ppo_hier_items200_h1500\PPO_1
1125000,0.9978283047676086,per_learner/2/p_correct,ppo_hier_items200_h1500\PPO_1
1146880,0.998332679271698,per_learner/2/p_correct,ppo_hier_items200_h1500\PPO_1
1150000,0.998255729675293,per_learner/2/p_correct,ppo_hier_items200_h1500\PPO_1
1175000,0.9990212917327881,per_learner/2/p_correct,ppo_hier_items200_h1500\PPO_1
1179648,0.9998805522918701,per_learner/2/p_correct,ppo_hier_items200_h1500\PPO_1
1200000,0.9970955848693848,per_learner/2/p_correct,ppo_hier_items200_h1500\PPO_1
1212416,0.9999710321426392,per_learner/2/p_correct,ppo_hier_items200_h1500\PPO_1
1225000,0.9997643232345581,per_learner/2/p_correct,ppo_hier_items200_h1500\PPO_1
1245184,0.99724942445755,per_learner/2/p_correct,ppo_hier_items200_h1500\PPO_1
1250000,0.9995267987251282,per_learner/2/p_correct,ppo_hier_items200_h1500\PPO_1
1275000,0.999276876449585,per_learner/2/p_correct,ppo_hier_items200_h1500\PPO_1
1277952,0.998454213142395,per_learner/2/p_correct,ppo_hier_items200_h1500\PPO_1
1300000,0.9989524483680725,per_learner/2/p_correct,ppo_hier_items200_h1500\PPO_1
1310720,0.9997822046279907,per_learner/2/p_correct,ppo_hier_items200_h1500\PPO_1
1325000,0.9991267919540405,per_learner/2/p_correct,ppo_hier_items200_h1500\PPO_1
1343488,0.9969905614852905,per_learner/2/p_correct,ppo_hier_items200_h1500\PPO_1
1350000,0.9985523223876953,per_learner/2/p_correct,ppo_hier_items200_h1500\PPO_1
1375000,0.9981194138526917,per_learner/2/p_correct,ppo_hier_items200_h1500\PPO_1
1376256,0.9995115995407104,per_learner/2/p_correct,ppo_hier_items200_h1500\PPO_1
1400000,0.9986023902893066,per_learner/2/p_correct,ppo_hier_items200_h1500\PPO_1
1409024,0.999845027923584,per_learner/2/p_correct,ppo_hier_items200_h1500\PPO_1
1425000,0.9998108744621277,per_learner/2/p_correct,ppo_hier_items200_h1500\PPO_1
1441792,0.9998413920402527,per_learner/2/p_correct,ppo_hier_items200_h1500\PPO_1
1450000,0.9998552203178406,per_learner/2/p_correct,ppo_hier_items200_h1500\PPO_1
1474560,0.9974419474601746,per_learner/2/p_correct,ppo_hier_items200_h1500\PPO_1
1475000,0.9980782270431519,per_learner/2/p_correct,ppo_hier_items200_h1500\PPO_1
1500000,0.9970955848693848,per_learner/2/p_correct,ppo_hier_items200_h1500\PPO_1
1507328,0.9982241988182068,per_learner/2/p_correct,ppo_hier_items200_h1500\PPO_1
1525000,0.9997594356536865,per_learner/2/p_correct,ppo_hier_items200_h1500\PPO_1
1540096,0.9990121126174927,per_learner/2/p_correct,ppo_hier_items200_h1500\PPO_1
1550000,0.999963104724884,per_learner/2/p_correct,ppo_hier_items200_h1500\PPO_1
1572864,0.9997408986091614,per_learner/2/p_correct,ppo_hier_items200_h1500\PPO_1
1575000,0.9994807243347168,per_learner/2/p_correct,ppo_hier_items200_h1500\PPO_1
1600000,0.9999202489852905,per_learner/2/p_correct,ppo_hier_items200_h1500\PPO_1
1605632,0.9983158111572266,per_learner/2/p_correct,ppo_hier_items200_h1500\PPO_1
1625000,0.9987937808036804,per_learner/2/p_correct,ppo_hier_items200_h1500\PPO_1
1638400,0.9998353719711304,per_learner/2/p_correct,ppo_hier_items200_h1500\PPO_1
1650000,0.9994128346443176,per_learner/2/p_correct,ppo_hier_items200_h1500\PPO_1
1671168,0.9992338418960571,per_learner/2/p_correct,ppo_hier_items200_h1500\PPO_1
1675000,0.9997425079345703,per_learner/2/p_correct,ppo_hier_items200_h1500\PPO_1
1700000,0.997850775718689,per_learner/2/p_correct,ppo_hier_items200_h1500\PPO_1
1703936,0.9999434351921082,per_learner/2/p_correct,ppo_hier_items200_h1500\PPO_1
1725000,0.997832179069519,per_learner/2/p_correct,ppo_hier_items200_h1500\PPO_1
1736704,0.9998201131820679,per_learner/2/p_correct,ppo_hier_items200_h1500\PPO_1
1750000,0.9996275305747986,per_learner/2/p_correct,ppo_hier_items200_h1500\PPO_1
1769472,0.9999110102653503,per_learner/2/p_correct,ppo_hier_items200_h1500\PPO_1
1775000,0.9973393678665161,per_learner/2/p_correct,ppo_hier_items200_h1500\PPO_1
1800000,0.9995191097259521,per_learner/2/p_correct,ppo_hier_items200_h1500\PPO_1
1802240,0.9999788403511047,per_learner/2/p_correct,ppo_hier_items200_h1500\PPO_1
1825000,0.9999790787696838,per_learner/2/p_correct,ppo_hier_items200_h1500\PPO_1
1835008,0.9998521208763123,per_learner/2/p_correct,ppo_hier_items200_h1500\PPO_1
1850000,0.9999544620513916,per_learner/2/p_correct,ppo_hier_items200_h1500\PPO_1
1867776,0.9999284744262695,per_learner/2/p_correct,ppo_hier_items200_h1500\PPO_1
1875000,0.999107837677002,per_learner/2/p_correct,ppo_hier_items200_h1500\PPO_1
1900000,0.9990341663360596,per_learner/2/p_correct,ppo_hier_items200_h1500\PPO_1
1900544,0.9998382925987244,per_learner/2/p_correct,ppo_hier_items200_h1500\PPO_1
1925000,0.9995123744010925,per_learner/2/p_correct,ppo_hier_items200_h1500\PPO_1
1933312,0.9999635219573975,per_learner/2/p_correct,ppo_hier_items200_h1500\PPO_1
1950000,0.9984281063079834,per_learner/2/p_correct,ppo_hier_items200_h1500\PPO_1
1966080,0.9975619912147522,per_learner/2/p_correct,ppo_hier_items200_h1500\PPO_1
1975000,0.9999101161956787,per_learner/2/p_correct,ppo_hier_items200_h1500\PPO_1
1998848,0.9999421834945679,per_learner/2/p_correct,ppo_hier_items200_h1500\PPO_1
2000000,0.9998981356620789,per_learner/2/p_correct,ppo_hier_items200_h1500\PPO_1
2025000,0.9978283047676086,per_learner/2/p_correct,ppo_hier_items200_h1500\PPO_1
2031616,0.9989209175109863,per_learner/2/p_correct,ppo_hier_items200_h1500\PPO_1
25000,0.9990731477737427,per_learner/2/reward,ppo_hier_items200_h1500\PPO_1
32768,0.9995743036270142,per_learner/2/reward,ppo_hier_items200_h1500\PPO_1
50000,0.999117374420166,per_learner/2/reward,ppo_hier_items200_h1500\PPO_1
65536,0.99932861328125,per_learner/2/reward,ppo_hier_items200_h1500\PPO_1
75000,0.999180793762207,per_learner/2/reward,ppo_hier_items200_h1500\PPO_1
98304,0.9991726875305176,per_learner/2/reward,ppo_hier_items200_h1500\PPO_1
100000,0.9991745948791504,per_learner/2/reward,ppo_hier_items200_h1500\PPO_1
125000,0.9993241429328918,per_learner/2/reward,ppo_hier_items200_h1500\PPO_1
131072,3.0090582370758057,per_learner/2/reward,ppo_hier_items200_h1500\PPO_1
150000,3.0090720653533936,per_learner/2/reward,ppo_hier_items200_h1500\PPO_1
163840,0.9993424415588379,per_learner/2/reward,ppo_hier_items200_h1500\PPO_1
175000,0.9994539022445679,per_learner/2/reward,ppo_hier_items200_h1500\PPO_1
196608,0.9990754127502441,per_learner/2/reward,ppo_hier_items200_h1500\PPO_1
200000,0.9993494153022766,per_learner/2/reward,ppo_hier_items200_h1500\PPO_1
225000,0.9995428919792175,per_learner/2/reward,ppo_hier_items200_h1500\PPO_1
229376,0.9990822076797485,per_learner/2/reward,ppo_hier_items200_h1500\PPO_1
250000,0.9995928406715393,per_learner/2/reward,ppo_hier_items200_h1500\PPO_1
262144,0.9996812343597412,per_learner/2/reward,ppo_hier_items200_h1500\PPO_1
275000,0.9994804263114929,per_learner/2/reward,ppo_hier_items200_h1500\PPO_1
294912,0.9994102716445923,per_learner/2/reward,ppo_hier_items200_h1500\PPO_1
300000,0.9990860819816589,per_learner/2/reward,ppo_hier_items200_h1500\PPO_1
325000,0.9990589022636414,per_learner/2/reward,ppo_hier_items200_h1500\PPO_1
327680,0.9992384910583496,per_learner/2/reward,ppo_hier_items200_h1500\PPO_1
350000,0.9991307258605957,per_learner/2/reward,ppo_hier_items200_h1500\PPO_1
360448,0.9990290999412537,per_learner/2/reward,ppo_hier_items200_h1500\PPO_1
375000,0.9992012977600098,per_learner/2/reward,ppo_hier_items200_h1500\PPO_1
393216,0.9995564222335815,per_learner/2/reward,ppo_hier_items200_h1500\PPO_1
400000,0.9992587566375732,per_learner/2/reward,ppo_hier_items200_h1500\PPO_1
425000,0.9993734359741211,per_learner/2/reward,ppo_hier_items200_h1500\PPO_1
425984,0.9992616772651672,per_learner/2/reward,ppo_hier_items200_h1500\PPO_1
450000,3.00903582572937,per_learner/2/reward,ppo_hier_items200_h1500\PPO_1
458752,0.9992062449455261,per_learner/2/reward,ppo_hier_items200_h1500\PPO_1
475000,0.9994222521781921,per_learner/2/reward,ppo_hier_items200_h1500\PPO_1
491520,0.9992512464523315,per_learner/2/reward,ppo_hier_items200_h1500\PPO_1
500000,0.9993494153022766,per_learner/2/reward,ppo_hier_items200_h1500\PPO_1
524288,0.9995428919792175,per_learner/2/reward,ppo_hier_items200_h1500\PPO_1
525000,0.999393105506897,per_learner/2/reward,ppo_hier_items200_h1500\PPO_1
550000,0.9990017414093018,per_learner/2/reward,ppo_hier_items200_h1500\PPO_1
557056,0.9990916848182678,per_learner/2/reward,ppo_hier_items200_h1500\PPO_1
575000,0.9997204542160034,per_learner/2/reward,ppo_hier_items200_h1500\PPO_1
589824,0.9991105794906616,per_learner/2/reward,ppo_hier_items200_h1500\PPO_1
600000,3.0090153217315674,per_learner/2/reward,ppo_hier_items200_h1500\PPO_1
622592,0.9992272853851318,per_learner/2/reward,ppo_hier_items200_h1500\PPO_1
625000,0.9990601539611816,per_learner/2/reward,ppo_hier_items200_h1500\PPO_1
650000,0.9991183280944824,per_learner/2/reward,ppo_hier_items200_h1500\PPO_1
655360,0.9994363188743591,per_learner/2/reward,ppo_hier_items200_h1500\PPO_1
675000,0.9991808533668518,per_learner/2/reward,ppo_hier_items200_h1500\PPO_1
688128,0.9993093013763428,per_learner/2/reward,ppo_hier_items200_h1500\PPO_1
700000,0.9990209341049194,per_learner/2/reward,ppo_hier_items200_h1500\PPO_1
720896,0.9990543127059937,per_learner/2/reward,ppo_hier_items200_h1500\PPO_1
725000,0.9990726709365845,per_learner/2/reward,ppo_hier_items200_h1500\PPO_1
750000,0.9990800619125366,per_learner/2/reward,ppo_hier_items200_h1500\PPO_1
753664,0.9994224309921265,per_learner/2/reward,ppo_hier_items200_h1500\PPO_1
775000,0.999423623085022,per_learner/2/reward,ppo_hier_items200_h1500\PPO_1
786432,0.9993817806243896,per_learner/2/reward,ppo_hier_items200_h1500\PPO_1
800000,0.999484121799469,per_learner/2/reward,ppo_hier_items200_h1500\PPO_1
819200,0.9991939663887024,per_learner/2/reward,ppo_hier_items200_h1500\PPO_1
825000,0.9995428919792175,per_learner/2/reward,ppo_hier_items200_h1500\PPO_1
850000,3.009046792984009,per_learner/2/reward,ppo_hier_items200_h1500\PPO_1
851968,3.009049654006958,per_learner/2/reward,ppo_hier_items200_h1500\PPO_1
875000,0.9996635317802429,per_learner/2/reward,ppo_hier_items200_h1500\PPO_1
884736,0.9995265007019043,per_learner/2/reward,ppo_hier_items200_h1500\PPO_1
900000,3.0091519355773926,per_learner/2/reward,ppo_hier_items200_h1500\PPO_1
917504,0.9994123578071594,per_learner/2/reward,ppo_hier_items200_h1500\PPO_1
925000,3.009005308151245,per_learner/2/reward,ppo_hier_items200_h1500\PPO_1
950000,0.9990147352218628,per_learner/2/reward,ppo_hier_items200_h1500\PPO_1
950272,0.9991475939750671,per_learner/2/reward,ppo_hier_items200_h1500\PPO_1
975000,0.99908447265625,per_learner/2/reward,ppo_hier_items200_h1500\PPO_1
983040,0.9990531206130981,per_learner/2/reward,ppo_hier_items200_h1500\PPO_1
1000000,0.9992592334747314,per_learner/2/reward,ppo_hier_items200_h1500\PPO_1
1015808,0.9995119571685791,per_learner/2/reward,ppo_hier_items200_h1500\PPO_1
1025000,0.9990201592445374,per_learner/2/reward,ppo_hier_items200_h1500\PPO_1
1048576,0.9992001056671143,per_learner/2/reward,ppo_hier_items200_h1500\PPO_1
1050000,0.9992606043815613,per_learner/2/reward,ppo_hier_items200_h1500\PPO_1
1075000,0.9993053674697876,per_learner/2/reward,ppo_hier_items200_h1500\PPO_1
1081344,0.999080240726471,per_learner/2/reward,ppo_hier_items200_h1500\PPO_1
1100000,0.9993494153022766,per_learner/2/reward,ppo_hier_items200_h1500\PPO_1
1114112,3.0090794563293457,per_learner/2/reward,ppo_hier_items200_h1500\PPO_1
1125000,0.9995428919792175,per_learner/2/reward,ppo_hier_items200_h1500\PPO_1
1146880,0.9994168281555176,per_learner/2/reward,ppo_hier_items200_h1500\PPO_1
1150000,0.99943608045578,per_learner/2/reward,ppo_hier_items200_h1500\PPO_1
1175000,0.9992446899414062,per_learner/2/reward,ppo_hier_items200_h1500\PPO_1
1179648,3.0090298652648926,per_learner/2/reward,ppo_hier_items200_h1500\PPO_1
1200000,0.9997261166572571,per_learner/2/reward,ppo_hier_items200_h1500\PPO_1
1212416,0.9990072250366211,per_learner/2/reward,ppo_hier_items200_h1500\PPO_1
1225000,0.9990589022636414,per_learner/2/reward,ppo_hier_items200_h1500\PPO_1
1245184,0.999687671661377,per_learner/2/reward,ppo_hier_items200_h1500\PPO_1
1250000,0.9991183280944824,per_learner/2/reward,ppo_hier_items200_h1500\PPO_1
1275000,0.999180793762207,per_learner/2/reward,ppo_hier_items200_h1500\PPO_1
1277952,0.9993864297866821,per_learner/2/reward,ppo_hier_items200_h1500\PPO_1
1300000,0.9992618560791016,per_learner/2/reward,ppo_hier_items200_h1500\PPO_1
1310720,0.9990544319152832,per_learner/2/reward,ppo_hier_items200_h1500\PPO_1
1325000,0.9992182850837708,per_learner/2/reward,ppo_hier_items200_h1500\PPO_1
1343488,0.9997523427009583,per_learner/2/reward,ppo_hier_items200_h1500\PPO_1
1350000,0.9993619322776794,per_learner/2/reward,ppo_hier_items200_h1500\PPO_1
1375000,0.9994701147079468,per_learner/2/reward,ppo_hier_items200_h1500\PPO_1
1376256,3.009122133255005,per_learner/2/reward,ppo_hier_items200_h1500\PPO_1
1400000,0.9993494153022766,per_learner/2/reward,ppo_hier_items200_h1500\PPO_1
1409024,3.0090386867523193,per_learner/2/reward,ppo_hier_items200_h1500\PPO_1
1425000,0.9990472793579102,per_learner/2/reward,ppo_hier_items200_h1500\PPO_1
1441792,0.9990396499633789,per_learner/2/reward,ppo_hier_items200_h1500\PPO_1
1450000,0.9990361928939819,per_learner/2/reward,ppo_hier_items200_h1500\PPO_1
1474560,0.9996395111083984,per_learner/2/reward,ppo_hier_items200_h1500\PPO_1
1475000,0.9994804263114929,per_learner/2/reward,ppo_hier_items200_h1500\PPO_1
1500000,0.9997261166572571,per_learner/2/reward,ppo_hier_items200_h1500\PPO_1
1507328,0.9994439482688904,per_learner/2/reward,ppo_hier_items200_h1500\PPO_1
1525000,0.9990601539611816,per_learner/2/reward,ppo_hier_items200_h1500\PPO_1
1540096,0.9992469549179077,per_learner/2/reward,ppo_hier_items200_h1500\PPO_1
1550000,3.0090091228485107,per_learner/2/reward,ppo_hier_items200_h1500\PPO_1
1572864,0.9990647435188293,per_learner/2/reward,ppo_hier_items200_h1500\PPO_1
1575000,0.9991298317909241,per_learner/2/reward,ppo_hier_items200_h1500\PPO_1
1600000,3.0090198516845703,per_learner/2/reward,ppo_hier_items200_h1500\PPO_1
1605632,0.9994210600852966,per_learner/2/reward,ppo_hier_items200_h1500\PPO_1
1625000,0.999301552772522,per_learner/2/reward,ppo_hier_items200_h1500\PPO_1
1638400,3.0090410709381104,per_learner/2/reward,ppo_hier_items200_h1500\PPO_1
1650000,0.9991468191146851,per_learner/2/reward,ppo_hier_items200_h1500\PPO_1
1671168,0.9991915225982666,per_learner/2/reward,ppo_hier_items200_h1500\PPO_1
1675000,0.9990643858909607,per_learner/2/reward,ppo_hier_items200_h1500\PPO_1
1700000,0.9995372891426086,per_learner/2/reward,ppo_hier_items200_h1500\PPO_1
1703936,3.009014129638672,per_learner/2/reward,ppo_hier_items200_h1500\PPO_1
1725000,0.9995419383049011,per_learner/2/reward,ppo_hier_items200_h1500\PPO_1
1736704,0.9990449547767639,per_learner/2/reward,ppo_hier_items200_h1500\PPO_1
1750000,0.9990931153297424,per_learner/2/reward,ppo_hier_items200_h1500\PPO_1
1769472,3.0090222358703613,per_learner/2/reward,ppo_hier_items200_h1500\PPO_1
1775000,0.9996651411056519,per_learner/2/reward,ppo_hier_items200_h1500\PPO_1
1800000,0.9991202354431152,per_learner/2/reward,ppo_hier_items200_h1500\PPO_1
1802240,3.009005308151245,per_learner/2/reward,ppo_hier_items200_h1500\PPO_1
1825000,0.9990052580833435,per_learner/2/reward,ppo_hier_items200_h1500\PPO_1
1835008,0.999036967754364,per_learner/2/reward,ppo_hier_items200_h1500\PPO_1
1850000,3.0090112686157227,per_learner/2/reward,ppo_hier_items200_h1500\PPO_1
1867776,3.0090179443359375,per_learner/2/reward,ppo_hier_items200_h1500\PPO_1
1875000,0.9992230534553528,per_learner/2/reward,ppo_hier_items200_h1500\PPO_1
1900000,0.9992414712905884,per_learner/2/reward,ppo_hier_items200_h1500\PPO_1
1900544,0.999040424823761,per_learner/2/reward,ppo_hier_items200_h1500\PPO_1
1925000,0.999121904373169,per_learner/2/reward,ppo_hier_items200_h1500\PPO_1
1933312,3.0090091228485107,per_learner/2/reward,ppo_hier_items200_h1500\PPO_1
1950000,0.9993929862976074,per_learner/2/reward,ppo_hier_items200_h1500\PPO_1
1966080,0.9996095299720764,per_learner/2/reward,ppo_hier_items200_h1500\PPO_1
1975000,0.9990224838256836,per_learner/2/reward,ppo_hier_items200_h1500\PPO_1
1998848,3.009014368057251,per_learner/2/reward,ppo_hier_items200_h1500\PPO_1
2000000,3.0090255737304688,per_learner/2/reward,ppo_hier_items200_h1500\PPO_1
2025000,0.9995428919792175,per_learner/2/reward,ppo_hier_items200_h1500\PPO_1
2031616,0.9992697834968567,per_learner/2/reward,ppo_hier_items200_h1500\PPO_1
25000,1.0,per_learner/2/rolling_acc,ppo_hier_items200_h1500\PPO_1
32768,1.0,per_learner/2/rolling_acc,ppo_hier_items200_h1500\PPO_1
50000,1.0,per_learner/2/rolling_acc,ppo_hier_items200_h1500\PPO_1
65536,1.0,per_learner/2/rolling_acc,ppo_hier_items200_h1500\PPO_1
75000,1.0,per_learner/2/rolling_acc,ppo_hier_items200_h1500\PPO_1
98304,1.0,per_learner/2/rolling_acc,ppo_hier_items200_h1500\PPO_1
100000,1.0,per_learner/2/rolling_acc,ppo_hier_items200_h1500\PPO_1
125000,1.0,per_learner/2/rolling_acc,ppo_hier_items200_h1500\PPO_1
131072,1.0,per_learner/2/rolling_acc,ppo_hier_items200_h1500\PPO_1
150000,1.0,per_learner/2/rolling_acc,ppo_hier_items200_h1500\PPO_1
163840,1.0,per_learner/2/rolling_acc,ppo_hier_items200_h1500\PPO_1
175000,1.0,per_learner/2/rolling_acc,ppo_hier_items200_h1500\PPO_1
196608,1.0,per_learner/2/rolling_acc,ppo_hier_items200_h1500\PPO_1
200000,1.0,per_learner/2/rolling_acc,ppo_hier_items200_h1500\PPO_1
225000,1.0,per_learner/2/rolling_acc,ppo_hier_items200_h1500\PPO_1
229376,1.0,per_learner/2/rolling_acc,ppo_hier_items200_h1500\PPO_1
250000,1.0,per_learner/2/rolling_acc,ppo_hier_items200_h1500\PPO_1
262144,1.0,per_learner/2/rolling_acc,ppo_hier_items200_h1500\PPO_1
275000,1.0,per_learner/2/rolling_acc,ppo_hier_items200_h1500\PPO_1
294912,1.0,per_learner/2/rolling_acc,ppo_hier_items200_h1500\PPO_1
300000,1.0,per_learner/2/rolling_acc,ppo_hier_items200_h1500\PPO_1
325000,1.0,per_learner/2/rolling_acc,ppo_hier_items200_h1500\PPO_1
327680,1.0,per_learner/2/rolling_acc,ppo_hier_items200_h1500\PPO_1
350000,1.0,per_learner/2/rolling_acc,ppo_hier_items200_h1500\PPO_1
360448,1.0,per_learner/2/rolling_acc,ppo_hier_items200_h1500\PPO_1
375000,1.0,per_learner/2/rolling_acc,ppo_hier_items200_h1500\PPO_1
393216,1.0,per_learner/2/rolling_acc,ppo_hier_items200_h1500\PPO_1
400000,1.0,per_learner/2/rolling_acc,ppo_hier_items200_h1500\PPO_1
425000,1.0,per_learner/2/rolling_acc,ppo_hier_items200_h1500\PPO_1
425984,1.0,per_learner/2/rolling_acc,ppo_hier_items200_h1500\PPO_1
450000,1.0,per_learner/2/rolling_acc,ppo_hier_items200_h1500\PPO_1
458752,1.0,per_learner/2/rolling_acc,ppo_hier_items200_h1500\PPO_1
475000,1.0,per_learner/2/rolling_acc,ppo_hier_items200_h1500\PPO_1
491520,1.0,per_learner/2/rolling_acc,ppo_hier_items200_h1500\PPO_1
500000,1.0,per_learner/2/rolling_acc,ppo_hier_items200_h1500\PPO_1
524288,1.0,per_learner/2/rolling_acc,ppo_hier_items200_h1500\PPO_1
525000,1.0,per_learner/2/rolling_acc,ppo_hier_items200_h1500\PPO_1
550000,1.0,per_learner/2/rolling_acc,ppo_hier_items200_h1500\PPO_1
557056,1.0,per_learner/2/rolling_acc,ppo_hier_items200_h1500\PPO_1
575000,1.0,per_learner/2/rolling_acc,ppo_hier_items200_h1500\PPO_1
589824,1.0,per_learner/2/rolling_acc,ppo_hier_items200_h1500\PPO_1
600000,1.0,per_learner/2/rolling_acc,ppo_hier_items200_h1500\PPO_1
622592,1.0,per_learner/2/rolling_acc,ppo_hier_items200_h1500\PPO_1
625000,1.0,per_learner/2/rolling_acc,ppo_hier_items200_h1500\PPO_1
650000,1.0,per_learner/2/rolling_acc,ppo_hier_items200_h1500\PPO_1
655360,1.0,per_learner/2/rolling_acc,ppo_hier_items200_h1500\PPO_1
675000,1.0,per_learner/2/rolling_acc,ppo_hier_items200_h1500\PPO_1
688128,1.0,per_learner/2/rolling_acc,ppo_hier_items200_h1500\PPO_1
700000,1.0,per_learner/2/rolling_acc,ppo_hier_items200_h1500\PPO_1
720896,1.0,per_learner/2/rolling_acc,ppo_hier_items200_h1500\PPO_1
725000,1.0,per_learner/2/rolling_acc,ppo_hier_items200_h1500\PPO_1
750000,1.0,per_learner/2/rolling_acc,ppo_hier_items200_h1500\PPO_1
753664,1.0,per_learner/2/rolling_acc,ppo_hier_items200_h1500\PPO_1
775000,1.0,per_learner/2/rolling_acc,ppo_hier_items200_h1500\PPO_1
786432,1.0,per_learner/2/rolling_acc,ppo_hier_items200_h1500\PPO_1
800000,1.0,per_learner/2/rolling_acc,ppo_hier_items200_h1500\PPO_1
819200,1.0,per_learner/2/rolling_acc,ppo_hier_items200_h1500\PPO_1
825000,1.0,per_learner/2/rolling_acc,ppo_hier_items200_h1500\PPO_1
850000,1.0,per_learner/2/rolling_acc,ppo_hier_items200_h1500\PPO_1
851968,1.0,per_learner/2/rolling_acc,ppo_hier_items200_h1500\PPO_1
875000,1.0,per_learner/2/rolling_acc,ppo_hier_items200_h1500\PPO_1
884736,1.0,per_learner/2/rolling_acc,ppo_hier_items200_h1500\PPO_1
900000,1.0,per_learner/2/rolling_acc,ppo_hier_items200_h1500\PPO_1
917504,1.0,per_learner/2/rolling_acc,ppo_hier_items200_h1500\PPO_1
925000,1.0,per_learner/2/rolling_acc,ppo_hier_items200_h1500\PPO_1
950000,1.0,per_learner/2/rolling_acc,ppo_hier_items200_h1500\PPO_1
950272,1.0,per_learner/2/rolling_acc,ppo_hier_items200_h1500\PPO_1
975000,0.9666666388511658,per_learner/2/rolling_acc,ppo_hier_items200_h1500\PPO_1
983040,1.0,per_learner/2/rolling_acc,ppo_hier_items200_h1500\PPO_1
1000000,1.0,per_learner/2/rolling_acc,ppo_hier_items200_h1500\PPO_1
1015808,1.0,per_learner/2/rolling_acc,ppo_hier_items200_h1500\PPO_1
1025000,1.0,per_learner/2/rolling_acc,ppo_hier_items200_h1500\PPO_1
1048576,1.0,per_learner/2/rolling_acc,ppo_hier_items200_h1500\PPO_1
1050000,1.0,per_learner/2/rolling_acc,ppo_hier_items200_h1500\PPO_1
1075000,1.0,per_learner/2/rolling_acc,ppo_hier_items200_h1500\PPO_1
1081344,1.0,per_learner/2/rolling_acc,ppo_hier_items200_h1500\PPO_1
1100000,1.0,per_learner/2/rolling_acc,ppo_hier_items200_h1500\PPO_1
1114112,1.0,per_learner/2/rolling_acc,ppo_hier_items200_h1500\PPO_1
1125000,1.0,per_learner/2/rolling_acc,ppo_hier_items200_h1500\PPO_1
1146880,1.0,per_learner/2/rolling_acc,ppo_hier_items200_h1500\PPO_1
1150000,1.0,per_learner/2/rolling_acc,ppo_hier_items200_h1500\PPO_1
1175000,1.0,per_learner/2/rolling_acc,ppo_hier_items200_h1500\PPO_1
1179648,1.0,per_learner/2/rolling_acc,ppo_hier_items200_h1500\PPO_1
1200000,1.0,per_learner/2/rolling_acc,ppo_hier_items200_h1500\PPO_1
1212416,1.0,per_learner/2/rolling_acc,ppo_hier_items200_h1500\PPO_1
1225000,1.0,per_learner/2/rolling_acc,ppo_hier_items200_h1500\PPO_1
1245184,1.0,per_learner/2/rolling_acc,ppo_hier_items200_h1500\PPO_1
1250000,1.0,per_learner/2/rolling_acc,ppo_hier_items200_h1500\PPO_1
1275000,1.0,per_learner/2/rolling_acc,ppo_hier_items200_h1500\PPO_1
1277952,1.0,per_learner/2/rolling_acc,ppo_hier_items200_h1500\PPO_1
1300000,1.0,per_learner/2/rolling_acc,ppo_hier_items200_h1500\PPO_1
1310720,1.0,per_learner/2/rolling_acc,ppo_hier_items200_h1500\PPO_1
1325000,1.0,per_learner/2/rolling_acc,ppo_hier_items200_h1500\PPO_1
1343488,1.0,per_learner/2/rolling_acc,ppo_hier_items200_h1500\PPO_1
1350000,0.9666666388511658,per_learner/2/rolling_acc,ppo_hier_items200_h1500\PPO_1
1375000,1.0,per_learner/2/rolling_acc,ppo_hier_items200_h1500\PPO_1
1376256,1.0,per_learner/2/rolling_acc,ppo_hier_items200_h1500\PPO_1
1400000,1.0,per_learner/2/rolling_acc,ppo_hier_items200_h1500\PPO_1
1409024,1.0,per_learner/2/rolling_acc,ppo_hier_items200_h1500\PPO_1
1425000,1.0,per_learner/2/rolling_acc,ppo_hier_items200_h1500\PPO_1
1441792,1.0,per_learner/2/rolling_acc,ppo_hier_items200_h1500\PPO_1
1450000,0.9666666388511658,per_learner/2/rolling_acc,ppo_hier_items200_h1500\PPO_1
1474560,1.0,per_learner/2/rolling_acc,ppo_hier_items200_h1500\PPO_1
1475000,1.0,per_learner/2/rolling_acc,ppo_hier_items200_h1500\PPO_1
1500000,1.0,per_learner/2/rolling_acc,ppo_hier_items200_h1500\PPO_1
1507328,1.0,per_learner/2/rolling_acc,ppo_hier_items200_h1500\PPO_1
1525000,1.0,per_learner/2/rolling_acc,ppo_hier_items200_h1500\PPO_1
1540096,1.0,per_learner/2/rolling_acc,ppo_hier_items200_h1500\PPO_1
1550000,1.0,per_learner/2/rolling_acc,ppo_hier_items200_h1500\PPO_1
1572864,1.0,per_learner/2/rolling_acc,ppo_hier_items200_h1500\PPO_1
1575000,1.0,per_learner/2/rolling_acc,ppo_hier_items200_h1500\PPO_1
1600000,1.0,per_learner/2/rolling_acc,ppo_hier_items200_h1500\PPO_1
1605632,1.0,per_learner/2/rolling_acc,ppo_hier_items200_h1500\PPO_1
1625000,1.0,per_learner/2/rolling_acc,ppo_hier_items200_h1500\PPO_1
1638400,1.0,per_learner/2/rolling_acc,ppo_hier_items200_h1500\PPO_1
1650000,1.0,per_learner/2/rolling_acc,ppo_hier_items200_h1500\PPO_1
1671168,1.0,per_learner/2/rolling_acc,ppo_hier_items200_h1500\PPO_1
1675000,1.0,per_learner/2/rolling_acc,ppo_hier_items200_h1500\PPO_1
1700000,1.0,per_learner/2/rolling_acc,ppo_hier_items200_h1500\PPO_1
1703936,1.0,per_learner/2/rolling_acc,ppo_hier_items200_h1500\PPO_1
1725000,1.0,per_learner/2/rolling_acc,ppo_hier_items200_h1500\PPO_1
1736704,1.0,per_learner/2/rolling_acc,ppo_hier_items200_h1500\PPO_1
1750000,1.0,per_learner/2/rolling_acc,ppo_hier_items200_h1500\PPO_1
1769472,1.0,per_learner/2/rolling_acc,ppo_hier_items200_h1500\PPO_1
1775000,1.0,per_learner/2/rolling_acc,ppo_hier_items200_h1500\PPO_1
1800000,1.0,per_learner/2/rolling_acc,ppo_hier_items200_h1500\PPO_1
1802240,1.0,per_learner/2/rolling_acc,ppo_hier_items200_h1500\PPO_1
1825000,1.0,per_learner/2/rolling_acc,ppo_hier_items200_h1500\PPO_1
1835008,1.0,per_learner/2/rolling_acc,ppo_hier_items200_h1500\PPO_1
1850000,1.0,per_learner/2/rolling_acc,ppo_hier_items200_h1500\PPO_1
1867776,1.0,per_learner/2/rolling_acc,ppo_hier_items200_h1500\PPO_1
1875000,1.0,per_learner/2/rolling_acc,ppo_hier_items200_h1500\PPO_1
1900000,1.0,per_learner/2/rolling_acc,ppo_hier_items200_h1500\PPO_1
1900544,1.0,per_learner/2/rolling_acc,ppo_hier_items200_h1500\PPO_1
1925000,1.0,per_learner/2/rolling_acc,ppo_hier_items200_h1500\PPO_1
1933312,1.0,per_learner/2/rolling_acc,ppo_hier_items200_h1500\PPO_1
1950000,1.0,per_learner/2/rolling_acc,ppo_hier_items200_h1500\PPO_1
1966080,1.0,per_learner/2/rolling_acc,ppo_hier_items200_h1500\PPO_1
1975000,1.0,per_learner/2/rolling_acc,ppo_hier_items200_h1500\PPO_1
1998848,1.0,per_learner/2/rolling_acc,ppo_hier_items200_h1500\PPO_1
2000000,1.0,per_learner/2/rolling_acc,ppo_hier_items200_h1500\PPO_1
2025000,1.0,per_learner/2/rolling_acc,ppo_hier_items200_h1500\PPO_1
2031616,1.0,per_learner/2/rolling_acc,ppo_hier_items200_h1500\PPO_1
25000,1.0,per_learner/3/correct,ppo_hier_items200_h1500\PPO_1
32768,1.0,per_learner/3/correct,ppo_hier_items200_h1500\PPO_1
50000,1.0,per_learner/3/correct,ppo_hier_items200_h1500\PPO_1
65536,1.0,per_learner/3/correct,ppo_hier_items200_h1500\PPO_1
75000,1.0,per_learner/3/correct,ppo_hier_items200_h1500\PPO_1
98304,1.0,per_learner/3/correct,ppo_hier_items200_h1500\PPO_1
100000,1.0,per_learner/3/correct,ppo_hier_items200_h1500\PPO_1
125000,1.0,per_learner/3/correct,ppo_hier_items200_h1500\PPO_1
131072,1.0,per_learner/3/correct,ppo_hier_items200_h1500\PPO_1
150000,1.0,per_learner/3/correct,ppo_hier_items200_h1500\PPO_1
163840,1.0,per_learner/3/correct,ppo_hier_items200_h1500\PPO_1
175000,1.0,per_learner/3/correct,ppo_hier_items200_h1500\PPO_1
196608,1.0,per_learner/3/correct,ppo_hier_items200_h1500\PPO_1
200000,1.0,per_learner/3/correct,ppo_hier_items200_h1500\PPO_1
225000,1.0,per_learner/3/correct,ppo_hier_items200_h1500\PPO_1
229376,1.0,per_learner/3/correct,ppo_hier_items200_h1500\PPO_1
250000,1.0,per_learner/3/correct,ppo_hier_items200_h1500\PPO_1
262144,1.0,per_learner/3/correct,ppo_hier_items200_h1500\PPO_1
275000,1.0,per_learner/3/correct,ppo_hier_items200_h1500\PPO_1
294912,1.0,per_learner/3/correct,ppo_hier_items200_h1500\PPO_1
300000,1.0,per_learner/3/correct,ppo_hier_items200_h1500\PPO_1
325000,1.0,per_learner/3/correct,ppo_hier_items200_h1500\PPO_1
327680,1.0,per_learner/3/correct,ppo_hier_items200_h1500\PPO_1
350000,1.0,per_learner/3/correct,ppo_hier_items200_h1500\PPO_1
360448,1.0,per_learner/3/correct,ppo_hier_items200_h1500\PPO_1
375000,1.0,per_learner/3/correct,ppo_hier_items200_h1500\PPO_1
393216,1.0,per_learner/3/correct,ppo_hier_items200_h1500\PPO_1
400000,1.0,per_learner/3/correct,ppo_hier_items200_h1500\PPO_1
425000,1.0,per_learner/3/correct,ppo_hier_items200_h1500\PPO_1
425984,1.0,per_learner/3/correct,ppo_hier_items200_h1500\PPO_1
450000,1.0,per_learner/3/correct,ppo_hier_items200_h1500\PPO_1
458752,1.0,per_learner/3/correct,ppo_hier_items200_h1500\PPO_1
475000,1.0,per_learner/3/correct,ppo_hier_items200_h1500\PPO_1
491520,1.0,per_learner/3/correct,ppo_hier_items200_h1500\PPO_1
500000,1.0,per_learner/3/correct,ppo_hier_items200_h1500\PPO_1
524288,1.0,per_learner/3/correct,ppo_hier_items200_h1500\PPO_1
525000,1.0,per_learner/3/correct,ppo_hier_items200_h1500\PPO_1
550000,1.0,per_learner/3/correct,ppo_hier_items200_h1500\PPO_1
557056,1.0,per_learner/3/correct,ppo_hier_items200_h1500\PPO_1
575000,1.0,per_learner/3/correct,ppo_hier_items200_h1500\PPO_1
589824,1.0,per_learner/3/correct,ppo_hier_items200_h1500\PPO_1
600000,1.0,per_learner/3/correct,ppo_hier_items200_h1500\PPO_1
622592,1.0,per_learner/3/correct,ppo_hier_items200_h1500\PPO_1
625000,1.0,per_learner/3/correct,ppo_hier_items200_h1500\PPO_1
650000,1.0,per_learner/3/correct,ppo_hier_items200_h1500\PPO_1
655360,1.0,per_learner/3/correct,ppo_hier_items200_h1500\PPO_1
675000,1.0,per_learner/3/correct,ppo_hier_items200_h1500\PPO_1
688128,1.0,per_learner/3/correct,ppo_hier_items200_h1500\PPO_1
700000,1.0,per_learner/3/correct,ppo_hier_items200_h1500\PPO_1
720896,1.0,per_learner/3/correct,ppo_hier_items200_h1500\PPO_1
725000,1.0,per_learner/3/correct,ppo_hier_items200_h1500\PPO_1
750000,1.0,per_learner/3/correct,ppo_hier_items200_h1500\PPO_1
753664,1.0,per_learner/3/correct,ppo_hier_items200_h1500\PPO_1
775000,1.0,per_learner/3/correct,ppo_hier_items200_h1500\PPO_1
786432,1.0,per_learner/3/correct,ppo_hier_items200_h1500\PPO_1
800000,1.0,per_learner/3/correct,ppo_hier_items200_h1500\PPO_1
819200,1.0,per_learner/3/correct,ppo_hier_items200_h1500\PPO_1
825000,1.0,per_learner/3/correct,ppo_hier_items200_h1500\PPO_1
850000,1.0,per_learner/3/correct,ppo_hier_items200_h1500\PPO_1
851968,1.0,per_learner/3/correct,ppo_hier_items200_h1500\PPO_1
875000,1.0,per_learner/3/correct,ppo_hier_items200_h1500\PPO_1
884736,1.0,per_learner/3/correct,ppo_hier_items200_h1500\PPO_1
900000,1.0,per_learner/3/correct,ppo_hier_items200_h1500\PPO_1
917504,1.0,per_learner/3/correct,ppo_hier_items200_h1500\PPO_1
925000,1.0,per_learner/3/correct,ppo_hier_items200_h1500\PPO_1
950000,1.0,per_learner/3/correct,ppo_hier_items200_h1500\PPO_1
950272,1.0,per_learner/3/correct,ppo_hier_items200_h1500\PPO_1
975000,1.0,per_learner/3/correct,ppo_hier_items200_h1500\PPO_1
983040,1.0,per_learner/3/correct,ppo_hier_items200_h1500\PPO_1
1000000,1.0,per_learner/3/correct,ppo_hier_items200_h1500\PPO_1
1015808,1.0,per_learner/3/correct,ppo_hier_items200_h1500\PPO_1
1025000,1.0,per_learner/3/correct,ppo_hier_items200_h1500\PPO_1
1048576,1.0,per_learner/3/correct,ppo_hier_items200_h1500\PPO_1
1050000,1.0,per_learner/3/correct,ppo_hier_items200_h1500\PPO_1
1075000,1.0,per_learner/3/correct,ppo_hier_items200_h1500\PPO_1
1081344,1.0,per_learner/3/correct,ppo_hier_items200_h1500\PPO_1
1100000,1.0,per_learner/3/correct,ppo_hier_items200_h1500\PPO_1
1114112,1.0,per_learner/3/correct,ppo_hier_items200_h1500\PPO_1
1125000,1.0,per_learner/3/correct,ppo_hier_items200_h1500\PPO_1
1146880,1.0,per_learner/3/correct,ppo_hier_items200_h1500\PPO_1
1150000,1.0,per_learner/3/correct,ppo_hier_items200_h1500\PPO_1
1175000,1.0,per_learner/3/correct,ppo_hier_items200_h1500\PPO_1
1179648,1.0,per_learner/3/correct,ppo_hier_items200_h1500\PPO_1
1200000,1.0,per_learner/3/correct,ppo_hier_items200_h1500\PPO_1
1212416,1.0,per_learner/3/correct,ppo_hier_items200_h1500\PPO_1
1225000,1.0,per_learner/3/correct,ppo_hier_items200_h1500\PPO_1
1245184,1.0,per_learner/3/correct,ppo_hier_items200_h1500\PPO_1
1250000,1.0,per_learner/3/correct,ppo_hier_items200_h1500\PPO_1
1275000,1.0,per_learner/3/correct,ppo_hier_items200_h1500\PPO_1
1277952,1.0,per_learner/3/correct,ppo_hier_items200_h1500\PPO_1
1300000,1.0,per_learner/3/correct,ppo_hier_items200_h1500\PPO_1
1310720,1.0,per_learner/3/correct,ppo_hier_items200_h1500\PPO_1
1325000,1.0,per_learner/3/correct,ppo_hier_items200_h1500\PPO_1
1343488,1.0,per_learner/3/correct,ppo_hier_items200_h1500\PPO_1
1350000,1.0,per_learner/3/correct,ppo_hier_items200_h1500\PPO_1
1375000,1.0,per_learner/3/correct,ppo_hier_items200_h1500\PPO_1
1376256,1.0,per_learner/3/correct,ppo_hier_items200_h1500\PPO_1
1400000,1.0,per_learner/3/correct,ppo_hier_items200_h1500\PPO_1
1409024,1.0,per_learner/3/correct,ppo_hier_items200_h1500\PPO_1
1425000,1.0,per_learner/3/correct,ppo_hier_items200_h1500\PPO_1
1441792,1.0,per_learner/3/correct,ppo_hier_items200_h1500\PPO_1
1450000,1.0,per_learner/3/correct,ppo_hier_items200_h1500\PPO_1
1474560,1.0,per_learner/3/correct,ppo_hier_items200_h1500\PPO_1
1475000,1.0,per_learner/3/correct,ppo_hier_items200_h1500\PPO_1
1500000,1.0,per_learner/3/correct,ppo_hier_items200_h1500\PPO_1
1507328,1.0,per_learner/3/correct,ppo_hier_items200_h1500\PPO_1
1525000,1.0,per_learner/3/correct,ppo_hier_items200_h1500\PPO_1
1540096,1.0,per_learner/3/correct,ppo_hier_items200_h1500\PPO_1
1550000,1.0,per_learner/3/correct,ppo_hier_items200_h1500\PPO_1
1572864,1.0,per_learner/3/correct,ppo_hier_items200_h1500\PPO_1
1575000,1.0,per_learner/3/correct,ppo_hier_items200_h1500\PPO_1
1600000,1.0,per_learner/3/correct,ppo_hier_items200_h1500\PPO_1
1605632,1.0,per_learner/3/correct,ppo_hier_items200_h1500\PPO_1
1625000,1.0,per_learner/3/correct,ppo_hier_items200_h1500\PPO_1
1638400,1.0,per_learner/3/correct,ppo_hier_items200_h1500\PPO_1
1650000,1.0,per_learner/3/correct,ppo_hier_items200_h1500\PPO_1
1671168,1.0,per_learner/3/correct,ppo_hier_items200_h1500\PPO_1
1675000,1.0,per_learner/3/correct,ppo_hier_items200_h1500\PPO_1
1700000,1.0,per_learner/3/correct,ppo_hier_items200_h1500\PPO_1
1703936,1.0,per_learner/3/correct,ppo_hier_items200_h1500\PPO_1
1725000,1.0,per_learner/3/correct,ppo_hier_items200_h1500\PPO_1
1736704,1.0,per_learner/3/correct,ppo_hier_items200_h1500\PPO_1
1750000,1.0,per_learner/3/correct,ppo_hier_items200_h1500\PPO_1
1769472,1.0,per_learner/3/correct,ppo_hier_items200_h1500\PPO_1
1775000,1.0,per_learner/3/correct,ppo_hier_items200_h1500\PPO_1
1800000,1.0,per_learner/3/correct,ppo_hier_items200_h1500\PPO_1
1802240,1.0,per_learner/3/correct,ppo_hier_items200_h1500\PPO_1
1825000,1.0,per_learner/3/correct,ppo_hier_items200_h1500\PPO_1
1835008,1.0,per_learner/3/correct,ppo_hier_items200_h1500\PPO_1
1850000,1.0,per_learner/3/correct,ppo_hier_items200_h1500\PPO_1
1867776,1.0,per_learner/3/correct,ppo_hier_items200_h1500\PPO_1
1875000,1.0,per_learner/3/correct,ppo_hier_items200_h1500\PPO_1
1900000,1.0,per_learner/3/correct,ppo_hier_items200_h1500\PPO_1
1900544,1.0,per_learner/3/correct,ppo_hier_items200_h1500\PPO_1
1925000,1.0,per_learner/3/correct,ppo_hier_items200_h1500\PPO_1
1933312,1.0,per_learner/3/correct,ppo_hier_items200_h1500\PPO_1
1950000,1.0,per_learner/3/correct,ppo_hier_items200_h1500\PPO_1
1966080,1.0,per_learner/3/correct,ppo_hier_items200_h1500\PPO_1
1975000,1.0,per_learner/3/correct,ppo_hier_items200_h1500\PPO_1
1998848,1.0,per_learner/3/correct,ppo_hier_items200_h1500\PPO_1
2000000,1.0,per_learner/3/correct,ppo_hier_items200_h1500\PPO_1
2025000,1.0,per_learner/3/correct,ppo_hier_items200_h1500\PPO_1
2031616,1.0,per_learner/3/correct,ppo_hier_items200_h1500\PPO_1
25000,0.0,per_learner/3/mastered_count,ppo_hier_items200_h1500\PPO_1
32768,5.0,per_learner/3/mastered_count,ppo_hier_items200_h1500\PPO_1
50000,0.0,per_learner/3/mastered_count,ppo_hier_items200_h1500\PPO_1
65536,1.0,per_learner/3/mastered_count,ppo_hier_items200_h1500\PPO_1
75000,0.0,per_learner/3/mastered_count,ppo_hier_items200_h1500\PPO_1
98304,2.0,per_learner/3/mastered_count,ppo_hier_items200_h1500\PPO_1
100000,2.0,per_learner/3/mastered_count,ppo_hier_items200_h1500\PPO_1
125000,2.0,per_learner/3/mastered_count,ppo_hier_items200_h1500\PPO_1
131072,14.0,per_learner/3/mastered_count,ppo_hier_items200_h1500\PPO_1
150000,6.0,per_learner/3/mastered_count,ppo_hier_items200_h1500\PPO_1
163840,5.0,per_learner/3/mastered_count,ppo_hier_items200_h1500\PPO_1
175000,5.0,per_learner/3/mastered_count,ppo_hier_items200_h1500\PPO_1
196608,1.0,per_learner/3/mastered_count,ppo_hier_items200_h1500\PPO_1
200000,8.0,per_learner/3/mastered_count,ppo_hier_items200_h1500\PPO_1
225000,11.0,per_learner/3/mastered_count,ppo_hier_items200_h1500\PPO_1
229376,0.0,per_learner/3/mastered_count,ppo_hier_items200_h1500\PPO_1
250000,11.0,per_learner/3/mastered_count,ppo_hier_items200_h1500\PPO_1
262144,10.0,per_learner/3/mastered_count,ppo_hier_items200_h1500\PPO_1
275000,14.0,per_learner/3/mastered_count,ppo_hier_items200_h1500\PPO_1
294912,3.0,per_learner/3/mastered_count,ppo_hier_items200_h1500\PPO_1
300000,10.0,per_learner/3/mastered_count,ppo_hier_items200_h1500\PPO_1
325000,0.0,per_learner/3/mastered_count,ppo_hier_items200_h1500\PPO_1
327680,0.0,per_learner/3/mastered_count,ppo_hier_items200_h1500\PPO_1
350000,0.0,per_learner/3/mastered_count,ppo_hier_items200_h1500\PPO_1
360448,0.0,per_learner/3/mastered_count,ppo_hier_items200_h1500\PPO_1
375000,0.0,per_learner/3/mastered_count,ppo_hier_items200_h1500\PPO_1
393216,13.0,per_learner/3/mastered_count,ppo_hier_items200_h1500\PPO_1
400000,1.0,per_learner/3/mastered_count,ppo_hier_items200_h1500\PPO_1
425000,3.0,per_learner/3/mastered_count,ppo_hier_items200_h1500\PPO_1
425984,3.0,per_learner/3/mastered_count,ppo_hier_items200_h1500\PPO_1
450000,5.0,per_learner/3/mastered_count,ppo_hier_items200_h1500\PPO_1
458752,1.0,per_learner/3/mastered_count,ppo_hier_items200_h1500\PPO_1
475000,4.0,per_learner/3/mastered_count,ppo_hier_items200_h1500\PPO_1
491520,13.0,per_learner/3/mastered_count,ppo_hier_items200_h1500\PPO_1
500000,4.0,per_learner/3/mastered_count,ppo_hier_items200_h1500\PPO_1
524288,11.0,per_learner/3/mastered_count,ppo_hier_items200_h1500\PPO_1
525000,11.0,per_learner/3/mastered_count,ppo_hier_items200_h1500\PPO_1
550000,12.0,per_learner/3/mastered_count,ppo_hier_items200_h1500\PPO_1
557056,2.0,per_learner/3/mastered_count,ppo_hier_items200_h1500\PPO_1
575000,13.0,per_learner/3/mastered_count,ppo_hier_items200_h1500\PPO_1
589824,0.0,per_learner/3/mastered_count,ppo_hier_items200_h1500\PPO_1
600000,17.0,per_learner/3/mastered_count,ppo_hier_items200_h1500\PPO_1
622592,15.0,per_learner/3/mastered_count,ppo_hier_items200_h1500\PPO_1
625000,0.0,per_learner/3/mastered_count,ppo_hier_items200_h1500\PPO_1
650000,1.0,per_learner/3/mastered_count,ppo_hier_items200_h1500\PPO_1
655360,6.0,per_learner/3/mastered_count,ppo_hier_items200_h1500\PPO_1
675000,2.0,per_learner/3/mastered_count,ppo_hier_items200_h1500\PPO_1
688128,1.0,per_learner/3/mastered_count,ppo_hier_items200_h1500\PPO_1
700000,2.0,per_learner/3/mastered_count,ppo_hier_items200_h1500\PPO_1
720896,0.0,per_learner/3/mastered_count,ppo_hier_items200_h1500\PPO_1
725000,1.0,per_learner/3/mastered_count,ppo_hier_items200_h1500\PPO_1
750000,4.0,per_learner/3/mastered_count,ppo_hier_items200_h1500\PPO_1
753664,16.0,per_learner/3/mastered_count,ppo_hier_items200_h1500\PPO_1
775000,3.0,per_learner/3/mastered_count,ppo_hier_items200_h1500\PPO_1
786432,4.0,per_learner/3/mastered_count,ppo_hier_items200_h1500\PPO_1
800000,10.0,per_learner/3/mastered_count,ppo_hier_items200_h1500\PPO_1
819200,1.0,per_learner/3/mastered_count,ppo_hier_items200_h1500\PPO_1
825000,8.0,per_learner/3/mastered_count,ppo_hier_items200_h1500\PPO_1
850000,15.0,per_learner/3/mastered_count,ppo_hier_items200_h1500\PPO_1
851968,18.0,per_learner/3/mastered_count,ppo_hier_items200_h1500\PPO_1
875000,21.0,per_learner/3/mastered_count,ppo_hier_items200_h1500\PPO_1
884736,10.0,per_learner/3/mastered_count,ppo_hier_items200_h1500\PPO_1
900000,22.0,per_learner/3/mastered_count,ppo_hier_items200_h1500\PPO_1
917504,9.0,per_learner/3/mastered_count,ppo_hier_items200_h1500\PPO_1
925000,0.0,per_learner/3/mastered_count,ppo_hier_items200_h1500\PPO_1
950000,0.0,per_learner/3/mastered_count,ppo_hier_items200_h1500\PPO_1
950272,1.0,per_learner/3/mastered_count,ppo_hier_items200_h1500\PPO_1
975000,3.0,per_learner/3/mastered_count,ppo_hier_items200_h1500\PPO_1
983040,20.0,per_learner/3/mastered_count,ppo_hier_items200_h1500\PPO_1
1000000,5.0,per_learner/3/mastered_count,ppo_hier_items200_h1500\PPO_1
1015808,7.0,per_learner/3/mastered_count,ppo_hier_items200_h1500\PPO_1
1025000,8.0,per_learner/3/mastered_count,ppo_hier_items200_h1500\PPO_1
1048576,6.0,per_learner/3/mastered_count,ppo_hier_items200_h1500\PPO_1
1050000,12.0,per_learner/3/mastered_count,ppo_hier_items200_h1500\PPO_1
1075000,9.0,per_learner/3/mastered_count,ppo_hier_items200_h1500\PPO_1
1081344,0.0,per_learner/3/mastered_count,ppo_hier_items200_h1500\PPO_1
1100000,11.0,per_learner/3/mastered_count,ppo_hier_items200_h1500\PPO_1
1114112,19.0,per_learner/3/mastered_count,ppo_hier_items200_h1500\PPO_1
1125000,10.0,per_learner/3/mastered_count,ppo_hier_items200_h1500\PPO_1
1146880,8.0,per_learner/3/mastered_count,ppo_hier_items200_h1500\PPO_1
1150000,17.0,per_learner/3/mastered_count,ppo_hier_items200_h1500\PPO_1
1175000,16.0,per_learner/3/mastered_count,ppo_hier_items200_h1500\PPO_1
1179648,7.0,per_learner/3/mastered_count,ppo_hier_items200_h1500\PPO_1
1200000,26.0,per_learner/3/mastered_count,ppo_hier_items200_h1500\PPO_1
1212416,0.0,per_learner/3/mastered_count,ppo_hier_items200_h1500\PPO_1
1225000,1.0,per_learner/3/mastered_count,ppo_hier_items200_h1500\PPO_1
1245184,15.0,per_learner/3/mastered_count,ppo_hier_items200_h1500\PPO_1
1250000,2.0,per_learner/3/mastered_count,ppo_hier_items200_h1500\PPO_1
1275000,2.0,per_learner/3/mastered_count,ppo_hier_items200_h1500\PPO_1
1277952,11.0,per_learner/3/mastered_count,ppo_hier_items200_h1500\PPO_1
1300000,4.0,per_learner/3/mastered_count,ppo_hier_items200_h1500\PPO_1
1310720,3.0,per_learner/3/mastered_count,ppo_hier_items200_h1500\PPO_1
1325000,3.0,per_learner/3/mastered_count,ppo_hier_items200_h1500\PPO_1
1343488,23.0,per_learner/3/mastered_count,ppo_hier_items200_h1500\PPO_1
1350000,11.0,per_learner/3/mastered_count,ppo_hier_items200_h1500\PPO_1
1375000,12.0,per_learner/3/mastered_count,ppo_hier_items200_h1500\PPO_1
1376256,17.0,per_learner/3/mastered_count,ppo_hier_items200_h1500\PPO_1
1400000,9.0,per_learner/3/mastered_count,ppo_hier_items200_h1500\PPO_1
1409024,10.0,per_learner/3/mastered_count,ppo_hier_items200_h1500\PPO_1
1425000,14.0,per_learner/3/mastered_count,ppo_hier_items200_h1500\PPO_1
1441792,1.0,per_learner/3/mastered_count,ppo_hier_items200_h1500\PPO_1
1450000,14.0,per_learner/3/mastered_count,ppo_hier_items200_h1500\PPO_1
1474560,15.0,per_learner/3/mastered_count,ppo_hier_items200_h1500\PPO_1
1475000,11.0,per_learner/3/mastered_count,ppo_hier_items200_h1500\PPO_1
1500000,26.0,per_learner/3/mastered_count,ppo_hier_items200_h1500\PPO_1
1507328,11.0,per_learner/3/mastered_count,ppo_hier_items200_h1500\PPO_1
1525000,0.0,per_learner/3/mastered_count,ppo_hier_items200_h1500\PPO_1
1540096,9.0,per_learner/3/mastered_count,ppo_hier_items200_h1500\PPO_1
1550000,1.0,per_learner/3/mastered_count,ppo_hier_items200_h1500\PPO_1
1572864,0.0,per_learner/3/mastered_count,ppo_hier_items200_h1500\PPO_1
1575000,1.0,per_learner/3/mastered_count,ppo_hier_items200_h1500\PPO_1
1600000,3.0,per_learner/3/mastered_count,ppo_hier_items200_h1500\PPO_1
1605632,15.0,per_learner/3/mastered_count,ppo_hier_items200_h1500\PPO_1
1625000,5.0,per_learner/3/mastered_count,ppo_hier_items200_h1500\PPO_1
1638400,9.0,per_learner/3/mastered_count,ppo_hier_items200_h1500\PPO_1
1650000,14.0,per_learner/3/mastered_count,ppo_hier_items200_h1500\PPO_1
1671168,4.0,per_learner/3/mastered_count,ppo_hier_items200_h1500\PPO_1
1675000,14.0,per_learner/3/mastered_count,ppo_hier_items200_h1500\PPO_1
1700000,17.0,per_learner/3/mastered_count,ppo_hier_items200_h1500\PPO_1
1703936,17.0,per_learner/3/mastered_count,ppo_hier_items200_h1500\PPO_1
1725000,10.0,per_learner/3/mastered_count,ppo_hier_items200_h1500\PPO_1
1736704,17.0,per_learner/3/mastered_count,ppo_hier_items200_h1500\PPO_1
1750000,26.0,per_learner/3/mastered_count,ppo_hier_items200_h1500\PPO_1
1769472,12.0,per_learner/3/mastered_count,ppo_hier_items200_h1500\PPO_1
1775000,24.0,per_learner/3/mastered_count,ppo_hier_items200_h1500\PPO_1
1800000,23.0,per_learner/3/mastered_count,ppo_hier_items200_h1500\PPO_1
1802240,1.0,per_learner/3/mastered_count,ppo_hier_items200_h1500\PPO_1
1825000,0.0,per_learner/3/mastered_count,ppo_hier_items200_h1500\PPO_1
1835008,21.0,per_learner/3/mastered_count,ppo_hier_items200_h1500\PPO_1
1850000,1.0,per_learner/3/mastered_count,ppo_hier_items200_h1500\PPO_1
1867776,18.0,per_learner/3/mastered_count,ppo_hier_items200_h1500\PPO_1
1875000,4.0,per_learner/3/mastered_count,ppo_hier_items200_h1500\PPO_1
1900000,4.0,per_learner/3/mastered_count,ppo_hier_items200_h1500\PPO_1
1900544,5.0,per_learner/3/mastered_count,ppo_hier_items200_h1500\PPO_1
1925000,8.0,per_learner/3/mastered_count,ppo_hier_items200_h1500\PPO_1
1933312,0.0,per_learner/3/mastered_count,ppo_hier_items200_h1500\PPO_1
1950000,15.0,per_learner/3/mastered_count,ppo_hier_items200_h1500\PPO_1
1966080,21.0,per_learner/3/mastered_count,ppo_hier_items200_h1500\PPO_1
1975000,13.0,per_learner/3/mastered_count,ppo_hier_items200_h1500\PPO_1
1998848,9.0,per_learner/3/mastered_count,ppo_hier_items200_h1500\PPO_1
2000000,16.0,per_learner/3/mastered_count,ppo_hier_items200_h1500\PPO_1
2025000,19.0,per_learner/3/mastered_count,ppo_hier_items200_h1500\PPO_1
2031616,6.0,per_learner/3/mastered_count,ppo_hier_items200_h1500\PPO_1
25000,0.9993410706520081,per_learner/3/p_correct,ppo_hier_items200_h1500\PPO_1
32768,0.9987959861755371,per_learner/3/p_correct,ppo_hier_items200_h1500\PPO_1
50000,0.9986087679862976,per_learner/3/p_correct,ppo_hier_items200_h1500\PPO_1
65536,0.996298611164093,per_learner/3/p_correct,ppo_hier_items200_h1500\PPO_1
75000,0.9992761015892029,per_learner/3/p_correct,ppo_hier_items200_h1500\PPO_1
98304,0.9987789988517761,per_learner/3/p_correct,ppo_hier_items200_h1500\PPO_1
100000,0.9978854060173035,per_learner/3/p_correct,ppo_hier_items200_h1500\PPO_1
125000,0.9994512796401978,per_learner/3/p_correct,ppo_hier_items200_h1500\PPO_1
131072,0.9991156458854675,per_learner/3/p_correct,ppo_hier_items200_h1500\PPO_1
150000,0.995820939540863,per_learner/3/p_correct,ppo_hier_items200_h1500\PPO_1
163840,0.9940696954727173,per_learner/3/p_correct,ppo_hier_items200_h1500\PPO_1
175000,0.9999281764030457,per_learner/3/p_correct,ppo_hier_items200_h1500\PPO_1
196608,0.9970886707305908,per_learner/3/p_correct,ppo_hier_items200_h1500\PPO_1
200000,0.9939489364624023,per_learner/3/p_correct,ppo_hier_items200_h1500\PPO_1
225000,0.9997599124908447,per_learner/3/p_correct,ppo_hier_items200_h1500\PPO_1
229376,0.9988934397697449,per_learner/3/p_correct,ppo_hier_items200_h1500\PPO_1
250000,0.993040919303894,per_learner/3/p_correct,ppo_hier_items200_h1500\PPO_1
262144,0.9925517439842224,per_learner/3/p_correct,ppo_hier_items200_h1500\PPO_1
275000,0.9923471212387085,per_learner/3/p_correct,ppo_hier_items200_h1500\PPO_1
294912,0.9998208284378052,per_learner/3/p_correct,ppo_hier_items200_h1500\PPO_1
300000,0.9916538000106812,per_learner/3/p_correct,ppo_hier_items200_h1500\PPO_1
325000,0.9992250800132751,per_learner/3/p_correct,ppo_hier_items200_h1500\PPO_1
327680,0.9974313378334045,per_learner/3/p_correct,ppo_hier_items200_h1500\PPO_1
350000,0.9986718893051147,per_learner/3/p_correct,ppo_hier_items200_h1500\PPO_1
360448,0.9996598362922668,per_learner/3/p_correct,ppo_hier_items200_h1500\PPO_1
375000,0.9990377426147461,per_learner/3/p_correct,ppo_hier_items200_h1500\PPO_1
393216,0.9932254552841187,per_learner/3/p_correct,ppo_hier_items200_h1500\PPO_1
400000,0.9970657825469971,per_learner/3/p_correct,ppo_hier_items200_h1500\PPO_1
425000,0.9962220788002014,per_learner/3/p_correct,ppo_hier_items200_h1500\PPO_1
425984,0.9958264827728271,per_learner/3/p_correct,ppo_hier_items200_h1500\PPO_1
450000,0.9999721050262451,per_learner/3/p_correct,ppo_hier_items200_h1500\PPO_1
458752,0.9985417723655701,per_learner/3/p_correct,ppo_hier_items200_h1500\PPO_1
475000,0.9977189898490906,per_learner/3/p_correct,ppo_hier_items200_h1500\PPO_1
491520,0.9909651279449463,per_learner/3/p_correct,ppo_hier_items200_h1500\PPO_1
500000,0.9935591816902161,per_learner/3/p_correct,ppo_hier_items200_h1500\PPO_1
524288,0.9997683167457581,per_learner/3/p_correct,ppo_hier_items200_h1500\PPO_1
525000,0.9988960027694702,per_learner/3/p_correct,ppo_hier_items200_h1500\PPO_1
550000,0.9997716546058655,per_learner/3/p_correct,ppo_hier_items200_h1500\PPO_1
557056,0.9959164261817932,per_learner/3/p_correct,ppo_hier_items200_h1500\PPO_1
575000,0.9977379441261292,per_learner/3/p_correct,ppo_hier_items200_h1500\PPO_1
589824,0.9996441602706909,per_learner/3/p_correct,ppo_hier_items200_h1500\PPO_1
600000,0.9973911046981812,per_learner/3/p_correct,ppo_hier_items200_h1500\PPO_1
622592,0.9994482398033142,per_learner/3/p_correct,ppo_hier_items200_h1500\PPO_1
625000,0.9993410706520081,per_learner/3/p_correct,ppo_hier_items200_h1500\PPO_1
650000,0.9984381198883057,per_learner/3/p_correct,ppo_hier_items200_h1500\PPO_1
655360,0.9980323314666748,per_learner/3/p_correct,ppo_hier_items200_h1500\PPO_1
675000,0.9978014826774597,per_learner/3/p_correct,ppo_hier_items200_h1500\PPO_1
688128,0.9988067746162415,per_learner/3/p_correct,ppo_hier_items200_h1500\PPO_1
700000,0.9967743754386902,per_learner/3/p_correct,ppo_hier_items200_h1500\PPO_1
720896,0.9993197917938232,per_learner/3/p_correct,ppo_hier_items200_h1500\PPO_1
725000,0.9966884255409241,per_learner/3/p_correct,ppo_hier_items200_h1500\PPO_1
750000,0.9952903985977173,per_learner/3/p_correct,ppo_hier_items200_h1500\PPO_1
753664,0.9993711709976196,per_learner/3/p_correct,ppo_hier_items200_h1500\PPO_1
775000,0.994357168674469,per_learner/3/p_correct,ppo_hier_items200_h1500\PPO_1
786432,0.9957008361816406,per_learner/3/p_correct,ppo_hier_items200_h1500\PPO_1
800000,0.9986050724983215,per_learner/3/p_correct,ppo_hier_items200_h1500\PPO_1
819200,0.9979773759841919,per_learner/3/p_correct,ppo_hier_items200_h1500\PPO_1
825000,0.9927618503570557,per_learner/3/p_correct,ppo_hier_items200_h1500\PPO_1
850000,0.9995526075363159,per_learner/3/p_correct,ppo_hier_items200_h1500\PPO_1
851968,0.9976234436035156,per_learner/3/p_correct,ppo_hier_items200_h1500\PPO_1
875000,0.991936981678009,per_learner/3/p_correct,ppo_hier_items200_h1500\PPO_1
884736,0.9986950755119324,per_learner/3/p_correct,ppo_hier_items200_h1500\PPO_1
900000,0.9903415441513062,per_learner/3/p_correct,ppo_hier_items200_h1500\PPO_1
917504,0.9999648928642273,per_learner/3/p_correct,ppo_hier_items200_h1500\PPO_1
925000,0.999218761920929,per_learner/3/p_correct,ppo_hier_items200_h1500\PPO_1
950000,0.9984318614006042,per_learner/3/p_correct,ppo_hier_items200_h1500\PPO_1
950272,0.9982881546020508,per_learner/3/p_correct,ppo_hier_items200_h1500\PPO_1
975000,0.997795581817627,per_learner/3/p_correct,ppo_hier_items200_h1500\PPO_1
983040,0.9994788765907288,per_learner/3/p_correct,ppo_hier_items200_h1500\PPO_1
1000000,0.9999303817749023,per_learner/3/p_correct,ppo_hier_items200_h1500\PPO_1
1015808,0.9947941303253174,per_learner/3/p_correct,ppo_hier_items200_h1500\PPO_1
1025000,0.9959809184074402,per_learner/3/p_correct,ppo_hier_items200_h1500\PPO_1
1048576,0.9989506602287292,per_learner/3/p_correct,ppo_hier_items200_h1500\PPO_1
1050000,0.9994832873344421,per_learner/3/p_correct,ppo_hier_items200_h1500\PPO_1
1075000,0.9953327178955078,per_learner/3/p_correct,ppo_hier_items200_h1500\PPO_1
1081344,0.999061107635498,per_learner/3/p_correct,ppo_hier_items200_h1500\PPO_1
1100000,0.9937233924865723,per_learner/3/p_correct,ppo_hier_items200_h1500\PPO_1
1114112,0.997611939907074,per_learner/3/p_correct,ppo_hier_items200_h1500\PPO_1
1125000,0.9929595589637756,per_learner/3/p_correct,ppo_hier_items200_h1500\PPO_1
1146880,0.994788646697998,per_learner/3/p_correct,ppo_hier_items200_h1500\PPO_1
1150000,0.9926571846008301,per_learner/3/p_correct,ppo_hier_items200_h1500\PPO_1
1175000,0.9991027116775513,per_learner/3/p_correct,ppo_hier_items200_h1500\PPO_1
1179648,0.9971300959587097,per_learner/3/p_correct,ppo_hier_items200_h1500\PPO_1
1200000,0.9911938905715942,per_learner/3/p_correct,ppo_hier_items200_h1500\PPO_1
1212416,0.9996698498725891,per_learner/3/p_correct,ppo_hier_items200_h1500\PPO_1
1225000,0.9992468953132629,per_learner/3/p_correct,ppo_hier_items200_h1500\PPO_1
1245184,0.9928156137466431,per_learner/3/p_correct,ppo_hier_items200_h1500\PPO_1
1250000,0.9994123578071594,per_learner/3/p_correct,ppo_hier_items200_h1500\PPO_1
1275000,0.9976644515991211,per_learner/3/p_correct,ppo_hier_items200_h1500\PPO_1
1277952,0.9986183047294617,per_learner/3/p_correct,ppo_hier_items200_h1500\PPO_1
1300000,0.9995260834693909,per_learner/3/p_correct,ppo_hier_items200_h1500\PPO_1
1310720,0.9981796741485596,per_learner/3/p_correct,ppo_hier_items200_h1500\PPO_1
1325000,0.9962160587310791,per_learner/3/p_correct,ppo_hier_items200_h1500\PPO_1
1343488,0.9997393488883972,per_learner/3/p_correct,ppo_hier_items200_h1500\PPO_1
1350000,0.9999641180038452,per_learner/3/p_correct,ppo_hier_items200_h1500\PPO_1
1375000,0.9997799396514893,per_learner/3/p_correct,ppo_hier_items200_h1500\PPO_1
1376256,0.9933404922485352,per_learner/3/p_correct,ppo_hier_items200_h1500\PPO_1
1400000,0.9937359094619751,per_learner/3/p_correct,ppo_hier_items200_h1500\PPO_1
1409024,0.9959486722946167,per_learner/3/p_correct,ppo_hier_items200_h1500\PPO_1
1425000,0.9940001964569092,per_learner/3/p_correct,ppo_hier_items200_h1500\PPO_1
1441792,0.9986791014671326,per_learner/3/p_correct,ppo_hier_items200_h1500\PPO_1
1450000,0.9933345913887024,per_learner/3/p_correct,ppo_hier_items200_h1500\PPO_1
1474560,0.9978302717208862,per_learner/3/p_correct,ppo_hier_items200_h1500\PPO_1
1475000,0.9923471212387085,per_learner/3/p_correct,ppo_hier_items200_h1500\PPO_1
1500000,0.9909461736679077,per_learner/3/p_correct,ppo_hier_items200_h1500\PPO_1
1507328,0.9951034188270569,per_learner/3/p_correct,ppo_hier_items200_h1500\PPO_1
1525000,0.9999678134918213,per_learner/3/p_correct,ppo_hier_items200_h1500\PPO_1
1540096,0.9999880194664001,per_learner/3/p_correct,ppo_hier_items200_h1500\PPO_1
1550000,0.9989485144615173,per_learner/3/p_correct,ppo_hier_items200_h1500\PPO_1
1572864,0.9993629455566406,per_learner/3/p_correct,ppo_hier_items200_h1500\PPO_1
1575000,0.997581422328949,per_learner/3/p_correct,ppo_hier_items200_h1500\PPO_1
1600000,0.9987830519676208,per_learner/3/p_correct,ppo_hier_items200_h1500\PPO_1
1605632,0.9939342737197876,per_learner/3/p_correct,ppo_hier_items200_h1500\PPO_1
1625000,0.9994268417358398,per_learner/3/p_correct,ppo_hier_items200_h1500\PPO_1
1638400,0.9996047616004944,per_learner/3/p_correct,ppo_hier_items200_h1500\PPO_1
1650000,0.9960049986839294,per_learner/3/p_correct,ppo_hier_items200_h1500\PPO_1
1671168,0.9983299970626831,per_learner/3/p_correct,ppo_hier_items200_h1500\PPO_1
1675000,0.999809205532074,per_learner/3/p_correct,ppo_hier_items200_h1500\PPO_1
1700000,0.9939549565315247,per_learner/3/p_correct,ppo_hier_items200_h1500\PPO_1
1703936,0.9912406802177429,per_learner/3/p_correct,ppo_hier_items200_h1500\PPO_1
1725000,0.9939948320388794,per_learner/3/p_correct,ppo_hier_items200_h1500\PPO_1
1736704,0.9979562163352966,per_learner/3/p_correct,ppo_hier_items200_h1500\PPO_1
1750000,0.9995031952857971,per_learner/3/p_correct,ppo_hier_items200_h1500\PPO_1
1769472,0.999049723148346,per_learner/3/p_correct,ppo_hier_items200_h1500\PPO_1
1775000,0.991931140422821,per_learner/3/p_correct,ppo_hier_items200_h1500\PPO_1
1800000,0.9916538000106812,per_learner/3/p_correct,ppo_hier_items200_h1500\PPO_1
1802240,0.9997586607933044,per_learner/3/p_correct,ppo_hier_items200_h1500\PPO_1
1825000,0.9993357062339783,per_learner/3/p_correct,ppo_hier_items200_h1500\PPO_1
1835008,0.9965991973876953,per_learner/3/p_correct,ppo_hier_items200_h1500\PPO_1
1850000,0.9986199140548706,per_learner/3/p_correct,ppo_hier_items200_h1500\PPO_1
1867776,0.9995700716972351,per_learner/3/p_correct,ppo_hier_items200_h1500\PPO_1
1875000,0.9999294281005859,per_learner/3/p_correct,ppo_hier_items200_h1500\PPO_1
1900000,0.997482419013977,per_learner/3/p_correct,ppo_hier_items200_h1500\PPO_1
1900544,0.9999970197677612,per_learner/3/p_correct,ppo_hier_items200_h1500\PPO_1
1925000,0.999832034111023,per_learner/3/p_correct,ppo_hier_items200_h1500\PPO_1
1933312,0.9991702437400818,per_learner/3/p_correct,ppo_hier_items200_h1500\PPO_1
1950000,0.9998030662536621,per_learner/3/p_correct,ppo_hier_items200_h1500\PPO_1
1966080,0.9936626553535461,per_learner/3/p_correct,ppo_hier_items200_h1500\PPO_1
1975000,0.9951363205909729,per_learner/3/p_correct,ppo_hier_items200_h1500\PPO_1
1998848,0.9994191527366638,per_learner/3/p_correct,ppo_hier_items200_h1500\PPO_1
2000000,0.9997347593307495,per_learner/3/p_correct,ppo_hier_items200_h1500\PPO_1
2025000,0.9929470419883728,per_learner/3/p_correct,ppo_hier_items200_h1500\PPO_1
2031616,0.9997720718383789,per_learner/3/p_correct,ppo_hier_items200_h1500\PPO_1
25000,0.9991647005081177,per_learner/3/reward,ppo_hier_items200_h1500\PPO_1
32768,3.009300947189331,per_learner/3/reward,ppo_hier_items200_h1500\PPO_1
50000,0.9993478059768677,per_learner/3/reward,ppo_hier_items200_h1500\PPO_1
65536,0.9999253749847412,per_learner/3/reward,ppo_hier_items200_h1500\PPO_1
75000,0.9991809725761414,per_learner/3/reward,ppo_hier_items200_h1500\PPO_1
98304,0.999305248260498,per_learner/3/reward,ppo_hier_items200_h1500\PPO_1
100000,0.9995286464691162,per_learner/3/reward,ppo_hier_items200_h1500\PPO_1
125000,0.9991371631622314,per_learner/3/reward,ppo_hier_items200_h1500\PPO_1
131072,0.9992210865020752,per_learner/3/reward,ppo_hier_items200_h1500\PPO_1
150000,1.000044822692871,per_learner/3/reward,ppo_hier_items200_h1500\PPO_1
163840,1.0004825592041016,per_learner/3/reward,ppo_hier_items200_h1500\PPO_1
175000,0.9990179538726807,per_learner/3/reward,ppo_hier_items200_h1500\PPO_1
196608,0.9997278451919556,per_learner/3/reward,ppo_hier_items200_h1500\PPO_1
200000,1.000512719154358,per_learner/3/reward,ppo_hier_items200_h1500\PPO_1
225000,3.0090599060058594,per_learner/3/reward,ppo_hier_items200_h1500\PPO_1
229376,0.9992766380310059,per_learner/3/reward,ppo_hier_items200_h1500\PPO_1
250000,1.0007398128509521,per_learner/3/reward,ppo_hier_items200_h1500\PPO_1
262144,1.0008621215820312,per_learner/3/reward,ppo_hier_items200_h1500\PPO_1
275000,1.0009132623672485,per_learner/3/reward,ppo_hier_items200_h1500\PPO_1
294912,0.9990447759628296,per_learner/3/reward,ppo_hier_items200_h1500\PPO_1
300000,1.0010865926742554,per_learner/3/reward,ppo_hier_items200_h1500\PPO_1
325000,0.9991937279701233,per_learner/3/reward,ppo_hier_items200_h1500\PPO_1
327680,0.9996421337127686,per_learner/3/reward,ppo_hier_items200_h1500\PPO_1
350000,0.9993320107460022,per_learner/3/reward,ppo_hier_items200_h1500\PPO_1
360448,0.9990850687026978,per_learner/3/reward,ppo_hier_items200_h1500\PPO_1
375000,0.9992405772209167,per_learner/3/reward,ppo_hier_items200_h1500\PPO_1
393216,1.000693678855896,per_learner/3/reward,ppo_hier_items200_h1500\PPO_1
400000,0.999733567237854,per_learner/3/reward,ppo_hier_items200_h1500\PPO_1
425000,0.9999444484710693,per_learner/3/reward,ppo_hier_items200_h1500\PPO_1
425984,1.0000433921813965,per_learner/3/reward,ppo_hier_items200_h1500\PPO_1
450000,3.009006977081299,per_learner/3/reward,ppo_hier_items200_h1500\PPO_1
458752,0.9993645548820496,per_learner/3/reward,ppo_hier_items200_h1500\PPO_1
475000,0.9995702505111694,per_learner/3/reward,ppo_hier_items200_h1500\PPO_1
491520,1.0012587308883667,per_learner/3/reward,ppo_hier_items200_h1500\PPO_1
500000,1.0006102323532104,per_learner/3/reward,ppo_hier_items200_h1500\PPO_1
524288,3.0090579986572266,per_learner/3/reward,ppo_hier_items200_h1500\PPO_1
525000,3.0092759132385254,per_learner/3/reward,ppo_hier_items200_h1500\PPO_1
550000,0.9990570545196533,per_learner/3/reward,ppo_hier_items200_h1500\PPO_1
557056,1.0000208616256714,per_learner/3/reward,ppo_hier_items200_h1500\PPO_1
575000,0.9995655417442322,per_learner/3/reward,ppo_hier_items200_h1500\PPO_1
589824,0.9990889430046082,per_learner/3/reward,ppo_hier_items200_h1500\PPO_1
600000,0.9996522068977356,per_learner/3/reward,ppo_hier_items200_h1500\PPO_1
622592,0.9991379380226135,per_learner/3/reward,ppo_hier_items200_h1500\PPO_1
625000,0.9991647005081177,per_learner/3/reward,ppo_hier_items200_h1500\PPO_1
650000,0.9993904829025269,per_learner/3/reward,ppo_hier_items200_h1500\PPO_1
655360,0.9994919300079346,per_learner/3/reward,ppo_hier_items200_h1500\PPO_1
675000,0.9995496273040771,per_learner/3/reward,ppo_hier_items200_h1500\PPO_1
688128,0.9992983341217041,per_learner/3/reward,ppo_hier_items200_h1500\PPO_1
700000,0.9998064041137695,per_learner/3/reward,ppo_hier_items200_h1500\PPO_1
720896,0.9991700649261475,per_learner/3/reward,ppo_hier_items200_h1500\PPO_1
725000,0.9998279213905334,per_learner/3/reward,ppo_hier_items200_h1500\PPO_1
750000,1.0001773834228516,per_learner/3/reward,ppo_hier_items200_h1500\PPO_1
753664,0.999157190322876,per_learner/3/reward,ppo_hier_items200_h1500\PPO_1
775000,1.0004106760025024,per_learner/3/reward,ppo_hier_items200_h1500\PPO_1
786432,1.0000747442245483,per_learner/3/reward,ppo_hier_items200_h1500\PPO_1
800000,0.9993487596511841,per_learner/3/reward,ppo_hier_items200_h1500\PPO_1
819200,0.9995056390762329,per_learner/3/reward,ppo_hier_items200_h1500\PPO_1
825000,1.0008095502853394,per_learner/3/reward,ppo_hier_items200_h1500\PPO_1
850000,3.0091118812561035,per_learner/3/reward,ppo_hier_items200_h1500\PPO_1
851968,0.9995941519737244,per_learner/3/reward,ppo_hier_items200_h1500\PPO_1
875000,1.0010157823562622,per_learner/3/reward,ppo_hier_items200_h1500\PPO_1
884736,0.999326229095459,per_learner/3/reward,ppo_hier_items200_h1500\PPO_1
900000,1.0014146566390991,per_learner/3/reward,ppo_hier_items200_h1500\PPO_1
917504,3.0090088844299316,per_learner/3/reward,ppo_hier_items200_h1500\PPO_1
925000,0.9991953372955322,per_learner/3/reward,ppo_hier_items200_h1500\PPO_1
950000,0.999392032623291,per_learner/3/reward,ppo_hier_items200_h1500\PPO_1
950272,0.9994279742240906,per_learner/3/reward,ppo_hier_items200_h1500\PPO_1
975000,0.9995511174201965,per_learner/3/reward,ppo_hier_items200_h1500\PPO_1
983040,3.0091302394866943,per_learner/3/reward,ppo_hier_items200_h1500\PPO_1
1000000,3.0090174674987793,per_learner/3/reward,ppo_hier_items200_h1500\PPO_1
1015808,1.000301480293274,per_learner/3/reward,ppo_hier_items200_h1500\PPO_1
1025000,1.000004768371582,per_learner/3/reward,ppo_hier_items200_h1500\PPO_1
1048576,0.9992623329162598,per_learner/3/reward,ppo_hier_items200_h1500\PPO_1
1050000,3.009129285812378,per_learner/3/reward,ppo_hier_items200_h1500\PPO_1
1075000,1.0001667737960815,per_learner/3/reward,ppo_hier_items200_h1500\PPO_1
1081344,0.9992347359657288,per_learner/3/reward,ppo_hier_items200_h1500\PPO_1
1100000,1.0005691051483154,per_learner/3/reward,ppo_hier_items200_h1500\PPO_1
1114112,0.9995970129966736,per_learner/3/reward,ppo_hier_items200_h1500\PPO_1
1125000,1.0007600784301758,per_learner/3/reward,ppo_hier_items200_h1500\PPO_1
1146880,1.000302791595459,per_learner/3/reward,ppo_hier_items200_h1500\PPO_1
1150000,1.000835657119751,per_learner/3/reward,ppo_hier_items200_h1500\PPO_1
1175000,0.9992243051528931,per_learner/3/reward,ppo_hier_items200_h1500\PPO_1
1179648,0.9997174739837646,per_learner/3/reward,ppo_hier_items200_h1500\PPO_1
1200000,1.0012015104293823,per_learner/3/reward,ppo_hier_items200_h1500\PPO_1
1212416,0.9990825653076172,per_learner/3/reward,ppo_hier_items200_h1500\PPO_1
1225000,0.999188244342804,per_learner/3/reward,ppo_hier_items200_h1500\PPO_1
1245184,1.0007960796356201,per_learner/3/reward,ppo_hier_items200_h1500\PPO_1
1250000,0.9991469383239746,per_learner/3/reward,ppo_hier_items200_h1500\PPO_1
1275000,0.999583899974823,per_learner/3/reward,ppo_hier_items200_h1500\PPO_1
1277952,0.9993454217910767,per_learner/3/reward,ppo_hier_items200_h1500\PPO_1
1300000,0.999118447303772,per_learner/3/reward,ppo_hier_items200_h1500\PPO_1
1310720,0.9994550943374634,per_learner/3/reward,ppo_hier_items200_h1500\PPO_1
1325000,0.9999459981918335,per_learner/3/reward,ppo_hier_items200_h1500\PPO_1
1343488,3.0090651512145996,per_learner/3/reward,ppo_hier_items200_h1500\PPO_1
1350000,0.9990089535713196,per_learner/3/reward,ppo_hier_items200_h1500\PPO_1
1375000,3.0090548992156982,per_learner/3/reward,ppo_hier_items200_h1500\PPO_1
1376256,1.0006648302078247,per_learner/3/reward,ppo_hier_items200_h1500\PPO_1
1400000,1.000566005706787,per_learner/3/reward,ppo_hier_items200_h1500\PPO_1
1409024,1.0000128746032715,per_learner/3/reward,ppo_hier_items200_h1500\PPO_1
1425000,1.000499963760376,per_learner/3/reward,ppo_hier_items200_h1500\PPO_1
1441792,0.9993302226066589,per_learner/3/reward,ppo_hier_items200_h1500\PPO_1
1450000,1.0006663799285889,per_learner/3/reward,ppo_hier_items200_h1500\PPO_1
1474560,0.9995424151420593,per_learner/3/reward,ppo_hier_items200_h1500\PPO_1
1475000,1.0009132623672485,per_learner/3/reward,ppo_hier_items200_h1500\PPO_1
1500000,1.0012634992599487,per_learner/3/reward,ppo_hier_items200_h1500\PPO_1
1507328,1.0002241134643555,per_learner/3/reward,ppo_hier_items200_h1500\PPO_1
1525000,0.999008059501648,per_learner/3/reward,ppo_hier_items200_h1500\PPO_1
1540096,0.999002993106842,per_learner/3/reward,ppo_hier_items200_h1500\PPO_1
1550000,0.9992628693580627,per_learner/3/reward,ppo_hier_items200_h1500\PPO_1
1572864,0.9991592764854431,per_learner/3/reward,ppo_hier_items200_h1500\PPO_1
1575000,0.9996046423912048,per_learner/3/reward,ppo_hier_items200_h1500\PPO_1
1600000,0.9993042349815369,per_learner/3/reward,ppo_hier_items200_h1500\PPO_1
1605632,1.000516414642334,per_learner/3/reward,ppo_hier_items200_h1500\PPO_1
1625000,0.9991433024406433,per_learner/3/reward,ppo_hier_items200_h1500\PPO_1
1638400,3.009098768234253,per_learner/3/reward,ppo_hier_items200_h1500\PPO_1
1650000,0.9999987483024597,per_learner/3/reward,ppo_hier_items200_h1500\PPO_1
1671168,0.9994174838066101,per_learner/3/reward,ppo_hier_items200_h1500\PPO_1
1675000,0.9990476965904236,per_learner/3/reward,ppo_hier_items200_h1500\PPO_1
1700000,1.0005112886428833,per_learner/3/reward,ppo_hier_items200_h1500\PPO_1
1703936,1.0011898279190063,per_learner/3/reward,ppo_hier_items200_h1500\PPO_1
1725000,1.000501275062561,per_learner/3/reward,ppo_hier_items200_h1500\PPO_1
1736704,0.9995109438896179,per_learner/3/reward,ppo_hier_items200_h1500\PPO_1
1750000,3.009124279022217,per_learner/3/reward,ppo_hier_items200_h1500\PPO_1
1769472,0.999237596988678,per_learner/3/reward,ppo_hier_items200_h1500\PPO_1
1775000,1.0010172128677368,per_learner/3/reward,ppo_hier_items200_h1500\PPO_1
1800000,1.0010865926742554,per_learner/3/reward,ppo_hier_items200_h1500\PPO_1
1802240,3.0090603828430176,per_learner/3/reward,ppo_hier_items200_h1500\PPO_1
1825000,0.9991660714149475,per_learner/3/reward,ppo_hier_items200_h1500\PPO_1
1835008,0.9998502135276794,per_learner/3/reward,ppo_hier_items200_h1500\PPO_1
1850000,0.9993450045585632,per_learner/3/reward,ppo_hier_items200_h1500\PPO_1
1867776,3.0091075897216797,per_learner/3/reward,ppo_hier_items200_h1500\PPO_1
1875000,3.0090177059173584,per_learner/3/reward,ppo_hier_items200_h1500\PPO_1
1900000,0.9996293783187866,per_learner/3/reward,ppo_hier_items200_h1500\PPO_1
1900544,0.9990007281303406,per_learner/3/reward,ppo_hier_items200_h1500\PPO_1
1925000,0.9990419745445251,per_learner/3/reward,ppo_hier_items200_h1500\PPO_1
1933312,0.9992074370384216,per_learner/3/reward,ppo_hier_items200_h1500\PPO_1
1950000,3.0090491771698,per_learner/3/reward,ppo_hier_items200_h1500\PPO_1
1966080,1.000584363937378,per_learner/3/reward,ppo_hier_items200_h1500\PPO_1
1975000,1.0002158880233765,per_learner/3/reward,ppo_hier_items200_h1500\PPO_1
1998848,3.0091452598571777,per_learner/3/reward,ppo_hier_items200_h1500\PPO_1
2000000,3.009066343307495,per_learner/3/reward,ppo_hier_items200_h1500\PPO_1
2025000,1.0007632970809937,per_learner/3/reward,ppo_hier_items200_h1500\PPO_1
2031616,0.9990569949150085,per_learner/3/reward,ppo_hier_items200_h1500\PPO_1
25000,1.0,per_learner/3/rolling_acc,ppo_hier_items200_h1500\PPO_1
32768,1.0,per_learner/3/rolling_acc,ppo_hier_items200_h1500\PPO_1
50000,1.0,per_learner/3/rolling_acc,ppo_hier_items200_h1500\PPO_1
65536,1.0,per_learner/3/rolling_acc,ppo_hier_items200_h1500\PPO_1
75000,1.0,per_learner/3/rolling_acc,ppo_hier_items200_h1500\PPO_1
98304,1.0,per_learner/3/rolling_acc,ppo_hier_items200_h1500\PPO_1
100000,1.0,per_learner/3/rolling_acc,ppo_hier_items200_h1500\PPO_1
125000,1.0,per_learner/3/rolling_acc,ppo_hier_items200_h1500\PPO_1
131072,1.0,per_learner/3/rolling_acc,ppo_hier_items200_h1500\PPO_1
150000,1.0,per_learner/3/rolling_acc,ppo_hier_items200_h1500\PPO_1
163840,0.9666666388511658,per_learner/3/rolling_acc,ppo_hier_items200_h1500\PPO_1
175000,1.0,per_learner/3/rolling_acc,ppo_hier_items200_h1500\PPO_1
196608,1.0,per_learner/3/rolling_acc,ppo_hier_items200_h1500\PPO_1
200000,1.0,per_learner/3/rolling_acc,ppo_hier_items200_h1500\PPO_1
225000,1.0,per_learner/3/rolling_acc,ppo_hier_items200_h1500\PPO_1
229376,1.0,per_learner/3/rolling_acc,ppo_hier_items200_h1500\PPO_1
250000,1.0,per_learner/3/rolling_acc,ppo_hier_items200_h1500\PPO_1
262144,1.0,per_learner/3/rolling_acc,ppo_hier_items200_h1500\PPO_1
275000,1.0,per_learner/3/rolling_acc,ppo_hier_items200_h1500\PPO_1
294912,1.0,per_learner/3/rolling_acc,ppo_hier_items200_h1500\PPO_1
300000,0.9666666388511658,per_learner/3/rolling_acc,ppo_hier_items200_h1500\PPO_1
325000,1.0,per_learner/3/rolling_acc,ppo_hier_items200_h1500\PPO_1
327680,1.0,per_learner/3/rolling_acc,ppo_hier_items200_h1500\PPO_1
350000,1.0,per_learner/3/rolling_acc,ppo_hier_items200_h1500\PPO_1
360448,1.0,per_learner/3/rolling_acc,ppo_hier_items200_h1500\PPO_1
375000,1.0,per_learner/3/rolling_acc,ppo_hier_items200_h1500\PPO_1
393216,0.9666666388511658,per_learner/3/rolling_acc,ppo_hier_items200_h1500\PPO_1
400000,1.0,per_learner/3/rolling_acc,ppo_hier_items200_h1500\PPO_1
425000,1.0,per_learner/3/rolling_acc,ppo_hier_items200_h1500\PPO_1
425984,1.0,per_learner/3/rolling_acc,ppo_hier_items200_h1500\PPO_1
450000,1.0,per_learner/3/rolling_acc,ppo_hier_items200_h1500\PPO_1
458752,1.0,per_learner/3/rolling_acc,ppo_hier_items200_h1500\PPO_1
475000,1.0,per_learner/3/rolling_acc,ppo_hier_items200_h1500\PPO_1
491520,1.0,per_learner/3/rolling_acc,ppo_hier_items200_h1500\PPO_1
500000,1.0,per_learner/3/rolling_acc,ppo_hier_items200_h1500\PPO_1
524288,1.0,per_learner/3/rolling_acc,ppo_hier_items200_h1500\PPO_1
525000,1.0,per_learner/3/rolling_acc,ppo_hier_items200_h1500\PPO_1
550000,1.0,per_learner/3/rolling_acc,ppo_hier_items200_h1500\PPO_1
557056,1.0,per_learner/3/rolling_acc,ppo_hier_items200_h1500\PPO_1
575000,1.0,per_learner/3/rolling_acc,ppo_hier_items200_h1500\PPO_1
589824,1.0,per_learner/3/rolling_acc,ppo_hier_items200_h1500\PPO_1
600000,1.0,per_learner/3/rolling_acc,ppo_hier_items200_h1500\PPO_1
622592,0.9666666388511658,per_learner/3/rolling_acc,ppo_hier_items200_h1500\PPO_1
625000,1.0,per_learner/3/rolling_acc,ppo_hier_items200_h1500\PPO_1
650000,1.0,per_learner/3/rolling_acc,ppo_hier_items200_h1500\PPO_1
655360,1.0,per_learner/3/rolling_acc,ppo_hier_items200_h1500\PPO_1
675000,1.0,per_learner/3/rolling_acc,ppo_hier_items200_h1500\PPO_1
688128,1.0,per_learner/3/rolling_acc,ppo_hier_items200_h1500\PPO_1
700000,1.0,per_learner/3/rolling_acc,ppo_hier_items200_h1500\PPO_1
720896,1.0,per_learner/3/rolling_acc,ppo_hier_items200_h1500\PPO_1
725000,1.0,per_learner/3/rolling_acc,ppo_hier_items200_h1500\PPO_1
750000,1.0,per_learner/3/rolling_acc,ppo_hier_items200_h1500\PPO_1
753664,1.0,per_learner/3/rolling_acc,ppo_hier_items200_h1500\PPO_1
775000,1.0,per_learner/3/rolling_acc,ppo_hier_items200_h1500\PPO_1
786432,1.0,per_learner/3/rolling_acc,ppo_hier_items200_h1500\PPO_1
800000,1.0,per_learner/3/rolling_acc,ppo_hier_items200_h1500\PPO_1
819200,1.0,per_learner/3/rolling_acc,ppo_hier_items200_h1500\PPO_1
825000,1.0,per_learner/3/rolling_acc,ppo_hier_items200_h1500\PPO_1
850000,1.0,per_learner/3/rolling_acc,ppo_hier_items200_h1500\PPO_1
851968,0.9666666388511658,per_learner/3/rolling_acc,ppo_hier_items200_h1500\PPO_1
875000,0.9666666388511658,per_learner/3/rolling_acc,ppo_hier_items200_h1500\PPO_1
884736,1.0,per_learner/3/rolling_acc,ppo_hier_items200_h1500\PPO_1
900000,1.0,per_learner/3/rolling_acc,ppo_hier_items200_h1500\PPO_1
917504,1.0,per_learner/3/rolling_acc,ppo_hier_items200_h1500\PPO_1
925000,1.0,per_learner/3/rolling_acc,ppo_hier_items200_h1500\PPO_1
950000,1.0,per_learner/3/rolling_acc,ppo_hier_items200_h1500\PPO_1
950272,1.0,per_learner/3/rolling_acc,ppo_hier_items200_h1500\PPO_1
975000,1.0,per_learner/3/rolling_acc,ppo_hier_items200_h1500\PPO_1
983040,0.9666666388511658,per_learner/3/rolling_acc,ppo_hier_items200_h1500\PPO_1
1000000,1.0,per_learner/3/rolling_acc,ppo_hier_items200_h1500\PPO_1
1015808,1.0,per_learner/3/rolling_acc,ppo_hier_items200_h1500\PPO_1
1025000,1.0,per_learner/3/rolling_acc,ppo_hier_items200_h1500\PPO_1
1048576,1.0,per_learner/3/rolling_acc,ppo_hier_items200_h1500\PPO_1
1050000,1.0,per_learner/3/rolling_acc,ppo_hier_items200_h1500\PPO_1
1075000,1.0,per_learner/3/rolling_acc,ppo_hier_items200_h1500\PPO_1
1081344,1.0,per_learner/3/rolling_acc,ppo_hier_items200_h1500\PPO_1
1100000,1.0,per_learner/3/rolling_acc,ppo_hier_items200_h1500\PPO_1
1114112,1.0,per_learner/3/rolling_acc,ppo_hier_items200_h1500\PPO_1
1125000,1.0,per_learner/3/rolling_acc,ppo_hier_items200_h1500\PPO_1
1146880,1.0,per_learner/3/rolling_acc,ppo_hier_items200_h1500\PPO_1
1150000,1.0,per_learner/3/rolling_acc,ppo_hier_items200_h1500\PPO_1
1175000,1.0,per_learner/3/rolling_acc,ppo_hier_items200_h1500\PPO_1
1179648,1.0,per_learner/3/rolling_acc,ppo_hier_items200_h1500\PPO_1
1200000,1.0,per_learner/3/rolling_acc,ppo_hier_items200_h1500\PPO_1
1212416,1.0,per_learner/3/rolling_acc,ppo_hier_items200_h1500\PPO_1
1225000,1.0,per_learner/3/rolling_acc,ppo_hier_items200_h1500\PPO_1
1245184,1.0,per_learner/3/rolling_acc,ppo_hier_items200_h1500\PPO_1
1250000,1.0,per_learner/3/rolling_acc,ppo_hier_items200_h1500\PPO_1
1275000,1.0,per_learner/3/rolling_acc,ppo_hier_items200_h1500\PPO_1
1277952,1.0,per_learner/3/rolling_acc,ppo_hier_items200_h1500\PPO_1
1300000,1.0,per_learner/3/rolling_acc,ppo_hier_items200_h1500\PPO_1
1310720,1.0,per_learner/3/rolling_acc,ppo_hier_items200_h1500\PPO_1
1325000,1.0,per_learner/3/rolling_acc,ppo_hier_items200_h1500\PPO_1
1343488,0.9666666388511658,per_learner/3/rolling_acc,ppo_hier_items200_h1500\PPO_1
1350000,1.0,per_learner/3/rolling_acc,ppo_hier_items200_h1500\PPO_1
1375000,1.0,per_learner/3/rolling_acc,ppo_hier_items200_h1500\PPO_1
1376256,1.0,per_learner/3/rolling_acc,ppo_hier_items200_h1500\PPO_1
1400000,1.0,per_learner/3/rolling_acc,ppo_hier_items200_h1500\PPO_1
1409024,1.0,per_learner/3/rolling_acc,ppo_hier_items200_h1500\PPO_1
1425000,1.0,per_learner/3/rolling_acc,ppo_hier_items200_h1500\PPO_1
1441792,1.0,per_learner/3/rolling_acc,ppo_hier_items200_h1500\PPO_1
1450000,1.0,per_learner/3/rolling_acc,ppo_hier_items200_h1500\PPO_1
1474560,1.0,per_learner/3/rolling_acc,ppo_hier_items200_h1500\PPO_1
1475000,1.0,per_learner/3/rolling_acc,ppo_hier_items200_h1500\PPO_1
1500000,1.0,per_learner/3/rolling_acc,ppo_hier_items200_h1500\PPO_1
1507328,1.0,per_learner/3/rolling_acc,ppo_hier_items200_h1500\PPO_1
1525000,1.0,per_learner/3/rolling_acc,ppo_hier_items200_h1500\PPO_1
1540096,1.0,per_learner/3/rolling_acc,ppo_hier_items200_h1500\PPO_1
1550000,1.0,per_learner/3/rolling_acc,ppo_hier_items200_h1500\PPO_1
1572864,1.0,per_learner/3/rolling_acc,ppo_hier_items200_h1500\PPO_1
1575000,1.0,per_learner/3/rolling_acc,ppo_hier_items200_h1500\PPO_1
1600000,1.0,per_learner/3/rolling_acc,ppo_hier_items200_h1500\PPO_1
1605632,0.9666666388511658,per_learner/3/rolling_acc,ppo_hier_items200_h1500\PPO_1
1625000,1.0,per_learner/3/rolling_acc,ppo_hier_items200_h1500\PPO_1
1638400,1.0,per_learner/3/rolling_acc,ppo_hier_items200_h1500\PPO_1
1650000,1.0,per_learner/3/rolling_acc,ppo_hier_items200_h1500\PPO_1
1671168,1.0,per_learner/3/rolling_acc,ppo_hier_items200_h1500\PPO_1
1675000,1.0,per_learner/3/rolling_acc,ppo_hier_items200_h1500\PPO_1
1700000,1.0,per_learner/3/rolling_acc,ppo_hier_items200_h1500\PPO_1
1703936,0.9666666388511658,per_learner/3/rolling_acc,ppo_hier_items200_h1500\PPO_1
1725000,1.0,per_learner/3/rolling_acc,ppo_hier_items200_h1500\PPO_1
1736704,1.0,per_learner/3/rolling_acc,ppo_hier_items200_h1500\PPO_1
1750000,1.0,per_learner/3/rolling_acc,ppo_hier_items200_h1500\PPO_1
1769472,1.0,per_learner/3/rolling_acc,ppo_hier_items200_h1500\PPO_1
1775000,1.0,per_learner/3/rolling_acc,ppo_hier_items200_h1500\PPO_1
1800000,0.9666666388511658,per_learner/3/rolling_acc,ppo_hier_items200_h1500\PPO_1
1802240,1.0,per_learner/3/rolling_acc,ppo_hier_items200_h1500\PPO_1
1825000,1.0,per_learner/3/rolling_acc,ppo_hier_items200_h1500\PPO_1
1835008,1.0,per_learner/3/rolling_acc,ppo_hier_items200_h1500\PPO_1
1850000,1.0,per_learner/3/rolling_acc,ppo_hier_items200_h1500\PPO_1
1867776,1.0,per_learner/3/rolling_acc,ppo_hier_items200_h1500\PPO_1
1875000,1.0,per_learner/3/rolling_acc,ppo_hier_items200_h1500\PPO_1
1900000,1.0,per_learner/3/rolling_acc,ppo_hier_items200_h1500\PPO_1
1900544,1.0,per_learner/3/rolling_acc,ppo_hier_items200_h1500\PPO_1
1925000,1.0,per_learner/3/rolling_acc,ppo_hier_items200_h1500\PPO_1
1933312,1.0,per_learner/3/rolling_acc,ppo_hier_items200_h1500\PPO_1
1950000,1.0,per_learner/3/rolling_acc,ppo_hier_items200_h1500\PPO_1
1966080,1.0,per_learner/3/rolling_acc,ppo_hier_items200_h1500\PPO_1
1975000,1.0,per_learner/3/rolling_acc,ppo_hier_items200_h1500\PPO_1
1998848,1.0,per_learner/3/rolling_acc,ppo_hier_items200_h1500\PPO_1
2000000,1.0,per_learner/3/rolling_acc,ppo_hier_items200_h1500\PPO_1
2025000,1.0,per_learner/3/rolling_acc,ppo_hier_items200_h1500\PPO_1
2031616,1.0,per_learner/3/rolling_acc,ppo_hier_items200_h1500\PPO_1
25000,1.0,per_learner/4/correct,ppo_hier_items200_h1500\PPO_1
32768,1.0,per_learner/4/correct,ppo_hier_items200_h1500\PPO_1
50000,1.0,per_learner/4/correct,ppo_hier_items200_h1500\PPO_1
65536,1.0,per_learner/4/correct,ppo_hier_items200_h1500\PPO_1
75000,1.0,per_learner/4/correct,ppo_hier_items200_h1500\PPO_1
98304,1.0,per_learner/4/correct,ppo_hier_items200_h1500\PPO_1
100000,1.0,per_learner/4/correct,ppo_hier_items200_h1500\PPO_1
125000,1.0,per_learner/4/correct,ppo_hier_items200_h1500\PPO_1
131072,1.0,per_learner/4/correct,ppo_hier_items200_h1500\PPO_1
150000,1.0,per_learner/4/correct,ppo_hier_items200_h1500\PPO_1
163840,1.0,per_learner/4/correct,ppo_hier_items200_h1500\PPO_1
175000,1.0,per_learner/4/correct,ppo_hier_items200_h1500\PPO_1
196608,1.0,per_learner/4/correct,ppo_hier_items200_h1500\PPO_1
200000,1.0,per_learner/4/correct,ppo_hier_items200_h1500\PPO_1
225000,1.0,per_learner/4/correct,ppo_hier_items200_h1500\PPO_1
229376,1.0,per_learner/4/correct,ppo_hier_items200_h1500\PPO_1
250000,1.0,per_learner/4/correct,ppo_hier_items200_h1500\PPO_1
262144,1.0,per_learner/4/correct,ppo_hier_items200_h1500\PPO_1
275000,1.0,per_learner/4/correct,ppo_hier_items200_h1500\PPO_1
294912,1.0,per_learner/4/correct,ppo_hier_items200_h1500\PPO_1
300000,1.0,per_learner/4/correct,ppo_hier_items200_h1500\PPO_1
325000,1.0,per_learner/4/correct,ppo_hier_items200_h1500\PPO_1
327680,1.0,per_learner/4/correct,ppo_hier_items200_h1500\PPO_1
350000,1.0,per_learner/4/correct,ppo_hier_items200_h1500\PPO_1
360448,1.0,per_learner/4/correct,ppo_hier_items200_h1500\PPO_1
375000,1.0,per_learner/4/correct,ppo_hier_items200_h1500\PPO_1
393216,1.0,per_learner/4/correct,ppo_hier_items200_h1500\PPO_1
400000,1.0,per_learner/4/correct,ppo_hier_items200_h1500\PPO_1
425000,1.0,per_learner/4/correct,ppo_hier_items200_h1500\PPO_1
425984,1.0,per_learner/4/correct,ppo_hier_items200_h1500\PPO_1
450000,1.0,per_learner/4/correct,ppo_hier_items200_h1500\PPO_1
458752,1.0,per_learner/4/correct,ppo_hier_items200_h1500\PPO_1
475000,1.0,per_learner/4/correct,ppo_hier_items200_h1500\PPO_1
491520,1.0,per_learner/4/correct,ppo_hier_items200_h1500\PPO_1
500000,1.0,per_learner/4/correct,ppo_hier_items200_h1500\PPO_1
524288,1.0,per_learner/4/correct,ppo_hier_items200_h1500\PPO_1
525000,1.0,per_learner/4/correct,ppo_hier_items200_h1500\PPO_1
550000,1.0,per_learner/4/correct,ppo_hier_items200_h1500\PPO_1
557056,1.0,per_learner/4/correct,ppo_hier_items200_h1500\PPO_1
575000,1.0,per_learner/4/correct,ppo_hier_items200_h1500\PPO_1
589824,1.0,per_learner/4/correct,ppo_hier_items200_h1500\PPO_1
600000,1.0,per_learner/4/correct,ppo_hier_items200_h1500\PPO_1
622592,1.0,per_learner/4/correct,ppo_hier_items200_h1500\PPO_1
625000,1.0,per_learner/4/correct,ppo_hier_items200_h1500\PPO_1
650000,1.0,per_learner/4/correct,ppo_hier_items200_h1500\PPO_1
655360,1.0,per_learner/4/correct,ppo_hier_items200_h1500\PPO_1
675000,1.0,per_learner/4/correct,ppo_hier_items200_h1500\PPO_1
688128,1.0,per_learner/4/correct,ppo_hier_items200_h1500\PPO_1
700000,1.0,per_learner/4/correct,ppo_hier_items200_h1500\PPO_1
720896,1.0,per_learner/4/correct,ppo_hier_items200_h1500\PPO_1
725000,1.0,per_learner/4/correct,ppo_hier_items200_h1500\PPO_1
750000,1.0,per_learner/4/correct,ppo_hier_items200_h1500\PPO_1
753664,1.0,per_learner/4/correct,ppo_hier_items200_h1500\PPO_1
775000,1.0,per_learner/4/correct,ppo_hier_items200_h1500\PPO_1
786432,1.0,per_learner/4/correct,ppo_hier_items200_h1500\PPO_1
800000,1.0,per_learner/4/correct,ppo_hier_items200_h1500\PPO_1
819200,1.0,per_learner/4/correct,ppo_hier_items200_h1500\PPO_1
825000,1.0,per_learner/4/correct,ppo_hier_items200_h1500\PPO_1
850000,1.0,per_learner/4/correct,ppo_hier_items200_h1500\PPO_1
851968,1.0,per_learner/4/correct,ppo_hier_items200_h1500\PPO_1
875000,1.0,per_learner/4/correct,ppo_hier_items200_h1500\PPO_1
884736,1.0,per_learner/4/correct,ppo_hier_items200_h1500\PPO_1
900000,1.0,per_learner/4/correct,ppo_hier_items200_h1500\PPO_1
917504,1.0,per_learner/4/correct,ppo_hier_items200_h1500\PPO_1
925000,1.0,per_learner/4/correct,ppo_hier_items200_h1500\PPO_1
950000,1.0,per_learner/4/correct,ppo_hier_items200_h1500\PPO_1
950272,1.0,per_learner/4/correct,ppo_hier_items200_h1500\PPO_1
975000,1.0,per_learner/4/correct,ppo_hier_items200_h1500\PPO_1
983040,1.0,per_learner/4/correct,ppo_hier_items200_h1500\PPO_1
1000000,1.0,per_learner/4/correct,ppo_hier_items200_h1500\PPO_1
1015808,1.0,per_learner/4/correct,ppo_hier_items200_h1500\PPO_1
1025000,1.0,per_learner/4/correct,ppo_hier_items200_h1500\PPO_1
1048576,1.0,per_learner/4/correct,ppo_hier_items200_h1500\PPO_1
1050000,1.0,per_learner/4/correct,ppo_hier_items200_h1500\PPO_1
1075000,1.0,per_learner/4/correct,ppo_hier_items200_h1500\PPO_1
1081344,1.0,per_learner/4/correct,ppo_hier_items200_h1500\PPO_1
1100000,1.0,per_learner/4/correct,ppo_hier_items200_h1500\PPO_1
1114112,1.0,per_learner/4/correct,ppo_hier_items200_h1500\PPO_1
1125000,1.0,per_learner/4/correct,ppo_hier_items200_h1500\PPO_1
1146880,1.0,per_learner/4/correct,ppo_hier_items200_h1500\PPO_1
1150000,1.0,per_learner/4/correct,ppo_hier_items200_h1500\PPO_1
1175000,1.0,per_learner/4/correct,ppo_hier_items200_h1500\PPO_1
1179648,1.0,per_learner/4/correct,ppo_hier_items200_h1500\PPO_1
1200000,1.0,per_learner/4/correct,ppo_hier_items200_h1500\PPO_1
1212416,1.0,per_learner/4/correct,ppo_hier_items200_h1500\PPO_1
1225000,1.0,per_learner/4/correct,ppo_hier_items200_h1500\PPO_1
1245184,1.0,per_learner/4/correct,ppo_hier_items200_h1500\PPO_1
1250000,1.0,per_learner/4/correct,ppo_hier_items200_h1500\PPO_1
1275000,1.0,per_learner/4/correct,ppo_hier_items200_h1500\PPO_1
1277952,1.0,per_learner/4/correct,ppo_hier_items200_h1500\PPO_1
1300000,1.0,per_learner/4/correct,ppo_hier_items200_h1500\PPO_1
1310720,1.0,per_learner/4/correct,ppo_hier_items200_h1500\PPO_1
1325000,1.0,per_learner/4/correct,ppo_hier_items200_h1500\PPO_1
1343488,1.0,per_learner/4/correct,ppo_hier_items200_h1500\PPO_1
1350000,1.0,per_learner/4/correct,ppo_hier_items200_h1500\PPO_1
1375000,1.0,per_learner/4/correct,ppo_hier_items200_h1500\PPO_1
1376256,1.0,per_learner/4/correct,ppo_hier_items200_h1500\PPO_1
1400000,1.0,per_learner/4/correct,ppo_hier_items200_h1500\PPO_1
1409024,1.0,per_learner/4/correct,ppo_hier_items200_h1500\PPO_1
1425000,1.0,per_learner/4/correct,ppo_hier_items200_h1500\PPO_1
1441792,1.0,per_learner/4/correct,ppo_hier_items200_h1500\PPO_1
1450000,1.0,per_learner/4/correct,ppo_hier_items200_h1500\PPO_1
1474560,1.0,per_learner/4/correct,ppo_hier_items200_h1500\PPO_1
1475000,1.0,per_learner/4/correct,ppo_hier_items200_h1500\PPO_1
1500000,1.0,per_learner/4/correct,ppo_hier_items200_h1500\PPO_1
1507328,1.0,per_learner/4/correct,ppo_hier_items200_h1500\PPO_1
1525000,1.0,per_learner/4/correct,ppo_hier_items200_h1500\PPO_1
1540096,1.0,per_learner/4/correct,ppo_hier_items200_h1500\PPO_1
1550000,1.0,per_learner/4/correct,ppo_hier_items200_h1500\PPO_1
1572864,1.0,per_learner/4/correct,ppo_hier_items200_h1500\PPO_1
1575000,1.0,per_learner/4/correct,ppo_hier_items200_h1500\PPO_1
1600000,1.0,per_learner/4/correct,ppo_hier_items200_h1500\PPO_1
1605632,1.0,per_learner/4/correct,ppo_hier_items200_h1500\PPO_1
1625000,1.0,per_learner/4/correct,ppo_hier_items200_h1500\PPO_1
1638400,1.0,per_learner/4/correct,ppo_hier_items200_h1500\PPO_1
1650000,1.0,per_learner/4/correct,ppo_hier_items200_h1500\PPO_1
1671168,1.0,per_learner/4/correct,ppo_hier_items200_h1500\PPO_1
1675000,1.0,per_learner/4/correct,ppo_hier_items200_h1500\PPO_1
1700000,1.0,per_learner/4/correct,ppo_hier_items200_h1500\PPO_1
1703936,1.0,per_learner/4/correct,ppo_hier_items200_h1500\PPO_1
1725000,1.0,per_learner/4/correct,ppo_hier_items200_h1500\PPO_1
1736704,1.0,per_learner/4/correct,ppo_hier_items200_h1500\PPO_1
1750000,1.0,per_learner/4/correct,ppo_hier_items200_h1500\PPO_1
1769472,1.0,per_learner/4/correct,ppo_hier_items200_h1500\PPO_1
1775000,1.0,per_learner/4/correct,ppo_hier_items200_h1500\PPO_1
1800000,1.0,per_learner/4/correct,ppo_hier_items200_h1500\PPO_1
1802240,1.0,per_learner/4/correct,ppo_hier_items200_h1500\PPO_1
1825000,1.0,per_learner/4/correct,ppo_hier_items200_h1500\PPO_1
1835008,1.0,per_learner/4/correct,ppo_hier_items200_h1500\PPO_1
1850000,1.0,per_learner/4/correct,ppo_hier_items200_h1500\PPO_1
1867776,1.0,per_learner/4/correct,ppo_hier_items200_h1500\PPO_1
1875000,1.0,per_learner/4/correct,ppo_hier_items200_h1500\PPO_1
1900000,1.0,per_learner/4/correct,ppo_hier_items200_h1500\PPO_1
1900544,1.0,per_learner/4/correct,ppo_hier_items200_h1500\PPO_1
1925000,1.0,per_learner/4/correct,ppo_hier_items200_h1500\PPO_1
1933312,1.0,per_learner/4/correct,ppo_hier_items200_h1500\PPO_1
1950000,1.0,per_learner/4/correct,ppo_hier_items200_h1500\PPO_1
1966080,1.0,per_learner/4/correct,ppo_hier_items200_h1500\PPO_1
1975000,1.0,per_learner/4/correct,ppo_hier_items200_h1500\PPO_1
1998848,1.0,per_learner/4/correct,ppo_hier_items200_h1500\PPO_1
2000000,1.0,per_learner/4/correct,ppo_hier_items200_h1500\PPO_1
2025000,1.0,per_learner/4/correct,ppo_hier_items200_h1500\PPO_1
2031616,1.0,per_learner/4/correct,ppo_hier_items200_h1500\PPO_1
25000,0.0,per_learner/4/mastered_count,ppo_hier_items200_h1500\PPO_1
32768,5.0,per_learner/4/mastered_count,ppo_hier_items200_h1500\PPO_1
50000,0.0,per_learner/4/mastered_count,ppo_hier_items200_h1500\PPO_1
65536,4.0,per_learner/4/mastered_count,ppo_hier_items200_h1500\PPO_1
75000,0.0,per_learner/4/mastered_count,ppo_hier_items200_h1500\PPO_1
98304,0.0,per_learner/4/mastered_count,ppo_hier_items200_h1500\PPO_1
100000,2.0,per_learner/4/mastered_count,ppo_hier_items200_h1500\PPO_1
125000,3.0,per_learner/4/mastered_count,ppo_hier_items200_h1500\PPO_1
131072,21.0,per_learner/4/mastered_count,ppo_hier_items200_h1500\PPO_1
150000,1.0,per_learner/4/mastered_count,ppo_hier_items200_h1500\PPO_1
163840,5.0,per_learner/4/mastered_count,ppo_hier_items200_h1500\PPO_1
175000,3.0,per_learner/4/mastered_count,ppo_hier_items200_h1500\PPO_1
196608,1.0,per_learner/4/mastered_count,ppo_hier_items200_h1500\PPO_1
200000,4.0,per_learner/4/mastered_count,ppo_hier_items200_h1500\PPO_1
225000,8.0,per_learner/4/mastered_count,ppo_hier_items200_h1500\PPO_1
229376,0.0,per_learner/4/mastered_count,ppo_hier_items200_h1500\PPO_1
250000,12.0,per_learner/4/mastered_count,ppo_hier_items200_h1500\PPO_1
262144,6.0,per_learner/4/mastered_count,ppo_hier_items200_h1500\PPO_1
275000,13.0,per_learner/4/mastered_count,ppo_hier_items200_h1500\PPO_1
294912,5.0,per_learner/4/mastered_count,ppo_hier_items200_h1500\PPO_1
300000,14.0,per_learner/4/mastered_count,ppo_hier_items200_h1500\PPO_1
325000,0.0,per_learner/4/mastered_count,ppo_hier_items200_h1500\PPO_1
327680,1.0,per_learner/4/mastered_count,ppo_hier_items200_h1500\PPO_1
350000,0.0,per_learner/4/mastered_count,ppo_hier_items200_h1500\PPO_1
360448,0.0,per_learner/4/mastered_count,ppo_hier_items200_h1500\PPO_1
375000,1.0,per_learner/4/mastered_count,ppo_hier_items200_h1500\PPO_1
393216,7.0,per_learner/4/mastered_count,ppo_hier_items200_h1500\PPO_1
400000,2.0,per_learner/4/mastered_count,ppo_hier_items200_h1500\PPO_1
425000,2.0,per_learner/4/mastered_count,ppo_hier_items200_h1500\PPO_1
425984,5.0,per_learner/4/mastered_count,ppo_hier_items200_h1500\PPO_1
450000,4.0,per_learner/4/mastered_count,ppo_hier_items200_h1500\PPO_1
458752,1.0,per_learner/4/mastered_count,ppo_hier_items200_h1500\PPO_1
475000,5.0,per_learner/4/mastered_count,ppo_hier_items200_h1500\PPO_1
491520,9.0,per_learner/4/mastered_count,ppo_hier_items200_h1500\PPO_1
500000,8.0,per_learner/4/mastered_count,ppo_hier_items200_h1500\PPO_1
524288,12.0,per_learner/4/mastered_count,ppo_hier_items200_h1500\PPO_1
525000,6.0,per_learner/4/mastered_count,ppo_hier_items200_h1500\PPO_1
550000,14.0,per_learner/4/mastered_count,ppo_hier_items200_h1500\PPO_1
557056,7.0,per_learner/4/mastered_count,ppo_hier_items200_h1500\PPO_1
575000,16.0,per_learner/4/mastered_count,ppo_hier_items200_h1500\PPO_1
589824,1.0,per_learner/4/mastered_count,ppo_hier_items200_h1500\PPO_1
600000,12.0,per_learner/4/mastered_count,ppo_hier_items200_h1500\PPO_1
622592,13.0,per_learner/4/mastered_count,ppo_hier_items200_h1500\PPO_1
625000,0.0,per_learner/4/mastered_count,ppo_hier_items200_h1500\PPO_1
650000,1.0,per_learner/4/mastered_count,ppo_hier_items200_h1500\PPO_1
655360,7.0,per_learner/4/mastered_count,ppo_hier_items200_h1500\PPO_1
675000,2.0,per_learner/4/mastered_count,ppo_hier_items200_h1500\PPO_1
688128,3.0,per_learner/4/mastered_count,ppo_hier_items200_h1500\PPO_1
700000,3.0,per_learner/4/mastered_count,ppo_hier_items200_h1500\PPO_1
720896,0.0,per_learner/4/mastered_count,ppo_hier_items200_h1500\PPO_1
725000,4.0,per_learner/4/mastered_count,ppo_hier_items200_h1500\PPO_1
750000,5.0,per_learner/4/mastered_count,ppo_hier_items200_h1500\PPO_1
753664,10.0,per_learner/4/mastered_count,ppo_hier_items200_h1500\PPO_1
775000,5.0,per_learner/4/mastered_count,ppo_hier_items200_h1500\PPO_1
786432,5.0,per_learner/4/mastered_count,ppo_hier_items200_h1500\PPO_1
800000,7.0,per_learner/4/mastered_count,ppo_hier_items200_h1500\PPO_1
819200,4.0,per_learner/4/mastered_count,ppo_hier_items200_h1500\PPO_1
825000,15.0,per_learner/4/mastered_count,ppo_hier_items200_h1500\PPO_1
850000,18.0,per_learner/4/mastered_count,ppo_hier_items200_h1500\PPO_1
851968,21.0,per_learner/4/mastered_count,ppo_hier_items200_h1500\PPO_1
875000,17.0,per_learner/4/mastered_count,ppo_hier_items200_h1500\PPO_1
884736,11.0,per_learner/4/mastered_count,ppo_hier_items200_h1500\PPO_1
900000,15.0,per_learner/4/mastered_count,ppo_hier_items200_h1500\PPO_1
917504,6.0,per_learner/4/mastered_count,ppo_hier_items200_h1500\PPO_1
925000,0.0,per_learner/4/mastered_count,ppo_hier_items200_h1500\PPO_1
950000,3.0,per_learner/4/mastered_count,ppo_hier_items200_h1500\PPO_1
950272,1.0,per_learner/4/mastered_count,ppo_hier_items200_h1500\PPO_1
975000,6.0,per_learner/4/mastered_count,ppo_hier_items200_h1500\PPO_1
983040,20.0,per_learner/4/mastered_count,ppo_hier_items200_h1500\PPO_1
1000000,10.0,per_learner/4/mastered_count,ppo_hier_items200_h1500\PPO_1
1015808,11.0,per_learner/4/mastered_count,ppo_hier_items200_h1500\PPO_1
1025000,10.0,per_learner/4/mastered_count,ppo_hier_items200_h1500\PPO_1
1048576,8.0,per_learner/4/mastered_count,ppo_hier_items200_h1500\PPO_1
1050000,10.0,per_learner/4/mastered_count,ppo_hier_items200_h1500\PPO_1
1075000,6.0,per_learner/4/mastered_count,ppo_hier_items200_h1500\PPO_1
1081344,1.0,per_learner/4/mastered_count,ppo_hier_items200_h1500\PPO_1
1100000,11.0,per_learner/4/mastered_count,ppo_hier_items200_h1500\PPO_1
1114112,16.0,per_learner/4/mastered_count,ppo_hier_items200_h1500\PPO_1
1125000,13.0,per_learner/4/mastered_count,ppo_hier_items200_h1500\PPO_1
1146880,12.0,per_learner/4/mastered_count,ppo_hier_items200_h1500\PPO_1
1150000,11.0,per_learner/4/mastered_count,ppo_hier_items200_h1500\PPO_1
1175000,17.0,per_learner/4/mastered_count,ppo_hier_items200_h1500\PPO_1
1179648,6.0,per_learner/4/mastered_count,ppo_hier_items200_h1500\PPO_1
1200000,15.0,per_learner/4/mastered_count,ppo_hier_items200_h1500\PPO_1
1212416,0.0,per_learner/4/mastered_count,ppo_hier_items200_h1500\PPO_1
1225000,0.0,per_learner/4/mastered_count,ppo_hier_items200_h1500\PPO_1
1245184,13.0,per_learner/4/mastered_count,ppo_hier_items200_h1500\PPO_1
1250000,2.0,per_learner/4/mastered_count,ppo_hier_items200_h1500\PPO_1
1275000,6.0,per_learner/4/mastered_count,ppo_hier_items200_h1500\PPO_1
1277952,10.0,per_learner/4/mastered_count,ppo_hier_items200_h1500\PPO_1
1300000,5.0,per_learner/4/mastered_count,ppo_hier_items200_h1500\PPO_1
1310720,1.0,per_learner/4/mastered_count,ppo_hier_items200_h1500\PPO_1
1325000,6.0,per_learner/4/mastered_count,ppo_hier_items200_h1500\PPO_1
1343488,17.0,per_learner/4/mastered_count,ppo_hier_items200_h1500\PPO_1
1350000,9.0,per_learner/4/mastered_count,ppo_hier_items200_h1500\PPO_1
1375000,14.0,per_learner/4/mastered_count,ppo_hier_items200_h1500\PPO_1
1376256,12.0,per_learner/4/mastered_count,ppo_hier_items200_h1500\PPO_1
1400000,10.0,per_learner/4/mastered_count,ppo_hier_items200_h1500\PPO_1
1409024,11.0,per_learner/4/mastered_count,ppo_hier_items200_h1500\PPO_1
1425000,14.0,per_learner/4/mastered_count,ppo_hier_items200_h1500\PPO_1
1441792,2.0,per_learner/4/mastered_count,ppo_hier_items200_h1500\PPO_1
1450000,22.0,per_learner/4/mastered_count,ppo_hier_items200_h1500\PPO_1
1474560,15.0,per_learner/4/mastered_count,ppo_hier_items200_h1500\PPO_1
1475000,19.0,per_learner/4/mastered_count,ppo_hier_items200_h1500\PPO_1
1500000,18.0,per_learner/4/mastered_count,ppo_hier_items200_h1500\PPO_1
1507328,12.0,per_learner/4/mastered_count,ppo_hier_items200_h1500\PPO_1
1525000,1.0,per_learner/4/mastered_count,ppo_hier_items200_h1500\PPO_1
1540096,7.0,per_learner/4/mastered_count,ppo_hier_items200_h1500\PPO_1
1550000,5.0,per_learner/4/mastered_count,ppo_hier_items200_h1500\PPO_1
1572864,0.0,per_learner/4/mastered_count,ppo_hier_items200_h1500\PPO_1
1575000,3.0,per_learner/4/mastered_count,ppo_hier_items200_h1500\PPO_1
1600000,4.0,per_learner/4/mastered_count,ppo_hier_items200_h1500\PPO_1
1605632,9.0,per_learner/4/mastered_count,ppo_hier_items200_h1500\PPO_1
1625000,8.0,per_learner/4/mastered_count,ppo_hier_items200_h1500\PPO_1
1638400,12.0,per_learner/4/mastered_count,ppo_hier_items200_h1500\PPO_1
1650000,5.0,per_learner/4/mastered_count,ppo_hier_items200_h1500\PPO_1
1671168,6.0,per_learner/4/mastered_count,ppo_hier_items200_h1500\PPO_1
1675000,11.0,per_learner/4/mastered_count,ppo_hier_items200_h1500\PPO_1
1700000,6.0,per_learner/4/mastered_count,ppo_hier_items200_h1500\PPO_1
1703936,20.0,per_learner/4/mastered_count,ppo_hier_items200_h1500\PPO_1
1725000,13.0,per_learner/4/mastered_count,ppo_hier_items200_h1500\PPO_1
1736704,11.0,per_learner/4/mastered_count,ppo_hier_items200_h1500\PPO_1
1750000,14.0,per_learner/4/mastered_count,ppo_hier_items200_h1500\PPO_1
1769472,10.0,per_learner/4/mastered_count,ppo_hier_items200_h1500\PPO_1
1775000,17.0,per_learner/4/mastered_count,ppo_hier_items200_h1500\PPO_1
1800000,20.0,per_learner/4/mastered_count,ppo_hier_items200_h1500\PPO_1
1802240,2.0,per_learner/4/mastered_count,ppo_hier_items200_h1500\PPO_1
1825000,0.0,per_learner/4/mastered_count,ppo_hier_items200_h1500\PPO_1
1835008,12.0,per_learner/4/mastered_count,ppo_hier_items200_h1500\PPO_1
1850000,5.0,per_learner/4/mastered_count,ppo_hier_items200_h1500\PPO_1
1867776,9.0,per_learner/4/mastered_count,ppo_hier_items200_h1500\PPO_1
1875000,3.0,per_learner/4/mastered_count,ppo_hier_items200_h1500\PPO_1
1900000,4.0,per_learner/4/mastered_count,ppo_hier_items200_h1500\PPO_1
1900544,3.0,per_learner/4/mastered_count,ppo_hier_items200_h1500\PPO_1
1925000,7.0,per_learner/4/mastered_count,ppo_hier_items200_h1500\PPO_1
1933312,2.0,per_learner/4/mastered_count,ppo_hier_items200_h1500\PPO_1
1950000,9.0,per_learner/4/mastered_count,ppo_hier_items200_h1500\PPO_1
1966080,10.0,per_learner/4/mastered_count,ppo_hier_items200_h1500\PPO_1
1975000,7.0,per_learner/4/mastered_count,ppo_hier_items200_h1500\PPO_1
1998848,9.0,per_learner/4/mastered_count,ppo_hier_items200_h1500\PPO_1
2000000,12.0,per_learner/4/mastered_count,ppo_hier_items200_h1500\PPO_1
2025000,14.0,per_learner/4/mastered_count,ppo_hier_items200_h1500\PPO_1
2031616,7.0,per_learner/4/mastered_count,ppo_hier_items200_h1500\PPO_1
25000,0.999721884727478,per_learner/4/p_correct,ppo_hier_items200_h1500\PPO_1
32768,0.9979547262191772,per_learner/4/p_correct,ppo_hier_items200_h1500\PPO_1
50000,0.9994342923164368,per_learner/4/p_correct,ppo_hier_items200_h1500\PPO_1
65536,0.9988924264907837,per_learner/4/p_correct,ppo_hier_items200_h1500\PPO_1
75000,0.9994010925292969,per_learner/4/p_correct,ppo_hier_items200_h1500\PPO_1
98304,0.9999580979347229,per_learner/4/p_correct,ppo_hier_items200_h1500\PPO_1
100000,0.9988856911659241,per_learner/4/p_correct,ppo_hier_items200_h1500\PPO_1
125000,0.9988261461257935,per_learner/4/p_correct,ppo_hier_items200_h1500\PPO_1
131072,0.9998176097869873,per_learner/4/p_correct,ppo_hier_items200_h1500\PPO_1
150000,0.9983428716659546,per_learner/4/p_correct,ppo_hier_items200_h1500\PPO_1
163840,0.9998913407325745,per_learner/4/p_correct,ppo_hier_items200_h1500\PPO_1
175000,0.9980412721633911,per_learner/4/p_correct,ppo_hier_items200_h1500\PPO_1
196608,0.9989244937896729,per_learner/4/p_correct,ppo_hier_items200_h1500\PPO_1
200000,0.9993014335632324,per_learner/4/p_correct,ppo_hier_items200_h1500\PPO_1
225000,0.9979043006896973,per_learner/4/p_correct,ppo_hier_items200_h1500\PPO_1
229376,0.9996164441108704,per_learner/4/p_correct,ppo_hier_items200_h1500\PPO_1
250000,0.9997161626815796,per_learner/4/p_correct,ppo_hier_items200_h1500\PPO_1
262144,0.9991756081581116,per_learner/4/p_correct,ppo_hier_items200_h1500\PPO_1
275000,0.9974071979522705,per_learner/4/p_correct,ppo_hier_items200_h1500\PPO_1
294912,0.9980636835098267,per_learner/4/p_correct,ppo_hier_items200_h1500\PPO_1
300000,0.9991521239280701,per_learner/4/p_correct,ppo_hier_items200_h1500\PPO_1
325000,0.9997182488441467,per_learner/4/p_correct,ppo_hier_items200_h1500\PPO_1
327680,0.9989805817604065,per_learner/4/p_correct,ppo_hier_items200_h1500\PPO_1
350000,0.9996001720428467,per_learner/4/p_correct,ppo_hier_items200_h1500\PPO_1
360448,0.9998727440834045,per_learner/4/p_correct,ppo_hier_items200_h1500\PPO_1
375000,0.9998415112495422,per_learner/4/p_correct,ppo_hier_items200_h1500\PPO_1
393216,0.9999819397926331,per_learner/4/p_correct,ppo_hier_items200_h1500\PPO_1
400000,0.9992005228996277,per_learner/4/p_correct,ppo_hier_items200_h1500\PPO_1
425000,0.9985828995704651,per_learner/4/p_correct,ppo_hier_items200_h1500\PPO_1
425984,0.9987993836402893,per_learner/4/p_correct,ppo_hier_items200_h1500\PPO_1
450000,0.9983211755752563,per_learner/4/p_correct,ppo_hier_items200_h1500\PPO_1
458752,0.9993516206741333,per_learner/4/p_correct,ppo_hier_items200_h1500\PPO_1
475000,0.997876763343811,per_learner/4/p_correct,ppo_hier_items200_h1500\PPO_1
491520,0.9986728429794312,per_learner/4/p_correct,ppo_hier_items200_h1500\PPO_1
500000,0.999407947063446,per_learner/4/p_correct,ppo_hier_items200_h1500\PPO_1
524288,0.9998385310173035,per_learner/4/p_correct,ppo_hier_items200_h1500\PPO_1
525000,0.9974488019943237,per_learner/4/p_correct,ppo_hier_items200_h1500\PPO_1
550000,0.9995474219322205,per_learner/4/p_correct,ppo_hier_items200_h1500\PPO_1
557056,0.9997115135192871,per_learner/4/p_correct,ppo_hier_items200_h1500\PPO_1
575000,0.9969269633293152,per_learner/4/p_correct,ppo_hier_items200_h1500\PPO_1
589824,0.9995752573013306,per_learner/4/p_correct,ppo_hier_items200_h1500\PPO_1
600000,0.9966884255409241,per_learner/4/p_correct,ppo_hier_items200_h1500\PPO_1
622592,0.999798059463501,per_learner/4/p_correct,ppo_hier_items200_h1500\PPO_1
625000,0.9997250437736511,per_learner/4/p_correct,ppo_hier_items200_h1500\PPO_1
650000,0.9998424649238586,per_learner/4/p_correct,ppo_hier_items200_h1500\PPO_1
655360,0.9979382753372192,per_learner/4/p_correct,ppo_hier_items200_h1500\PPO_1
675000,0.9991732835769653,per_learner/4/p_correct,ppo_hier_items200_h1500\PPO_1
688128,0.9990348219871521,per_learner/4/p_correct,ppo_hier_items200_h1500\PPO_1
700000,0.9988964200019836,per_learner/4/p_correct,ppo_hier_items200_h1500\PPO_1
720896,0.9999024868011475,per_learner/4/p_correct,ppo_hier_items200_h1500\PPO_1
725000,0.9988328814506531,per_learner/4/p_correct,ppo_hier_items200_h1500\PPO_1
750000,0.9995803236961365,per_learner/4/p_correct,ppo_hier_items200_h1500\PPO_1
753664,0.9997866153717041,per_learner/4/p_correct,ppo_hier_items200_h1500\PPO_1
775000,0.9980435371398926,per_learner/4/p_correct,ppo_hier_items200_h1500\PPO_1
786432,0.9999784231185913,per_learner/4/p_correct,ppo_hier_items200_h1500\PPO_1
800000,0.9997572898864746,per_learner/4/p_correct,ppo_hier_items200_h1500\PPO_1
819200,0.9991030693054199,per_learner/4/p_correct,ppo_hier_items200_h1500\PPO_1
825000,0.9974817037582397,per_learner/4/p_correct,ppo_hier_items200_h1500\PPO_1
850000,0.9994378089904785,per_learner/4/p_correct,ppo_hier_items200_h1500\PPO_1
851968,0.9989171028137207,per_learner/4/p_correct,ppo_hier_items200_h1500\PPO_1
875000,0.9997620582580566,per_learner/4/p_correct,ppo_hier_items200_h1500\PPO_1
884736,0.9975533485412598,per_learner/4/p_correct,ppo_hier_items200_h1500\PPO_1
900000,0.9999763369560242,per_learner/4/p_correct,ppo_hier_items200_h1500\PPO_1
917504,0.9983282089233398,per_learner/4/p_correct,ppo_hier_items200_h1500\PPO_1
925000,0.9997009038925171,per_learner/4/p_correct,ppo_hier_items200_h1500\PPO_1
950000,0.9994415640830994,per_learner/4/p_correct,ppo_hier_items200_h1500\PPO_1
950272,0.99936842918396,per_learner/4/p_correct,ppo_hier_items200_h1500\PPO_1
975000,0.9993003010749817,per_learner/4/p_correct,ppo_hier_items200_h1500\PPO_1
983040,0.9999731779098511,per_learner/4/p_correct,ppo_hier_items200_h1500\PPO_1
1000000,0.9999665021896362,per_learner/4/p_correct,ppo_hier_items200_h1500\PPO_1
1015808,0.999591052532196,per_learner/4/p_correct,ppo_hier_items200_h1500\PPO_1
1025000,0.9988347887992859,per_learner/4/p_correct,ppo_hier_items200_h1500\PPO_1
1048576,0.9989187121391296,per_learner/4/p_correct,ppo_hier_items200_h1500\PPO_1
1050000,0.998299241065979,per_learner/4/p_correct,ppo_hier_items200_h1500\PPO_1
1075000,0.9983482956886292,per_learner/4/p_correct,ppo_hier_items200_h1500\PPO_1
1081344,0.9998763203620911,per_learner/4/p_correct,ppo_hier_items200_h1500\PPO_1
1100000,0.9996042847633362,per_learner/4/p_correct,ppo_hier_items200_h1500\PPO_1
1114112,0.9998270869255066,per_learner/4/p_correct,ppo_hier_items200_h1500\PPO_1
1125000,0.9975131154060364,per_learner/4/p_correct,ppo_hier_items200_h1500\PPO_1
1146880,0.9979155659675598,per_learner/4/p_correct,ppo_hier_items200_h1500\PPO_1
1150000,0.9980008602142334,per_learner/4/p_correct,ppo_hier_items200_h1500\PPO_1
1175000,0.9966641068458557,per_learner/4/p_correct,ppo_hier_items200_h1500\PPO_1
1179648,0.9991379380226135,per_learner/4/p_correct,ppo_hier_items200_h1500\PPO_1
1200000,0.9999750852584839,per_learner/4/p_correct,ppo_hier_items200_h1500\PPO_1
1212416,0.9998847246170044,per_learner/4/p_correct,ppo_hier_items200_h1500\PPO_1
1225000,0.9997692704200745,per_learner/4/p_correct,ppo_hier_items200_h1500\PPO_1
1245184,0.9972120523452759,per_learner/4/p_correct,ppo_hier_items200_h1500\PPO_1
1250000,0.999975323677063,per_learner/4/p_correct,ppo_hier_items200_h1500\PPO_1
1275000,0.999090850353241,per_learner/4/p_correct,ppo_hier_items200_h1500\PPO_1
1277952,0.998805820941925,per_learner/4/p_correct,ppo_hier_items200_h1500\PPO_1
1300000,0.9988756775856018,per_learner/4/p_correct,ppo_hier_items200_h1500\PPO_1
1310720,0.999967098236084,per_learner/4/p_correct,ppo_hier_items200_h1500\PPO_1
1325000,0.9989998936653137,per_learner/4/p_correct,ppo_hier_items200_h1500\PPO_1
1343488,0.999832034111023,per_learner/4/p_correct,ppo_hier_items200_h1500\PPO_1
1350000,0.9995400309562683,per_learner/4/p_correct,ppo_hier_items200_h1500\PPO_1
1375000,0.9983487129211426,per_learner/4/p_correct,ppo_hier_items200_h1500\PPO_1
1376256,0.9997773766517639,per_learner/4/p_correct,ppo_hier_items200_h1500\PPO_1
1400000,0.9998670220375061,per_learner/4/p_correct,ppo_hier_items200_h1500\PPO_1
1409024,0.99881511926651,per_learner/4/p_correct,ppo_hier_items200_h1500\PPO_1
1425000,0.9978820085525513,per_learner/4/p_correct,ppo_hier_items200_h1500\PPO_1
1441792,0.9995803236961365,per_learner/4/p_correct,ppo_hier_items200_h1500\PPO_1
1450000,0.9976404905319214,per_learner/4/p_correct,ppo_hier_items200_h1500\PPO_1
1474560,0.9999347925186157,per_learner/4/p_correct,ppo_hier_items200_h1500\PPO_1
1475000,0.9968845248222351,per_learner/4/p_correct,ppo_hier_items200_h1500\PPO_1
1500000,0.9966840147972107,per_learner/4/p_correct,ppo_hier_items200_h1500\PPO_1
1507328,0.9995368719100952,per_learner/4/p_correct,ppo_hier_items200_h1500\PPO_1
1525000,0.9999616146087646,per_learner/4/p_correct,ppo_hier_items200_h1500\PPO_1
1540096,0.9991812705993652,per_learner/4/p_correct,ppo_hier_items200_h1500\PPO_1
1550000,0.9998955726623535,per_learner/4/p_correct,ppo_hier_items200_h1500\PPO_1
1572864,0.9997957348823547,per_learner/4/p_correct,ppo_hier_items200_h1500\PPO_1
1575000,0.9992928504943848,per_learner/4/p_correct,ppo_hier_items200_h1500\PPO_1
1600000,0.999767005443573,per_learner/4/p_correct,ppo_hier_items200_h1500\PPO_1
1605632,0.9977511763572693,per_learner/4/p_correct,ppo_hier_items200_h1500\PPO_1
1625000,0.9994819760322571,per_learner/4/p_correct,ppo_hier_items200_h1500\PPO_1
1638400,0.9987159967422485,per_learner/4/p_correct,ppo_hier_items200_h1500\PPO_1
1650000,0.9983211755752563,per_learner/4/p_correct,ppo_hier_items200_h1500\PPO_1
1671168,0.999855637550354,per_learner/4/p_correct,ppo_hier_items200_h1500\PPO_1
1675000,0.999728262424469,per_learner/4/p_correct,ppo_hier_items200_h1500\PPO_1
1700000,0.9981127977371216,per_learner/4/p_correct,ppo_hier_items200_h1500\PPO_1
1703936,0.9998322129249573,per_learner/4/p_correct,ppo_hier_items200_h1500\PPO_1
1725000,0.999934196472168,per_learner/4/p_correct,ppo_hier_items200_h1500\PPO_1
1736704,0.9992893934249878,per_learner/4/p_correct,ppo_hier_items200_h1500\PPO_1
1750000,0.9969671368598938,per_learner/4/p_correct,ppo_hier_items200_h1500\PPO_1
1769472,0.9983379244804382,per_learner/4/p_correct,ppo_hier_items200_h1500\PPO_1
1775000,0.9997723698616028,per_learner/4/p_correct,ppo_hier_items200_h1500\PPO_1
1800000,0.9963611960411072,per_learner/4/p_correct,ppo_hier_items200_h1500\PPO_1
1802240,0.9995520114898682,per_learner/4/p_correct,ppo_hier_items200_h1500\PPO_1
1825000,0.9997009038925171,per_learner/4/p_correct,ppo_hier_items200_h1500\PPO_1
1835008,0.9995377063751221,per_learner/4/p_correct,ppo_hier_items200_h1500\PPO_1
1850000,0.9993946552276611,per_learner/4/p_correct,ppo_hier_items200_h1500\PPO_1
1867776,0.998441755771637,per_learner/4/p_correct,ppo_hier_items200_h1500\PPO_1
1875000,0.9992930889129639,per_learner/4/p_correct,ppo_hier_items200_h1500\PPO_1
1900000,0.9995424747467041,per_learner/4/p_correct,ppo_hier_items200_h1500\PPO_1
1900544,0.99892657995224,per_learner/4/p_correct,ppo_hier_items200_h1500\PPO_1
1925000,0.9999775290489197,per_learner/4/p_correct,ppo_hier_items200_h1500\PPO_1
1933312,0.9998586773872375,per_learner/4/p_correct,ppo_hier_items200_h1500\PPO_1
1950000,0.9996156692504883,per_learner/4/p_correct,ppo_hier_items200_h1500\PPO_1
1966080,0.9976197481155396,per_learner/4/p_correct,ppo_hier_items200_h1500\PPO_1
1975000,0.9999524354934692,per_learner/4/p_correct,ppo_hier_items200_h1500\PPO_1
1998848,0.9999502897262573,per_learner/4/p_correct,ppo_hier_items200_h1500\PPO_1
2000000,0.9977344870567322,per_learner/4/p_correct,ppo_hier_items200_h1500\PPO_1
2025000,0.9996341466903687,per_learner/4/p_correct,ppo_hier_items200_h1500\PPO_1
2031616,0.9989013671875,per_learner/4/p_correct,ppo_hier_items200_h1500\PPO_1
25000,0.9990695118904114,per_learner/4/reward,ppo_hier_items200_h1500\PPO_1
32768,0.9995113015174866,per_learner/4/reward,ppo_hier_items200_h1500\PPO_1
50000,0.9991414546966553,per_learner/4/reward,ppo_hier_items200_h1500\PPO_1
65536,0.999276876449585,per_learner/4/reward,ppo_hier_items200_h1500\PPO_1
75000,0.999149739742279,per_learner/4/reward,ppo_hier_items200_h1500\PPO_1
98304,0.999010443687439,per_learner/4/reward,ppo_hier_items200_h1500\PPO_1
100000,0.9992785453796387,per_learner/4/reward,ppo_hier_items200_h1500\PPO_1
125000,0.9992934465408325,per_learner/4/reward,ppo_hier_items200_h1500\PPO_1
131072,3.0090456008911133,per_learner/4/reward,ppo_hier_items200_h1500\PPO_1
150000,0.9994142651557922,per_learner/4/reward,ppo_hier_items200_h1500\PPO_1
163840,0.9990271925926208,per_learner/4/reward,ppo_hier_items200_h1500\PPO_1
175000,0.9994896650314331,per_learner/4/reward,ppo_hier_items200_h1500\PPO_1
196608,0.9992688894271851,per_learner/4/reward,ppo_hier_items200_h1500\PPO_1
200000,0.9991746544837952,per_learner/4/reward,ppo_hier_items200_h1500\PPO_1
225000,0.999523937702179,per_learner/4/reward,ppo_hier_items200_h1500\PPO_1
229376,0.9990958571434021,per_learner/4/reward,ppo_hier_items200_h1500\PPO_1
250000,3.009070873260498,per_learner/4/reward,ppo_hier_items200_h1500\PPO_1
262144,0.9992060661315918,per_learner/4/reward,ppo_hier_items200_h1500\PPO_1
275000,0.9996482133865356,per_learner/4/reward,ppo_hier_items200_h1500\PPO_1
294912,0.9994840621948242,per_learner/4/reward,ppo_hier_items200_h1500\PPO_1
300000,0.9992119669914246,per_learner/4/reward,ppo_hier_items200_h1500\PPO_1
325000,0.9990704655647278,per_learner/4/reward,ppo_hier_items200_h1500\PPO_1
327680,0.9992548823356628,per_learner/4/reward,ppo_hier_items200_h1500\PPO_1
350000,0.9990999698638916,per_learner/4/reward,ppo_hier_items200_h1500\PPO_1
360448,0.9990318417549133,per_learner/4/reward,ppo_hier_items200_h1500\PPO_1
375000,0.9990396499633789,per_learner/4/reward,ppo_hier_items200_h1500\PPO_1
393216,3.009004592895508,per_learner/4/reward,ppo_hier_items200_h1500\PPO_1
400000,0.9991998672485352,per_learner/4/reward,ppo_hier_items200_h1500\PPO_1
425000,0.9993543028831482,per_learner/4/reward,ppo_hier_items200_h1500\PPO_1
425984,0.9993001818656921,per_learner/4/reward,ppo_hier_items200_h1500\PPO_1
450000,0.9994196891784668,per_learner/4/reward,ppo_hier_items200_h1500\PPO_1
458752,0.9991620779037476,per_learner/4/reward,ppo_hier_items200_h1500\PPO_1
475000,0.9995307922363281,per_learner/4/reward,ppo_hier_items200_h1500\PPO_1
491520,0.9993317723274231,per_learner/4/reward,ppo_hier_items200_h1500\PPO_1
500000,0.9991480112075806,per_learner/4/reward,ppo_hier_items200_h1500\PPO_1
524288,0.9990403652191162,per_learner/4/reward,ppo_hier_items200_h1500\PPO_1
525000,0.9996377825737,per_learner/4/reward,ppo_hier_items200_h1500\PPO_1
550000,0.999113142490387,per_learner/4/reward,ppo_hier_items200_h1500\PPO_1
557056,0.9990721344947815,per_learner/4/reward,ppo_hier_items200_h1500\PPO_1
575000,0.9997682571411133,per_learner/4/reward,ppo_hier_items200_h1500\PPO_1
589824,0.9991061687469482,per_learner/4/reward,ppo_hier_items200_h1500\PPO_1
600000,0.9998278617858887,per_learner/4/reward,ppo_hier_items200_h1500\PPO_1
622592,0.999050498008728,per_learner/4/reward,ppo_hier_items200_h1500\PPO_1
625000,0.9990687370300293,per_learner/4/reward,ppo_hier_items200_h1500\PPO_1
650000,0.999039351940155,per_learner/4/reward,ppo_hier_items200_h1500\PPO_1
655360,0.9995154142379761,per_learner/4/reward,ppo_hier_items200_h1500\PPO_1
675000,0.9992066621780396,per_learner/4/reward,ppo_hier_items200_h1500\PPO_1
688128,0.999241292476654,per_learner/4/reward,ppo_hier_items200_h1500\PPO_1
700000,0.9992759227752686,per_learner/4/reward,ppo_hier_items200_h1500\PPO_1
720896,0.9990243911743164,per_learner/4/reward,ppo_hier_items200_h1500\PPO_1
725000,0.9992917776107788,per_learner/4/reward,ppo_hier_items200_h1500\PPO_1
750000,0.999104917049408,per_learner/4/reward,ppo_hier_items200_h1500\PPO_1
753664,3.0090534687042236,per_learner/4/reward,ppo_hier_items200_h1500\PPO_1
775000,0.9994891285896301,per_learner/4/reward,ppo_hier_items200_h1500\PPO_1
786432,3.009005308151245,per_learner/4/reward,ppo_hier_items200_h1500\PPO_1
800000,3.0090606212615967,per_learner/4/reward,ppo_hier_items200_h1500\PPO_1
819200,0.9992242455482483,per_learner/4/reward,ppo_hier_items200_h1500\PPO_1
825000,0.999629557132721,per_learner/4/reward,ppo_hier_items200_h1500\PPO_1
850000,0.9991405606269836,per_learner/4/reward,ppo_hier_items200_h1500\PPO_1
851968,0.9992707371711731,per_learner/4/reward,ppo_hier_items200_h1500\PPO_1
875000,3.009059429168701,per_learner/4/reward,ppo_hier_items200_h1500\PPO_1
884736,0.9996116757392883,per_learner/4/reward,ppo_hier_items200_h1500\PPO_1
900000,0.999005913734436,per_learner/4/reward,ppo_hier_items200_h1500\PPO_1
917504,0.9994179606437683,per_learner/4/reward,ppo_hier_items200_h1500\PPO_1
925000,0.9990747570991516,per_learner/4/reward,ppo_hier_items200_h1500\PPO_1
950000,0.9991396069526672,per_learner/4/reward,ppo_hier_items200_h1500\PPO_1
950272,0.9991579055786133,per_learner/4/reward,ppo_hier_items200_h1500\PPO_1
975000,0.9991748929023743,per_learner/4/reward,ppo_hier_items200_h1500\PPO_1
983040,3.0090067386627197,per_learner/4/reward,ppo_hier_items200_h1500\PPO_1
1000000,3.0090084075927734,per_learner/4/reward,ppo_hier_items200_h1500\PPO_1
1015808,3.0091023445129395,per_learner/4/reward,ppo_hier_items200_h1500\PPO_1
1025000,0.9992913007736206,per_learner/4/reward,ppo_hier_items200_h1500\PPO_1
1048576,0.9992703199386597,per_learner/4/reward,ppo_hier_items200_h1500\PPO_1
1050000,0.9994251728057861,per_learner/4/reward,ppo_hier_items200_h1500\PPO_1
1075000,0.9994128942489624,per_learner/4/reward,ppo_hier_items200_h1500\PPO_1
1081344,0.9990308880805969,per_learner/4/reward,ppo_hier_items200_h1500\PPO_1
1100000,0.9990989565849304,per_learner/4/reward,ppo_hier_items200_h1500\PPO_1
1114112,3.0090432167053223,per_learner/4/reward,ppo_hier_items200_h1500\PPO_1
1125000,0.9996217489242554,per_learner/4/reward,ppo_hier_items200_h1500\PPO_1
1146880,0.9995210766792297,per_learner/4/reward,ppo_hier_items200_h1500\PPO_1
1150000,0.9994997978210449,per_learner/4/reward,ppo_hier_items200_h1500\PPO_1
1175000,0.9998340010643005,per_learner/4/reward,ppo_hier_items200_h1500\PPO_1
1179648,0.9992155432701111,per_learner/4/reward,ppo_hier_items200_h1500\PPO_1
1200000,0.9990062117576599,per_learner/4/reward,ppo_hier_items200_h1500\PPO_1
1212416,0.9990288019180298,per_learner/4/reward,ppo_hier_items200_h1500\PPO_1
1225000,0.9990576505661011,per_learner/4/reward,ppo_hier_items200_h1500\PPO_1
1245184,0.9996969699859619,per_learner/4/reward,ppo_hier_items200_h1500\PPO_1
1250000,3.0090062618255615,per_learner/4/reward,ppo_hier_items200_h1500\PPO_1
1275000,0.9992272853851318,per_learner/4/reward,ppo_hier_items200_h1500\PPO_1
1277952,0.9992985725402832,per_learner/4/reward,ppo_hier_items200_h1500\PPO_1
1300000,0.999281108379364,per_learner/4/reward,ppo_hier_items200_h1500\PPO_1
1310720,3.0090081691741943,per_learner/4/reward,ppo_hier_items200_h1500\PPO_1
1325000,0.9992499947547913,per_learner/4/reward,ppo_hier_items200_h1500\PPO_1
1343488,0.9990419745445251,per_learner/4/reward,ppo_hier_items200_h1500\PPO_1
1350000,0.999114990234375,per_learner/4/reward,ppo_hier_items200_h1500\PPO_1
1375000,0.9994128346443176,per_learner/4/reward,ppo_hier_items200_h1500\PPO_1
1376256,0.9990556836128235,per_learner/4/reward,ppo_hier_items200_h1500\PPO_1
1400000,0.9990332722663879,per_learner/4/reward,ppo_hier_items200_h1500\PPO_1
1409024,0.999296247959137,per_learner/4/reward,ppo_hier_items200_h1500\PPO_1
1425000,0.9995294809341431,per_learner/4/reward,ppo_hier_items200_h1500\PPO_1
1441792,0.999104917049408,per_learner/4/reward,ppo_hier_items200_h1500\PPO_1
1450000,0.9995898604393005,per_learner/4/reward,ppo_hier_items200_h1500\PPO_1
1474560,0.999016284942627,per_learner/4/reward,ppo_hier_items200_h1500\PPO_1
1475000,0.9997788667678833,per_learner/4/reward,ppo_hier_items200_h1500\PPO_1
1500000,0.9998289942741394,per_learner/4/reward,ppo_hier_items200_h1500\PPO_1
1507328,0.9991157650947571,per_learner/4/reward,ppo_hier_items200_h1500\PPO_1
1525000,3.009009599685669,per_learner/4/reward,ppo_hier_items200_h1500\PPO_1
1540096,0.999204695224762,per_learner/4/reward,ppo_hier_items200_h1500\PPO_1
1550000,0.9990261197090149,per_learner/4/reward,ppo_hier_items200_h1500\PPO_1
1572864,0.999051034450531,per_learner/4/reward,ppo_hier_items200_h1500\PPO_1
1575000,0.9991768002510071,per_learner/4/reward,ppo_hier_items200_h1500\PPO_1
1600000,0.9990582466125488,per_learner/4/reward,ppo_hier_items200_h1500\PPO_1
1605632,0.9995622038841248,per_learner/4/reward,ppo_hier_items200_h1500\PPO_1
1625000,0.9991295337677002,per_learner/4/reward,ppo_hier_items200_h1500\PPO_1
1638400,0.9993209838867188,per_learner/4/reward,ppo_hier_items200_h1500\PPO_1
1650000,0.9994196891784668,per_learner/4/reward,ppo_hier_items200_h1500\PPO_1
1671168,3.009036064147949,per_learner/4/reward,ppo_hier_items200_h1500\PPO_1
1675000,0.9990679025650024,per_learner/4/reward,ppo_hier_items200_h1500\PPO_1
1700000,0.9994717836380005,per_learner/4/reward,ppo_hier_items200_h1500\PPO_1
1703936,0.9990419745445251,per_learner/4/reward,ppo_hier_items200_h1500\PPO_1
1725000,0.9990164637565613,per_learner/4/reward,ppo_hier_items200_h1500\PPO_1
1736704,0.9991776347160339,per_learner/4/reward,ppo_hier_items200_h1500\PPO_1
1750000,0.999758243560791,per_learner/4/reward,ppo_hier_items200_h1500\PPO_1
1769472,0.9994155168533325,per_learner/4/reward,ppo_hier_items200_h1500\PPO_1
1775000,3.009056806564331,per_learner/4/reward,ppo_hier_items200_h1500\PPO_1
1800000,0.9999096989631653,per_learner/4/reward,ppo_hier_items200_h1500\PPO_1
1802240,0.9991120100021362,per_learner/4/reward,ppo_hier_items200_h1500\PPO_1
1825000,0.9990747570991516,per_learner/4/reward,ppo_hier_items200_h1500\PPO_1
1835008,0.9991155862808228,per_learner/4/reward,ppo_hier_items200_h1500\PPO_1
1850000,0.999151349067688,per_learner/4/reward,ppo_hier_items200_h1500\PPO_1
1867776,0.9993895888328552,per_learner/4/reward,ppo_hier_items200_h1500\PPO_1
1875000,0.9991767406463623,per_learner/4/reward,ppo_hier_items200_h1500\PPO_1
1900000,0.9991143941879272,per_learner/4/reward,ppo_hier_items200_h1500\PPO_1
1900544,0.9992683529853821,per_learner/4/reward,ppo_hier_items200_h1500\PPO_1
1925000,3.009005546569824,per_learner/4/reward,ppo_hier_items200_h1500\PPO_1
1933312,0.9990352988243103,per_learner/4/reward,ppo_hier_items200_h1500\PPO_1
1950000,0.9990960955619812,per_learner/4/reward,ppo_hier_items200_h1500\PPO_1
1966080,0.999595046043396,per_learner/4/reward,ppo_hier_items200_h1500\PPO_1
1975000,3.00901198387146,per_learner/4/reward,ppo_hier_items200_h1500\PPO_1
1998848,3.009012460708618,per_learner/4/reward,ppo_hier_items200_h1500\PPO_1
2000000,0.999566376209259,per_learner/4/reward,ppo_hier_items200_h1500\PPO_1
2025000,0.9990914463996887,per_learner/4/reward,ppo_hier_items200_h1500\PPO_1
2031616,0.9992746710777283,per_learner/4/reward,ppo_hier_items200_h1500\PPO_1
25000,1.0,per_learner/4/rolling_acc,ppo_hier_items200_h1500\PPO_1
32768,1.0,per_learner/4/rolling_acc,ppo_hier_items200_h1500\PPO_1
50000,1.0,per_learner/4/rolling_acc,ppo_hier_items200_h1500\PPO_1
65536,1.0,per_learner/4/rolling_acc,ppo_hier_items200_h1500\PPO_1
75000,1.0,per_learner/4/rolling_acc,ppo_hier_items200_h1500\PPO_1
98304,1.0,per_learner/4/rolling_acc,ppo_hier_items200_h1500\PPO_1
100000,1.0,per_learner/4/rolling_acc,ppo_hier_items200_h1500\PPO_1
125000,1.0,per_learner/4/rolling_acc,ppo_hier_items200_h1500\PPO_1
131072,1.0,per_learner/4/rolling_acc,ppo_hier_items200_h1500\PPO_1
150000,1.0,per_learner/4/rolling_acc,ppo_hier_items200_h1500\PPO_1
163840,1.0,per_learner/4/rolling_acc,ppo_hier_items200_h1500\PPO_1
175000,1.0,per_learner/4/rolling_acc,ppo_hier_items200_h1500\PPO_1
196608,1.0,per_learner/4/rolling_acc,ppo_hier_items200_h1500\PPO_1
200000,1.0,per_learner/4/rolling_acc,ppo_hier_items200_h1500\PPO_1
225000,1.0,per_learner/4/rolling_acc,ppo_hier_items200_h1500\PPO_1
229376,1.0,per_learner/4/rolling_acc,ppo_hier_items200_h1500\PPO_1
250000,1.0,per_learner/4/rolling_acc,ppo_hier_items200_h1500\PPO_1
262144,1.0,per_learner/4/rolling_acc,ppo_hier_items200_h1500\PPO_1
275000,1.0,per_learner/4/rolling_acc,ppo_hier_items200_h1500\PPO_1
294912,1.0,per_learner/4/rolling_acc,ppo_hier_items200_h1500\PPO_1
300000,1.0,per_learner/4/rolling_acc,ppo_hier_items200_h1500\PPO_1
325000,1.0,per_learner/4/rolling_acc,ppo_hier_items200_h1500\PPO_1
327680,1.0,per_learner/4/rolling_acc,ppo_hier_items200_h1500\PPO_1
350000,1.0,per_learner/4/rolling_acc,ppo_hier_items200_h1500\PPO_1
360448,1.0,per_learner/4/rolling_acc,ppo_hier_items200_h1500\PPO_1
375000,1.0,per_learner/4/rolling_acc,ppo_hier_items200_h1500\PPO_1
393216,1.0,per_learner/4/rolling_acc,ppo_hier_items200_h1500\PPO_1
400000,0.9666666388511658,per_learner/4/rolling_acc,ppo_hier_items200_h1500\PPO_1
425000,1.0,per_learner/4/rolling_acc,ppo_hier_items200_h1500\PPO_1
425984,1.0,per_learner/4/rolling_acc,ppo_hier_items200_h1500\PPO_1
450000,1.0,per_learner/4/rolling_acc,ppo_hier_items200_h1500\PPO_1
458752,1.0,per_learner/4/rolling_acc,ppo_hier_items200_h1500\PPO_1
475000,1.0,per_learner/4/rolling_acc,ppo_hier_items200_h1500\PPO_1
491520,1.0,per_learner/4/rolling_acc,ppo_hier_items200_h1500\PPO_1
500000,1.0,per_learner/4/rolling_acc,ppo_hier_items200_h1500\PPO_1
524288,1.0,per_learner/4/rolling_acc,ppo_hier_items200_h1500\PPO_1
525000,1.0,per_learner/4/rolling_acc,ppo_hier_items200_h1500\PPO_1
550000,1.0,per_learner/4/rolling_acc,ppo_hier_items200_h1500\PPO_1
557056,1.0,per_learner/4/rolling_acc,ppo_hier_items200_h1500\PPO_1
575000,1.0,per_learner/4/rolling_acc,ppo_hier_items200_h1500\PPO_1
589824,1.0,per_learner/4/rolling_acc,ppo_hier_items200_h1500\PPO_1
600000,1.0,per_learner/4/rolling_acc,ppo_hier_items200_h1500\PPO_1
622592,1.0,per_learner/4/rolling_acc,ppo_hier_items200_h1500\PPO_1
625000,1.0,per_learner/4/rolling_acc,ppo_hier_items200_h1500\PPO_1
650000,1.0,per_learner/4/rolling_acc,ppo_hier_items200_h1500\PPO_1
655360,1.0,per_learner/4/rolling_acc,ppo_hier_items200_h1500\PPO_1
675000,1.0,per_learner/4/rolling_acc,ppo_hier_items200_h1500\PPO_1
688128,1.0,per_learner/4/rolling_acc,ppo_hier_items200_h1500\PPO_1
700000,1.0,per_learner/4/rolling_acc,ppo_hier_items200_h1500\PPO_1
720896,1.0,per_learner/4/rolling_acc,ppo_hier_items200_h1500\PPO_1
725000,1.0,per_learner/4/rolling_acc,ppo_hier_items200_h1500\PPO_1
750000,1.0,per_learner/4/rolling_acc,ppo_hier_items200_h1500\PPO_1
753664,1.0,per_learner/4/rolling_acc,ppo_hier_items200_h1500\PPO_1
775000,1.0,per_learner/4/rolling_acc,ppo_hier_items200_h1500\PPO_1
786432,1.0,per_learner/4/rolling_acc,ppo_hier_items200_h1500\PPO_1
800000,1.0,per_learner/4/rolling_acc,ppo_hier_items200_h1500\PPO_1
819200,1.0,per_learner/4/rolling_acc,ppo_hier_items200_h1500\PPO_1
825000,1.0,per_learner/4/rolling_acc,ppo_hier_items200_h1500\PPO_1
850000,1.0,per_learner/4/rolling_acc,ppo_hier_items200_h1500\PPO_1
851968,1.0,per_learner/4/rolling_acc,ppo_hier_items200_h1500\PPO_1
875000,1.0,per_learner/4/rolling_acc,ppo_hier_items200_h1500\PPO_1
884736,1.0,per_learner/4/rolling_acc,ppo_hier_items200_h1500\PPO_1
900000,1.0,per_learner/4/rolling_acc,ppo_hier_items200_h1500\PPO_1
917504,1.0,per_learner/4/rolling_acc,ppo_hier_items200_h1500\PPO_1
925000,1.0,per_learner/4/rolling_acc,ppo_hier_items200_h1500\PPO_1
950000,1.0,per_learner/4/rolling_acc,ppo_hier_items200_h1500\PPO_1
950272,1.0,per_learner/4/rolling_acc,ppo_hier_items200_h1500\PPO_1
975000,1.0,per_learner/4/rolling_acc,ppo_hier_items200_h1500\PPO_1
983040,1.0,per_learner/4/rolling_acc,ppo_hier_items200_h1500\PPO_1
1000000,0.9666666388511658,per_learner/4/rolling_acc,ppo_hier_items200_h1500\PPO_1
1015808,1.0,per_learner/4/rolling_acc,ppo_hier_items200_h1500\PPO_1
1025000,1.0,per_learner/4/rolling_acc,ppo_hier_items200_h1500\PPO_1
1048576,1.0,per_learner/4/rolling_acc,ppo_hier_items200_h1500\PPO_1
1050000,1.0,per_learner/4/rolling_acc,ppo_hier_items200_h1500\PPO_1
1075000,1.0,per_learner/4/rolling_acc,ppo_hier_items200_h1500\PPO_1
1081344,1.0,per_learner/4/rolling_acc,ppo_hier_items200_h1500\PPO_1
1100000,1.0,per_learner/4/rolling_acc,ppo_hier_items200_h1500\PPO_1
1114112,1.0,per_learner/4/rolling_acc,ppo_hier_items200_h1500\PPO_1
1125000,1.0,per_learner/4/rolling_acc,ppo_hier_items200_h1500\PPO_1
1146880,1.0,per_learner/4/rolling_acc,ppo_hier_items200_h1500\PPO_1
1150000,1.0,per_learner/4/rolling_acc,ppo_hier_items200_h1500\PPO_1
1175000,1.0,per_learner/4/rolling_acc,ppo_hier_items200_h1500\PPO_1
1179648,1.0,per_learner/4/rolling_acc,ppo_hier_items200_h1500\PPO_1
1200000,1.0,per_learner/4/rolling_acc,ppo_hier_items200_h1500\PPO_1
1212416,1.0,per_learner/4/rolling_acc,ppo_hier_items200_h1500\PPO_1
1225000,1.0,per_learner/4/rolling_acc,ppo_hier_items200_h1500\PPO_1
1245184,1.0,per_learner/4/rolling_acc,ppo_hier_items200_h1500\PPO_1
1250000,1.0,per_learner/4/rolling_acc,ppo_hier_items200_h1500\PPO_1
1275000,1.0,per_learner/4/rolling_acc,ppo_hier_items200_h1500\PPO_1
1277952,1.0,per_learner/4/rolling_acc,ppo_hier_items200_h1500\PPO_1
1300000,1.0,per_learner/4/rolling_acc,ppo_hier_items200_h1500\PPO_1
1310720,1.0,per_learner/4/rolling_acc,ppo_hier_items200_h1500\PPO_1
1325000,1.0,per_learner/4/rolling_acc,ppo_hier_items200_h1500\PPO_1
1343488,1.0,per_learner/4/rolling_acc,ppo_hier_items200_h1500\PPO_1
1350000,1.0,per_learner/4/rolling_acc,ppo_hier_items200_h1500\PPO_1
1375000,0.9666666388511658,per_learner/4/rolling_acc,ppo_hier_items200_h1500\PPO_1
1376256,1.0,per_learner/4/rolling_acc,ppo_hier_items200_h1500\PPO_1
1400000,1.0,per_learner/4/rolling_acc,ppo_hier_items200_h1500\PPO_1
1409024,1.0,per_learner/4/rolling_acc,ppo_hier_items200_h1500\PPO_1
1425000,1.0,per_learner/4/rolling_acc,ppo_hier_items200_h1500\PPO_1
1441792,1.0,per_learner/4/rolling_acc,ppo_hier_items200_h1500\PPO_1
1450000,1.0,per_learner/4/rolling_acc,ppo_hier_items200_h1500\PPO_1
1474560,1.0,per_learner/4/rolling_acc,ppo_hier_items200_h1500\PPO_1
1475000,0.9666666388511658,per_learner/4/rolling_acc,ppo_hier_items200_h1500\PPO_1
1500000,1.0,per_learner/4/rolling_acc,ppo_hier_items200_h1500\PPO_1
1507328,0.9666666388511658,per_learner/4/rolling_acc,ppo_hier_items200_h1500\PPO_1
1525000,1.0,per_learner/4/rolling_acc,ppo_hier_items200_h1500\PPO_1
1540096,1.0,per_learner/4/rolling_acc,ppo_hier_items200_h1500\PPO_1
1550000,1.0,per_learner/4/rolling_acc,ppo_hier_items200_h1500\PPO_1
1572864,1.0,per_learner/4/rolling_acc,ppo_hier_items200_h1500\PPO_1
1575000,1.0,per_learner/4/rolling_acc,ppo_hier_items200_h1500\PPO_1
1600000,1.0,per_learner/4/rolling_acc,ppo_hier_items200_h1500\PPO_1
1605632,1.0,per_learner/4/rolling_acc,ppo_hier_items200_h1500\PPO_1
1625000,1.0,per_learner/4/rolling_acc,ppo_hier_items200_h1500\PPO_1
1638400,1.0,per_learner/4/rolling_acc,ppo_hier_items200_h1500\PPO_1
1650000,1.0,per_learner/4/rolling_acc,ppo_hier_items200_h1500\PPO_1
1671168,1.0,per_learner/4/rolling_acc,ppo_hier_items200_h1500\PPO_1
1675000,1.0,per_learner/4/rolling_acc,ppo_hier_items200_h1500\PPO_1
1700000,1.0,per_learner/4/rolling_acc,ppo_hier_items200_h1500\PPO_1
1703936,1.0,per_learner/4/rolling_acc,ppo_hier_items200_h1500\PPO_1
1725000,1.0,per_learner/4/rolling_acc,ppo_hier_items200_h1500\PPO_1
1736704,1.0,per_learner/4/rolling_acc,ppo_hier_items200_h1500\PPO_1
1750000,1.0,per_learner/4/rolling_acc,ppo_hier_items200_h1500\PPO_1
1769472,1.0,per_learner/4/rolling_acc,ppo_hier_items200_h1500\PPO_1
1775000,1.0,per_learner/4/rolling_acc,ppo_hier_items200_h1500\PPO_1
1800000,1.0,per_learner/4/rolling_acc,ppo_hier_items200_h1500\PPO_1
1802240,1.0,per_learner/4/rolling_acc,ppo_hier_items200_h1500\PPO_1
1825000,1.0,per_learner/4/rolling_acc,ppo_hier_items200_h1500\PPO_1
1835008,1.0,per_learner/4/rolling_acc,ppo_hier_items200_h1500\PPO_1
1850000,1.0,per_learner/4/rolling_acc,ppo_hier_items200_h1500\PPO_1
1867776,1.0,per_learner/4/rolling_acc,ppo_hier_items200_h1500\PPO_1
1875000,1.0,per_learner/4/rolling_acc,ppo_hier_items200_h1500\PPO_1
1900000,1.0,per_learner/4/rolling_acc,ppo_hier_items200_h1500\PPO_1
1900544,1.0,per_learner/4/rolling_acc,ppo_hier_items200_h1500\PPO_1
1925000,1.0,per_learner/4/rolling_acc,ppo_hier_items200_h1500\PPO_1
1933312,1.0,per_learner/4/rolling_acc,ppo_hier_items200_h1500\PPO_1
1950000,1.0,per_learner/4/rolling_acc,ppo_hier_items200_h1500\PPO_1
1966080,1.0,per_learner/4/rolling_acc,ppo_hier_items200_h1500\PPO_1
1975000,1.0,per_learner/4/rolling_acc,ppo_hier_items200_h1500\PPO_1
1998848,1.0,per_learner/4/rolling_acc,ppo_hier_items200_h1500\PPO_1
2000000,1.0,per_learner/4/rolling_acc,ppo_hier_items200_h1500\PPO_1
2025000,1.0,per_learner/4/rolling_acc,ppo_hier_items200_h1500\PPO_1
2031616,1.0,per_learner/4/rolling_acc,ppo_hier_items200_h1500\PPO_1
25000,1.0,per_learner/5/correct,ppo_hier_items200_h1500\PPO_1
32768,1.0,per_learner/5/correct,ppo_hier_items200_h1500\PPO_1
50000,1.0,per_learner/5/correct,ppo_hier_items200_h1500\PPO_1
65536,1.0,per_learner/5/correct,ppo_hier_items200_h1500\PPO_1
75000,1.0,per_learner/5/correct,ppo_hier_items200_h1500\PPO_1
98304,1.0,per_learner/5/correct,ppo_hier_items200_h1500\PPO_1
100000,1.0,per_learner/5/correct,ppo_hier_items200_h1500\PPO_1
125000,1.0,per_learner/5/correct,ppo_hier_items200_h1500\PPO_1
131072,1.0,per_learner/5/correct,ppo_hier_items200_h1500\PPO_1
150000,1.0,per_learner/5/correct,ppo_hier_items200_h1500\PPO_1
163840,1.0,per_learner/5/correct,ppo_hier_items200_h1500\PPO_1
175000,1.0,per_learner/5/correct,ppo_hier_items200_h1500\PPO_1
196608,1.0,per_learner/5/correct,ppo_hier_items200_h1500\PPO_1
200000,1.0,per_learner/5/correct,ppo_hier_items200_h1500\PPO_1
225000,1.0,per_learner/5/correct,ppo_hier_items200_h1500\PPO_1
229376,1.0,per_learner/5/correct,ppo_hier_items200_h1500\PPO_1
250000,1.0,per_learner/5/correct,ppo_hier_items200_h1500\PPO_1
262144,1.0,per_learner/5/correct,ppo_hier_items200_h1500\PPO_1
275000,1.0,per_learner/5/correct,ppo_hier_items200_h1500\PPO_1
294912,1.0,per_learner/5/correct,ppo_hier_items200_h1500\PPO_1
300000,1.0,per_learner/5/correct,ppo_hier_items200_h1500\PPO_1
325000,1.0,per_learner/5/correct,ppo_hier_items200_h1500\PPO_1
327680,1.0,per_learner/5/correct,ppo_hier_items200_h1500\PPO_1
350000,1.0,per_learner/5/correct,ppo_hier_items200_h1500\PPO_1
360448,1.0,per_learner/5/correct,ppo_hier_items200_h1500\PPO_1
375000,1.0,per_learner/5/correct,ppo_hier_items200_h1500\PPO_1
393216,1.0,per_learner/5/correct,ppo_hier_items200_h1500\PPO_1
400000,1.0,per_learner/5/correct,ppo_hier_items200_h1500\PPO_1
425000,1.0,per_learner/5/correct,ppo_hier_items200_h1500\PPO_1
425984,1.0,per_learner/5/correct,ppo_hier_items200_h1500\PPO_1
450000,1.0,per_learner/5/correct,ppo_hier_items200_h1500\PPO_1
458752,1.0,per_learner/5/correct,ppo_hier_items200_h1500\PPO_1
475000,1.0,per_learner/5/correct,ppo_hier_items200_h1500\PPO_1
491520,1.0,per_learner/5/correct,ppo_hier_items200_h1500\PPO_1
500000,1.0,per_learner/5/correct,ppo_hier_items200_h1500\PPO_1
524288,1.0,per_learner/5/correct,ppo_hier_items200_h1500\PPO_1
525000,1.0,per_learner/5/correct,ppo_hier_items200_h1500\PPO_1
550000,1.0,per_learner/5/correct,ppo_hier_items200_h1500\PPO_1
557056,1.0,per_learner/5/correct,ppo_hier_items200_h1500\PPO_1
575000,1.0,per_learner/5/correct,ppo_hier_items200_h1500\PPO_1
589824,1.0,per_learner/5/correct,ppo_hier_items200_h1500\PPO_1
600000,1.0,per_learner/5/correct,ppo_hier_items200_h1500\PPO_1
622592,1.0,per_learner/5/correct,ppo_hier_items200_h1500\PPO_1
625000,1.0,per_learner/5/correct,ppo_hier_items200_h1500\PPO_1
650000,1.0,per_learner/5/correct,ppo_hier_items200_h1500\PPO_1
655360,1.0,per_learner/5/correct,ppo_hier_items200_h1500\PPO_1
675000,1.0,per_learner/5/correct,ppo_hier_items200_h1500\PPO_1
688128,1.0,per_learner/5/correct,ppo_hier_items200_h1500\PPO_1
700000,1.0,per_learner/5/correct,ppo_hier_items200_h1500\PPO_1
720896,1.0,per_learner/5/correct,ppo_hier_items200_h1500\PPO_1
725000,1.0,per_learner/5/correct,ppo_hier_items200_h1500\PPO_1
750000,1.0,per_learner/5/correct,ppo_hier_items200_h1500\PPO_1
753664,1.0,per_learner/5/correct,ppo_hier_items200_h1500\PPO_1
775000,1.0,per_learner/5/correct,ppo_hier_items200_h1500\PPO_1
786432,1.0,per_learner/5/correct,ppo_hier_items200_h1500\PPO_1
800000,1.0,per_learner/5/correct,ppo_hier_items200_h1500\PPO_1
819200,1.0,per_learner/5/correct,ppo_hier_items200_h1500\PPO_1
825000,1.0,per_learner/5/correct,ppo_hier_items200_h1500\PPO_1
850000,1.0,per_learner/5/correct,ppo_hier_items200_h1500\PPO_1
851968,1.0,per_learner/5/correct,ppo_hier_items200_h1500\PPO_1
875000,1.0,per_learner/5/correct,ppo_hier_items200_h1500\PPO_1
884736,1.0,per_learner/5/correct,ppo_hier_items200_h1500\PPO_1
900000,1.0,per_learner/5/correct,ppo_hier_items200_h1500\PPO_1
917504,1.0,per_learner/5/correct,ppo_hier_items200_h1500\PPO_1
925000,1.0,per_learner/5/correct,ppo_hier_items200_h1500\PPO_1
950000,1.0,per_learner/5/correct,ppo_hier_items200_h1500\PPO_1
950272,1.0,per_learner/5/correct,ppo_hier_items200_h1500\PPO_1
975000,1.0,per_learner/5/correct,ppo_hier_items200_h1500\PPO_1
983040,1.0,per_learner/5/correct,ppo_hier_items200_h1500\PPO_1
1000000,1.0,per_learner/5/correct,ppo_hier_items200_h1500\PPO_1
1015808,1.0,per_learner/5/correct,ppo_hier_items200_h1500\PPO_1
1025000,1.0,per_learner/5/correct,ppo_hier_items200_h1500\PPO_1
1048576,1.0,per_learner/5/correct,ppo_hier_items200_h1500\PPO_1
1050000,1.0,per_learner/5/correct,ppo_hier_items200_h1500\PPO_1
1075000,1.0,per_learner/5/correct,ppo_hier_items200_h1500\PPO_1
1081344,1.0,per_learner/5/correct,ppo_hier_items200_h1500\PPO_1
1100000,1.0,per_learner/5/correct,ppo_hier_items200_h1500\PPO_1
1114112,1.0,per_learner/5/correct,ppo_hier_items200_h1500\PPO_1
1125000,1.0,per_learner/5/correct,ppo_hier_items200_h1500\PPO_1
1146880,0.0,per_learner/5/correct,ppo_hier_items200_h1500\PPO_1
1150000,1.0,per_learner/5/correct,ppo_hier_items200_h1500\PPO_1
1175000,1.0,per_learner/5/correct,ppo_hier_items200_h1500\PPO_1
1179648,1.0,per_learner/5/correct,ppo_hier_items200_h1500\PPO_1
1200000,1.0,per_learner/5/correct,ppo_hier_items200_h1500\PPO_1
1212416,1.0,per_learner/5/correct,ppo_hier_items200_h1500\PPO_1
1225000,1.0,per_learner/5/correct,ppo_hier_items200_h1500\PPO_1
1245184,1.0,per_learner/5/correct,ppo_hier_items200_h1500\PPO_1
1250000,1.0,per_learner/5/correct,ppo_hier_items200_h1500\PPO_1
1275000,1.0,per_learner/5/correct,ppo_hier_items200_h1500\PPO_1
1277952,1.0,per_learner/5/correct,ppo_hier_items200_h1500\PPO_1
1300000,1.0,per_learner/5/correct,ppo_hier_items200_h1500\PPO_1
1310720,1.0,per_learner/5/correct,ppo_hier_items200_h1500\PPO_1
1325000,1.0,per_learner/5/correct,ppo_hier_items200_h1500\PPO_1
1343488,1.0,per_learner/5/correct,ppo_hier_items200_h1500\PPO_1
1350000,1.0,per_learner/5/correct,ppo_hier_items200_h1500\PPO_1
1375000,1.0,per_learner/5/correct,ppo_hier_items200_h1500\PPO_1
1376256,1.0,per_learner/5/correct,ppo_hier_items200_h1500\PPO_1
1400000,1.0,per_learner/5/correct,ppo_hier_items200_h1500\PPO_1
1409024,1.0,per_learner/5/correct,ppo_hier_items200_h1500\PPO_1
1425000,1.0,per_learner/5/correct,ppo_hier_items200_h1500\PPO_1
1441792,1.0,per_learner/5/correct,ppo_hier_items200_h1500\PPO_1
1450000,1.0,per_learner/5/correct,ppo_hier_items200_h1500\PPO_1
1474560,1.0,per_learner/5/correct,ppo_hier_items200_h1500\PPO_1
1475000,1.0,per_learner/5/correct,ppo_hier_items200_h1500\PPO_1
1500000,1.0,per_learner/5/correct,ppo_hier_items200_h1500\PPO_1
1507328,1.0,per_learner/5/correct,ppo_hier_items200_h1500\PPO_1
1525000,1.0,per_learner/5/correct,ppo_hier_items200_h1500\PPO_1
1540096,1.0,per_learner/5/correct,ppo_hier_items200_h1500\PPO_1
1550000,1.0,per_learner/5/correct,ppo_hier_items200_h1500\PPO_1
1572864,1.0,per_learner/5/correct,ppo_hier_items200_h1500\PPO_1
1575000,1.0,per_learner/5/correct,ppo_hier_items200_h1500\PPO_1
1600000,1.0,per_learner/5/correct,ppo_hier_items200_h1500\PPO_1
1605632,1.0,per_learner/5/correct,ppo_hier_items200_h1500\PPO_1
1625000,1.0,per_learner/5/correct,ppo_hier_items200_h1500\PPO_1
1638400,1.0,per_learner/5/correct,ppo_hier_items200_h1500\PPO_1
1650000,1.0,per_learner/5/correct,ppo_hier_items200_h1500\PPO_1
1671168,1.0,per_learner/5/correct,ppo_hier_items200_h1500\PPO_1
1675000,1.0,per_learner/5/correct,ppo_hier_items200_h1500\PPO_1
1700000,1.0,per_learner/5/correct,ppo_hier_items200_h1500\PPO_1
1703936,1.0,per_learner/5/correct,ppo_hier_items200_h1500\PPO_1
1725000,1.0,per_learner/5/correct,ppo_hier_items200_h1500\PPO_1
1736704,1.0,per_learner/5/correct,ppo_hier_items200_h1500\PPO_1
1750000,1.0,per_learner/5/correct,ppo_hier_items200_h1500\PPO_1
1769472,1.0,per_learner/5/correct,ppo_hier_items200_h1500\PPO_1
1775000,1.0,per_learner/5/correct,ppo_hier_items200_h1500\PPO_1
1800000,1.0,per_learner/5/correct,ppo_hier_items200_h1500\PPO_1
1802240,1.0,per_learner/5/correct,ppo_hier_items200_h1500\PPO_1
1825000,1.0,per_learner/5/correct,ppo_hier_items200_h1500\PPO_1
1835008,1.0,per_learner/5/correct,ppo_hier_items200_h1500\PPO_1
1850000,1.0,per_learner/5/correct,ppo_hier_items200_h1500\PPO_1
1867776,1.0,per_learner/5/correct,ppo_hier_items200_h1500\PPO_1
1875000,1.0,per_learner/5/correct,ppo_hier_items200_h1500\PPO_1
1900000,1.0,per_learner/5/correct,ppo_hier_items200_h1500\PPO_1
1900544,1.0,per_learner/5/correct,ppo_hier_items200_h1500\PPO_1
1925000,1.0,per_learner/5/correct,ppo_hier_items200_h1500\PPO_1
1933312,1.0,per_learner/5/correct,ppo_hier_items200_h1500\PPO_1
1950000,1.0,per_learner/5/correct,ppo_hier_items200_h1500\PPO_1
1966080,1.0,per_learner/5/correct,ppo_hier_items200_h1500\PPO_1
1975000,1.0,per_learner/5/correct,ppo_hier_items200_h1500\PPO_1
1998848,1.0,per_learner/5/correct,ppo_hier_items200_h1500\PPO_1
2000000,1.0,per_learner/5/correct,ppo_hier_items200_h1500\PPO_1
2025000,1.0,per_learner/5/correct,ppo_hier_items200_h1500\PPO_1
2031616,1.0,per_learner/5/correct,ppo_hier_items200_h1500\PPO_1
25000,0.0,per_learner/5/mastered_count,ppo_hier_items200_h1500\PPO_1
32768,5.0,per_learner/5/mastered_count,ppo_hier_items200_h1500\PPO_1
50000,0.0,per_learner/5/mastered_count,ppo_hier_items200_h1500\PPO_1
65536,4.0,per_learner/5/mastered_count,ppo_hier_items200_h1500\PPO_1
75000,0.0,per_learner/5/mastered_count,ppo_hier_items200_h1500\PPO_1
98304,0.0,per_learner/5/mastered_count,ppo_hier_items200_h1500\PPO_1
100000,0.0,per_learner/5/mastered_count,ppo_hier_items200_h1500\PPO_1
125000,4.0,per_learner/5/mastered_count,ppo_hier_items200_h1500\PPO_1
131072,18.0,per_learner/5/mastered_count,ppo_hier_items200_h1500\PPO_1
150000,2.0,per_learner/5/mastered_count,ppo_hier_items200_h1500\PPO_1
163840,4.0,per_learner/5/mastered_count,ppo_hier_items200_h1500\PPO_1
175000,4.0,per_learner/5/mastered_count,ppo_hier_items200_h1500\PPO_1
196608,4.0,per_learner/5/mastered_count,ppo_hier_items200_h1500\PPO_1
200000,7.0,per_learner/5/mastered_count,ppo_hier_items200_h1500\PPO_1
225000,5.0,per_learner/5/mastered_count,ppo_hier_items200_h1500\PPO_1
229376,0.0,per_learner/5/mastered_count,ppo_hier_items200_h1500\PPO_1
250000,11.0,per_learner/5/mastered_count,ppo_hier_items200_h1500\PPO_1
262144,12.0,per_learner/5/mastered_count,ppo_hier_items200_h1500\PPO_1
275000,16.0,per_learner/5/mastered_count,ppo_hier_items200_h1500\PPO_1
294912,8.0,per_learner/5/mastered_count,ppo_hier_items200_h1500\PPO_1
300000,23.0,per_learner/5/mastered_count,ppo_hier_items200_h1500\PPO_1
325000,0.0,per_learner/5/mastered_count,ppo_hier_items200_h1500\PPO_1
327680,1.0,per_learner/5/mastered_count,ppo_hier_items200_h1500\PPO_1
350000,0.0,per_learner/5/mastered_count,ppo_hier_items200_h1500\PPO_1
360448,0.0,per_learner/5/mastered_count,ppo_hier_items200_h1500\PPO_1
375000,2.0,per_learner/5/mastered_count,ppo_hier_items200_h1500\PPO_1
393216,16.0,per_learner/5/mastered_count,ppo_hier_items200_h1500\PPO_1
400000,3.0,per_learner/5/mastered_count,ppo_hier_items200_h1500\PPO_1
425000,6.0,per_learner/5/mastered_count,ppo_hier_items200_h1500\PPO_1
425984,8.0,per_learner/5/mastered_count,ppo_hier_items200_h1500\PPO_1
450000,5.0,per_learner/5/mastered_count,ppo_hier_items200_h1500\PPO_1
458752,0.0,per_learner/5/mastered_count,ppo_hier_items200_h1500\PPO_1
475000,8.0,per_learner/5/mastered_count,ppo_hier_items200_h1500\PPO_1
491520,13.0,per_learner/5/mastered_count,ppo_hier_items200_h1500\PPO_1
500000,9.0,per_learner/5/mastered_count,ppo_hier_items200_h1500\PPO_1
524288,11.0,per_learner/5/mastered_count,ppo_hier_items200_h1500\PPO_1
525000,17.0,per_learner/5/mastered_count,ppo_hier_items200_h1500\PPO_1
550000,15.0,per_learner/5/mastered_count,ppo_hier_items200_h1500\PPO_1
557056,9.0,per_learner/5/mastered_count,ppo_hier_items200_h1500\PPO_1
575000,17.0,per_learner/5/mastered_count,ppo_hier_items200_h1500\PPO_1
589824,2.0,per_learner/5/mastered_count,ppo_hier_items200_h1500\PPO_1
600000,19.0,per_learner/5/mastered_count,ppo_hier_items200_h1500\PPO_1
622592,28.0,per_learner/5/mastered_count,ppo_hier_items200_h1500\PPO_1
625000,0.0,per_learner/5/mastered_count,ppo_hier_items200_h1500\PPO_1
650000,1.0,per_learner/5/mastered_count,ppo_hier_items200_h1500\PPO_1
655360,10.0,per_learner/5/mastered_count,ppo_hier_items200_h1500\PPO_1
675000,3.0,per_learner/5/mastered_count,ppo_hier_items200_h1500\PPO_1
688128,4.0,per_learner/5/mastered_count,ppo_hier_items200_h1500\PPO_1
700000,7.0,per_learner/5/mastered_count,ppo_hier_items200_h1500\PPO_1
720896,0.0,per_learner/5/mastered_count,ppo_hier_items200_h1500\PPO_1
725000,15.0,per_learner/5/mastered_count,ppo_hier_items200_h1500\PPO_1
750000,15.0,per_learner/5/mastered_count,ppo_hier_items200_h1500\PPO_1
753664,20.0,per_learner/5/mastered_count,ppo_hier_items200_h1500\PPO_1
775000,15.0,per_learner/5/mastered_count,ppo_hier_items200_h1500\PPO_1
786432,17.0,per_learner/5/mastered_count,ppo_hier_items200_h1500\PPO_1
800000,13.0,per_learner/5/mastered_count,ppo_hier_items200_h1500\PPO_1
819200,5.0,per_learner/5/mastered_count,ppo_hier_items200_h1500\PPO_1
825000,20.0,per_learner/5/mastered_count,ppo_hier_items200_h1500\PPO_1
850000,21.0,per_learner/5/mastered_count,ppo_hier_items200_h1500\PPO_1
851968,26.0,per_learner/5/mastered_count,ppo_hier_items200_h1500\PPO_1
875000,25.0,per_learner/5/mastered_count,ppo_hier_items200_h1500\PPO_1
884736,15.0,per_learner/5/mastered_count,ppo_hier_items200_h1500\PPO_1
900000,26.0,per_learner/5/mastered_count,ppo_hier_items200_h1500\PPO_1
917504,10.0,per_learner/5/mastered_count,ppo_hier_items200_h1500\PPO_1
925000,1.0,per_learner/5/mastered_count,ppo_hier_items200_h1500\PPO_1
950000,3.0,per_learner/5/mastered_count,ppo_hier_items200_h1500\PPO_1
950272,6.0,per_learner/5/mastered_count,ppo_hier_items200_h1500\PPO_1
975000,5.0,per_learner/5/mastered_count,ppo_hier_items200_h1500\PPO_1
983040,28.0,per_learner/5/mastered_count,ppo_hier_items200_h1500\PPO_1
1000000,11.0,per_learner/5/mastered_count,ppo_hier_items200_h1500\PPO_1
1015808,17.0,per_learner/5/mastered_count,ppo_hier_items200_h1500\PPO_1
1025000,12.0,per_learner/5/mastered_count,ppo_hier_items200_h1500\PPO_1
1048576,12.0,per_learner/5/mastered_count,ppo_hier_items200_h1500\PPO_1
1050000,14.0,per_learner/5/mastered_count,ppo_hier_items200_h1500\PPO_1
1075000,20.0,per_learner/5/mastered_count,ppo_hier_items200_h1500\PPO_1
1081344,2.0,per_learner/5/mastered_count,ppo_hier_items200_h1500\PPO_1
1100000,16.0,per_learner/5/mastered_count,ppo_hier_items200_h1500\PPO_1
1114112,20.0,per_learner/5/mastered_count,ppo_hier_items200_h1500\PPO_1
1125000,20.0,per_learner/5/mastered_count,ppo_hier_items200_h1500\PPO_1
1146880,13.0,per_learner/5/mastered_count,ppo_hier_items200_h1500\PPO_1
1150000,21.0,per_learner/5/mastered_count,ppo_hier_items200_h1500\PPO_1
1175000,28.0,per_learner/5/mastered_count,ppo_hier_items200_h1500\PPO_1
1179648,10.0,per_learner/5/mastered_count,ppo_hier_items200_h1500\PPO_1
1200000,23.0,per_learner/5/mastered_count,ppo_hier_items200_h1500\PPO_1
1212416,0.0,per_learner/5/mastered_count,ppo_hier_items200_h1500\PPO_1
1225000,1.0,per_learner/5/mastered_count,ppo_hier_items200_h1500\PPO_1
1245184,22.0,per_learner/5/mastered_count,ppo_hier_items200_h1500\PPO_1
1250000,6.0,per_learner/5/mastered_count,ppo_hier_items200_h1500\PPO_1
1275000,7.0,per_learner/5/mastered_count,ppo_hier_items200_h1500\PPO_1
1277952,17.0,per_learner/5/mastered_count,ppo_hier_items200_h1500\PPO_1
1300000,9.0,per_learner/5/mastered_count,ppo_hier_items200_h1500\PPO_1
1310720,8.0,per_learner/5/mastered_count,ppo_hier_items200_h1500\PPO_1
1325000,11.0,per_learner/5/mastered_count,ppo_hier_items200_h1500\PPO_1
1343488,27.0,per_learner/5/mastered_count,ppo_hier_items200_h1500\PPO_1
1350000,17.0,per_learner/5/mastered_count,ppo_hier_items200_h1500\PPO_1
1375000,21.0,per_learner/5/mastered_count,ppo_hier_items200_h1500\PPO_1
1376256,20.0,per_learner/5/mastered_count,ppo_hier_items200_h1500\PPO_1
1400000,21.0,per_learner/5/mastered_count,ppo_hier_items200_h1500\PPO_1
1409024,12.0,per_learner/5/mastered_count,ppo_hier_items200_h1500\PPO_1
1425000,17.0,per_learner/5/mastered_count,ppo_hier_items200_h1500\PPO_1
1441792,4.0,per_learner/5/mastered_count,ppo_hier_items200_h1500\PPO_1
1450000,21.0,per_learner/5/mastered_count,ppo_hier_items200_h1500\PPO_1
1474560,24.0,per_learner/5/mastered_count,ppo_hier_items200_h1500\PPO_1
1475000,26.0,per_learner/5/mastered_count,ppo_hier_items200_h1500\PPO_1
1500000,30.0,per_learner/5/mastered_count,ppo_hier_items200_h1500\PPO_1
1507328,14.0,per_learner/5/mastered_count,ppo_hier_items200_h1500\PPO_1
1525000,0.0,per_learner/5/mastered_count,ppo_hier_items200_h1500\PPO_1
1540096,11.0,per_learner/5/mastered_count,ppo_hier_items200_h1500\PPO_1
1550000,4.0,per_learner/5/mastered_count,ppo_hier_items200_h1500\PPO_1
1572864,1.0,per_learner/5/mastered_count,ppo_hier_items200_h1500\PPO_1
1575000,5.0,per_learner/5/mastered_count,ppo_hier_items200_h1500\PPO_1
1600000,13.0,per_learner/5/mastered_count,ppo_hier_items200_h1500\PPO_1
1605632,29.0,per_learner/5/mastered_count,ppo_hier_items200_h1500\PPO_1
1625000,14.0,per_learner/5/mastered_count,ppo_hier_items200_h1500\PPO_1
1638400,12.0,per_learner/5/mastered_count,ppo_hier_items200_h1500\PPO_1
1650000,13.0,per_learner/5/mastered_count,ppo_hier_items200_h1500\PPO_1
1671168,7.0,per_learner/5/mastered_count,ppo_hier_items200_h1500\PPO_1
1675000,17.0,per_learner/5/mastered_count,ppo_hier_items200_h1500\PPO_1
1700000,20.0,per_learner/5/mastered_count,ppo_hier_items200_h1500\PPO_1
1703936,25.0,per_learner/5/mastered_count,ppo_hier_items200_h1500\PPO_1
1725000,22.0,per_learner/5/mastered_count,ppo_hier_items200_h1500\PPO_1
1736704,22.0,per_learner/5/mastered_count,ppo_hier_items200_h1500\PPO_1
1750000,19.0,per_learner/5/mastered_count,ppo_hier_items200_h1500\PPO_1
1769472,15.0,per_learner/5/mastered_count,ppo_hier_items200_h1500\PPO_1
1775000,25.0,per_learner/5/mastered_count,ppo_hier_items200_h1500\PPO_1
1800000,29.0,per_learner/5/mastered_count,ppo_hier_items200_h1500\PPO_1
1802240,5.0,per_learner/5/mastered_count,ppo_hier_items200_h1500\PPO_1
1825000,0.0,per_learner/5/mastered_count,ppo_hier_items200_h1500\PPO_1
1835008,25.0,per_learner/5/mastered_count,ppo_hier_items200_h1500\PPO_1
1850000,6.0,per_learner/5/mastered_count,ppo_hier_items200_h1500\PPO_1
1867776,18.0,per_learner/5/mastered_count,ppo_hier_items200_h1500\PPO_1
1875000,10.0,per_learner/5/mastered_count,ppo_hier_items200_h1500\PPO_1
1900000,9.0,per_learner/5/mastered_count,ppo_hier_items200_h1500\PPO_1
1900544,16.0,per_learner/5/mastered_count,ppo_hier_items200_h1500\PPO_1
1925000,14.0,per_learner/5/mastered_count,ppo_hier_items200_h1500\PPO_1
1933312,3.0,per_learner/5/mastered_count,ppo_hier_items200_h1500\PPO_1
1950000,15.0,per_learner/5/mastered_count,ppo_hier_items200_h1500\PPO_1
1966080,28.0,per_learner/5/mastered_count,ppo_hier_items200_h1500\PPO_1
1975000,17.0,per_learner/5/mastered_count,ppo_hier_items200_h1500\PPO_1
1998848,19.0,per_learner/5/mastered_count,ppo_hier_items200_h1500\PPO_1
2000000,19.0,per_learner/5/mastered_count,ppo_hier_items200_h1500\PPO_1
2025000,24.0,per_learner/5/mastered_count,ppo_hier_items200_h1500\PPO_1
2031616,9.0,per_learner/5/mastered_count,ppo_hier_items200_h1500\PPO_1
25000,0.9991426467895508,per_learner/5/p_correct,ppo_hier_items200_h1500\PPO_1
32768,0.99811190366745,per_learner/5/p_correct,ppo_hier_items200_h1500\PPO_1
50000,0.9982720613479614,per_learner/5/p_correct,ppo_hier_items200_h1500\PPO_1
65536,0.995185911655426,per_learner/5/p_correct,ppo_hier_items200_h1500\PPO_1
75000,0.9998469352722168,per_learner/5/p_correct,ppo_hier_items200_h1500\PPO_1
98304,0.9981986284255981,per_learner/5/p_correct,ppo_hier_items200_h1500\PPO_1
100000,0.996533215045929,per_learner/5/p_correct,ppo_hier_items200_h1500\PPO_1
125000,0.9962199330329895,per_learner/5/p_correct,ppo_hier_items200_h1500\PPO_1
131072,0.9992262721061707,per_learner/5/p_correct,ppo_hier_items200_h1500\PPO_1
150000,0.9999785423278809,per_learner/5/p_correct,ppo_hier_items200_h1500\PPO_1
163840,0.9992992281913757,per_learner/5/p_correct,ppo_hier_items200_h1500\PPO_1
175000,0.9995949268341064,per_learner/5/p_correct,ppo_hier_items200_h1500\PPO_1
196608,0.9995332956314087,per_learner/5/p_correct,ppo_hier_items200_h1500\PPO_1
200000,0.9941781163215637,per_learner/5/p_correct,ppo_hier_items200_h1500\PPO_1
225000,0.9993732571601868,per_learner/5/p_correct,ppo_hier_items200_h1500\PPO_1
229376,0.9989951848983765,per_learner/5/p_correct,ppo_hier_items200_h1500\PPO_1
250000,0.9925445914268494,per_learner/5/p_correct,ppo_hier_items200_h1500\PPO_1
262144,0.9993085265159607,per_learner/5/p_correct,ppo_hier_items200_h1500\PPO_1
275000,0.9913645386695862,per_learner/5/p_correct,ppo_hier_items200_h1500\PPO_1
294912,0.9992953538894653,per_learner/5/p_correct,ppo_hier_items200_h1500\PPO_1
300000,0.9898232817649841,per_learner/5/p_correct,ppo_hier_items200_h1500\PPO_1
325000,0.9993500113487244,per_learner/5/p_correct,ppo_hier_items200_h1500\PPO_1
327680,0.9972455501556396,per_learner/5/p_correct,ppo_hier_items200_h1500\PPO_1
350000,0.9984874725341797,per_learner/5/p_correct,ppo_hier_items200_h1500\PPO_1
360448,0.9996095299720764,per_learner/5/p_correct,ppo_hier_items200_h1500\PPO_1
375000,0.9977290630340576,per_learner/5/p_correct,ppo_hier_items200_h1500\PPO_1
393216,0.9930275082588196,per_learner/5/p_correct,ppo_hier_items200_h1500\PPO_1
400000,0.9996978044509888,per_learner/5/p_correct,ppo_hier_items200_h1500\PPO_1
425000,0.9956579804420471,per_learner/5/p_correct,ppo_hier_items200_h1500\PPO_1
425984,0.9960538744926453,per_learner/5/p_correct,ppo_hier_items200_h1500\PPO_1
450000,0.9953219890594482,per_learner/5/p_correct,ppo_hier_items200_h1500\PPO_1
458752,0.999082088470459,per_learner/5/p_correct,ppo_hier_items200_h1500\PPO_1
475000,0.995406448841095,per_learner/5/p_correct,ppo_hier_items200_h1500\PPO_1
491520,0.9916188716888428,per_learner/5/p_correct,ppo_hier_items200_h1500\PPO_1
500000,0.9939454793930054,per_learner/5/p_correct,ppo_hier_items200_h1500\PPO_1
524288,0.9945386648178101,per_learner/5/p_correct,ppo_hier_items200_h1500\PPO_1
525000,0.9932828545570374,per_learner/5/p_correct,ppo_hier_items200_h1500\PPO_1
550000,0.9924421310424805,per_learner/5/p_correct,ppo_hier_items200_h1500\PPO_1
557056,0.9992372393608093,per_learner/5/p_correct,ppo_hier_items200_h1500\PPO_1
575000,0.9999423027038574,per_learner/5/p_correct,ppo_hier_items200_h1500\PPO_1
589824,0.9984112977981567,per_learner/5/p_correct,ppo_hier_items200_h1500\PPO_1
600000,0.9990336298942566,per_learner/5/p_correct,ppo_hier_items200_h1500\PPO_1
622592,0.9996663331985474,per_learner/5/p_correct,ppo_hier_items200_h1500\PPO_1
625000,0.9997571706771851,per_learner/5/p_correct,ppo_hier_items200_h1500\PPO_1
650000,0.9982650876045227,per_learner/5/p_correct,ppo_hier_items200_h1500\PPO_1
655360,0.994498610496521,per_learner/5/p_correct,ppo_hier_items200_h1500\PPO_1
675000,0.9977658987045288,per_learner/5/p_correct,ppo_hier_items200_h1500\PPO_1
688128,0.9991908669471741,per_learner/5/p_correct,ppo_hier_items200_h1500\PPO_1
700000,0.9995871782302856,per_learner/5/p_correct,ppo_hier_items200_h1500\PPO_1
720896,0.999345600605011,per_learner/5/p_correct,ppo_hier_items200_h1500\PPO_1
725000,0.9956579804420471,per_learner/5/p_correct,ppo_hier_items200_h1500\PPO_1
750000,0.9955248236656189,per_learner/5/p_correct,ppo_hier_items200_h1500\PPO_1
753664,0.9996360540390015,per_learner/5/p_correct,ppo_hier_items200_h1500\PPO_1
775000,0.9944903254508972,per_learner/5/p_correct,ppo_hier_items200_h1500\PPO_1
786432,0.9992111921310425,per_learner/5/p_correct,ppo_hier_items200_h1500\PPO_1
800000,0.9994454979896545,per_learner/5/p_correct,ppo_hier_items200_h1500\PPO_1
819200,0.9976648092269897,per_learner/5/p_correct,ppo_hier_items200_h1500\PPO_1
825000,0.9931905269622803,per_learner/5/p_correct,ppo_hier_items200_h1500\PPO_1
850000,0.996670126914978,per_learner/5/p_correct,ppo_hier_items200_h1500\PPO_1
851968,0.9992758631706238,per_learner/5/p_correct,ppo_hier_items200_h1500\PPO_1
875000,0.9904640913009644,per_learner/5/p_correct,ppo_hier_items200_h1500\PPO_1
884736,0.9942442774772644,per_learner/5/p_correct,ppo_hier_items200_h1500\PPO_1
900000,0.9995818734169006,per_learner/5/p_correct,ppo_hier_items200_h1500\PPO_1
917504,0.999119222164154,per_learner/5/p_correct,ppo_hier_items200_h1500\PPO_1
925000,0.999274730682373,per_learner/5/p_correct,ppo_hier_items200_h1500\PPO_1
950000,0.9998725652694702,per_learner/5/p_correct,ppo_hier_items200_h1500\PPO_1
950272,0.9995356798171997,per_learner/5/p_correct,ppo_hier_items200_h1500\PPO_1
975000,0.9974579811096191,per_learner/5/p_correct,ppo_hier_items200_h1500\PPO_1
983040,0.9916461110115051,per_learner/5/p_correct,ppo_hier_items200_h1500\PPO_1
1000000,0.9998247027397156,per_learner/5/p_correct,ppo_hier_items200_h1500\PPO_1
1015808,0.994164764881134,per_learner/5/p_correct,ppo_hier_items200_h1500\PPO_1
1025000,0.9985799789428711,per_learner/5/p_correct,ppo_hier_items200_h1500\PPO_1
1048576,0.9965819716453552,per_learner/5/p_correct,ppo_hier_items200_h1500\PPO_1
1050000,0.9996919631958008,per_learner/5/p_correct,ppo_hier_items200_h1500\PPO_1
1075000,0.9995471835136414,per_learner/5/p_correct,ppo_hier_items200_h1500\PPO_1
1081344,0.9996717572212219,per_learner/5/p_correct,ppo_hier_items200_h1500\PPO_1
1100000,0.9930645823478699,per_learner/5/p_correct,ppo_hier_items200_h1500\PPO_1
1114112,0.999480128288269,per_learner/5/p_correct,ppo_hier_items200_h1500\PPO_1
1125000,0.9932828545570374,per_learner/5/p_correct,ppo_hier_items200_h1500\PPO_1
1146880,0.9954643249511719,per_learner/5/p_correct,ppo_hier_items200_h1500\PPO_1
1150000,0.99956214427948,per_learner/5/p_correct,ppo_hier_items200_h1500\PPO_1
1175000,0.9913582801818848,per_learner/5/p_correct,ppo_hier_items200_h1500\PPO_1
1179648,0.9975977540016174,per_learner/5/p_correct,ppo_hier_items200_h1500\PPO_1
1200000,0.9909350275993347,per_learner/5/p_correct,ppo_hier_items200_h1500\PPO_1
1212416,0.9996374249458313,per_learner/5/p_correct,ppo_hier_items200_h1500\PPO_1
1225000,0.9999185800552368,per_learner/5/p_correct,ppo_hier_items200_h1500\PPO_1
1245184,0.9989350438117981,per_learner/5/p_correct,ppo_hier_items200_h1500\PPO_1
1250000,0.9999792575836182,per_learner/5/p_correct,ppo_hier_items200_h1500\PPO_1
1275000,0.9977290630340576,per_learner/5/p_correct,ppo_hier_items200_h1500\PPO_1
1277952,0.9992758631706238,per_learner/5/p_correct,ppo_hier_items200_h1500\PPO_1
1300000,0.9993495345115662,per_learner/5/p_correct,ppo_hier_items200_h1500\PPO_1
1310720,0.9976526498794556,per_learner/5/p_correct,ppo_hier_items200_h1500\PPO_1
1325000,0.9997279644012451,per_learner/5/p_correct,ppo_hier_items200_h1500\PPO_1
1343488,0.9977259635925293,per_learner/5/p_correct,ppo_hier_items200_h1500\PPO_1
1350000,0.9999454021453857,per_learner/5/p_correct,ppo_hier_items200_h1500\PPO_1
1375000,0.9993817806243896,per_learner/5/p_correct,ppo_hier_items200_h1500\PPO_1
1376256,0.9939863681793213,per_learner/5/p_correct,ppo_hier_items200_h1500\PPO_1
1400000,0.9992528557777405,per_learner/5/p_correct,ppo_hier_items200_h1500\PPO_1
1409024,0.9961896538734436,per_learner/5/p_correct,ppo_hier_items200_h1500\PPO_1
1425000,0.992919921875,per_learner/5/p_correct,ppo_hier_items200_h1500\PPO_1
1441792,0.998657763004303,per_learner/5/p_correct,ppo_hier_items200_h1500\PPO_1
1450000,0.9985696077346802,per_learner/5/p_correct,ppo_hier_items200_h1500\PPO_1
1474560,0.9930520057678223,per_learner/5/p_correct,ppo_hier_items200_h1500\PPO_1
1475000,0.992763340473175,per_learner/5/p_correct,ppo_hier_items200_h1500\PPO_1
1500000,0.9987955093383789,per_learner/5/p_correct,ppo_hier_items200_h1500\PPO_1
1507328,0.9936464428901672,per_learner/5/p_correct,ppo_hier_items200_h1500\PPO_1
1525000,0.9993500113487244,per_learner/5/p_correct,ppo_hier_items200_h1500\PPO_1
1540096,0.9972972273826599,per_learner/5/p_correct,ppo_hier_items200_h1500\PPO_1
1550000,0.9993653893470764,per_learner/5/p_correct,ppo_hier_items200_h1500\PPO_1
1572864,0.9998136758804321,per_learner/5/p_correct,ppo_hier_items200_h1500\PPO_1
1575000,0.9989356398582458,per_learner/5/p_correct,ppo_hier_items200_h1500\PPO_1
1600000,0.9992378950119019,per_learner/5/p_correct,ppo_hier_items200_h1500\PPO_1
1605632,0.9987503886222839,per_learner/5/p_correct,ppo_hier_items200_h1500\PPO_1
1625000,0.9967122077941895,per_learner/5/p_correct,ppo_hier_items200_h1500\PPO_1
1638400,0.9999229311943054,per_learner/5/p_correct,ppo_hier_items200_h1500\PPO_1
1650000,0.9952764511108398,per_learner/5/p_correct,ppo_hier_items200_h1500\PPO_1
1671168,0.99791419506073,per_learner/5/p_correct,ppo_hier_items200_h1500\PPO_1
1675000,0.9998642206192017,per_learner/5/p_correct,ppo_hier_items200_h1500\PPO_1
1700000,0.9992174506187439,per_learner/5/p_correct,ppo_hier_items200_h1500\PPO_1
1703936,0.9921442866325378,per_learner/5/p_correct,ppo_hier_items200_h1500\PPO_1
1725000,0.9921993017196655,per_learner/5/p_correct,ppo_hier_items200_h1500\PPO_1
1736704,0.9931710362434387,per_learner/5/p_correct,ppo_hier_items200_h1500\PPO_1
1750000,0.9934247732162476,per_learner/5/p_correct,ppo_hier_items200_h1500\PPO_1
1769472,0.9960101842880249,per_learner/5/p_correct,ppo_hier_items200_h1500\PPO_1
1775000,0.9904640913009644,per_learner/5/p_correct,ppo_hier_items200_h1500\PPO_1
1800000,0.9896218180656433,per_learner/5/p_correct,ppo_hier_items200_h1500\PPO_1
1802240,0.9992904663085938,per_learner/5/p_correct,ppo_hier_items200_h1500\PPO_1
1825000,0.9991356730461121,per_learner/5/p_correct,ppo_hier_items200_h1500\PPO_1
1835008,0.9927528500556946,per_learner/5/p_correct,ppo_hier_items200_h1500\PPO_1
1850000,0.9986846446990967,per_learner/5/p_correct,ppo_hier_items200_h1500\PPO_1
1867776,0.9987856149673462,per_learner/5/p_correct,ppo_hier_items200_h1500\PPO_1
1875000,0.9991065263748169,per_learner/5/p_correct,ppo_hier_items200_h1500\PPO_1
1900000,0.9995368719100952,per_learner/5/p_correct,ppo_hier_items200_h1500\PPO_1
1900544,0.9999288320541382,per_learner/5/p_correct,ppo_hier_items200_h1500\PPO_1
1925000,0.9996776580810547,per_learner/5/p_correct,ppo_hier_items200_h1500\PPO_1
1933312,0.9999288320541382,per_learner/5/p_correct,ppo_hier_items200_h1500\PPO_1
1950000,0.9953219890594482,per_learner/5/p_correct,ppo_hier_items200_h1500\PPO_1
1966080,0.9924851059913635,per_learner/5/p_correct,ppo_hier_items200_h1500\PPO_1
1975000,0.9988322854042053,per_learner/5/p_correct,ppo_hier_items200_h1500\PPO_1
1998848,0.9940484166145325,per_learner/5/p_correct,ppo_hier_items200_h1500\PPO_1
2000000,0.9937236905097961,per_learner/5/p_correct,ppo_hier_items200_h1500\PPO_1
2025000,0.9932828545570374,per_learner/5/p_correct,ppo_hier_items200_h1500\PPO_1
2031616,0.999988317489624,per_learner/5/p_correct,ppo_hier_items200_h1500\PPO_1
25000,0.9992143511772156,per_learner/5/reward,ppo_hier_items200_h1500\PPO_1
32768,0.9994720220565796,per_learner/5/reward,ppo_hier_items200_h1500\PPO_1
50000,0.9994319677352905,per_learner/5/reward,ppo_hier_items200_h1500\PPO_1
65536,1.0002034902572632,per_learner/5/reward,ppo_hier_items200_h1500\PPO_1
75000,0.9990382790565491,per_learner/5/reward,ppo_hier_items200_h1500\PPO_1
98304,0.9994503259658813,per_learner/5/reward,ppo_hier_items200_h1500\PPO_1
100000,0.9998667240142822,per_learner/5/reward,ppo_hier_items200_h1500\PPO_1
125000,0.9999449849128723,per_learner/5/reward,ppo_hier_items200_h1500\PPO_1
131072,3.0091934204101562,per_learner/5/reward,ppo_hier_items200_h1500\PPO_1
150000,3.009005308151245,per_learner/5/reward,ppo_hier_items200_h1500\PPO_1
163840,0.9991751909255981,per_learner/5/reward,ppo_hier_items200_h1500\PPO_1
175000,0.9991012811660767,per_learner/5/reward,ppo_hier_items200_h1500\PPO_1
196608,3.0091166496276855,per_learner/5/reward,ppo_hier_items200_h1500\PPO_1
200000,1.0004554986953735,per_learner/5/reward,ppo_hier_items200_h1500\PPO_1
225000,0.9991567134857178,per_learner/5/reward,ppo_hier_items200_h1500\PPO_1
229376,0.9992511868476868,per_learner/5/reward,ppo_hier_items200_h1500\PPO_1
250000,1.000863790512085,per_learner/5/reward,ppo_hier_items200_h1500\PPO_1
262144,0.9991728663444519,per_learner/5/reward,ppo_hier_items200_h1500\PPO_1
275000,1.0011588335037231,per_learner/5/reward,ppo_hier_items200_h1500\PPO_1
294912,0.9991761445999146,per_learner/5/reward,ppo_hier_items200_h1500\PPO_1
300000,1.0015442371368408,per_learner/5/reward,ppo_hier_items200_h1500\PPO_1
325000,0.999162495136261,per_learner/5/reward,ppo_hier_items200_h1500\PPO_1
327680,0.9996886253356934,per_learner/5/reward,ppo_hier_items200_h1500\PPO_1
350000,0.9993781447410583,per_learner/5/reward,ppo_hier_items200_h1500\PPO_1
360448,0.9990975856781006,per_learner/5/reward,ppo_hier_items200_h1500\PPO_1
375000,0.9995677471160889,per_learner/5/reward,ppo_hier_items200_h1500\PPO_1
393216,1.0007431507110596,per_learner/5/reward,ppo_hier_items200_h1500\PPO_1
400000,3.00907564163208,per_learner/5/reward,ppo_hier_items200_h1500\PPO_1
425000,1.000085473060608,per_learner/5/reward,ppo_hier_items200_h1500\PPO_1
425984,0.9999865293502808,per_learner/5/reward,ppo_hier_items200_h1500\PPO_1
450000,1.0001695156097412,per_learner/5/reward,ppo_hier_items200_h1500\PPO_1
458752,0.9992294907569885,per_learner/5/reward,ppo_hier_items200_h1500\PPO_1
475000,1.0001484155654907,per_learner/5/reward,ppo_hier_items200_h1500\PPO_1
491520,1.0010952949523926,per_learner/5/reward,ppo_hier_items200_h1500\PPO_1
500000,1.0005136728286743,per_learner/5/reward,ppo_hier_items200_h1500\PPO_1
524288,1.0003653764724731,per_learner/5/reward,ppo_hier_items200_h1500\PPO_1
525000,1.0006792545318604,per_learner/5/reward,ppo_hier_items200_h1500\PPO_1
550000,1.0008894205093384,per_learner/5/reward,ppo_hier_items200_h1500\PPO_1
557056,0.9991906881332397,per_learner/5/reward,ppo_hier_items200_h1500\PPO_1
575000,3.009014368057251,per_learner/5/reward,ppo_hier_items200_h1500\PPO_1
589824,0.9993971586227417,per_learner/5/reward,ppo_hier_items200_h1500\PPO_1
600000,3.0092415809631348,per_learner/5/reward,ppo_hier_items200_h1500\PPO_1
622592,3.0090835094451904,per_learner/5/reward,ppo_hier_items200_h1500\PPO_1
625000,0.9990606904029846,per_learner/5/reward,ppo_hier_items200_h1500\PPO_1
650000,0.9994337558746338,per_learner/5/reward,ppo_hier_items200_h1500\PPO_1
655360,1.0003753900527954,per_learner/5/reward,ppo_hier_items200_h1500\PPO_1
675000,0.9995585083961487,per_learner/5/reward,ppo_hier_items200_h1500\PPO_1
688128,0.999202311038971,per_learner/5/reward,ppo_hier_items200_h1500\PPO_1
700000,3.009103298187256,per_learner/5/reward,ppo_hier_items200_h1500\PPO_1
720896,0.9991636276245117,per_learner/5/reward,ppo_hier_items200_h1500\PPO_1
725000,1.000085473060608,per_learner/5/reward,ppo_hier_items200_h1500\PPO_1
750000,1.0001187324523926,per_learner/5/reward,ppo_hier_items200_h1500\PPO_1
753664,3.0090909004211426,per_learner/5/reward,ppo_hier_items200_h1500\PPO_1
775000,1.0003774166107178,per_learner/5/reward,ppo_hier_items200_h1500\PPO_1
786432,3.009197235107422,per_learner/5/reward,ppo_hier_items200_h1500\PPO_1
800000,0.999138593673706,per_learner/5/reward,ppo_hier_items200_h1500\PPO_1
819200,0.9995837807655334,per_learner/5/reward,ppo_hier_items200_h1500\PPO_1
825000,1.0007023811340332,per_learner/5/reward,ppo_hier_items200_h1500\PPO_1
850000,0.9998324513435364,per_learner/5/reward,ppo_hier_items200_h1500\PPO_1
851968,0.9991810321807861,per_learner/5/reward,ppo_hier_items200_h1500\PPO_1
875000,1.0013840198516846,per_learner/5/reward,ppo_hier_items200_h1500\PPO_1
884736,1.000438928604126,per_learner/5/reward,ppo_hier_items200_h1500\PPO_1
900000,3.0091044902801514,per_learner/5/reward,ppo_hier_items200_h1500\PPO_1
917504,3.0092201232910156,per_learner/5/reward,ppo_hier_items200_h1500\PPO_1
925000,0.99918133020401,per_learner/5/reward,ppo_hier_items200_h1500\PPO_1
950000,3.0090317726135254,per_learner/5/reward,ppo_hier_items200_h1500\PPO_1
950272,0.999116063117981,per_learner/5/reward,ppo_hier_items200_h1500\PPO_1
975000,0.9996355175971985,per_learner/5/reward,ppo_hier_items200_h1500\PPO_1
983040,1.0010885000228882,per_learner/5/reward,ppo_hier_items200_h1500\PPO_1
1000000,3.0090439319610596,per_learner/5/reward,ppo_hier_items200_h1500\PPO_1
1015808,1.000458836555481,per_learner/5/reward,ppo_hier_items200_h1500\PPO_1
1025000,0.9993550181388855,per_learner/5/reward,ppo_hier_items200_h1500\PPO_1
1048576,0.9998545050621033,per_learner/5/reward,ppo_hier_items200_h1500\PPO_1
1050000,0.9990770220756531,per_learner/5/reward,ppo_hier_items200_h1500\PPO_1
1075000,0.9991132020950317,per_learner/5/reward,ppo_hier_items200_h1500\PPO_1
1081344,0.9990820288658142,per_learner/5/reward,ppo_hier_items200_h1500\PPO_1
1100000,1.0007338523864746,per_learner/5/reward,ppo_hier_items200_h1500\PPO_1
1114112,3.0091300010681152,per_learner/5/reward,ppo_hier_items200_h1500\PPO_1
1125000,1.0006792545318604,per_learner/5/reward,ppo_hier_items200_h1500\PPO_1
1146880,-1.2498661279678345,per_learner/5/reward,ppo_hier_items200_h1500\PPO_1
1150000,0.9991094470024109,per_learner/5/reward,ppo_hier_items200_h1500\PPO_1
1175000,1.0011603832244873,per_learner/5/reward,ppo_hier_items200_h1500\PPO_1
1179648,0.9996005892753601,per_learner/5/reward,ppo_hier_items200_h1500\PPO_1
1200000,1.0012662410736084,per_learner/5/reward,ppo_hier_items200_h1500\PPO_1
1212416,0.9990906119346619,per_learner/5/reward,ppo_hier_items200_h1500\PPO_1
1225000,3.0090203285217285,per_learner/5/reward,ppo_hier_items200_h1500\PPO_1
1245184,0.9992662668228149,per_learner/5/reward,ppo_hier_items200_h1500\PPO_1
1250000,3.009005069732666,per_learner/5/reward,ppo_hier_items200_h1500\PPO_1
1275000,0.9995677471160889,per_learner/5/reward,ppo_hier_items200_h1500\PPO_1
1277952,0.9991810321807861,per_learner/5/reward,ppo_hier_items200_h1500\PPO_1
1300000,0.9991626143455505,per_learner/5/reward,ppo_hier_items200_h1500\PPO_1
1310720,0.999586820602417,per_learner/5/reward,ppo_hier_items200_h1500\PPO_1
1325000,0.999068021774292,per_learner/5/reward,ppo_hier_items200_h1500\PPO_1
1343488,0.999568521976471,per_learner/5/reward,ppo_hier_items200_h1500\PPO_1
1350000,3.0090136528015137,per_learner/5/reward,ppo_hier_items200_h1500\PPO_1
1375000,3.0091545581817627,per_learner/5/reward,ppo_hier_items200_h1500\PPO_1
1376256,1.000503420829773,per_learner/5/reward,ppo_hier_items200_h1500\PPO_1
1400000,3.0091867446899414,per_learner/5/reward,ppo_hier_items200_h1500\PPO_1
1409024,0.9999525547027588,per_learner/5/reward,ppo_hier_items200_h1500\PPO_1
1425000,1.0007699728012085,per_learner/5/reward,ppo_hier_items200_h1500\PPO_1
1441792,0.9993355870246887,per_learner/5/reward,ppo_hier_items200_h1500\PPO_1
1450000,0.9993575811386108,per_learner/5/reward,ppo_hier_items200_h1500\PPO_1
1474560,1.000736951828003,per_learner/5/reward,ppo_hier_items200_h1500\PPO_1
1475000,1.0008091926574707,per_learner/5/reward,ppo_hier_items200_h1500\PPO_1
1500000,0.9993011355400085,per_learner/5/reward,ppo_hier_items200_h1500\PPO_1
1507328,1.0005884170532227,per_learner/5/reward,ppo_hier_items200_h1500\PPO_1
1525000,0.999162495136261,per_learner/5/reward,ppo_hier_items200_h1500\PPO_1
1540096,0.9996756911277771,per_learner/5/reward,ppo_hier_items200_h1500\PPO_1
1550000,0.9991586208343506,per_learner/5/reward,ppo_hier_items200_h1500\PPO_1
1572864,0.9990465641021729,per_learner/5/reward,ppo_hier_items200_h1500\PPO_1
1575000,0.9992660880088806,per_learner/5/reward,ppo_hier_items200_h1500\PPO_1
1600000,0.9991905093193054,per_learner/5/reward,ppo_hier_items200_h1500\PPO_1
1605632,0.9993124008178711,per_learner/5/reward,ppo_hier_items200_h1500\PPO_1
1625000,0.9998219609260559,per_learner/5/reward,ppo_hier_items200_h1500\PPO_1
1638400,3.009019374847412,per_learner/5/reward,ppo_hier_items200_h1500\PPO_1
1650000,1.0001808404922485,per_learner/5/reward,ppo_hier_items200_h1500\PPO_1
1671168,0.9995214343070984,per_learner/5/reward,ppo_hier_items200_h1500\PPO_1
1675000,3.0090339183807373,per_learner/5/reward,ppo_hier_items200_h1500\PPO_1
1700000,0.9991956353187561,per_learner/5/reward,ppo_hier_items200_h1500\PPO_1
1703936,1.0009639263153076,per_learner/5/reward,ppo_hier_items200_h1500\PPO_1
1725000,1.0009502172470093,per_learner/5/reward,ppo_hier_items200_h1500\PPO_1
1736704,1.0007072687149048,per_learner/5/reward,ppo_hier_items200_h1500\PPO_1
1750000,1.0006438493728638,per_learner/5/reward,ppo_hier_items200_h1500\PPO_1
1769472,0.9999974370002747,per_learner/5/reward,ppo_hier_items200_h1500\PPO_1
1775000,1.0013840198516846,per_learner/5/reward,ppo_hier_items200_h1500\PPO_1
1800000,1.0015945434570312,per_learner/5/reward,ppo_hier_items200_h1500\PPO_1
1802240,0.9991773962974548,per_learner/5/reward,ppo_hier_items200_h1500\PPO_1
1825000,0.9992160797119141,per_learner/5/reward,ppo_hier_items200_h1500\PPO_1
1835008,1.0008118152618408,per_learner/5/reward,ppo_hier_items200_h1500\PPO_1
1850000,0.9993288516998291,per_learner/5/reward,ppo_hier_items200_h1500\PPO_1
1867776,0.9993035793304443,per_learner/5/reward,ppo_hier_items200_h1500\PPO_1
1875000,0.9992233514785767,per_learner/5/reward,ppo_hier_items200_h1500\PPO_1
1900000,3.009115695953369,per_learner/5/reward,ppo_hier_items200_h1500\PPO_1
1900544,3.0090177059173584,per_learner/5/reward,ppo_hier_items200_h1500\PPO_1
1925000,0.9990805983543396,per_learner/5/reward,ppo_hier_items200_h1500\PPO_1
1933312,3.0090177059173584,per_learner/5/reward,ppo_hier_items200_h1500\PPO_1
1950000,1.0001695156097412,per_learner/5/reward,ppo_hier_items200_h1500\PPO_1
1966080,1.0008786916732788,per_learner/5/reward,ppo_hier_items200_h1500\PPO_1
1975000,0.9992919564247131,per_learner/5/reward,ppo_hier_items200_h1500\PPO_1
1998848,1.0004879236221313,per_learner/5/reward,ppo_hier_items200_h1500\PPO_1
2000000,1.0005691051483154,per_learner/5/reward,ppo_hier_items200_h1500\PPO_1
2025000,1.0006792545318604,per_learner/5/reward,ppo_hier_items200_h1500\PPO_1
2031616,0.9990029335021973,per_learner/5/reward,ppo_hier_items200_h1500\PPO_1
25000,1.0,per_learner/5/rolling_acc,ppo_hier_items200_h1500\PPO_1
32768,1.0,per_learner/5/rolling_acc,ppo_hier_items200_h1500\PPO_1
50000,1.0,per_learner/5/rolling_acc,ppo_hier_items200_h1500\PPO_1
65536,1.0,per_learner/5/rolling_acc,ppo_hier_items200_h1500\PPO_1
75000,1.0,per_learner/5/rolling_acc,ppo_hier_items200_h1500\PPO_1
98304,1.0,per_learner/5/rolling_acc,ppo_hier_items200_h1500\PPO_1
100000,1.0,per_learner/5/rolling_acc,ppo_hier_items200_h1500\PPO_1
125000,1.0,per_learner/5/rolling_acc,ppo_hier_items200_h1500\PPO_1
131072,1.0,per_learner/5/rolling_acc,ppo_hier_items200_h1500\PPO_1
150000,1.0,per_learner/5/rolling_acc,ppo_hier_items200_h1500\PPO_1
163840,1.0,per_learner/5/rolling_acc,ppo_hier_items200_h1500\PPO_1
175000,1.0,per_learner/5/rolling_acc,ppo_hier_items200_h1500\PPO_1
196608,1.0,per_learner/5/rolling_acc,ppo_hier_items200_h1500\PPO_1
200000,1.0,per_learner/5/rolling_acc,ppo_hier_items200_h1500\PPO_1
225000,1.0,per_learner/5/rolling_acc,ppo_hier_items200_h1500\PPO_1
229376,1.0,per_learner/5/rolling_acc,ppo_hier_items200_h1500\PPO_1
250000,1.0,per_learner/5/rolling_acc,ppo_hier_items200_h1500\PPO_1
262144,1.0,per_learner/5/rolling_acc,ppo_hier_items200_h1500\PPO_1
275000,1.0,per_learner/5/rolling_acc,ppo_hier_items200_h1500\PPO_1
294912,1.0,per_learner/5/rolling_acc,ppo_hier_items200_h1500\PPO_1
300000,1.0,per_learner/5/rolling_acc,ppo_hier_items200_h1500\PPO_1
325000,1.0,per_learner/5/rolling_acc,ppo_hier_items200_h1500\PPO_1
327680,1.0,per_learner/5/rolling_acc,ppo_hier_items200_h1500\PPO_1
350000,1.0,per_learner/5/rolling_acc,ppo_hier_items200_h1500\PPO_1
360448,1.0,per_learner/5/rolling_acc,ppo_hier_items200_h1500\PPO_1
375000,1.0,per_learner/5/rolling_acc,ppo_hier_items200_h1500\PPO_1
393216,1.0,per_learner/5/rolling_acc,ppo_hier_items200_h1500\PPO_1
400000,1.0,per_learner/5/rolling_acc,ppo_hier_items200_h1500\PPO_1
425000,1.0,per_learner/5/rolling_acc,ppo_hier_items200_h1500\PPO_1
425984,1.0,per_learner/5/rolling_acc,ppo_hier_items200_h1500\PPO_1
450000,1.0,per_learner/5/rolling_acc,ppo_hier_items200_h1500\PPO_1
458752,1.0,per_learner/5/rolling_acc,ppo_hier_items200_h1500\PPO_1
475000,1.0,per_learner/5/rolling_acc,ppo_hier_items200_h1500\PPO_1
491520,1.0,per_learner/5/rolling_acc,ppo_hier_items200_h1500\PPO_1
500000,1.0,per_learner/5/rolling_acc,ppo_hier_items200_h1500\PPO_1
524288,1.0,per_learner/5/rolling_acc,ppo_hier_items200_h1500\PPO_1
525000,1.0,per_learner/5/rolling_acc,ppo_hier_items200_h1500\PPO_1
550000,1.0,per_learner/5/rolling_acc,ppo_hier_items200_h1500\PPO_1
557056,1.0,per_learner/5/rolling_acc,ppo_hier_items200_h1500\PPO_1
575000,1.0,per_learner/5/rolling_acc,ppo_hier_items200_h1500\PPO_1
589824,1.0,per_learner/5/rolling_acc,ppo_hier_items200_h1500\PPO_1
600000,1.0,per_learner/5/rolling_acc,ppo_hier_items200_h1500\PPO_1
622592,0.9666666388511658,per_learner/5/rolling_acc,ppo_hier_items200_h1500\PPO_1
625000,1.0,per_learner/5/rolling_acc,ppo_hier_items200_h1500\PPO_1
650000,1.0,per_learner/5/rolling_acc,ppo_hier_items200_h1500\PPO_1
655360,1.0,per_learner/5/rolling_acc,ppo_hier_items200_h1500\PPO_1
675000,1.0,per_learner/5/rolling_acc,ppo_hier_items200_h1500\PPO_1
688128,1.0,per_learner/5/rolling_acc,ppo_hier_items200_h1500\PPO_1
700000,1.0,per_learner/5/rolling_acc,ppo_hier_items200_h1500\PPO_1
720896,1.0,per_learner/5/rolling_acc,ppo_hier_items200_h1500\PPO_1
725000,1.0,per_learner/5/rolling_acc,ppo_hier_items200_h1500\PPO_1
750000,1.0,per_learner/5/rolling_acc,ppo_hier_items200_h1500\PPO_1
753664,1.0,per_learner/5/rolling_acc,ppo_hier_items200_h1500\PPO_1
775000,1.0,per_learner/5/rolling_acc,ppo_hier_items200_h1500\PPO_1
786432,1.0,per_learner/5/rolling_acc,ppo_hier_items200_h1500\PPO_1
800000,1.0,per_learner/5/rolling_acc,ppo_hier_items200_h1500\PPO_1
819200,1.0,per_learner/5/rolling_acc,ppo_hier_items200_h1500\PPO_1
825000,1.0,per_learner/5/rolling_acc,ppo_hier_items200_h1500\PPO_1
850000,1.0,per_learner/5/rolling_acc,ppo_hier_items200_h1500\PPO_1
851968,1.0,per_learner/5/rolling_acc,ppo_hier_items200_h1500\PPO_1
875000,1.0,per_learner/5/rolling_acc,ppo_hier_items200_h1500\PPO_1
884736,1.0,per_learner/5/rolling_acc,ppo_hier_items200_h1500\PPO_1
900000,0.9666666388511658,per_learner/5/rolling_acc,ppo_hier_items200_h1500\PPO_1
917504,1.0,per_learner/5/rolling_acc,ppo_hier_items200_h1500\PPO_1
925000,1.0,per_learner/5/rolling_acc,ppo_hier_items200_h1500\PPO_1
950000,1.0,per_learner/5/rolling_acc,ppo_hier_items200_h1500\PPO_1
950272,1.0,per_learner/5/rolling_acc,ppo_hier_items200_h1500\PPO_1
975000,1.0,per_learner/5/rolling_acc,ppo_hier_items200_h1500\PPO_1
983040,1.0,per_learner/5/rolling_acc,ppo_hier_items200_h1500\PPO_1
1000000,1.0,per_learner/5/rolling_acc,ppo_hier_items200_h1500\PPO_1
1015808,1.0,per_learner/5/rolling_acc,ppo_hier_items200_h1500\PPO_1
1025000,1.0,per_learner/5/rolling_acc,ppo_hier_items200_h1500\PPO_1
1048576,1.0,per_learner/5/rolling_acc,ppo_hier_items200_h1500\PPO_1
1050000,1.0,per_learner/5/rolling_acc,ppo_hier_items200_h1500\PPO_1
1075000,1.0,per_learner/5/rolling_acc,ppo_hier_items200_h1500\PPO_1
1081344,1.0,per_learner/5/rolling_acc,ppo_hier_items200_h1500\PPO_1
1100000,1.0,per_learner/5/rolling_acc,ppo_hier_items200_h1500\PPO_1
1114112,1.0,per_learner/5/rolling_acc,ppo_hier_items200_h1500\PPO_1
1125000,1.0,per_learner/5/rolling_acc,ppo_hier_items200_h1500\PPO_1
1146880,0.9666666388511658,per_learner/5/rolling_acc,ppo_hier_items200_h1500\PPO_1
1150000,1.0,per_learner/5/rolling_acc,ppo_hier_items200_h1500\PPO_1
1175000,1.0,per_learner/5/rolling_acc,ppo_hier_items200_h1500\PPO_1
1179648,1.0,per_learner/5/rolling_acc,ppo_hier_items200_h1500\PPO_1
1200000,1.0,per_learner/5/rolling_acc,ppo_hier_items200_h1500\PPO_1
1212416,1.0,per_learner/5/rolling_acc,ppo_hier_items200_h1500\PPO_1
1225000,1.0,per_learner/5/rolling_acc,ppo_hier_items200_h1500\PPO_1
1245184,1.0,per_learner/5/rolling_acc,ppo_hier_items200_h1500\PPO_1
1250000,1.0,per_learner/5/rolling_acc,ppo_hier_items200_h1500\PPO_1
1275000,1.0,per_learner/5/rolling_acc,ppo_hier_items200_h1500\PPO_1
1277952,1.0,per_learner/5/rolling_acc,ppo_hier_items200_h1500\PPO_1
1300000,1.0,per_learner/5/rolling_acc,ppo_hier_items200_h1500\PPO_1
1310720,0.9666666388511658,per_learner/5/rolling_acc,ppo_hier_items200_h1500\PPO_1
1325000,1.0,per_learner/5/rolling_acc,ppo_hier_items200_h1500\PPO_1
1343488,0.9666666388511658,per_learner/5/rolling_acc,ppo_hier_items200_h1500\PPO_1
1350000,1.0,per_learner/5/rolling_acc,ppo_hier_items200_h1500\PPO_1
1375000,1.0,per_learner/5/rolling_acc,ppo_hier_items200_h1500\PPO_1
1376256,0.9666666388511658,per_learner/5/rolling_acc,ppo_hier_items200_h1500\PPO_1
1400000,1.0,per_learner/5/rolling_acc,ppo_hier_items200_h1500\PPO_1
1409024,1.0,per_learner/5/rolling_acc,ppo_hier_items200_h1500\PPO_1
1425000,1.0,per_learner/5/rolling_acc,ppo_hier_items200_h1500\PPO_1
1441792,1.0,per_learner/5/rolling_acc,ppo_hier_items200_h1500\PPO_1
1450000,1.0,per_learner/5/rolling_acc,ppo_hier_items200_h1500\PPO_1
1474560,0.9333333373069763,per_learner/5/rolling_acc,ppo_hier_items200_h1500\PPO_1
1475000,0.9666666388511658,per_learner/5/rolling_acc,ppo_hier_items200_h1500\PPO_1
1500000,0.9666666388511658,per_learner/5/rolling_acc,ppo_hier_items200_h1500\PPO_1
1507328,1.0,per_learner/5/rolling_acc,ppo_hier_items200_h1500\PPO_1
1525000,1.0,per_learner/5/rolling_acc,ppo_hier_items200_h1500\PPO_1
1540096,1.0,per_learner/5/rolling_acc,ppo_hier_items200_h1500\PPO_1
1550000,1.0,per_learner/5/rolling_acc,ppo_hier_items200_h1500\PPO_1
1572864,1.0,per_learner/5/rolling_acc,ppo_hier_items200_h1500\PPO_1
1575000,1.0,per_learner/5/rolling_acc,ppo_hier_items200_h1500\PPO_1
1600000,1.0,per_learner/5/rolling_acc,ppo_hier_items200_h1500\PPO_1
1605632,1.0,per_learner/5/rolling_acc,ppo_hier_items200_h1500\PPO_1
1625000,1.0,per_learner/5/rolling_acc,ppo_hier_items200_h1500\PPO_1
1638400,1.0,per_learner/5/rolling_acc,ppo_hier_items200_h1500\PPO_1
1650000,1.0,per_learner/5/rolling_acc,ppo_hier_items200_h1500\PPO_1
1671168,1.0,per_learner/5/rolling_acc,ppo_hier_items200_h1500\PPO_1
1675000,1.0,per_learner/5/rolling_acc,ppo_hier_items200_h1500\PPO_1
1700000,1.0,per_learner/5/rolling_acc,ppo_hier_items200_h1500\PPO_1
1703936,1.0,per_learner/5/rolling_acc,ppo_hier_items200_h1500\PPO_1
1725000,1.0,per_learner/5/rolling_acc,ppo_hier_items200_h1500\PPO_1
1736704,1.0,per_learner/5/rolling_acc,ppo_hier_items200_h1500\PPO_1
1750000,1.0,per_learner/5/rolling_acc,ppo_hier_items200_h1500\PPO_1
1769472,1.0,per_learner/5/rolling_acc,ppo_hier_items200_h1500\PPO_1
1775000,1.0,per_learner/5/rolling_acc,ppo_hier_items200_h1500\PPO_1
1800000,1.0,per_learner/5/rolling_acc,ppo_hier_items200_h1500\PPO_1
1802240,1.0,per_learner/5/rolling_acc,ppo_hier_items200_h1500\PPO_1
1825000,1.0,per_learner/5/rolling_acc,ppo_hier_items200_h1500\PPO_1
1835008,1.0,per_learner/5/rolling_acc,ppo_hier_items200_h1500\PPO_1
1850000,1.0,per_learner/5/rolling_acc,ppo_hier_items200_h1500\PPO_1
1867776,1.0,per_learner/5/rolling_acc,ppo_hier_items200_h1500\PPO_1
1875000,1.0,per_learner/5/rolling_acc,ppo_hier_items200_h1500\PPO_1
1900000,1.0,per_learner/5/rolling_acc,ppo_hier_items200_h1500\PPO_1
1900544,1.0,per_learner/5/rolling_acc,ppo_hier_items200_h1500\PPO_1
1925000,1.0,per_learner/5/rolling_acc,ppo_hier_items200_h1500\PPO_1
1933312,1.0,per_learner/5/rolling_acc,ppo_hier_items200_h1500\PPO_1
1950000,1.0,per_learner/5/rolling_acc,ppo_hier_items200_h1500\PPO_1
1966080,1.0,per_learner/5/rolling_acc,ppo_hier_items200_h1500\PPO_1
1975000,1.0,per_learner/5/rolling_acc,ppo_hier_items200_h1500\PPO_1
1998848,1.0,per_learner/5/rolling_acc,ppo_hier_items200_h1500\PPO_1
2000000,1.0,per_learner/5/rolling_acc,ppo_hier_items200_h1500\PPO_1
2025000,1.0,per_learner/5/rolling_acc,ppo_hier_items200_h1500\PPO_1
2031616,1.0,per_learner/5/rolling_acc,ppo_hier_items200_h1500\PPO_1
25000,1.0,per_learner/6/correct,ppo_hier_items200_h1500\PPO_1
32768,1.0,per_learner/6/correct,ppo_hier_items200_h1500\PPO_1
50000,1.0,per_learner/6/correct,ppo_hier_items200_h1500\PPO_1
65536,1.0,per_learner/6/correct,ppo_hier_items200_h1500\PPO_1
75000,1.0,per_learner/6/correct,ppo_hier_items200_h1500\PPO_1
98304,1.0,per_learner/6/correct,ppo_hier_items200_h1500\PPO_1
100000,1.0,per_learner/6/correct,ppo_hier_items200_h1500\PPO_1
125000,1.0,per_learner/6/correct,ppo_hier_items200_h1500\PPO_1
131072,1.0,per_learner/6/correct,ppo_hier_items200_h1500\PPO_1
150000,1.0,per_learner/6/correct,ppo_hier_items200_h1500\PPO_1
163840,1.0,per_learner/6/correct,ppo_hier_items200_h1500\PPO_1
175000,1.0,per_learner/6/correct,ppo_hier_items200_h1500\PPO_1
196608,1.0,per_learner/6/correct,ppo_hier_items200_h1500\PPO_1
200000,1.0,per_learner/6/correct,ppo_hier_items200_h1500\PPO_1
225000,1.0,per_learner/6/correct,ppo_hier_items200_h1500\PPO_1
229376,1.0,per_learner/6/correct,ppo_hier_items200_h1500\PPO_1
250000,1.0,per_learner/6/correct,ppo_hier_items200_h1500\PPO_1
262144,1.0,per_learner/6/correct,ppo_hier_items200_h1500\PPO_1
275000,1.0,per_learner/6/correct,ppo_hier_items200_h1500\PPO_1
294912,1.0,per_learner/6/correct,ppo_hier_items200_h1500\PPO_1
300000,1.0,per_learner/6/correct,ppo_hier_items200_h1500\PPO_1
325000,1.0,per_learner/6/correct,ppo_hier_items200_h1500\PPO_1
327680,1.0,per_learner/6/correct,ppo_hier_items200_h1500\PPO_1
350000,1.0,per_learner/6/correct,ppo_hier_items200_h1500\PPO_1
360448,1.0,per_learner/6/correct,ppo_hier_items200_h1500\PPO_1
375000,1.0,per_learner/6/correct,ppo_hier_items200_h1500\PPO_1
393216,1.0,per_learner/6/correct,ppo_hier_items200_h1500\PPO_1
400000,1.0,per_learner/6/correct,ppo_hier_items200_h1500\PPO_1
425000,1.0,per_learner/6/correct,ppo_hier_items200_h1500\PPO_1
425984,1.0,per_learner/6/correct,ppo_hier_items200_h1500\PPO_1
450000,1.0,per_learner/6/correct,ppo_hier_items200_h1500\PPO_1
458752,1.0,per_learner/6/correct,ppo_hier_items200_h1500\PPO_1
475000,1.0,per_learner/6/correct,ppo_hier_items200_h1500\PPO_1
491520,1.0,per_learner/6/correct,ppo_hier_items200_h1500\PPO_1
500000,1.0,per_learner/6/correct,ppo_hier_items200_h1500\PPO_1
524288,1.0,per_learner/6/correct,ppo_hier_items200_h1500\PPO_1
525000,1.0,per_learner/6/correct,ppo_hier_items200_h1500\PPO_1
550000,1.0,per_learner/6/correct,ppo_hier_items200_h1500\PPO_1
557056,1.0,per_learner/6/correct,ppo_hier_items200_h1500\PPO_1
575000,1.0,per_learner/6/correct,ppo_hier_items200_h1500\PPO_1
589824,1.0,per_learner/6/correct,ppo_hier_items200_h1500\PPO_1
600000,1.0,per_learner/6/correct,ppo_hier_items200_h1500\PPO_1
622592,1.0,per_learner/6/correct,ppo_hier_items200_h1500\PPO_1
625000,1.0,per_learner/6/correct,ppo_hier_items200_h1500\PPO_1
650000,1.0,per_learner/6/correct,ppo_hier_items200_h1500\PPO_1
655360,1.0,per_learner/6/correct,ppo_hier_items200_h1500\PPO_1
675000,1.0,per_learner/6/correct,ppo_hier_items200_h1500\PPO_1
688128,1.0,per_learner/6/correct,ppo_hier_items200_h1500\PPO_1
700000,1.0,per_learner/6/correct,ppo_hier_items200_h1500\PPO_1
720896,1.0,per_learner/6/correct,ppo_hier_items200_h1500\PPO_1
725000,1.0,per_learner/6/correct,ppo_hier_items200_h1500\PPO_1
750000,1.0,per_learner/6/correct,ppo_hier_items200_h1500\PPO_1
753664,1.0,per_learner/6/correct,ppo_hier_items200_h1500\PPO_1
775000,1.0,per_learner/6/correct,ppo_hier_items200_h1500\PPO_1
786432,1.0,per_learner/6/correct,ppo_hier_items200_h1500\PPO_1
800000,1.0,per_learner/6/correct,ppo_hier_items200_h1500\PPO_1
819200,1.0,per_learner/6/correct,ppo_hier_items200_h1500\PPO_1
825000,1.0,per_learner/6/correct,ppo_hier_items200_h1500\PPO_1
850000,1.0,per_learner/6/correct,ppo_hier_items200_h1500\PPO_1
851968,1.0,per_learner/6/correct,ppo_hier_items200_h1500\PPO_1
875000,1.0,per_learner/6/correct,ppo_hier_items200_h1500\PPO_1
884736,1.0,per_learner/6/correct,ppo_hier_items200_h1500\PPO_1
900000,1.0,per_learner/6/correct,ppo_hier_items200_h1500\PPO_1
917504,1.0,per_learner/6/correct,ppo_hier_items200_h1500\PPO_1
925000,1.0,per_learner/6/correct,ppo_hier_items200_h1500\PPO_1
950000,1.0,per_learner/6/correct,ppo_hier_items200_h1500\PPO_1
950272,1.0,per_learner/6/correct,ppo_hier_items200_h1500\PPO_1
975000,1.0,per_learner/6/correct,ppo_hier_items200_h1500\PPO_1
983040,1.0,per_learner/6/correct,ppo_hier_items200_h1500\PPO_1
1000000,1.0,per_learner/6/correct,ppo_hier_items200_h1500\PPO_1
1015808,1.0,per_learner/6/correct,ppo_hier_items200_h1500\PPO_1
1025000,1.0,per_learner/6/correct,ppo_hier_items200_h1500\PPO_1
1048576,1.0,per_learner/6/correct,ppo_hier_items200_h1500\PPO_1
1050000,1.0,per_learner/6/correct,ppo_hier_items200_h1500\PPO_1
1075000,1.0,per_learner/6/correct,ppo_hier_items200_h1500\PPO_1
1081344,1.0,per_learner/6/correct,ppo_hier_items200_h1500\PPO_1
1100000,1.0,per_learner/6/correct,ppo_hier_items200_h1500\PPO_1
1114112,1.0,per_learner/6/correct,ppo_hier_items200_h1500\PPO_1
1125000,1.0,per_learner/6/correct,ppo_hier_items200_h1500\PPO_1
1146880,1.0,per_learner/6/correct,ppo_hier_items200_h1500\PPO_1
1150000,1.0,per_learner/6/correct,ppo_hier_items200_h1500\PPO_1
1175000,1.0,per_learner/6/correct,ppo_hier_items200_h1500\PPO_1
1179648,1.0,per_learner/6/correct,ppo_hier_items200_h1500\PPO_1
1200000,1.0,per_learner/6/correct,ppo_hier_items200_h1500\PPO_1
1212416,1.0,per_learner/6/correct,ppo_hier_items200_h1500\PPO_1
1225000,1.0,per_learner/6/correct,ppo_hier_items200_h1500\PPO_1
1245184,1.0,per_learner/6/correct,ppo_hier_items200_h1500\PPO_1
1250000,1.0,per_learner/6/correct,ppo_hier_items200_h1500\PPO_1
1275000,1.0,per_learner/6/correct,ppo_hier_items200_h1500\PPO_1
1277952,1.0,per_learner/6/correct,ppo_hier_items200_h1500\PPO_1
1300000,1.0,per_learner/6/correct,ppo_hier_items200_h1500\PPO_1
1310720,1.0,per_learner/6/correct,ppo_hier_items200_h1500\PPO_1
1325000,1.0,per_learner/6/correct,ppo_hier_items200_h1500\PPO_1
1343488,1.0,per_learner/6/correct,ppo_hier_items200_h1500\PPO_1
1350000,1.0,per_learner/6/correct,ppo_hier_items200_h1500\PPO_1
1375000,1.0,per_learner/6/correct,ppo_hier_items200_h1500\PPO_1
1376256,1.0,per_learner/6/correct,ppo_hier_items200_h1500\PPO_1
1400000,1.0,per_learner/6/correct,ppo_hier_items200_h1500\PPO_1
1409024,1.0,per_learner/6/correct,ppo_hier_items200_h1500\PPO_1
1425000,1.0,per_learner/6/correct,ppo_hier_items200_h1500\PPO_1
1441792,1.0,per_learner/6/correct,ppo_hier_items200_h1500\PPO_1
1450000,1.0,per_learner/6/correct,ppo_hier_items200_h1500\PPO_1
1474560,1.0,per_learner/6/correct,ppo_hier_items200_h1500\PPO_1
1475000,1.0,per_learner/6/correct,ppo_hier_items200_h1500\PPO_1
1500000,1.0,per_learner/6/correct,ppo_hier_items200_h1500\PPO_1
1507328,1.0,per_learner/6/correct,ppo_hier_items200_h1500\PPO_1
1525000,1.0,per_learner/6/correct,ppo_hier_items200_h1500\PPO_1
1540096,1.0,per_learner/6/correct,ppo_hier_items200_h1500\PPO_1
1550000,1.0,per_learner/6/correct,ppo_hier_items200_h1500\PPO_1
1572864,1.0,per_learner/6/correct,ppo_hier_items200_h1500\PPO_1
1575000,1.0,per_learner/6/correct,ppo_hier_items200_h1500\PPO_1
1600000,1.0,per_learner/6/correct,ppo_hier_items200_h1500\PPO_1
1605632,1.0,per_learner/6/correct,ppo_hier_items200_h1500\PPO_1
1625000,1.0,per_learner/6/correct,ppo_hier_items200_h1500\PPO_1
1638400,1.0,per_learner/6/correct,ppo_hier_items200_h1500\PPO_1
1650000,1.0,per_learner/6/correct,ppo_hier_items200_h1500\PPO_1
1671168,1.0,per_learner/6/correct,ppo_hier_items200_h1500\PPO_1
1675000,1.0,per_learner/6/correct,ppo_hier_items200_h1500\PPO_1
1700000,1.0,per_learner/6/correct,ppo_hier_items200_h1500\PPO_1
1703936,1.0,per_learner/6/correct,ppo_hier_items200_h1500\PPO_1
1725000,1.0,per_learner/6/correct,ppo_hier_items200_h1500\PPO_1
1736704,1.0,per_learner/6/correct,ppo_hier_items200_h1500\PPO_1
1750000,1.0,per_learner/6/correct,ppo_hier_items200_h1500\PPO_1
1769472,1.0,per_learner/6/correct,ppo_hier_items200_h1500\PPO_1
1775000,1.0,per_learner/6/correct,ppo_hier_items200_h1500\PPO_1
1800000,1.0,per_learner/6/correct,ppo_hier_items200_h1500\PPO_1
1802240,1.0,per_learner/6/correct,ppo_hier_items200_h1500\PPO_1
1825000,1.0,per_learner/6/correct,ppo_hier_items200_h1500\PPO_1
1835008,1.0,per_learner/6/correct,ppo_hier_items200_h1500\PPO_1
1850000,1.0,per_learner/6/correct,ppo_hier_items200_h1500\PPO_1
1867776,1.0,per_learner/6/correct,ppo_hier_items200_h1500\PPO_1
1875000,1.0,per_learner/6/correct,ppo_hier_items200_h1500\PPO_1
1900000,1.0,per_learner/6/correct,ppo_hier_items200_h1500\PPO_1
1900544,1.0,per_learner/6/correct,ppo_hier_items200_h1500\PPO_1
1925000,1.0,per_learner/6/correct,ppo_hier_items200_h1500\PPO_1
1933312,1.0,per_learner/6/correct,ppo_hier_items200_h1500\PPO_1
1950000,1.0,per_learner/6/correct,ppo_hier_items200_h1500\PPO_1
1966080,1.0,per_learner/6/correct,ppo_hier_items200_h1500\PPO_1
1975000,1.0,per_learner/6/correct,ppo_hier_items200_h1500\PPO_1
1998848,1.0,per_learner/6/correct,ppo_hier_items200_h1500\PPO_1
2000000,1.0,per_learner/6/correct,ppo_hier_items200_h1500\PPO_1
2025000,1.0,per_learner/6/correct,ppo_hier_items200_h1500\PPO_1
2031616,1.0,per_learner/6/correct,ppo_hier_items200_h1500\PPO_1
25000,0.0,per_learner/6/mastered_count,ppo_hier_items200_h1500\PPO_1
32768,9.0,per_learner/6/mastered_count,ppo_hier_items200_h1500\PPO_1
50000,1.0,per_learner/6/mastered_count,ppo_hier_items200_h1500\PPO_1
65536,3.0,per_learner/6/mastered_count,ppo_hier_items200_h1500\PPO_1
75000,0.0,per_learner/6/mastered_count,ppo_hier_items200_h1500\PPO_1
98304,0.0,per_learner/6/mastered_count,ppo_hier_items200_h1500\PPO_1
100000,0.0,per_learner/6/mastered_count,ppo_hier_items200_h1500\PPO_1
125000,1.0,per_learner/6/mastered_count,ppo_hier_items200_h1500\PPO_1
131072,11.0,per_learner/6/mastered_count,ppo_hier_items200_h1500\PPO_1
150000,5.0,per_learner/6/mastered_count,ppo_hier_items200_h1500\PPO_1
163840,6.0,per_learner/6/mastered_count,ppo_hier_items200_h1500\PPO_1
175000,6.0,per_learner/6/mastered_count,ppo_hier_items200_h1500\PPO_1
196608,1.0,per_learner/6/mastered_count,ppo_hier_items200_h1500\PPO_1
200000,6.0,per_learner/6/mastered_count,ppo_hier_items200_h1500\PPO_1
225000,5.0,per_learner/6/mastered_count,ppo_hier_items200_h1500\PPO_1
229376,0.0,per_learner/6/mastered_count,ppo_hier_items200_h1500\PPO_1
250000,9.0,per_learner/6/mastered_count,ppo_hier_items200_h1500\PPO_1
262144,4.0,per_learner/6/mastered_count,ppo_hier_items200_h1500\PPO_1
275000,11.0,per_learner/6/mastered_count,ppo_hier_items200_h1500\PPO_1
294912,2.0,per_learner/6/mastered_count,ppo_hier_items200_h1500\PPO_1
300000,17.0,per_learner/6/mastered_count,ppo_hier_items200_h1500\PPO_1
325000,0.0,per_learner/6/mastered_count,ppo_hier_items200_h1500\PPO_1
327680,1.0,per_learner/6/mastered_count,ppo_hier_items200_h1500\PPO_1
350000,0.0,per_learner/6/mastered_count,ppo_hier_items200_h1500\PPO_1
360448,0.0,per_learner/6/mastered_count,ppo_hier_items200_h1500\PPO_1
375000,1.0,per_learner/6/mastered_count,ppo_hier_items200_h1500\PPO_1
393216,9.0,per_learner/6/mastered_count,ppo_hier_items200_h1500\PPO_1
400000,1.0,per_learner/6/mastered_count,ppo_hier_items200_h1500\PPO_1
425000,1.0,per_learner/6/mastered_count,ppo_hier_items200_h1500\PPO_1
425984,4.0,per_learner/6/mastered_count,ppo_hier_items200_h1500\PPO_1
450000,7.0,per_learner/6/mastered_count,ppo_hier_items200_h1500\PPO_1
458752,0.0,per_learner/6/mastered_count,ppo_hier_items200_h1500\PPO_1
475000,3.0,per_learner/6/mastered_count,ppo_hier_items200_h1500\PPO_1
491520,16.0,per_learner/6/mastered_count,ppo_hier_items200_h1500\PPO_1
500000,10.0,per_learner/6/mastered_count,ppo_hier_items200_h1500\PPO_1
524288,8.0,per_learner/6/mastered_count,ppo_hier_items200_h1500\PPO_1
525000,12.0,per_learner/6/mastered_count,ppo_hier_items200_h1500\PPO_1
550000,14.0,per_learner/6/mastered_count,ppo_hier_items200_h1500\PPO_1
557056,3.0,per_learner/6/mastered_count,ppo_hier_items200_h1500\PPO_1
575000,8.0,per_learner/6/mastered_count,ppo_hier_items200_h1500\PPO_1
589824,1.0,per_learner/6/mastered_count,ppo_hier_items200_h1500\PPO_1
600000,13.0,per_learner/6/mastered_count,ppo_hier_items200_h1500\PPO_1
622592,15.0,per_learner/6/mastered_count,ppo_hier_items200_h1500\PPO_1
625000,0.0,per_learner/6/mastered_count,ppo_hier_items200_h1500\PPO_1
650000,1.0,per_learner/6/mastered_count,ppo_hier_items200_h1500\PPO_1
655360,9.0,per_learner/6/mastered_count,ppo_hier_items200_h1500\PPO_1
675000,2.0,per_learner/6/mastered_count,ppo_hier_items200_h1500\PPO_1
688128,6.0,per_learner/6/mastered_count,ppo_hier_items200_h1500\PPO_1
700000,5.0,per_learner/6/mastered_count,ppo_hier_items200_h1500\PPO_1
720896,0.0,per_learner/6/mastered_count,ppo_hier_items200_h1500\PPO_1
725000,2.0,per_learner/6/mastered_count,ppo_hier_items200_h1500\PPO_1
750000,6.0,per_learner/6/mastered_count,ppo_hier_items200_h1500\PPO_1
753664,17.0,per_learner/6/mastered_count,ppo_hier_items200_h1500\PPO_1
775000,8.0,per_learner/6/mastered_count,ppo_hier_items200_h1500\PPO_1
786432,10.0,per_learner/6/mastered_count,ppo_hier_items200_h1500\PPO_1
800000,12.0,per_learner/6/mastered_count,ppo_hier_items200_h1500\PPO_1
819200,2.0,per_learner/6/mastered_count,ppo_hier_items200_h1500\PPO_1
825000,10.0,per_learner/6/mastered_count,ppo_hier_items200_h1500\PPO_1
850000,18.0,per_learner/6/mastered_count,ppo_hier_items200_h1500\PPO_1
851968,17.0,per_learner/6/mastered_count,ppo_hier_items200_h1500\PPO_1
875000,17.0,per_learner/6/mastered_count,ppo_hier_items200_h1500\PPO_1
884736,11.0,per_learner/6/mastered_count,ppo_hier_items200_h1500\PPO_1
900000,16.0,per_learner/6/mastered_count,ppo_hier_items200_h1500\PPO_1
917504,9.0,per_learner/6/mastered_count,ppo_hier_items200_h1500\PPO_1
925000,0.0,per_learner/6/mastered_count,ppo_hier_items200_h1500\PPO_1
950000,1.0,per_learner/6/mastered_count,ppo_hier_items200_h1500\PPO_1
950272,2.0,per_learner/6/mastered_count,ppo_hier_items200_h1500\PPO_1
975000,3.0,per_learner/6/mastered_count,ppo_hier_items200_h1500\PPO_1
983040,22.0,per_learner/6/mastered_count,ppo_hier_items200_h1500\PPO_1
1000000,5.0,per_learner/6/mastered_count,ppo_hier_items200_h1500\PPO_1
1015808,11.0,per_learner/6/mastered_count,ppo_hier_items200_h1500\PPO_1
1025000,8.0,per_learner/6/mastered_count,ppo_hier_items200_h1500\PPO_1
1048576,4.0,per_learner/6/mastered_count,ppo_hier_items200_h1500\PPO_1
1050000,9.0,per_learner/6/mastered_count,ppo_hier_items200_h1500\PPO_1
1075000,14.0,per_learner/6/mastered_count,ppo_hier_items200_h1500\PPO_1
1081344,0.0,per_learner/6/mastered_count,ppo_hier_items200_h1500\PPO_1
1100000,15.0,per_learner/6/mastered_count,ppo_hier_items200_h1500\PPO_1
1114112,14.0,per_learner/6/mastered_count,ppo_hier_items200_h1500\PPO_1
1125000,14.0,per_learner/6/mastered_count,ppo_hier_items200_h1500\PPO_1
1146880,9.0,per_learner/6/mastered_count,ppo_hier_items200_h1500\PPO_1
1150000,11.0,per_learner/6/mastered_count,ppo_hier_items200_h1500\PPO_1
1175000,18.0,per_learner/6/mastered_count,ppo_hier_items200_h1500\PPO_1
1179648,1.0,per_learner/6/mastered_count,ppo_hier_items200_h1500\PPO_1
1200000,19.0,per_learner/6/mastered_count,ppo_hier_items200_h1500\PPO_1
1212416,0.0,per_learner/6/mastered_count,ppo_hier_items200_h1500\PPO_1
1225000,0.0,per_learner/6/mastered_count,ppo_hier_items200_h1500\PPO_1
1245184,16.0,per_learner/6/mastered_count,ppo_hier_items200_h1500\PPO_1
1250000,1.0,per_learner/6/mastered_count,ppo_hier_items200_h1500\PPO_1
1275000,3.0,per_learner/6/mastered_count,ppo_hier_items200_h1500\PPO_1
1277952,9.0,per_learner/6/mastered_count,ppo_hier_items200_h1500\PPO_1
1300000,5.0,per_learner/6/mastered_count,ppo_hier_items200_h1500\PPO_1
1310720,3.0,per_learner/6/mastered_count,ppo_hier_items200_h1500\PPO_1
1325000,6.0,per_learner/6/mastered_count,ppo_hier_items200_h1500\PPO_1
1343488,18.0,per_learner/6/mastered_count,ppo_hier_items200_h1500\PPO_1
1350000,8.0,per_learner/6/mastered_count,ppo_hier_items200_h1500\PPO_1
1375000,9.0,per_learner/6/mastered_count,ppo_hier_items200_h1500\PPO_1
1376256,12.0,per_learner/6/mastered_count,ppo_hier_items200_h1500\PPO_1
1400000,12.0,per_learner/6/mastered_count,ppo_hier_items200_h1500\PPO_1
1409024,7.0,per_learner/6/mastered_count,ppo_hier_items200_h1500\PPO_1
1425000,18.0,per_learner/6/mastered_count,ppo_hier_items200_h1500\PPO_1
1441792,0.0,per_learner/6/mastered_count,ppo_hier_items200_h1500\PPO_1
1450000,22.0,per_learner/6/mastered_count,ppo_hier_items200_h1500\PPO_1
1474560,17.0,per_learner/6/mastered_count,ppo_hier_items200_h1500\PPO_1
1475000,16.0,per_learner/6/mastered_count,ppo_hier_items200_h1500\PPO_1
1500000,19.0,per_learner/6/mastered_count,ppo_hier_items200_h1500\PPO_1
1507328,11.0,per_learner/6/mastered_count,ppo_hier_items200_h1500\PPO_1
1525000,0.0,per_learner/6/mastered_count,ppo_hier_items200_h1500\PPO_1
1540096,8.0,per_learner/6/mastered_count,ppo_hier_items200_h1500\PPO_1
1550000,2.0,per_learner/6/mastered_count,ppo_hier_items200_h1500\PPO_1
1572864,0.0,per_learner/6/mastered_count,ppo_hier_items200_h1500\PPO_1
1575000,1.0,per_learner/6/mastered_count,ppo_hier_items200_h1500\PPO_1
1600000,6.0,per_learner/6/mastered_count,ppo_hier_items200_h1500\PPO_1
1605632,15.0,per_learner/6/mastered_count,ppo_hier_items200_h1500\PPO_1
1625000,9.0,per_learner/6/mastered_count,ppo_hier_items200_h1500\PPO_1
1638400,12.0,per_learner/6/mastered_count,ppo_hier_items200_h1500\PPO_1
1650000,11.0,per_learner/6/mastered_count,ppo_hier_items200_h1500\PPO_1
1671168,6.0,per_learner/6/mastered_count,ppo_hier_items200_h1500\PPO_1
1675000,12.0,per_learner/6/mastered_count,ppo_hier_items200_h1500\PPO_1
1700000,21.0,per_learner/6/mastered_count,ppo_hier_items200_h1500\PPO_1
1703936,22.0,per_learner/6/mastered_count,ppo_hier_items200_h1500\PPO_1
1725000,15.0,per_learner/6/mastered_count,ppo_hier_items200_h1500\PPO_1
1736704,11.0,per_learner/6/mastered_count,ppo_hier_items200_h1500\PPO_1
1750000,17.0,per_learner/6/mastered_count,ppo_hier_items200_h1500\PPO_1
1769472,10.0,per_learner/6/mastered_count,ppo_hier_items200_h1500\PPO_1
1775000,22.0,per_learner/6/mastered_count,ppo_hier_items200_h1500\PPO_1
1800000,25.0,per_learner/6/mastered_count,ppo_hier_items200_h1500\PPO_1
1802240,1.0,per_learner/6/mastered_count,ppo_hier_items200_h1500\PPO_1
1825000,0.0,per_learner/6/mastered_count,ppo_hier_items200_h1500\PPO_1
1835008,17.0,per_learner/6/mastered_count,ppo_hier_items200_h1500\PPO_1
1850000,3.0,per_learner/6/mastered_count,ppo_hier_items200_h1500\PPO_1
1867776,14.0,per_learner/6/mastered_count,ppo_hier_items200_h1500\PPO_1
1875000,4.0,per_learner/6/mastered_count,ppo_hier_items200_h1500\PPO_1
1900000,3.0,per_learner/6/mastered_count,ppo_hier_items200_h1500\PPO_1
1900544,6.0,per_learner/6/mastered_count,ppo_hier_items200_h1500\PPO_1
1925000,4.0,per_learner/6/mastered_count,ppo_hier_items200_h1500\PPO_1
1933312,0.0,per_learner/6/mastered_count,ppo_hier_items200_h1500\PPO_1
1950000,8.0,per_learner/6/mastered_count,ppo_hier_items200_h1500\PPO_1
1966080,16.0,per_learner/6/mastered_count,ppo_hier_items200_h1500\PPO_1
1975000,12.0,per_learner/6/mastered_count,ppo_hier_items200_h1500\PPO_1
1998848,12.0,per_learner/6/mastered_count,ppo_hier_items200_h1500\PPO_1
2000000,14.0,per_learner/6/mastered_count,ppo_hier_items200_h1500\PPO_1
2025000,13.0,per_learner/6/mastered_count,ppo_hier_items200_h1500\PPO_1
2031616,3.0,per_learner/6/mastered_count,ppo_hier_items200_h1500\PPO_1
25000,0.9997369050979614,per_learner/6/p_correct,ppo_hier_items200_h1500\PPO_1
32768,0.9983407258987427,per_learner/6/p_correct,ppo_hier_items200_h1500\PPO_1
50000,0.9994985461235046,per_learner/6/p_correct,ppo_hier_items200_h1500\PPO_1
65536,0.9986090064048767,per_learner/6/p_correct,ppo_hier_items200_h1500\PPO_1
75000,0.9997190833091736,per_learner/6/p_correct,ppo_hier_items200_h1500\PPO_1
98304,0.9999125599861145,per_learner/6/p_correct,ppo_hier_items200_h1500\PPO_1
100000,0.999244213104248,per_learner/6/p_correct,ppo_hier_items200_h1500\PPO_1
125000,0.9999492764472961,per_learner/6/p_correct,ppo_hier_items200_h1500\PPO_1
131072,0.9997819662094116,per_learner/6/p_correct,ppo_hier_items200_h1500\PPO_1
150000,0.9985995292663574,per_learner/6/p_correct,ppo_hier_items200_h1500\PPO_1
163840,0.999358057975769,per_learner/6/p_correct,ppo_hier_items200_h1500\PPO_1
175000,0.9991531372070312,per_learner/6/p_correct,ppo_hier_items200_h1500\PPO_1
196608,0.9987583756446838,per_learner/6/p_correct,ppo_hier_items200_h1500\PPO_1
200000,0.997849702835083,per_learner/6/p_correct,ppo_hier_items200_h1500\PPO_1
225000,0.9977403283119202,per_learner/6/p_correct,ppo_hier_items200_h1500\PPO_1
229376,0.9999123811721802,per_learner/6/p_correct,ppo_hier_items200_h1500\PPO_1
250000,0.9973096251487732,per_learner/6/p_correct,ppo_hier_items200_h1500\PPO_1
262144,0.9980805516242981,per_learner/6/p_correct,ppo_hier_items200_h1500\PPO_1
275000,0.999970018863678,per_learner/6/p_correct,ppo_hier_items200_h1500\PPO_1
294912,0.999911904335022,per_learner/6/p_correct,ppo_hier_items200_h1500\PPO_1
300000,0.9998941421508789,per_learner/6/p_correct,ppo_hier_items200_h1500\PPO_1
325000,0.9997562766075134,per_learner/6/p_correct,ppo_hier_items200_h1500\PPO_1
327680,0.9991413950920105,per_learner/6/p_correct,ppo_hier_items200_h1500\PPO_1
350000,0.9994630813598633,per_learner/6/p_correct,ppo_hier_items200_h1500\PPO_1
360448,0.9998923540115356,per_learner/6/p_correct,ppo_hier_items200_h1500\PPO_1
375000,0.9992489218711853,per_learner/6/p_correct,ppo_hier_items200_h1500\PPO_1
393216,0.997848629951477,per_learner/6/p_correct,ppo_hier_items200_h1500\PPO_1
400000,0.9995771050453186,per_learner/6/p_correct,ppo_hier_items200_h1500\PPO_1
425000,0.9988331198692322,per_learner/6/p_correct,ppo_hier_items200_h1500\PPO_1
425984,0.9998955726623535,per_learner/6/p_correct,ppo_hier_items200_h1500\PPO_1
450000,0.99986732006073,per_learner/6/p_correct,ppo_hier_items200_h1500\PPO_1
458752,0.999258279800415,per_learner/6/p_correct,ppo_hier_items200_h1500\PPO_1
475000,0.9981209635734558,per_learner/6/p_correct,ppo_hier_items200_h1500\PPO_1
491520,0.9971033930778503,per_learner/6/p_correct,ppo_hier_items200_h1500\PPO_1
500000,0.9980818629264832,per_learner/6/p_correct,ppo_hier_items200_h1500\PPO_1
524288,0.9997128844261169,per_learner/6/p_correct,ppo_hier_items200_h1500\PPO_1
525000,0.997403621673584,per_learner/6/p_correct,ppo_hier_items200_h1500\PPO_1
550000,0.9976657032966614,per_learner/6/p_correct,ppo_hier_items200_h1500\PPO_1
557056,0.9988261461257935,per_learner/6/p_correct,ppo_hier_items200_h1500\PPO_1
575000,0.9974323511123657,per_learner/6/p_correct,ppo_hier_items200_h1500\PPO_1
589824,0.9995619058609009,per_learner/6/p_correct,ppo_hier_items200_h1500\PPO_1
600000,0.9997847676277161,per_learner/6/p_correct,ppo_hier_items200_h1500\PPO_1
622592,0.9994643926620483,per_learner/6/p_correct,ppo_hier_items200_h1500\PPO_1
625000,0.9999362826347351,per_learner/6/p_correct,ppo_hier_items200_h1500\PPO_1
650000,0.9996243119239807,per_learner/6/p_correct,ppo_hier_items200_h1500\PPO_1
655360,0.999722957611084,per_learner/6/p_correct,ppo_hier_items200_h1500\PPO_1
675000,0.9999549984931946,per_learner/6/p_correct,ppo_hier_items200_h1500\PPO_1
688128,0.9990349411964417,per_learner/6/p_correct,ppo_hier_items200_h1500\PPO_1
700000,0.9998442530632019,per_learner/6/p_correct,ppo_hier_items200_h1500\PPO_1
720896,0.9997866749763489,per_learner/6/p_correct,ppo_hier_items200_h1500\PPO_1
725000,0.9990549683570862,per_learner/6/p_correct,ppo_hier_items200_h1500\PPO_1
750000,0.9983857870101929,per_learner/6/p_correct,ppo_hier_items200_h1500\PPO_1
753664,0.9997276067733765,per_learner/6/p_correct,ppo_hier_items200_h1500\PPO_1
775000,0.9981166124343872,per_learner/6/p_correct,ppo_hier_items200_h1500\PPO_1
786432,0.9983857274055481,per_learner/6/p_correct,ppo_hier_items200_h1500\PPO_1
800000,0.9981324672698975,per_learner/6/p_correct,ppo_hier_items200_h1500\PPO_1
819200,0.9991945624351501,per_learner/6/p_correct,ppo_hier_items200_h1500\PPO_1
825000,0.9978421330451965,per_learner/6/p_correct,ppo_hier_items200_h1500\PPO_1
850000,0.9974891543388367,per_learner/6/p_correct,ppo_hier_items200_h1500\PPO_1
851968,0.9967806339263916,per_learner/6/p_correct,ppo_hier_items200_h1500\PPO_1
875000,0.9992175102233887,per_learner/6/p_correct,ppo_hier_items200_h1500\PPO_1
884736,0.9979628920555115,per_learner/6/p_correct,ppo_hier_items200_h1500\PPO_1
900000,0.9969848990440369,per_learner/6/p_correct,ppo_hier_items200_h1500\PPO_1
917504,0.9985171556472778,per_learner/6/p_correct,ppo_hier_items200_h1500\PPO_1
925000,0.9997680187225342,per_learner/6/p_correct,ppo_hier_items200_h1500\PPO_1
950000,0.9996288418769836,per_learner/6/p_correct,ppo_hier_items200_h1500\PPO_1
950272,0.9999945163726807,per_learner/6/p_correct,ppo_hier_items200_h1500\PPO_1
975000,0.9999359846115112,per_learner/6/p_correct,ppo_hier_items200_h1500\PPO_1
983040,0.9973512887954712,per_learner/6/p_correct,ppo_hier_items200_h1500\PPO_1
1000000,0.9989264607429504,per_learner/6/p_correct,ppo_hier_items200_h1500\PPO_1
1015808,0.9985252618789673,per_learner/6/p_correct,ppo_hier_items200_h1500\PPO_1
1025000,0.9986550211906433,per_learner/6/p_correct,ppo_hier_items200_h1500\PPO_1
1048576,0.9989458322525024,per_learner/6/p_correct,ppo_hier_items200_h1500\PPO_1
1050000,0.9997795820236206,per_learner/6/p_correct,ppo_hier_items200_h1500\PPO_1
1075000,0.9986780881881714,per_learner/6/p_correct,ppo_hier_items200_h1500\PPO_1
1081344,0.9999200105667114,per_learner/6/p_correct,ppo_hier_items200_h1500\PPO_1
1100000,0.999983549118042,per_learner/6/p_correct,ppo_hier_items200_h1500\PPO_1
1114112,0.9976638555526733,per_learner/6/p_correct,ppo_hier_items200_h1500\PPO_1
1125000,0.9982998967170715,per_learner/6/p_correct,ppo_hier_items200_h1500\PPO_1
1146880,0.9981489181518555,per_learner/6/p_correct,ppo_hier_items200_h1500\PPO_1
1150000,0.9976062774658203,per_learner/6/p_correct,ppo_hier_items200_h1500\PPO_1
1175000,0.9995945692062378,per_learner/6/p_correct,ppo_hier_items200_h1500\PPO_1
1179648,0.9997091889381409,per_learner/6/p_correct,ppo_hier_items200_h1500\PPO_1
1200000,0.9971232414245605,per_learner/6/p_correct,ppo_hier_items200_h1500\PPO_1
1212416,0.9999227523803711,per_learner/6/p_correct,ppo_hier_items200_h1500\PPO_1
1225000,0.9997502565383911,per_learner/6/p_correct,ppo_hier_items200_h1500\PPO_1
1245184,0.9973505735397339,per_learner/6/p_correct,ppo_hier_items200_h1500\PPO_1
1250000,0.9999752044677734,per_learner/6/p_correct,ppo_hier_items200_h1500\PPO_1
1275000,0.9999224543571472,per_learner/6/p_correct,ppo_hier_items200_h1500\PPO_1
1277952,0.9988733530044556,per_learner/6/p_correct,ppo_hier_items200_h1500\PPO_1
1300000,0.9999287724494934,per_learner/6/p_correct,ppo_hier_items200_h1500\PPO_1
1310720,0.9992690682411194,per_learner/6/p_correct,ppo_hier_items200_h1500\PPO_1
1325000,0.9995675086975098,per_learner/6/p_correct,ppo_hier_items200_h1500\PPO_1
1343488,0.9995290637016296,per_learner/6/p_correct,ppo_hier_items200_h1500\PPO_1
1350000,0.9984943270683289,per_learner/6/p_correct,ppo_hier_items200_h1500\PPO_1
1375000,0.9997962713241577,per_learner/6/p_correct,ppo_hier_items200_h1500\PPO_1
1376256,0.9979232549667358,per_learner/6/p_correct,ppo_hier_items200_h1500\PPO_1
1400000,0.9981324672698975,per_learner/6/p_correct,ppo_hier_items200_h1500\PPO_1
1409024,0.9986571669578552,per_learner/6/p_correct,ppo_hier_items200_h1500\PPO_1
1425000,0.9999304413795471,per_learner/6/p_correct,ppo_hier_items200_h1500\PPO_1
1441792,0.9999382495880127,per_learner/6/p_correct,ppo_hier_items200_h1500\PPO_1
1450000,0.9976915717124939,per_learner/6/p_correct,ppo_hier_items200_h1500\PPO_1
1474560,0.9971569180488586,per_learner/6/p_correct,ppo_hier_items200_h1500\PPO_1
1475000,0.9974412322044373,per_learner/6/p_correct,ppo_hier_items200_h1500\PPO_1
1500000,0.9965388774871826,per_learner/6/p_correct,ppo_hier_items200_h1500\PPO_1
1507328,0.9983102083206177,per_learner/6/p_correct,ppo_hier_items200_h1500\PPO_1
1525000,0.9997705817222595,per_learner/6/p_correct,ppo_hier_items200_h1500\PPO_1
1540096,0.9990424513816833,per_learner/6/p_correct,ppo_hier_items200_h1500\PPO_1
1550000,0.999469518661499,per_learner/6/p_correct,ppo_hier_items200_h1500\PPO_1
1572864,0.9997983574867249,per_learner/6/p_correct,ppo_hier_items200_h1500\PPO_1
1575000,0.9998507499694824,per_learner/6/p_correct,ppo_hier_items200_h1500\PPO_1
1600000,0.998995304107666,per_learner/6/p_correct,ppo_hier_items200_h1500\PPO_1
1605632,0.9976887106895447,per_learner/6/p_correct,ppo_hier_items200_h1500\PPO_1
1625000,0.9986550211906433,per_learner/6/p_correct,ppo_hier_items200_h1500\PPO_1
1638400,0.9999390840530396,per_learner/6/p_correct,ppo_hier_items200_h1500\PPO_1
1650000,0.9988657832145691,per_learner/6/p_correct,ppo_hier_items200_h1500\PPO_1
1671168,0.9991570115089417,per_learner/6/p_correct,ppo_hier_items200_h1500\PPO_1
1675000,0.9982409477233887,per_learner/6/p_correct,ppo_hier_items200_h1500\PPO_1
1700000,0.9979916214942932,per_learner/6/p_correct,ppo_hier_items200_h1500\PPO_1
1703936,0.9977433681488037,per_learner/6/p_correct,ppo_hier_items200_h1500\PPO_1
1725000,0.9979032874107361,per_learner/6/p_correct,ppo_hier_items200_h1500\PPO_1
1736704,0.9993849992752075,per_learner/6/p_correct,ppo_hier_items200_h1500\PPO_1
1750000,0.9981092810630798,per_learner/6/p_correct,ppo_hier_items200_h1500\PPO_1
1769472,0.9989656805992126,per_learner/6/p_correct,ppo_hier_items200_h1500\PPO_1
1775000,0.9998044371604919,per_learner/6/p_correct,ppo_hier_items200_h1500\PPO_1
1800000,0.9972047209739685,per_learner/6/p_correct,ppo_hier_items200_h1500\PPO_1
1802240,0.9999357461929321,per_learner/6/p_correct,ppo_hier_items200_h1500\PPO_1
1825000,0.9997178316116333,per_learner/6/p_correct,ppo_hier_items200_h1500\PPO_1
1835008,0.9979217648506165,per_learner/6/p_correct,ppo_hier_items200_h1500\PPO_1
1850000,0.999891459941864,per_learner/6/p_correct,ppo_hier_items200_h1500\PPO_1
1867776,0.9981865882873535,per_learner/6/p_correct,ppo_hier_items200_h1500\PPO_1
1875000,0.999955415725708,per_learner/6/p_correct,ppo_hier_items200_h1500\PPO_1
1900000,0.9998181462287903,per_learner/6/p_correct,ppo_hier_items200_h1500\PPO_1
1900544,0.9991427659988403,per_learner/6/p_correct,ppo_hier_items200_h1500\PPO_1
1925000,0.999894917011261,per_learner/6/p_correct,ppo_hier_items200_h1500\PPO_1
1933312,0.9999224543571472,per_learner/6/p_correct,ppo_hier_items200_h1500\PPO_1
1950000,0.9999780058860779,per_learner/6/p_correct,ppo_hier_items200_h1500\PPO_1
1966080,0.9998852014541626,per_learner/6/p_correct,ppo_hier_items200_h1500\PPO_1
1975000,0.9999672770500183,per_learner/6/p_correct,ppo_hier_items200_h1500\PPO_1
1998848,0.9980220794677734,per_learner/6/p_correct,ppo_hier_items200_h1500\PPO_1
2000000,0.9976920485496521,per_learner/6/p_correct,ppo_hier_items200_h1500\PPO_1
2025000,0.9998655319213867,per_learner/6/p_correct,ppo_hier_items200_h1500\PPO_1
2031616,0.9998390078544617,per_learner/6/p_correct,ppo_hier_items200_h1500\PPO_1
25000,0.9990657567977905,per_learner/6/reward,ppo_hier_items200_h1500\PPO_1
32768,0.9994148015975952,per_learner/6/reward,ppo_hier_items200_h1500\PPO_1
50000,0.9991253614425659,per_learner/6/reward,ppo_hier_items200_h1500\PPO_1
65536,0.9993477463722229,per_learner/6/reward,ppo_hier_items200_h1500\PPO_1
75000,0.9990702271461487,per_learner/6/reward,ppo_hier_items200_h1500\PPO_1
98304,0.9990218877792358,per_learner/6/reward,ppo_hier_items200_h1500\PPO_1
100000,0.9991889595985413,per_learner/6/reward,ppo_hier_items200_h1500\PPO_1
125000,0.9990126490592957,per_learner/6/reward,ppo_hier_items200_h1500\PPO_1
131072,3.00905442237854,per_learner/6/reward,ppo_hier_items200_h1500\PPO_1
150000,0.9993501305580139,per_learner/6/reward,ppo_hier_items200_h1500\PPO_1
163840,0.9991604685783386,per_learner/6/reward,ppo_hier_items200_h1500\PPO_1
175000,0.9992117285728455,per_learner/6/reward,ppo_hier_items200_h1500\PPO_1
196608,0.9993103742599487,per_learner/6/reward,ppo_hier_items200_h1500\PPO_1
200000,0.9995375871658325,per_learner/6/reward,ppo_hier_items200_h1500\PPO_1
225000,0.9995648860931396,per_learner/6/reward,ppo_hier_items200_h1500\PPO_1
229376,0.9990218877792358,per_learner/6/reward,ppo_hier_items200_h1500\PPO_1
250000,0.9996725916862488,per_learner/6/reward,ppo_hier_items200_h1500\PPO_1
262144,0.9994798302650452,per_learner/6/reward,ppo_hier_items200_h1500\PPO_1
275000,0.9990074634552002,per_learner/6/reward,ppo_hier_items200_h1500\PPO_1
294912,3.0090219974517822,per_learner/6/reward,ppo_hier_items200_h1500\PPO_1
300000,0.9990264773368835,per_learner/6/reward,ppo_hier_items200_h1500\PPO_1
325000,0.9990609288215637,per_learner/6/reward,ppo_hier_items200_h1500\PPO_1
327680,0.9992146492004395,per_learner/6/reward,ppo_hier_items200_h1500\PPO_1
350000,0.9991342425346375,per_learner/6/reward,ppo_hier_items200_h1500\PPO_1
360448,0.999026894569397,per_learner/6/reward,ppo_hier_items200_h1500\PPO_1
375000,0.9991877675056458,per_learner/6/reward,ppo_hier_items200_h1500\PPO_1
393216,0.9995378255844116,per_learner/6/reward,ppo_hier_items200_h1500\PPO_1
400000,0.9991057515144348,per_learner/6/reward,ppo_hier_items200_h1500\PPO_1
425000,0.999291718006134,per_learner/6/reward,ppo_hier_items200_h1500\PPO_1
425984,3.009026050567627,per_learner/6/reward,ppo_hier_items200_h1500\PPO_1
450000,0.9990331530570984,per_learner/6/reward,ppo_hier_items200_h1500\PPO_1
458752,0.9991854429244995,per_learner/6/reward,ppo_hier_items200_h1500\PPO_1
475000,0.9994697570800781,per_learner/6/reward,ppo_hier_items200_h1500\PPO_1
491520,0.9997241497039795,per_learner/6/reward,ppo_hier_items200_h1500\PPO_1
500000,0.9994795322418213,per_learner/6/reward,ppo_hier_items200_h1500\PPO_1
524288,3.0090718269348145,per_learner/6/reward,ppo_hier_items200_h1500\PPO_1
525000,0.9996491074562073,per_learner/6/reward,ppo_hier_items200_h1500\PPO_1
550000,0.9995836019515991,per_learner/6/reward,ppo_hier_items200_h1500\PPO_1
557056,0.9992934465408325,per_learner/6/reward,ppo_hier_items200_h1500\PPO_1
575000,0.9996418952941895,per_learner/6/reward,ppo_hier_items200_h1500\PPO_1
589824,0.9991095066070557,per_learner/6/reward,ppo_hier_items200_h1500\PPO_1
600000,3.0090537071228027,per_learner/6/reward,ppo_hier_items200_h1500\PPO_1
622592,0.9991338849067688,per_learner/6/reward,ppo_hier_items200_h1500\PPO_1
625000,0.9990159273147583,per_learner/6/reward,ppo_hier_items200_h1500\PPO_1
650000,0.9990939497947693,per_learner/6/reward,ppo_hier_items200_h1500\PPO_1
655360,3.0090692043304443,per_learner/6/reward,ppo_hier_items200_h1500\PPO_1
675000,0.9990112781524658,per_learner/6/reward,ppo_hier_items200_h1500\PPO_1
688128,0.9992412328720093,per_learner/6/reward,ppo_hier_items200_h1500\PPO_1
700000,0.9990389347076416,per_learner/6/reward,ppo_hier_items200_h1500\PPO_1
720896,0.9990532994270325,per_learner/6/reward,ppo_hier_items200_h1500\PPO_1
725000,0.9992362856864929,per_learner/6/reward,ppo_hier_items200_h1500\PPO_1
750000,0.9994035363197327,per_learner/6/reward,ppo_hier_items200_h1500\PPO_1
753664,3.009068012237549,per_learner/6/reward,ppo_hier_items200_h1500\PPO_1
775000,0.9994708299636841,per_learner/6/reward,ppo_hier_items200_h1500\PPO_1
786432,0.9994035959243774,per_learner/6/reward,ppo_hier_items200_h1500\PPO_1
800000,0.9994668960571289,per_learner/6/reward,ppo_hier_items200_h1500\PPO_1
819200,0.9992013573646545,per_learner/6/reward,ppo_hier_items200_h1500\PPO_1
825000,0.9995394945144653,per_learner/6/reward,ppo_hier_items200_h1500\PPO_1
850000,0.9996277093887329,per_learner/6/reward,ppo_hier_items200_h1500\PPO_1
851968,0.9998048543930054,per_learner/6/reward,ppo_hier_items200_h1500\PPO_1
875000,0.9991956353187561,per_learner/6/reward,ppo_hier_items200_h1500\PPO_1
884736,0.9995092749595642,per_learner/6/reward,ppo_hier_items200_h1500\PPO_1
900000,0.9997537732124329,per_learner/6/reward,ppo_hier_items200_h1500\PPO_1
917504,0.9993706941604614,per_learner/6/reward,ppo_hier_items200_h1500\PPO_1
925000,0.9990580081939697,per_learner/6/reward,ppo_hier_items200_h1500\PPO_1
950000,0.9990928173065186,per_learner/6/reward,ppo_hier_items200_h1500\PPO_1
950272,3.0090012550354004,per_learner/6/reward,ppo_hier_items200_h1500\PPO_1
975000,3.0090160369873047,per_learner/6/reward,ppo_hier_items200_h1500\PPO_1
983040,0.9996621608734131,per_learner/6/reward,ppo_hier_items200_h1500\PPO_1
1000000,0.9992684125900269,per_learner/6/reward,ppo_hier_items200_h1500\PPO_1
1015808,0.9993686676025391,per_learner/6/reward,ppo_hier_items200_h1500\PPO_1
1025000,0.9993362426757812,per_learner/6/reward,ppo_hier_items200_h1500\PPO_1
1048576,0.9992635250091553,per_learner/6/reward,ppo_hier_items200_h1500\PPO_1
1050000,3.0090551376342773,per_learner/6/reward,ppo_hier_items200_h1500\PPO_1
1075000,0.999330461025238,per_learner/6/reward,ppo_hier_items200_h1500\PPO_1
1081344,0.999019980430603,per_learner/6/reward,ppo_hier_items200_h1500\PPO_1
1100000,3.0090041160583496,per_learner/6/reward,ppo_hier_items200_h1500\PPO_1
1114112,0.9995840191841125,per_learner/6/reward,ppo_hier_items200_h1500\PPO_1
1125000,0.9994250535964966,per_learner/6/reward,ppo_hier_items200_h1500\PPO_1
1146880,0.9994627833366394,per_learner/6/reward,ppo_hier_items200_h1500\PPO_1
1150000,0.9995984435081482,per_learner/6/reward,ppo_hier_items200_h1500\PPO_1
1175000,0.9991013407707214,per_learner/6/reward,ppo_hier_items200_h1500\PPO_1
1179648,0.9990726709365845,per_learner/6/reward,ppo_hier_items200_h1500\PPO_1
1200000,0.9997192025184631,per_learner/6/reward,ppo_hier_items200_h1500\PPO_1
1212416,0.9990193247795105,per_learner/6/reward,ppo_hier_items200_h1500\PPO_1
1225000,0.9990624189376831,per_learner/6/reward,ppo_hier_items200_h1500\PPO_1
1245184,0.9996623396873474,per_learner/6/reward,ppo_hier_items200_h1500\PPO_1
1250000,3.0090062618255615,per_learner/6/reward,ppo_hier_items200_h1500\PPO_1
1275000,0.9990193843841553,per_learner/6/reward,ppo_hier_items200_h1500\PPO_1
1277952,0.999281644821167,per_learner/6/reward,ppo_hier_items200_h1500\PPO_1
1300000,0.9990177750587463,per_learner/6/reward,ppo_hier_items200_h1500\PPO_1
1310720,0.9991827607154846,per_learner/6/reward,ppo_hier_items200_h1500\PPO_1
1325000,0.9991081357002258,per_learner/6/reward,ppo_hier_items200_h1500\PPO_1
1343488,0.9991177320480347,per_learner/6/reward,ppo_hier_items200_h1500\PPO_1
1350000,0.9993764162063599,per_learner/6/reward,ppo_hier_items200_h1500\PPO_1
1375000,0.9990509152412415,per_learner/6/reward,ppo_hier_items200_h1500\PPO_1
1376256,0.9995191693305969,per_learner/6/reward,ppo_hier_items200_h1500\PPO_1
1400000,0.9994668960571289,per_learner/6/reward,ppo_hier_items200_h1500\PPO_1
1409024,0.9993357062339783,per_learner/6/reward,ppo_hier_items200_h1500\PPO_1
1425000,0.9990174174308777,per_learner/6/reward,ppo_hier_items200_h1500\PPO_1
1441792,0.9990154504776001,per_learner/6/reward,ppo_hier_items200_h1500\PPO_1
1450000,0.9995771050453186,per_learner/6/reward,ppo_hier_items200_h1500\PPO_1
1474560,0.999710738658905,per_learner/6/reward,ppo_hier_items200_h1500\PPO_1
1475000,0.9996396899223328,per_learner/6/reward,ppo_hier_items200_h1500\PPO_1
1500000,0.9998652935028076,per_learner/6/reward,ppo_hier_items200_h1500\PPO_1
1507328,0.9994224309921265,per_learner/6/reward,ppo_hier_items200_h1500\PPO_1
1525000,0.9990573525428772,per_learner/6/reward,ppo_hier_items200_h1500\PPO_1
1540096,0.9992393851280212,per_learner/6/reward,ppo_hier_items200_h1500\PPO_1
1550000,0.9991326332092285,per_learner/6/reward,ppo_hier_items200_h1500\PPO_1
1572864,0.9990504384040833,per_learner/6/reward,ppo_hier_items200_h1500\PPO_1
1575000,0.9990373253822327,per_learner/6/reward,ppo_hier_items200_h1500\PPO_1
1600000,0.9992511868476868,per_learner/6/reward,ppo_hier_items200_h1500\PPO_1
1605632,0.9995778203010559,per_learner/6/reward,ppo_hier_items200_h1500\PPO_1
1625000,0.9993362426757812,per_learner/6/reward,ppo_hier_items200_h1500\PPO_1
1638400,0.999015212059021,per_learner/6/reward,ppo_hier_items200_h1500\PPO_1
1650000,0.9992835521697998,per_learner/6/reward,ppo_hier_items200_h1500\PPO_1
1671168,0.999210774898529,per_learner/6/reward,ppo_hier_items200_h1500\PPO_1
1675000,0.9994397759437561,per_learner/6/reward,ppo_hier_items200_h1500\PPO_1
1700000,0.9995021224021912,per_learner/6/reward,ppo_hier_items200_h1500\PPO_1
1703936,0.9995641708374023,per_learner/6/reward,ppo_hier_items200_h1500\PPO_1
1725000,0.9995241761207581,per_learner/6/reward,ppo_hier_items200_h1500\PPO_1
1736704,0.999153733253479,per_learner/6/reward,ppo_hier_items200_h1500\PPO_1
1750000,0.9994726777076721,per_learner/6/reward,ppo_hier_items200_h1500\PPO_1
1769472,0.9992585778236389,per_learner/6/reward,ppo_hier_items200_h1500\PPO_1
1775000,3.0090489387512207,per_learner/6/reward,ppo_hier_items200_h1500\PPO_1
1800000,0.99969881772995,per_learner/6/reward,ppo_hier_items200_h1500\PPO_1
1802240,3.0090160369873047,per_learner/6/reward,ppo_hier_items200_h1500\PPO_1
1825000,0.9990705251693726,per_learner/6/reward,ppo_hier_items200_h1500\PPO_1
1835008,0.9995195269584656,per_learner/6/reward,ppo_hier_items200_h1500\PPO_1
1850000,0.9990271329879761,per_learner/6/reward,ppo_hier_items200_h1500\PPO_1
1867776,0.9994533658027649,per_learner/6/reward,ppo_hier_items200_h1500\PPO_1
1875000,3.0090112686157227,per_learner/6/reward,ppo_hier_items200_h1500\PPO_1
1900000,0.9990454912185669,per_learner/6/reward,ppo_hier_items200_h1500\PPO_1
1900544,0.9992142915725708,per_learner/6/reward,ppo_hier_items200_h1500\PPO_1
1925000,3.009026288986206,per_learner/6/reward,ppo_hier_items200_h1500\PPO_1
1933312,0.9990193843841553,per_learner/6/reward,ppo_hier_items200_h1500\PPO_1
1950000,0.9990054965019226,per_learner/6/reward,ppo_hier_items200_h1500\PPO_1
1966080,0.9990286827087402,per_learner/6/reward,ppo_hier_items200_h1500\PPO_1
1975000,3.0090081691741943,per_learner/6/reward,ppo_hier_items200_h1500\PPO_1
1998848,0.9994944930076599,per_learner/6/reward,ppo_hier_items200_h1500\PPO_1
2000000,0.999576985836029,per_learner/6/reward,ppo_hier_items200_h1500\PPO_1
2025000,3.009033679962158,per_learner/6/reward,ppo_hier_items200_h1500\PPO_1
2031616,0.9990402460098267,per_learner/6/reward,ppo_hier_items200_h1500\PPO_1
25000,1.0,per_learner/6/rolling_acc,ppo_hier_items200_h1500\PPO_1
32768,1.0,per_learner/6/rolling_acc,ppo_hier_items200_h1500\PPO_1
50000,1.0,per_learner/6/rolling_acc,ppo_hier_items200_h1500\PPO_1
65536,1.0,per_learner/6/rolling_acc,ppo_hier_items200_h1500\PPO_1
75000,1.0,per_learner/6/rolling_acc,ppo_hier_items200_h1500\PPO_1
98304,1.0,per_learner/6/rolling_acc,ppo_hier_items200_h1500\PPO_1
100000,1.0,per_learner/6/rolling_acc,ppo_hier_items200_h1500\PPO_1
125000,1.0,per_learner/6/rolling_acc,ppo_hier_items200_h1500\PPO_1
131072,1.0,per_learner/6/rolling_acc,ppo_hier_items200_h1500\PPO_1
150000,1.0,per_learner/6/rolling_acc,ppo_hier_items200_h1500\PPO_1
163840,1.0,per_learner/6/rolling_acc,ppo_hier_items200_h1500\PPO_1
175000,1.0,per_learner/6/rolling_acc,ppo_hier_items200_h1500\PPO_1
196608,1.0,per_learner/6/rolling_acc,ppo_hier_items200_h1500\PPO_1
200000,1.0,per_learner/6/rolling_acc,ppo_hier_items200_h1500\PPO_1
225000,0.9666666388511658,per_learner/6/rolling_acc,ppo_hier_items200_h1500\PPO_1
229376,1.0,per_learner/6/rolling_acc,ppo_hier_items200_h1500\PPO_1
250000,1.0,per_learner/6/rolling_acc,ppo_hier_items200_h1500\PPO_1
262144,1.0,per_learner/6/rolling_acc,ppo_hier_items200_h1500\PPO_1
275000,1.0,per_learner/6/rolling_acc,ppo_hier_items200_h1500\PPO_1
294912,1.0,per_learner/6/rolling_acc,ppo_hier_items200_h1500\PPO_1
300000,1.0,per_learner/6/rolling_acc,ppo_hier_items200_h1500\PPO_1
325000,1.0,per_learner/6/rolling_acc,ppo_hier_items200_h1500\PPO_1
327680,1.0,per_learner/6/rolling_acc,ppo_hier_items200_h1500\PPO_1
350000,1.0,per_learner/6/rolling_acc,ppo_hier_items200_h1500\PPO_1
360448,1.0,per_learner/6/rolling_acc,ppo_hier_items200_h1500\PPO_1
375000,1.0,per_learner/6/rolling_acc,ppo_hier_items200_h1500\PPO_1
393216,1.0,per_learner/6/rolling_acc,ppo_hier_items200_h1500\PPO_1
400000,1.0,per_learner/6/rolling_acc,ppo_hier_items200_h1500\PPO_1
425000,1.0,per_learner/6/rolling_acc,ppo_hier_items200_h1500\PPO_1
425984,1.0,per_learner/6/rolling_acc,ppo_hier_items200_h1500\PPO_1
450000,1.0,per_learner/6/rolling_acc,ppo_hier_items200_h1500\PPO_1
458752,1.0,per_learner/6/rolling_acc,ppo_hier_items200_h1500\PPO_1
475000,1.0,per_learner/6/rolling_acc,ppo_hier_items200_h1500\PPO_1
491520,1.0,per_learner/6/rolling_acc,ppo_hier_items200_h1500\PPO_1
500000,1.0,per_learner/6/rolling_acc,ppo_hier_items200_h1500\PPO_1
524288,1.0,per_learner/6/rolling_acc,ppo_hier_items200_h1500\PPO_1
525000,1.0,per_learner/6/rolling_acc,ppo_hier_items200_h1500\PPO_1
550000,1.0,per_learner/6/rolling_acc,ppo_hier_items200_h1500\PPO_1
557056,1.0,per_learner/6/rolling_acc,ppo_hier_items200_h1500\PPO_1
575000,1.0,per_learner/6/rolling_acc,ppo_hier_items200_h1500\PPO_1
589824,1.0,per_learner/6/rolling_acc,ppo_hier_items200_h1500\PPO_1
600000,1.0,per_learner/6/rolling_acc,ppo_hier_items200_h1500\PPO_1
622592,1.0,per_learner/6/rolling_acc,ppo_hier_items200_h1500\PPO_1
625000,1.0,per_learner/6/rolling_acc,ppo_hier_items200_h1500\PPO_1
650000,1.0,per_learner/6/rolling_acc,ppo_hier_items200_h1500\PPO_1
655360,1.0,per_learner/6/rolling_acc,ppo_hier_items200_h1500\PPO_1
675000,1.0,per_learner/6/rolling_acc,ppo_hier_items200_h1500\PPO_1
688128,1.0,per_learner/6/rolling_acc,ppo_hier_items200_h1500\PPO_1
700000,1.0,per_learner/6/rolling_acc,ppo_hier_items200_h1500\PPO_1
720896,1.0,per_learner/6/rolling_acc,ppo_hier_items200_h1500\PPO_1
725000,1.0,per_learner/6/rolling_acc,ppo_hier_items200_h1500\PPO_1
750000,1.0,per_learner/6/rolling_acc,ppo_hier_items200_h1500\PPO_1
753664,1.0,per_learner/6/rolling_acc,ppo_hier_items200_h1500\PPO_1
775000,1.0,per_learner/6/rolling_acc,ppo_hier_items200_h1500\PPO_1
786432,1.0,per_learner/6/rolling_acc,ppo_hier_items200_h1500\PPO_1
800000,1.0,per_learner/6/rolling_acc,ppo_hier_items200_h1500\PPO_1
819200,1.0,per_learner/6/rolling_acc,ppo_hier_items200_h1500\PPO_1
825000,1.0,per_learner/6/rolling_acc,ppo_hier_items200_h1500\PPO_1
850000,1.0,per_learner/6/rolling_acc,ppo_hier_items200_h1500\PPO_1
851968,1.0,per_learner/6/rolling_acc,ppo_hier_items200_h1500\PPO_1
875000,1.0,per_learner/6/rolling_acc,ppo_hier_items200_h1500\PPO_1
884736,1.0,per_learner/6/rolling_acc,ppo_hier_items200_h1500\PPO_1
900000,1.0,per_learner/6/rolling_acc,ppo_hier_items200_h1500\PPO_1
917504,1.0,per_learner/6/rolling_acc,ppo_hier_items200_h1500\PPO_1
925000,1.0,per_learner/6/rolling_acc,ppo_hier_items200_h1500\PPO_1
950000,1.0,per_learner/6/rolling_acc,ppo_hier_items200_h1500\PPO_1
950272,1.0,per_learner/6/rolling_acc,ppo_hier_items200_h1500\PPO_1
975000,1.0,per_learner/6/rolling_acc,ppo_hier_items200_h1500\PPO_1
983040,1.0,per_learner/6/rolling_acc,ppo_hier_items200_h1500\PPO_1
1000000,1.0,per_learner/6/rolling_acc,ppo_hier_items200_h1500\PPO_1
1015808,1.0,per_learner/6/rolling_acc,ppo_hier_items200_h1500\PPO_1
1025000,1.0,per_learner/6/rolling_acc,ppo_hier_items200_h1500\PPO_1
1048576,1.0,per_learner/6/rolling_acc,ppo_hier_items200_h1500\PPO_1
1050000,1.0,per_learner/6/rolling_acc,ppo_hier_items200_h1500\PPO_1
1075000,1.0,per_learner/6/rolling_acc,ppo_hier_items200_h1500\PPO_1
1081344,1.0,per_learner/6/rolling_acc,ppo_hier_items200_h1500\PPO_1
1100000,1.0,per_learner/6/rolling_acc,ppo_hier_items200_h1500\PPO_1
1114112,1.0,per_learner/6/rolling_acc,ppo_hier_items200_h1500\PPO_1
1125000,1.0,per_learner/6/rolling_acc,ppo_hier_items200_h1500\PPO_1
1146880,1.0,per_learner/6/rolling_acc,ppo_hier_items200_h1500\PPO_1
1150000,1.0,per_learner/6/rolling_acc,ppo_hier_items200_h1500\PPO_1
1175000,1.0,per_learner/6/rolling_acc,ppo_hier_items200_h1500\PPO_1
1179648,1.0,per_learner/6/rolling_acc,ppo_hier_items200_h1500\PPO_1
1200000,1.0,per_learner/6/rolling_acc,ppo_hier_items200_h1500\PPO_1
1212416,1.0,per_learner/6/rolling_acc,ppo_hier_items200_h1500\PPO_1
1225000,1.0,per_learner/6/rolling_acc,ppo_hier_items200_h1500\PPO_1
1245184,1.0,per_learner/6/rolling_acc,ppo_hier_items200_h1500\PPO_1
1250000,1.0,per_learner/6/rolling_acc,ppo_hier_items200_h1500\PPO_1
1275000,1.0,per_learner/6/rolling_acc,ppo_hier_items200_h1500\PPO_1
1277952,1.0,per_learner/6/rolling_acc,ppo_hier_items200_h1500\PPO_1
1300000,1.0,per_learner/6/rolling_acc,ppo_hier_items200_h1500\PPO_1
1310720,1.0,per_learner/6/rolling_acc,ppo_hier_items200_h1500\PPO_1
1325000,1.0,per_learner/6/rolling_acc,ppo_hier_items200_h1500\PPO_1
1343488,1.0,per_learner/6/rolling_acc,ppo_hier_items200_h1500\PPO_1
1350000,1.0,per_learner/6/rolling_acc,ppo_hier_items200_h1500\PPO_1
1375000,1.0,per_learner/6/rolling_acc,ppo_hier_items200_h1500\PPO_1
1376256,1.0,per_learner/6/rolling_acc,ppo_hier_items200_h1500\PPO_1
1400000,1.0,per_learner/6/rolling_acc,ppo_hier_items200_h1500\PPO_1
1409024,1.0,per_learner/6/rolling_acc,ppo_hier_items200_h1500\PPO_1
1425000,1.0,per_learner/6/rolling_acc,ppo_hier_items200_h1500\PPO_1
1441792,1.0,per_learner/6/rolling_acc,ppo_hier_items200_h1500\PPO_1
1450000,1.0,per_learner/6/rolling_acc,ppo_hier_items200_h1500\PPO_1
1474560,1.0,per_learner/6/rolling_acc,ppo_hier_items200_h1500\PPO_1
1475000,1.0,per_learner/6/rolling_acc,ppo_hier_items200_h1500\PPO_1
1500000,0.9666666388511658,per_learner/6/rolling_acc,ppo_hier_items200_h1500\PPO_1
1507328,1.0,per_learner/6/rolling_acc,ppo_hier_items200_h1500\PPO_1
1525000,1.0,per_learner/6/rolling_acc,ppo_hier_items200_h1500\PPO_1
1540096,1.0,per_learner/6/rolling_acc,ppo_hier_items200_h1500\PPO_1
1550000,1.0,per_learner/6/rolling_acc,ppo_hier_items200_h1500\PPO_1
1572864,1.0,per_learner/6/rolling_acc,ppo_hier_items200_h1500\PPO_1
1575000,1.0,per_learner/6/rolling_acc,ppo_hier_items200_h1500\PPO_1
1600000,1.0,per_learner/6/rolling_acc,ppo_hier_items200_h1500\PPO_1
1605632,1.0,per_learner/6/rolling_acc,ppo_hier_items200_h1500\PPO_1
1625000,1.0,per_learner/6/rolling_acc,ppo_hier_items200_h1500\PPO_1
1638400,1.0,per_learner/6/rolling_acc,ppo_hier_items200_h1500\PPO_1
1650000,1.0,per_learner/6/rolling_acc,ppo_hier_items200_h1500\PPO_1
1671168,1.0,per_learner/6/rolling_acc,ppo_hier_items200_h1500\PPO_1
1675000,1.0,per_learner/6/rolling_acc,ppo_hier_items200_h1500\PPO_1
1700000,1.0,per_learner/6/rolling_acc,ppo_hier_items200_h1500\PPO_1
1703936,1.0,per_learner/6/rolling_acc,ppo_hier_items200_h1500\PPO_1
1725000,1.0,per_learner/6/rolling_acc,ppo_hier_items200_h1500\PPO_1
1736704,1.0,per_learner/6/rolling_acc,ppo_hier_items200_h1500\PPO_1
1750000,1.0,per_learner/6/rolling_acc,ppo_hier_items200_h1500\PPO_1
1769472,1.0,per_learner/6/rolling_acc,ppo_hier_items200_h1500\PPO_1
1775000,1.0,per_learner/6/rolling_acc,ppo_hier_items200_h1500\PPO_1
1800000,1.0,per_learner/6/rolling_acc,ppo_hier_items200_h1500\PPO_1
1802240,1.0,per_learner/6/rolling_acc,ppo_hier_items200_h1500\PPO_1
1825000,1.0,per_learner/6/rolling_acc,ppo_hier_items200_h1500\PPO_1
1835008,1.0,per_learner/6/rolling_acc,ppo_hier_items200_h1500\PPO_1
1850000,1.0,per_learner/6/rolling_acc,ppo_hier_items200_h1500\PPO_1
1867776,1.0,per_learner/6/rolling_acc,ppo_hier_items200_h1500\PPO_1
1875000,1.0,per_learner/6/rolling_acc,ppo_hier_items200_h1500\PPO_1
1900000,1.0,per_learner/6/rolling_acc,ppo_hier_items200_h1500\PPO_1
1900544,1.0,per_learner/6/rolling_acc,ppo_hier_items200_h1500\PPO_1
1925000,1.0,per_learner/6/rolling_acc,ppo_hier_items200_h1500\PPO_1
1933312,1.0,per_learner/6/rolling_acc,ppo_hier_items200_h1500\PPO_1
1950000,1.0,per_learner/6/rolling_acc,ppo_hier_items200_h1500\PPO_1
1966080,1.0,per_learner/6/rolling_acc,ppo_hier_items200_h1500\PPO_1
1975000,1.0,per_learner/6/rolling_acc,ppo_hier_items200_h1500\PPO_1
1998848,1.0,per_learner/6/rolling_acc,ppo_hier_items200_h1500\PPO_1
2000000,1.0,per_learner/6/rolling_acc,ppo_hier_items200_h1500\PPO_1
2025000,1.0,per_learner/6/rolling_acc,ppo_hier_items200_h1500\PPO_1
2031616,1.0,per_learner/6/rolling_acc,ppo_hier_items200_h1500\PPO_1
25000,1.0,per_learner/7/correct,ppo_hier_items200_h1500\PPO_1
32768,1.0,per_learner/7/correct,ppo_hier_items200_h1500\PPO_1
50000,1.0,per_learner/7/correct,ppo_hier_items200_h1500\PPO_1
65536,1.0,per_learner/7/correct,ppo_hier_items200_h1500\PPO_1
75000,1.0,per_learner/7/correct,ppo_hier_items200_h1500\PPO_1
98304,1.0,per_learner/7/correct,ppo_hier_items200_h1500\PPO_1
100000,1.0,per_learner/7/correct,ppo_hier_items200_h1500\PPO_1
125000,1.0,per_learner/7/correct,ppo_hier_items200_h1500\PPO_1
131072,1.0,per_learner/7/correct,ppo_hier_items200_h1500\PPO_1
150000,1.0,per_learner/7/correct,ppo_hier_items200_h1500\PPO_1
163840,1.0,per_learner/7/correct,ppo_hier_items200_h1500\PPO_1
175000,1.0,per_learner/7/correct,ppo_hier_items200_h1500\PPO_1
196608,1.0,per_learner/7/correct,ppo_hier_items200_h1500\PPO_1
200000,1.0,per_learner/7/correct,ppo_hier_items200_h1500\PPO_1
225000,1.0,per_learner/7/correct,ppo_hier_items200_h1500\PPO_1
229376,1.0,per_learner/7/correct,ppo_hier_items200_h1500\PPO_1
250000,1.0,per_learner/7/correct,ppo_hier_items200_h1500\PPO_1
262144,1.0,per_learner/7/correct,ppo_hier_items200_h1500\PPO_1
275000,1.0,per_learner/7/correct,ppo_hier_items200_h1500\PPO_1
294912,1.0,per_learner/7/correct,ppo_hier_items200_h1500\PPO_1
300000,1.0,per_learner/7/correct,ppo_hier_items200_h1500\PPO_1
325000,1.0,per_learner/7/correct,ppo_hier_items200_h1500\PPO_1
327680,1.0,per_learner/7/correct,ppo_hier_items200_h1500\PPO_1
350000,1.0,per_learner/7/correct,ppo_hier_items200_h1500\PPO_1
360448,1.0,per_learner/7/correct,ppo_hier_items200_h1500\PPO_1
375000,1.0,per_learner/7/correct,ppo_hier_items200_h1500\PPO_1
393216,1.0,per_learner/7/correct,ppo_hier_items200_h1500\PPO_1
400000,1.0,per_learner/7/correct,ppo_hier_items200_h1500\PPO_1
425000,1.0,per_learner/7/correct,ppo_hier_items200_h1500\PPO_1
425984,1.0,per_learner/7/correct,ppo_hier_items200_h1500\PPO_1
450000,1.0,per_learner/7/correct,ppo_hier_items200_h1500\PPO_1
458752,1.0,per_learner/7/correct,ppo_hier_items200_h1500\PPO_1
475000,1.0,per_learner/7/correct,ppo_hier_items200_h1500\PPO_1
491520,1.0,per_learner/7/correct,ppo_hier_items200_h1500\PPO_1
500000,1.0,per_learner/7/correct,ppo_hier_items200_h1500\PPO_1
524288,1.0,per_learner/7/correct,ppo_hier_items200_h1500\PPO_1
525000,1.0,per_learner/7/correct,ppo_hier_items200_h1500\PPO_1
550000,1.0,per_learner/7/correct,ppo_hier_items200_h1500\PPO_1
557056,1.0,per_learner/7/correct,ppo_hier_items200_h1500\PPO_1
575000,1.0,per_learner/7/correct,ppo_hier_items200_h1500\PPO_1
589824,1.0,per_learner/7/correct,ppo_hier_items200_h1500\PPO_1
600000,1.0,per_learner/7/correct,ppo_hier_items200_h1500\PPO_1
622592,1.0,per_learner/7/correct,ppo_hier_items200_h1500\PPO_1
625000,1.0,per_learner/7/correct,ppo_hier_items200_h1500\PPO_1
650000,1.0,per_learner/7/correct,ppo_hier_items200_h1500\PPO_1
655360,1.0,per_learner/7/correct,ppo_hier_items200_h1500\PPO_1
675000,1.0,per_learner/7/correct,ppo_hier_items200_h1500\PPO_1
688128,1.0,per_learner/7/correct,ppo_hier_items200_h1500\PPO_1
700000,1.0,per_learner/7/correct,ppo_hier_items200_h1500\PPO_1
720896,1.0,per_learner/7/correct,ppo_hier_items200_h1500\PPO_1
725000,1.0,per_learner/7/correct,ppo_hier_items200_h1500\PPO_1
750000,1.0,per_learner/7/correct,ppo_hier_items200_h1500\PPO_1
753664,1.0,per_learner/7/correct,ppo_hier_items200_h1500\PPO_1
775000,1.0,per_learner/7/correct,ppo_hier_items200_h1500\PPO_1
786432,1.0,per_learner/7/correct,ppo_hier_items200_h1500\PPO_1
800000,1.0,per_learner/7/correct,ppo_hier_items200_h1500\PPO_1
819200,1.0,per_learner/7/correct,ppo_hier_items200_h1500\PPO_1
825000,1.0,per_learner/7/correct,ppo_hier_items200_h1500\PPO_1
850000,1.0,per_learner/7/correct,ppo_hier_items200_h1500\PPO_1
851968,1.0,per_learner/7/correct,ppo_hier_items200_h1500\PPO_1
875000,1.0,per_learner/7/correct,ppo_hier_items200_h1500\PPO_1
884736,1.0,per_learner/7/correct,ppo_hier_items200_h1500\PPO_1
900000,1.0,per_learner/7/correct,ppo_hier_items200_h1500\PPO_1
917504,1.0,per_learner/7/correct,ppo_hier_items200_h1500\PPO_1
925000,1.0,per_learner/7/correct,ppo_hier_items200_h1500\PPO_1
950000,1.0,per_learner/7/correct,ppo_hier_items200_h1500\PPO_1
950272,1.0,per_learner/7/correct,ppo_hier_items200_h1500\PPO_1
975000,1.0,per_learner/7/correct,ppo_hier_items200_h1500\PPO_1
983040,1.0,per_learner/7/correct,ppo_hier_items200_h1500\PPO_1
1000000,1.0,per_learner/7/correct,ppo_hier_items200_h1500\PPO_1
1015808,1.0,per_learner/7/correct,ppo_hier_items200_h1500\PPO_1
1025000,1.0,per_learner/7/correct,ppo_hier_items200_h1500\PPO_1
1048576,1.0,per_learner/7/correct,ppo_hier_items200_h1500\PPO_1
1050000,1.0,per_learner/7/correct,ppo_hier_items200_h1500\PPO_1
1075000,1.0,per_learner/7/correct,ppo_hier_items200_h1500\PPO_1
1081344,1.0,per_learner/7/correct,ppo_hier_items200_h1500\PPO_1
1100000,1.0,per_learner/7/correct,ppo_hier_items200_h1500\PPO_1
1114112,1.0,per_learner/7/correct,ppo_hier_items200_h1500\PPO_1
1125000,1.0,per_learner/7/correct,ppo_hier_items200_h1500\PPO_1
1146880,1.0,per_learner/7/correct,ppo_hier_items200_h1500\PPO_1
1150000,1.0,per_learner/7/correct,ppo_hier_items200_h1500\PPO_1
1175000,1.0,per_learner/7/correct,ppo_hier_items200_h1500\PPO_1
1179648,1.0,per_learner/7/correct,ppo_hier_items200_h1500\PPO_1
1200000,1.0,per_learner/7/correct,ppo_hier_items200_h1500\PPO_1
1212416,1.0,per_learner/7/correct,ppo_hier_items200_h1500\PPO_1
1225000,1.0,per_learner/7/correct,ppo_hier_items200_h1500\PPO_1
1245184,1.0,per_learner/7/correct,ppo_hier_items200_h1500\PPO_1
1250000,1.0,per_learner/7/correct,ppo_hier_items200_h1500\PPO_1
1275000,1.0,per_learner/7/correct,ppo_hier_items200_h1500\PPO_1
1277952,1.0,per_learner/7/correct,ppo_hier_items200_h1500\PPO_1
1300000,1.0,per_learner/7/correct,ppo_hier_items200_h1500\PPO_1
1310720,1.0,per_learner/7/correct,ppo_hier_items200_h1500\PPO_1
1325000,1.0,per_learner/7/correct,ppo_hier_items200_h1500\PPO_1
1343488,1.0,per_learner/7/correct,ppo_hier_items200_h1500\PPO_1
1350000,1.0,per_learner/7/correct,ppo_hier_items200_h1500\PPO_1
1375000,1.0,per_learner/7/correct,ppo_hier_items200_h1500\PPO_1
1376256,1.0,per_learner/7/correct,ppo_hier_items200_h1500\PPO_1
1400000,1.0,per_learner/7/correct,ppo_hier_items200_h1500\PPO_1
1409024,1.0,per_learner/7/correct,ppo_hier_items200_h1500\PPO_1
1425000,1.0,per_learner/7/correct,ppo_hier_items200_h1500\PPO_1
1441792,1.0,per_learner/7/correct,ppo_hier_items200_h1500\PPO_1
1450000,1.0,per_learner/7/correct,ppo_hier_items200_h1500\PPO_1
1474560,1.0,per_learner/7/correct,ppo_hier_items200_h1500\PPO_1
1475000,1.0,per_learner/7/correct,ppo_hier_items200_h1500\PPO_1
1500000,1.0,per_learner/7/correct,ppo_hier_items200_h1500\PPO_1
1507328,1.0,per_learner/7/correct,ppo_hier_items200_h1500\PPO_1
1525000,1.0,per_learner/7/correct,ppo_hier_items200_h1500\PPO_1
1540096,1.0,per_learner/7/correct,ppo_hier_items200_h1500\PPO_1
1550000,1.0,per_learner/7/correct,ppo_hier_items200_h1500\PPO_1
1572864,1.0,per_learner/7/correct,ppo_hier_items200_h1500\PPO_1
1575000,1.0,per_learner/7/correct,ppo_hier_items200_h1500\PPO_1
1600000,1.0,per_learner/7/correct,ppo_hier_items200_h1500\PPO_1
1605632,1.0,per_learner/7/correct,ppo_hier_items200_h1500\PPO_1
1625000,1.0,per_learner/7/correct,ppo_hier_items200_h1500\PPO_1
1638400,1.0,per_learner/7/correct,ppo_hier_items200_h1500\PPO_1
1650000,1.0,per_learner/7/correct,ppo_hier_items200_h1500\PPO_1
1671168,1.0,per_learner/7/correct,ppo_hier_items200_h1500\PPO_1
1675000,1.0,per_learner/7/correct,ppo_hier_items200_h1500\PPO_1
1700000,1.0,per_learner/7/correct,ppo_hier_items200_h1500\PPO_1
1703936,1.0,per_learner/7/correct,ppo_hier_items200_h1500\PPO_1
1725000,1.0,per_learner/7/correct,ppo_hier_items200_h1500\PPO_1
1736704,1.0,per_learner/7/correct,ppo_hier_items200_h1500\PPO_1
1750000,1.0,per_learner/7/correct,ppo_hier_items200_h1500\PPO_1
1769472,1.0,per_learner/7/correct,ppo_hier_items200_h1500\PPO_1
1775000,1.0,per_learner/7/correct,ppo_hier_items200_h1500\PPO_1
1800000,1.0,per_learner/7/correct,ppo_hier_items200_h1500\PPO_1
1802240,1.0,per_learner/7/correct,ppo_hier_items200_h1500\PPO_1
1825000,1.0,per_learner/7/correct,ppo_hier_items200_h1500\PPO_1
1835008,1.0,per_learner/7/correct,ppo_hier_items200_h1500\PPO_1
1850000,1.0,per_learner/7/correct,ppo_hier_items200_h1500\PPO_1
1867776,1.0,per_learner/7/correct,ppo_hier_items200_h1500\PPO_1
1875000,1.0,per_learner/7/correct,ppo_hier_items200_h1500\PPO_1
1900000,1.0,per_learner/7/correct,ppo_hier_items200_h1500\PPO_1
1900544,1.0,per_learner/7/correct,ppo_hier_items200_h1500\PPO_1
1925000,1.0,per_learner/7/correct,ppo_hier_items200_h1500\PPO_1
1933312,1.0,per_learner/7/correct,ppo_hier_items200_h1500\PPO_1
1950000,1.0,per_learner/7/correct,ppo_hier_items200_h1500\PPO_1
1966080,1.0,per_learner/7/correct,ppo_hier_items200_h1500\PPO_1
1975000,1.0,per_learner/7/correct,ppo_hier_items200_h1500\PPO_1
1998848,1.0,per_learner/7/correct,ppo_hier_items200_h1500\PPO_1
2000000,1.0,per_learner/7/correct,ppo_hier_items200_h1500\PPO_1
2025000,1.0,per_learner/7/correct,ppo_hier_items200_h1500\PPO_1
2031616,1.0,per_learner/7/correct,ppo_hier_items200_h1500\PPO_1
25000,0.0,per_learner/7/mastered_count,ppo_hier_items200_h1500\PPO_1
32768,5.0,per_learner/7/mastered_count,ppo_hier_items200_h1500\PPO_1
50000,0.0,per_learner/7/mastered_count,ppo_hier_items200_h1500\PPO_1
65536,2.0,per_learner/7/mastered_count,ppo_hier_items200_h1500\PPO_1
75000,0.0,per_learner/7/mastered_count,ppo_hier_items200_h1500\PPO_1
98304,0.0,per_learner/7/mastered_count,ppo_hier_items200_h1500\PPO_1
100000,1.0,per_learner/7/mastered_count,ppo_hier_items200_h1500\PPO_1
125000,4.0,per_learner/7/mastered_count,ppo_hier_items200_h1500\PPO_1
131072,14.0,per_learner/7/mastered_count,ppo_hier_items200_h1500\PPO_1
150000,4.0,per_learner/7/mastered_count,ppo_hier_items200_h1500\PPO_1
163840,8.0,per_learner/7/mastered_count,ppo_hier_items200_h1500\PPO_1
175000,4.0,per_learner/7/mastered_count,ppo_hier_items200_h1500\PPO_1
196608,3.0,per_learner/7/mastered_count,ppo_hier_items200_h1500\PPO_1
200000,10.0,per_learner/7/mastered_count,ppo_hier_items200_h1500\PPO_1
225000,8.0,per_learner/7/mastered_count,ppo_hier_items200_h1500\PPO_1
229376,0.0,per_learner/7/mastered_count,ppo_hier_items200_h1500\PPO_1
250000,7.0,per_learner/7/mastered_count,ppo_hier_items200_h1500\PPO_1
262144,9.0,per_learner/7/mastered_count,ppo_hier_items200_h1500\PPO_1
275000,11.0,per_learner/7/mastered_count,ppo_hier_items200_h1500\PPO_1
294912,2.0,per_learner/7/mastered_count,ppo_hier_items200_h1500\PPO_1
300000,9.0,per_learner/7/mastered_count,ppo_hier_items200_h1500\PPO_1
325000,0.0,per_learner/7/mastered_count,ppo_hier_items200_h1500\PPO_1
327680,2.0,per_learner/7/mastered_count,ppo_hier_items200_h1500\PPO_1
350000,1.0,per_learner/7/mastered_count,ppo_hier_items200_h1500\PPO_1
360448,0.0,per_learner/7/mastered_count,ppo_hier_items200_h1500\PPO_1
375000,0.0,per_learner/7/mastered_count,ppo_hier_items200_h1500\PPO_1
393216,6.0,per_learner/7/mastered_count,ppo_hier_items200_h1500\PPO_1
400000,1.0,per_learner/7/mastered_count,ppo_hier_items200_h1500\PPO_1
425000,4.0,per_learner/7/mastered_count,ppo_hier_items200_h1500\PPO_1
425984,7.0,per_learner/7/mastered_count,ppo_hier_items200_h1500\PPO_1
450000,1.0,per_learner/7/mastered_count,ppo_hier_items200_h1500\PPO_1
458752,1.0,per_learner/7/mastered_count,ppo_hier_items200_h1500\PPO_1
475000,5.0,per_learner/7/mastered_count,ppo_hier_items200_h1500\PPO_1
491520,7.0,per_learner/7/mastered_count,ppo_hier_items200_h1500\PPO_1
500000,8.0,per_learner/7/mastered_count,ppo_hier_items200_h1500\PPO_1
524288,5.0,per_learner/7/mastered_count,ppo_hier_items200_h1500\PPO_1
525000,10.0,per_learner/7/mastered_count,ppo_hier_items200_h1500\PPO_1
550000,11.0,per_learner/7/mastered_count,ppo_hier_items200_h1500\PPO_1
557056,2.0,per_learner/7/mastered_count,ppo_hier_items200_h1500\PPO_1
575000,13.0,per_learner/7/mastered_count,ppo_hier_items200_h1500\PPO_1
589824,1.0,per_learner/7/mastered_count,ppo_hier_items200_h1500\PPO_1
600000,11.0,per_learner/7/mastered_count,ppo_hier_items200_h1500\PPO_1
622592,12.0,per_learner/7/mastered_count,ppo_hier_items200_h1500\PPO_1
625000,0.0,per_learner/7/mastered_count,ppo_hier_items200_h1500\PPO_1
650000,1.0,per_learner/7/mastered_count,ppo_hier_items200_h1500\PPO_1
655360,5.0,per_learner/7/mastered_count,ppo_hier_items200_h1500\PPO_1
675000,6.0,per_learner/7/mastered_count,ppo_hier_items200_h1500\PPO_1
688128,1.0,per_learner/7/mastered_count,ppo_hier_items200_h1500\PPO_1
700000,3.0,per_learner/7/mastered_count,ppo_hier_items200_h1500\PPO_1
720896,0.0,per_learner/7/mastered_count,ppo_hier_items200_h1500\PPO_1
725000,6.0,per_learner/7/mastered_count,ppo_hier_items200_h1500\PPO_1
750000,7.0,per_learner/7/mastered_count,ppo_hier_items200_h1500\PPO_1
753664,12.0,per_learner/7/mastered_count,ppo_hier_items200_h1500\PPO_1
775000,11.0,per_learner/7/mastered_count,ppo_hier_items200_h1500\PPO_1
786432,7.0,per_learner/7/mastered_count,ppo_hier_items200_h1500\PPO_1
800000,10.0,per_learner/7/mastered_count,ppo_hier_items200_h1500\PPO_1
819200,1.0,per_learner/7/mastered_count,ppo_hier_items200_h1500\PPO_1
825000,14.0,per_learner/7/mastered_count,ppo_hier_items200_h1500\PPO_1
850000,12.0,per_learner/7/mastered_count,ppo_hier_items200_h1500\PPO_1
851968,19.0,per_learner/7/mastered_count,ppo_hier_items200_h1500\PPO_1
875000,18.0,per_learner/7/mastered_count,ppo_hier_items200_h1500\PPO_1
884736,12.0,per_learner/7/mastered_count,ppo_hier_items200_h1500\PPO_1
900000,18.0,per_learner/7/mastered_count,ppo_hier_items200_h1500\PPO_1
917504,6.0,per_learner/7/mastered_count,ppo_hier_items200_h1500\PPO_1
925000,2.0,per_learner/7/mastered_count,ppo_hier_items200_h1500\PPO_1
950000,4.0,per_learner/7/mastered_count,ppo_hier_items200_h1500\PPO_1
950272,0.0,per_learner/7/mastered_count,ppo_hier_items200_h1500\PPO_1
975000,3.0,per_learner/7/mastered_count,ppo_hier_items200_h1500\PPO_1
983040,17.0,per_learner/7/mastered_count,ppo_hier_items200_h1500\PPO_1
1000000,6.0,per_learner/7/mastered_count,ppo_hier_items200_h1500\PPO_1
1015808,11.0,per_learner/7/mastered_count,ppo_hier_items200_h1500\PPO_1
1025000,7.0,per_learner/7/mastered_count,ppo_hier_items200_h1500\PPO_1
1048576,9.0,per_learner/7/mastered_count,ppo_hier_items200_h1500\PPO_1
1050000,10.0,per_learner/7/mastered_count,ppo_hier_items200_h1500\PPO_1
1075000,10.0,per_learner/7/mastered_count,ppo_hier_items200_h1500\PPO_1
1081344,1.0,per_learner/7/mastered_count,ppo_hier_items200_h1500\PPO_1
1100000,15.0,per_learner/7/mastered_count,ppo_hier_items200_h1500\PPO_1
1114112,18.0,per_learner/7/mastered_count,ppo_hier_items200_h1500\PPO_1
1125000,10.0,per_learner/7/mastered_count,ppo_hier_items200_h1500\PPO_1
1146880,9.0,per_learner/7/mastered_count,ppo_hier_items200_h1500\PPO_1
1150000,17.0,per_learner/7/mastered_count,ppo_hier_items200_h1500\PPO_1
1175000,20.0,per_learner/7/mastered_count,ppo_hier_items200_h1500\PPO_1
1179648,6.0,per_learner/7/mastered_count,ppo_hier_items200_h1500\PPO_1
1200000,19.0,per_learner/7/mastered_count,ppo_hier_items200_h1500\PPO_1
1212416,0.0,per_learner/7/mastered_count,ppo_hier_items200_h1500\PPO_1
1225000,1.0,per_learner/7/mastered_count,ppo_hier_items200_h1500\PPO_1
1245184,14.0,per_learner/7/mastered_count,ppo_hier_items200_h1500\PPO_1
1250000,2.0,per_learner/7/mastered_count,ppo_hier_items200_h1500\PPO_1
1275000,5.0,per_learner/7/mastered_count,ppo_hier_items200_h1500\PPO_1
1277952,7.0,per_learner/7/mastered_count,ppo_hier_items200_h1500\PPO_1
1300000,6.0,per_learner/7/mastered_count,ppo_hier_items200_h1500\PPO_1
1310720,2.0,per_learner/7/mastered_count,ppo_hier_items200_h1500\PPO_1
1325000,6.0,per_learner/7/mastered_count,ppo_hier_items200_h1500\PPO_1
1343488,16.0,per_learner/7/mastered_count,ppo_hier_items200_h1500\PPO_1
1350000,14.0,per_learner/7/mastered_count,ppo_hier_items200_h1500\PPO_1
1375000,13.0,per_learner/7/mastered_count,ppo_hier_items200_h1500\PPO_1
1376256,13.0,per_learner/7/mastered_count,ppo_hier_items200_h1500\PPO_1
1400000,8.0,per_learner/7/mastered_count,ppo_hier_items200_h1500\PPO_1
1409024,10.0,per_learner/7/mastered_count,ppo_hier_items200_h1500\PPO_1
1425000,16.0,per_learner/7/mastered_count,ppo_hier_items200_h1500\PPO_1
1441792,1.0,per_learner/7/mastered_count,ppo_hier_items200_h1500\PPO_1
1450000,16.0,per_learner/7/mastered_count,ppo_hier_items200_h1500\PPO_1
1474560,19.0,per_learner/7/mastered_count,ppo_hier_items200_h1500\PPO_1
1475000,20.0,per_learner/7/mastered_count,ppo_hier_items200_h1500\PPO_1
1500000,28.0,per_learner/7/mastered_count,ppo_hier_items200_h1500\PPO_1
1507328,14.0,per_learner/7/mastered_count,ppo_hier_items200_h1500\PPO_1
1525000,0.0,per_learner/7/mastered_count,ppo_hier_items200_h1500\PPO_1
1540096,8.0,per_learner/7/mastered_count,ppo_hier_items200_h1500\PPO_1
1550000,2.0,per_learner/7/mastered_count,ppo_hier_items200_h1500\PPO_1
1572864,0.0,per_learner/7/mastered_count,ppo_hier_items200_h1500\PPO_1
1575000,7.0,per_learner/7/mastered_count,ppo_hier_items200_h1500\PPO_1
1600000,12.0,per_learner/7/mastered_count,ppo_hier_items200_h1500\PPO_1
1605632,22.0,per_learner/7/mastered_count,ppo_hier_items200_h1500\PPO_1
1625000,16.0,per_learner/7/mastered_count,ppo_hier_items200_h1500\PPO_1
1638400,12.0,per_learner/7/mastered_count,ppo_hier_items200_h1500\PPO_1
1650000,12.0,per_learner/7/mastered_count,ppo_hier_items200_h1500\PPO_1
1671168,8.0,per_learner/7/mastered_count,ppo_hier_items200_h1500\PPO_1
1675000,15.0,per_learner/7/mastered_count,ppo_hier_items200_h1500\PPO_1
1700000,15.0,per_learner/7/mastered_count,ppo_hier_items200_h1500\PPO_1
1703936,23.0,per_learner/7/mastered_count,ppo_hier_items200_h1500\PPO_1
1725000,19.0,per_learner/7/mastered_count,ppo_hier_items200_h1500\PPO_1
1736704,18.0,per_learner/7/mastered_count,ppo_hier_items200_h1500\PPO_1
1750000,20.0,per_learner/7/mastered_count,ppo_hier_items200_h1500\PPO_1
1769472,10.0,per_learner/7/mastered_count,ppo_hier_items200_h1500\PPO_1
1775000,23.0,per_learner/7/mastered_count,ppo_hier_items200_h1500\PPO_1
1800000,20.0,per_learner/7/mastered_count,ppo_hier_items200_h1500\PPO_1
1802240,1.0,per_learner/7/mastered_count,ppo_hier_items200_h1500\PPO_1
1825000,1.0,per_learner/7/mastered_count,ppo_hier_items200_h1500\PPO_1
1835008,22.0,per_learner/7/mastered_count,ppo_hier_items200_h1500\PPO_1
1850000,5.0,per_learner/7/mastered_count,ppo_hier_items200_h1500\PPO_1
1867776,22.0,per_learner/7/mastered_count,ppo_hier_items200_h1500\PPO_1
1875000,9.0,per_learner/7/mastered_count,ppo_hier_items200_h1500\PPO_1
1900000,11.0,per_learner/7/mastered_count,ppo_hier_items200_h1500\PPO_1
1900544,16.0,per_learner/7/mastered_count,ppo_hier_items200_h1500\PPO_1
1925000,14.0,per_learner/7/mastered_count,ppo_hier_items200_h1500\PPO_1
1933312,2.0,per_learner/7/mastered_count,ppo_hier_items200_h1500\PPO_1
1950000,14.0,per_learner/7/mastered_count,ppo_hier_items200_h1500\PPO_1
1966080,27.0,per_learner/7/mastered_count,ppo_hier_items200_h1500\PPO_1
1975000,18.0,per_learner/7/mastered_count,ppo_hier_items200_h1500\PPO_1
1998848,15.0,per_learner/7/mastered_count,ppo_hier_items200_h1500\PPO_1
2000000,16.0,per_learner/7/mastered_count,ppo_hier_items200_h1500\PPO_1
2025000,22.0,per_learner/7/mastered_count,ppo_hier_items200_h1500\PPO_1
2031616,9.0,per_learner/7/mastered_count,ppo_hier_items200_h1500\PPO_1
25000,0.999136745929718,per_learner/7/p_correct,ppo_hier_items200_h1500\PPO_1
32768,0.992703378200531,per_learner/7/p_correct,ppo_hier_items200_h1500\PPO_1
50000,0.9984158873558044,per_learner/7/p_correct,ppo_hier_items200_h1500\PPO_1
65536,0.9957828521728516,per_learner/7/p_correct,ppo_hier_items200_h1500\PPO_1
75000,0.9977185726165771,per_learner/7/p_correct,ppo_hier_items200_h1500\PPO_1
98304,0.9979960918426514,per_learner/7/p_correct,ppo_hier_items200_h1500\PPO_1
100000,0.9968023300170898,per_learner/7/p_correct,ppo_hier_items200_h1500\PPO_1
125000,0.9956632852554321,per_learner/7/p_correct,ppo_hier_items200_h1500\PPO_1
131072,0.9904068112373352,per_learner/7/p_correct,ppo_hier_items200_h1500\PPO_1
150000,0.9947126507759094,per_learner/7/p_correct,ppo_hier_items200_h1500\PPO_1
163840,0.9931975603103638,per_learner/7/p_correct,ppo_hier_items200_h1500\PPO_1
175000,0.9949149489402771,per_learner/7/p_correct,ppo_hier_items200_h1500\PPO_1
196608,0.9990857243537903,per_learner/7/p_correct,ppo_hier_items200_h1500\PPO_1
200000,0.994596004486084,per_learner/7/p_correct,ppo_hier_items200_h1500\PPO_1
225000,0.9926568865776062,per_learner/7/p_correct,ppo_hier_items200_h1500\PPO_1
229376,0.9990030527114868,per_learner/7/p_correct,ppo_hier_items200_h1500\PPO_1
250000,0.999224066734314,per_learner/7/p_correct,ppo_hier_items200_h1500\PPO_1
262144,0.9967571496963501,per_learner/7/p_correct,ppo_hier_items200_h1500\PPO_1
275000,0.9904757738113403,per_learner/7/p_correct,ppo_hier_items200_h1500\PPO_1
294912,0.9940072894096375,per_learner/7/p_correct,ppo_hier_items200_h1500\PPO_1
300000,0.9993526935577393,per_learner/7/p_correct,ppo_hier_items200_h1500\PPO_1
325000,0.9992769956588745,per_learner/7/p_correct,ppo_hier_items200_h1500\PPO_1
327680,0.9997779130935669,per_learner/7/p_correct,ppo_hier_items200_h1500\PPO_1
350000,0.9999707937240601,per_learner/7/p_correct,ppo_hier_items200_h1500\PPO_1
360448,0.9996100664138794,per_learner/7/p_correct,ppo_hier_items200_h1500\PPO_1
375000,0.9976024031639099,per_learner/7/p_correct,ppo_hier_items200_h1500\PPO_1
393216,0.9923386573791504,per_learner/7/p_correct,ppo_hier_items200_h1500\PPO_1
400000,0.9990935325622559,per_learner/7/p_correct,ppo_hier_items200_h1500\PPO_1
425000,0.9989628791809082,per_learner/7/p_correct,ppo_hier_items200_h1500\PPO_1
425984,0.9999940991401672,per_learner/7/p_correct,ppo_hier_items200_h1500\PPO_1
450000,0.9947968125343323,per_learner/7/p_correct,ppo_hier_items200_h1500\PPO_1
458752,0.997800886631012,per_learner/7/p_correct,ppo_hier_items200_h1500\PPO_1
475000,0.9949149489402771,per_learner/7/p_correct,ppo_hier_items200_h1500\PPO_1
491520,0.9958805441856384,per_learner/7/p_correct,ppo_hier_items200_h1500\PPO_1
500000,0.9939176440238953,per_learner/7/p_correct,ppo_hier_items200_h1500\PPO_1
524288,0.9933726191520691,per_learner/7/p_correct,ppo_hier_items200_h1500\PPO_1
525000,0.998728334903717,per_learner/7/p_correct,ppo_hier_items200_h1500\PPO_1
550000,0.991843581199646,per_learner/7/p_correct,ppo_hier_items200_h1500\PPO_1
557056,0.9955437779426575,per_learner/7/p_correct,ppo_hier_items200_h1500\PPO_1
575000,0.9920232892036438,per_learner/7/p_correct,ppo_hier_items200_h1500\PPO_1
589824,0.9984776973724365,per_learner/7/p_correct,ppo_hier_items200_h1500\PPO_1
600000,0.9908873438835144,per_learner/7/p_correct,ppo_hier_items200_h1500\PPO_1
622592,0.9928299188613892,per_learner/7/p_correct,ppo_hier_items200_h1500\PPO_1
625000,0.9992430210113525,per_learner/7/p_correct,ppo_hier_items200_h1500\PPO_1
650000,0.9982672333717346,per_learner/7/p_correct,ppo_hier_items200_h1500\PPO_1
655360,0.9998897910118103,per_learner/7/p_correct,ppo_hier_items200_h1500\PPO_1
675000,0.9973984956741333,per_learner/7/p_correct,ppo_hier_items200_h1500\PPO_1
688128,0.9964125156402588,per_learner/7/p_correct,ppo_hier_items200_h1500\PPO_1
700000,0.9998763799667358,per_learner/7/p_correct,ppo_hier_items200_h1500\PPO_1
720896,0.9993284344673157,per_learner/7/p_correct,ppo_hier_items200_h1500\PPO_1
725000,0.9960029125213623,per_learner/7/p_correct,ppo_hier_items200_h1500\PPO_1
750000,0.9954484701156616,per_learner/7/p_correct,ppo_hier_items200_h1500\PPO_1
753664,0.9997437000274658,per_learner/7/p_correct,ppo_hier_items200_h1500\PPO_1
775000,0.9982976913452148,per_learner/7/p_correct,ppo_hier_items200_h1500\PPO_1
786432,0.9993643760681152,per_learner/7/p_correct,ppo_hier_items200_h1500\PPO_1
800000,0.9988040924072266,per_learner/7/p_correct,ppo_hier_items200_h1500\PPO_1
819200,0.9973805546760559,per_learner/7/p_correct,ppo_hier_items200_h1500\PPO_1
825000,0.9922088384628296,per_learner/7/p_correct,ppo_hier_items200_h1500\PPO_1
850000,0.9913384914398193,per_learner/7/p_correct,ppo_hier_items200_h1500\PPO_1
851968,0.9909055233001709,per_learner/7/p_correct,ppo_hier_items200_h1500\PPO_1
875000,0.9916561841964722,per_learner/7/p_correct,ppo_hier_items200_h1500\PPO_1
884736,0.993365466594696,per_learner/7/p_correct,ppo_hier_items200_h1500\PPO_1
900000,0.9956238269805908,per_learner/7/p_correct,ppo_hier_items200_h1500\PPO_1
917504,0.9962731599807739,per_learner/7/p_correct,ppo_hier_items200_h1500\PPO_1
925000,0.9991227388381958,per_learner/7/p_correct,ppo_hier_items200_h1500\PPO_1
950000,0.9983686208724976,per_learner/7/p_correct,ppo_hier_items200_h1500\PPO_1
950272,0.9995850920677185,per_learner/7/p_correct,ppo_hier_items200_h1500\PPO_1
975000,0.9976024031639099,per_learner/7/p_correct,ppo_hier_items200_h1500\PPO_1
983040,0.9919827580451965,per_learner/7/p_correct,ppo_hier_items200_h1500\PPO_1
1000000,0.9966712594032288,per_learner/7/p_correct,ppo_hier_items200_h1500\PPO_1
1015808,0.9940633773803711,per_learner/7/p_correct,ppo_hier_items200_h1500\PPO_1
1025000,0.9966197609901428,per_learner/7/p_correct,ppo_hier_items200_h1500\PPO_1
1048576,0.9965128898620605,per_learner/7/p_correct,ppo_hier_items200_h1500\PPO_1
1050000,0.9951072931289673,per_learner/7/p_correct,ppo_hier_items200_h1500\PPO_1
1075000,0.9977027177810669,per_learner/7/p_correct,ppo_hier_items200_h1500\PPO_1
1081344,0.9996162056922913,per_learner/7/p_correct,ppo_hier_items200_h1500\PPO_1
1100000,0.9999167323112488,per_learner/7/p_correct,ppo_hier_items200_h1500\PPO_1
1114112,0.9926657676696777,per_learner/7/p_correct,ppo_hier_items200_h1500\PPO_1
1125000,0.9934651255607605,per_learner/7/p_correct,ppo_hier_items200_h1500\PPO_1
1146880,0.9999322295188904,per_learner/7/p_correct,ppo_hier_items200_h1500\PPO_1
1150000,0.9966505169868469,per_learner/7/p_correct,ppo_hier_items200_h1500\PPO_1
1175000,0.9997633099555969,per_learner/7/p_correct,ppo_hier_items200_h1500\PPO_1
1179648,0.9968290328979492,per_learner/7/p_correct,ppo_hier_items200_h1500\PPO_1
1200000,0.9896138310432434,per_learner/7/p_correct,ppo_hier_items200_h1500\PPO_1
1212416,0.999639093875885,per_learner/7/p_correct,ppo_hier_items200_h1500\PPO_1
1225000,0.999970018863678,per_learner/7/p_correct,ppo_hier_items200_h1500\PPO_1
1245184,0.993790864944458,per_learner/7/p_correct,ppo_hier_items200_h1500\PPO_1
1250000,0.9983751773834229,per_learner/7/p_correct,ppo_hier_items200_h1500\PPO_1
1275000,0.9978324770927429,per_learner/7/p_correct,ppo_hier_items200_h1500\PPO_1
1277952,0.9947549104690552,per_learner/7/p_correct,ppo_hier_items200_h1500\PPO_1
1300000,0.9971051812171936,per_learner/7/p_correct,ppo_hier_items200_h1500\PPO_1
1310720,0.9998188018798828,per_learner/7/p_correct,ppo_hier_items200_h1500\PPO_1
1325000,0.9956632852554321,per_learner/7/p_correct,ppo_hier_items200_h1500\PPO_1
1343488,0.9922257661819458,per_learner/7/p_correct,ppo_hier_items200_h1500\PPO_1
1350000,0.9952105283737183,per_learner/7/p_correct,ppo_hier_items200_h1500\PPO_1
1375000,0.9985411167144775,per_learner/7/p_correct,ppo_hier_items200_h1500\PPO_1
1376256,0.9932558536529541,per_learner/7/p_correct,ppo_hier_items200_h1500\PPO_1
1400000,0.9978110790252686,per_learner/7/p_correct,ppo_hier_items200_h1500\PPO_1
1409024,0.9963493943214417,per_learner/7/p_correct,ppo_hier_items200_h1500\PPO_1
1425000,0.9939097166061401,per_learner/7/p_correct,ppo_hier_items200_h1500\PPO_1
1441792,0.9987887144088745,per_learner/7/p_correct,ppo_hier_items200_h1500\PPO_1
1450000,0.9927468299865723,per_learner/7/p_correct,ppo_hier_items200_h1500\PPO_1
1474560,0.9990667104721069,per_learner/7/p_correct,ppo_hier_items200_h1500\PPO_1
1475000,0.9986758828163147,per_learner/7/p_correct,ppo_hier_items200_h1500\PPO_1
1500000,0.999575138092041,per_learner/7/p_correct,ppo_hier_items200_h1500\PPO_1
1507328,0.9935376048088074,per_learner/7/p_correct,ppo_hier_items200_h1500\PPO_1
1525000,0.9991937875747681,per_learner/7/p_correct,ppo_hier_items200_h1500\PPO_1
1540096,0.9972211718559265,per_learner/7/p_correct,ppo_hier_items200_h1500\PPO_1
1550000,0.9984030723571777,per_learner/7/p_correct,ppo_hier_items200_h1500\PPO_1
1572864,0.999701976776123,per_learner/7/p_correct,ppo_hier_items200_h1500\PPO_1
1575000,0.9994311332702637,per_learner/7/p_correct,ppo_hier_items200_h1500\PPO_1
1600000,0.9968151450157166,per_learner/7/p_correct,ppo_hier_items200_h1500\PPO_1
1605632,0.9926983714103699,per_learner/7/p_correct,ppo_hier_items200_h1500\PPO_1
1625000,0.9958391785621643,per_learner/7/p_correct,ppo_hier_items200_h1500\PPO_1
1638400,0.9944435358047485,per_learner/7/p_correct,ppo_hier_items200_h1500\PPO_1
1650000,0.9959428906440735,per_learner/7/p_correct,ppo_hier_items200_h1500\PPO_1
1671168,0.9974679350852966,per_learner/7/p_correct,ppo_hier_items200_h1500\PPO_1
1675000,0.9949149489402771,per_learner/7/p_correct,ppo_hier_items200_h1500\PPO_1
1700000,0.9929611086845398,per_learner/7/p_correct,ppo_hier_items200_h1500\PPO_1
1703936,0.9900801181793213,per_learner/7/p_correct,ppo_hier_items200_h1500\PPO_1
1725000,0.9931592345237732,per_learner/7/p_correct,ppo_hier_items200_h1500\PPO_1
1736704,0.9941149950027466,per_learner/7/p_correct,ppo_hier_items200_h1500\PPO_1
1750000,0.9932347536087036,per_learner/7/p_correct,ppo_hier_items200_h1500\PPO_1
1769472,0.9952611923217773,per_learner/7/p_correct,ppo_hier_items200_h1500\PPO_1
1775000,0.9996289014816284,per_learner/7/p_correct,ppo_hier_items200_h1500\PPO_1
1800000,0.9904249310493469,per_learner/7/p_correct,ppo_hier_items200_h1500\PPO_1
1802240,0.9980201721191406,per_learner/7/p_correct,ppo_hier_items200_h1500\PPO_1
1825000,0.999854326248169,per_learner/7/p_correct,ppo_hier_items200_h1500\PPO_1
1835008,0.9903080463409424,per_learner/7/p_correct,ppo_hier_items200_h1500\PPO_1
1850000,0.9983751773834229,per_learner/7/p_correct,ppo_hier_items200_h1500\PPO_1
1867776,0.9998766183853149,per_learner/7/p_correct,ppo_hier_items200_h1500\PPO_1
1875000,0.9976024031639099,per_learner/7/p_correct,ppo_hier_items200_h1500\PPO_1
1900000,0.9967464208602905,per_learner/7/p_correct,ppo_hier_items200_h1500\PPO_1
1900544,0.9959948658943176,per_learner/7/p_correct,ppo_hier_items200_h1500\PPO_1
1925000,0.9956702589988708,per_learner/7/p_correct,ppo_hier_items200_h1500\PPO_1
1933312,0.9988653659820557,per_learner/7/p_correct,ppo_hier_items200_h1500\PPO_1
1950000,0.9993224740028381,per_learner/7/p_correct,ppo_hier_items200_h1500\PPO_1
1966080,0.9931807518005371,per_learner/7/p_correct,ppo_hier_items200_h1500\PPO_1
1975000,0.9949323534965515,per_learner/7/p_correct,ppo_hier_items200_h1500\PPO_1
1998848,0.9982967972755432,per_learner/7/p_correct,ppo_hier_items200_h1500\PPO_1
2000000,0.9983581304550171,per_learner/7/p_correct,ppo_hier_items200_h1500\PPO_1
2025000,0.9934709668159485,per_learner/7/p_correct,ppo_hier_items200_h1500\PPO_1
2031616,0.996990978717804,per_learner/7/p_correct,ppo_hier_items200_h1500\PPO_1
25000,0.999215841293335,per_learner/7/reward,ppo_hier_items200_h1500\PPO_1
32768,1.0008240938186646,per_learner/7/reward,ppo_hier_items200_h1500\PPO_1
50000,0.999396026134491,per_learner/7/reward,ppo_hier_items200_h1500\PPO_1
65536,1.0000542402267456,per_learner/7/reward,ppo_hier_items200_h1500\PPO_1
75000,0.999570369720459,per_learner/7/reward,ppo_hier_items200_h1500\PPO_1
98304,0.9995009899139404,per_learner/7/reward,ppo_hier_items200_h1500\PPO_1
100000,0.9997994303703308,per_learner/7/reward,ppo_hier_items200_h1500\PPO_1
125000,1.0000841617584229,per_learner/7/reward,ppo_hier_items200_h1500\PPO_1
131072,1.0013983249664307,per_learner/7/reward,ppo_hier_items200_h1500\PPO_1
150000,1.000321865081787,per_learner/7/reward,ppo_hier_items200_h1500\PPO_1
163840,1.00070059299469,per_learner/7/reward,ppo_hier_items200_h1500\PPO_1
175000,1.0002713203430176,per_learner/7/reward,ppo_hier_items200_h1500\PPO_1
196608,0.9992285966873169,per_learner/7/reward,ppo_hier_items200_h1500\PPO_1
200000,1.0003509521484375,per_learner/7/reward,ppo_hier_items200_h1500\PPO_1
225000,1.0008357763290405,per_learner/7/reward,ppo_hier_items200_h1500\PPO_1
229376,0.9992492198944092,per_learner/7/reward,ppo_hier_items200_h1500\PPO_1
250000,0.9991939663887024,per_learner/7/reward,ppo_hier_items200_h1500\PPO_1
262144,0.9998106956481934,per_learner/7/reward,ppo_hier_items200_h1500\PPO_1
275000,1.0013810396194458,per_learner/7/reward,ppo_hier_items200_h1500\PPO_1
294912,1.0004981756210327,per_learner/7/reward,ppo_hier_items200_h1500\PPO_1
300000,0.9991618394851685,per_learner/7/reward,ppo_hier_items200_h1500\PPO_1
325000,0.9991807341575623,per_learner/7/reward,ppo_hier_items200_h1500\PPO_1
327680,0.9990555047988892,per_learner/7/reward,ppo_hier_items200_h1500\PPO_1
350000,0.9990072846412659,per_learner/7/reward,ppo_hier_items200_h1500\PPO_1
360448,0.999097466468811,per_learner/7/reward,ppo_hier_items200_h1500\PPO_1
375000,0.9995993971824646,per_learner/7/reward,ppo_hier_items200_h1500\PPO_1
393216,1.000915288925171,per_learner/7/reward,ppo_hier_items200_h1500\PPO_1
400000,0.9992266297340393,per_learner/7/reward,ppo_hier_items200_h1500\PPO_1
425000,0.9992592930793762,per_learner/7/reward,ppo_hier_items200_h1500\PPO_1
425984,0.9990015029907227,per_learner/7/reward,ppo_hier_items200_h1500\PPO_1
450000,1.0003007650375366,per_learner/7/reward,ppo_hier_items200_h1500\PPO_1
458752,0.9995497465133667,per_learner/7/reward,ppo_hier_items200_h1500\PPO_1
475000,1.0002713203430176,per_learner/7/reward,ppo_hier_items200_h1500\PPO_1
491520,1.0000299215316772,per_learner/7/reward,ppo_hier_items200_h1500\PPO_1
500000,1.0005205869674683,per_learner/7/reward,ppo_hier_items200_h1500\PPO_1
524288,1.0006568431854248,per_learner/7/reward,ppo_hier_items200_h1500\PPO_1
525000,3.0093178749084473,per_learner/7/reward,ppo_hier_items200_h1500\PPO_1
550000,1.0010391473770142,per_learner/7/reward,ppo_hier_items200_h1500\PPO_1
557056,1.0001140832901,per_learner/7/reward,ppo_hier_items200_h1500\PPO_1
575000,1.0009942054748535,per_learner/7/reward,ppo_hier_items200_h1500\PPO_1
589824,0.9993805885314941,per_learner/7/reward,ppo_hier_items200_h1500\PPO_1
600000,1.0012781620025635,per_learner/7/reward,ppo_hier_items200_h1500\PPO_1
622592,1.0007925033569336,per_learner/7/reward,ppo_hier_items200_h1500\PPO_1
625000,0.9991892576217651,per_learner/7/reward,ppo_hier_items200_h1500\PPO_1
650000,0.9994332194328308,per_learner/7/reward,ppo_hier_items200_h1500\PPO_1
655360,3.0090274810791016,per_learner/7/reward,ppo_hier_items200_h1500\PPO_1
675000,0.9996503591537476,per_learner/7/reward,ppo_hier_items200_h1500\PPO_1
688128,0.9998968839645386,per_learner/7/reward,ppo_hier_items200_h1500\PPO_1
700000,3.009030818939209,per_learner/7/reward,ppo_hier_items200_h1500\PPO_1
720896,0.9991678595542908,per_learner/7/reward,ppo_hier_items200_h1500\PPO_1
725000,0.9999992847442627,per_learner/7/reward,ppo_hier_items200_h1500\PPO_1
750000,1.0001379251480103,per_learner/7/reward,ppo_hier_items200_h1500\PPO_1
753664,3.009063959121704,per_learner/7/reward,ppo_hier_items200_h1500\PPO_1
775000,0.9994255900382996,per_learner/7/reward,ppo_hier_items200_h1500\PPO_1
786432,0.9991589188575745,per_learner/7/reward,ppo_hier_items200_h1500\PPO_1
800000,0.9992989897727966,per_learner/7/reward,ppo_hier_items200_h1500\PPO_1
819200,0.9996548295021057,per_learner/7/reward,ppo_hier_items200_h1500\PPO_1
825000,1.0009478330612183,per_learner/7/reward,ppo_hier_items200_h1500\PPO_1
850000,1.0011653900146484,per_learner/7/reward,ppo_hier_items200_h1500\PPO_1
851968,1.0012736320495605,per_learner/7/reward,ppo_hier_items200_h1500\PPO_1
875000,1.0010859966278076,per_learner/7/reward,ppo_hier_items200_h1500\PPO_1
884736,1.000658631324768,per_learner/7/reward,ppo_hier_items200_h1500\PPO_1
900000,1.0000940561294556,per_learner/7/reward,ppo_hier_items200_h1500\PPO_1
917504,0.9999316930770874,per_learner/7/reward,ppo_hier_items200_h1500\PPO_1
925000,0.9992192983627319,per_learner/7/reward,ppo_hier_items200_h1500\PPO_1
950000,0.9994078278541565,per_learner/7/reward,ppo_hier_items200_h1500\PPO_1
950272,0.9991037249565125,per_learner/7/reward,ppo_hier_items200_h1500\PPO_1
975000,0.9995993971824646,per_learner/7/reward,ppo_hier_items200_h1500\PPO_1
983040,1.0010043382644653,per_learner/7/reward,ppo_hier_items200_h1500\PPO_1
1000000,0.9998321533203125,per_learner/7/reward,ppo_hier_items200_h1500\PPO_1
1015808,1.0004841089248657,per_learner/7/reward,ppo_hier_items200_h1500\PPO_1
1025000,0.9998450875282288,per_learner/7/reward,ppo_hier_items200_h1500\PPO_1
1048576,0.9998717904090881,per_learner/7/reward,ppo_hier_items200_h1500\PPO_1
1050000,1.000223159790039,per_learner/7/reward,ppo_hier_items200_h1500\PPO_1
1075000,0.9995743036270142,per_learner/7/reward,ppo_hier_items200_h1500\PPO_1
1081344,0.9990959763526917,per_learner/7/reward,ppo_hier_items200_h1500\PPO_1
1100000,0.9990208148956299,per_learner/7/reward,ppo_hier_items200_h1500\PPO_1
1114112,1.000833511352539,per_learner/7/reward,ppo_hier_items200_h1500\PPO_1
1125000,1.000633716583252,per_learner/7/reward,ppo_hier_items200_h1500\PPO_1
1146880,3.009016990661621,per_learner/7/reward,ppo_hier_items200_h1500\PPO_1
1150000,0.9998373985290527,per_learner/7/reward,ppo_hier_items200_h1500\PPO_1
1175000,0.9990592002868652,per_learner/7/reward,ppo_hier_items200_h1500\PPO_1
1179648,0.999792754650116,per_learner/7/reward,ppo_hier_items200_h1500\PPO_1
1200000,1.0015965700149536,per_learner/7/reward,ppo_hier_items200_h1500\PPO_1
1212416,0.9990902543067932,per_learner/7/reward,ppo_hier_items200_h1500\PPO_1
1225000,0.999007523059845,per_learner/7/reward,ppo_hier_items200_h1500\PPO_1
1245184,1.0005522966384888,per_learner/7/reward,ppo_hier_items200_h1500\PPO_1
1250000,0.9994062185287476,per_learner/7/reward,ppo_hier_items200_h1500\PPO_1
1275000,0.9995418787002563,per_learner/7/reward,ppo_hier_items200_h1500\PPO_1
1277952,1.000311255455017,per_learner/7/reward,ppo_hier_items200_h1500\PPO_1
1300000,0.9997236728668213,per_learner/7/reward,ppo_hier_items200_h1500\PPO_1
1310720,0.9990453124046326,per_learner/7/reward,ppo_hier_items200_h1500\PPO_1
1325000,1.0000841617584229,per_learner/7/reward,ppo_hier_items200_h1500\PPO_1
1343488,1.0009435415267944,per_learner/7/reward,ppo_hier_items200_h1500\PPO_1
1350000,1.000197410583496,per_learner/7/reward,ppo_hier_items200_h1500\PPO_1
1375000,0.9993647336959839,per_learner/7/reward,ppo_hier_items200_h1500\PPO_1
1376256,1.0006860494613647,per_learner/7/reward,ppo_hier_items200_h1500\PPO_1
1400000,0.9995472431182861,per_learner/7/reward,ppo_hier_items200_h1500\PPO_1
1409024,0.999912679195404,per_learner/7/reward,ppo_hier_items200_h1500\PPO_1
1425000,1.0005226135253906,per_learner/7/reward,ppo_hier_items200_h1500\PPO_1
1441792,0.9993028044700623,per_learner/7/reward,ppo_hier_items200_h1500\PPO_1
1450000,1.0008132457733154,per_learner/7/reward,ppo_hier_items200_h1500\PPO_1
1474560,3.009233236312866,per_learner/7/reward,ppo_hier_items200_h1500\PPO_1
1475000,0.999330997467041,per_learner/7/reward,ppo_hier_items200_h1500\PPO_1
1500000,3.009106159210205,per_learner/7/reward,ppo_hier_items200_h1500\PPO_1
1507328,1.0006155967712402,per_learner/7/reward,ppo_hier_items200_h1500\PPO_1
1525000,0.9992015361785889,per_learner/7/reward,ppo_hier_items200_h1500\PPO_1
1540096,0.9996947050094604,per_learner/7/reward,ppo_hier_items200_h1500\PPO_1
1550000,0.9993992447853088,per_learner/7/reward,ppo_hier_items200_h1500\PPO_1
1572864,0.9990745186805725,per_learner/7/reward,ppo_hier_items200_h1500\PPO_1
1575000,0.9991422295570374,per_learner/7/reward,ppo_hier_items200_h1500\PPO_1
1600000,0.9997962117195129,per_learner/7/reward,ppo_hier_items200_h1500\PPO_1
1605632,1.0008254051208496,per_learner/7/reward,ppo_hier_items200_h1500\PPO_1
1625000,1.0000401735305786,per_learner/7/reward,ppo_hier_items200_h1500\PPO_1
1638400,1.0003890991210938,per_learner/7/reward,ppo_hier_items200_h1500\PPO_1
1650000,1.000014305114746,per_learner/7/reward,ppo_hier_items200_h1500\PPO_1
1671168,0.9996330142021179,per_learner/7/reward,ppo_hier_items200_h1500\PPO_1
1675000,1.0002713203430176,per_learner/7/reward,ppo_hier_items200_h1500\PPO_1
1700000,1.0007597208023071,per_learner/7/reward,ppo_hier_items200_h1500\PPO_1
1703936,1.001479983329773,per_learner/7/reward,ppo_hier_items200_h1500\PPO_1
1725000,1.0007102489471436,per_learner/7/reward,ppo_hier_items200_h1500\PPO_1
1736704,1.0004712343215942,per_learner/7/reward,ppo_hier_items200_h1500\PPO_1
1750000,1.000691294670105,per_learner/7/reward,ppo_hier_items200_h1500\PPO_1
1769472,1.0001846551895142,per_learner/7/reward,ppo_hier_items200_h1500\PPO_1
1775000,3.0090928077697754,per_learner/7/reward,ppo_hier_items200_h1500\PPO_1
1800000,1.0013937950134277,per_learner/7/reward,ppo_hier_items200_h1500\PPO_1
1802240,0.9994949698448181,per_learner/7/reward,ppo_hier_items200_h1500\PPO_1
1825000,0.999036431312561,per_learner/7/reward,ppo_hier_items200_h1500\PPO_1
1835008,1.0014230012893677,per_learner/7/reward,ppo_hier_items200_h1500\PPO_1
1850000,0.9994062185287476,per_learner/7/reward,ppo_hier_items200_h1500\PPO_1
1867776,3.009030818939209,per_learner/7/reward,ppo_hier_items200_h1500\PPO_1
1875000,0.9995993971824646,per_learner/7/reward,ppo_hier_items200_h1500\PPO_1
1900000,0.9998133778572083,per_learner/7/reward,ppo_hier_items200_h1500\PPO_1
1900544,1.000001311302185,per_learner/7/reward,ppo_hier_items200_h1500\PPO_1
1925000,1.0000824928283691,per_learner/7/reward,ppo_hier_items200_h1500\PPO_1
1933312,0.9992836713790894,per_learner/7/reward,ppo_hier_items200_h1500\PPO_1
1950000,0.9991694092750549,per_learner/7/reward,ppo_hier_items200_h1500\PPO_1
1966080,1.0007047653198242,per_learner/7/reward,ppo_hier_items200_h1500\PPO_1
1975000,1.0002669095993042,per_learner/7/reward,ppo_hier_items200_h1500\PPO_1
1998848,0.9994258284568787,per_learner/7/reward,ppo_hier_items200_h1500\PPO_1
2000000,0.9994104504585266,per_learner/7/reward,ppo_hier_items200_h1500\PPO_1
2025000,1.0006322860717773,per_learner/7/reward,ppo_hier_items200_h1500\PPO_1
2031616,0.9997522234916687,per_learner/7/reward,ppo_hier_items200_h1500\PPO_1
25000,1.0,per_learner/7/rolling_acc,ppo_hier_items200_h1500\PPO_1
32768,0.9666666388511658,per_learner/7/rolling_acc,ppo_hier_items200_h1500\PPO_1
50000,1.0,per_learner/7/rolling_acc,ppo_hier_items200_h1500\PPO_1
65536,1.0,per_learner/7/rolling_acc,ppo_hier_items200_h1500\PPO_1
75000,1.0,per_learner/7/rolling_acc,ppo_hier_items200_h1500\PPO_1
98304,1.0,per_learner/7/rolling_acc,ppo_hier_items200_h1500\PPO_1
100000,1.0,per_learner/7/rolling_acc,ppo_hier_items200_h1500\PPO_1
125000,1.0,per_learner/7/rolling_acc,ppo_hier_items200_h1500\PPO_1
131072,1.0,per_learner/7/rolling_acc,ppo_hier_items200_h1500\PPO_1
150000,1.0,per_learner/7/rolling_acc,ppo_hier_items200_h1500\PPO_1
163840,1.0,per_learner/7/rolling_acc,ppo_hier_items200_h1500\PPO_1
175000,1.0,per_learner/7/rolling_acc,ppo_hier_items200_h1500\PPO_1
196608,1.0,per_learner/7/rolling_acc,ppo_hier_items200_h1500\PPO_1
200000,1.0,per_learner/7/rolling_acc,ppo_hier_items200_h1500\PPO_1
225000,1.0,per_learner/7/rolling_acc,ppo_hier_items200_h1500\PPO_1
229376,1.0,per_learner/7/rolling_acc,ppo_hier_items200_h1500\PPO_1
250000,1.0,per_learner/7/rolling_acc,ppo_hier_items200_h1500\PPO_1
262144,1.0,per_learner/7/rolling_acc,ppo_hier_items200_h1500\PPO_1
275000,1.0,per_learner/7/rolling_acc,ppo_hier_items200_h1500\PPO_1
294912,1.0,per_learner/7/rolling_acc,ppo_hier_items200_h1500\PPO_1
300000,1.0,per_learner/7/rolling_acc,ppo_hier_items200_h1500\PPO_1
325000,1.0,per_learner/7/rolling_acc,ppo_hier_items200_h1500\PPO_1
327680,1.0,per_learner/7/rolling_acc,ppo_hier_items200_h1500\PPO_1
350000,1.0,per_learner/7/rolling_acc,ppo_hier_items200_h1500\PPO_1
360448,1.0,per_learner/7/rolling_acc,ppo_hier_items200_h1500\PPO_1
375000,1.0,per_learner/7/rolling_acc,ppo_hier_items200_h1500\PPO_1
393216,1.0,per_learner/7/rolling_acc,ppo_hier_items200_h1500\PPO_1
400000,1.0,per_learner/7/rolling_acc,ppo_hier_items200_h1500\PPO_1
425000,1.0,per_learner/7/rolling_acc,ppo_hier_items200_h1500\PPO_1
425984,1.0,per_learner/7/rolling_acc,ppo_hier_items200_h1500\PPO_1
450000,1.0,per_learner/7/rolling_acc,ppo_hier_items200_h1500\PPO_1
458752,1.0,per_learner/7/rolling_acc,ppo_hier_items200_h1500\PPO_1
475000,1.0,per_learner/7/rolling_acc,ppo_hier_items200_h1500\PPO_1
491520,1.0,per_learner/7/rolling_acc,ppo_hier_items200_h1500\PPO_1
500000,1.0,per_learner/7/rolling_acc,ppo_hier_items200_h1500\PPO_1
524288,0.9666666388511658,per_learner/7/rolling_acc,ppo_hier_items200_h1500\PPO_1
525000,1.0,per_learner/7/rolling_acc,ppo_hier_items200_h1500\PPO_1
550000,1.0,per_learner/7/rolling_acc,ppo_hier_items200_h1500\PPO_1
557056,1.0,per_learner/7/rolling_acc,ppo_hier_items200_h1500\PPO_1
575000,0.9666666388511658,per_learner/7/rolling_acc,ppo_hier_items200_h1500\PPO_1
589824,1.0,per_learner/7/rolling_acc,ppo_hier_items200_h1500\PPO_1
600000,1.0,per_learner/7/rolling_acc,ppo_hier_items200_h1500\PPO_1
622592,1.0,per_learner/7/rolling_acc,ppo_hier_items200_h1500\PPO_1
625000,1.0,per_learner/7/rolling_acc,ppo_hier_items200_h1500\PPO_1
650000,1.0,per_learner/7/rolling_acc,ppo_hier_items200_h1500\PPO_1
655360,1.0,per_learner/7/rolling_acc,ppo_hier_items200_h1500\PPO_1
675000,1.0,per_learner/7/rolling_acc,ppo_hier_items200_h1500\PPO_1
688128,0.9666666388511658,per_learner/7/rolling_acc,ppo_hier_items200_h1500\PPO_1
700000,1.0,per_learner/7/rolling_acc,ppo_hier_items200_h1500\PPO_1
720896,1.0,per_learner/7/rolling_acc,ppo_hier_items200_h1500\PPO_1
725000,0.9666666388511658,per_learner/7/rolling_acc,ppo_hier_items200_h1500\PPO_1
750000,1.0,per_learner/7/rolling_acc,ppo_hier_items200_h1500\PPO_1
753664,1.0,per_learner/7/rolling_acc,ppo_hier_items200_h1500\PPO_1
775000,1.0,per_learner/7/rolling_acc,ppo_hier_items200_h1500\PPO_1
786432,1.0,per_learner/7/rolling_acc,ppo_hier_items200_h1500\PPO_1
800000,1.0,per_learner/7/rolling_acc,ppo_hier_items200_h1500\PPO_1
819200,0.9666666388511658,per_learner/7/rolling_acc,ppo_hier_items200_h1500\PPO_1
825000,1.0,per_learner/7/rolling_acc,ppo_hier_items200_h1500\PPO_1
850000,1.0,per_learner/7/rolling_acc,ppo_hier_items200_h1500\PPO_1
851968,1.0,per_learner/7/rolling_acc,ppo_hier_items200_h1500\PPO_1
875000,1.0,per_learner/7/rolling_acc,ppo_hier_items200_h1500\PPO_1
884736,1.0,per_learner/7/rolling_acc,ppo_hier_items200_h1500\PPO_1
900000,1.0,per_learner/7/rolling_acc,ppo_hier_items200_h1500\PPO_1
917504,1.0,per_learner/7/rolling_acc,ppo_hier_items200_h1500\PPO_1
925000,1.0,per_learner/7/rolling_acc,ppo_hier_items200_h1500\PPO_1
950000,1.0,per_learner/7/rolling_acc,ppo_hier_items200_h1500\PPO_1
950272,1.0,per_learner/7/rolling_acc,ppo_hier_items200_h1500\PPO_1
975000,1.0,per_learner/7/rolling_acc,ppo_hier_items200_h1500\PPO_1
983040,0.9666666388511658,per_learner/7/rolling_acc,ppo_hier_items200_h1500\PPO_1
1000000,1.0,per_learner/7/rolling_acc,ppo_hier_items200_h1500\PPO_1
1015808,0.9666666388511658,per_learner/7/rolling_acc,ppo_hier_items200_h1500\PPO_1
1025000,1.0,per_learner/7/rolling_acc,ppo_hier_items200_h1500\PPO_1
1048576,1.0,per_learner/7/rolling_acc,ppo_hier_items200_h1500\PPO_1
1050000,1.0,per_learner/7/rolling_acc,ppo_hier_items200_h1500\PPO_1
1075000,1.0,per_learner/7/rolling_acc,ppo_hier_items200_h1500\PPO_1
1081344,1.0,per_learner/7/rolling_acc,ppo_hier_items200_h1500\PPO_1
1100000,1.0,per_learner/7/rolling_acc,ppo_hier_items200_h1500\PPO_1
1114112,1.0,per_learner/7/rolling_acc,ppo_hier_items200_h1500\PPO_1
1125000,1.0,per_learner/7/rolling_acc,ppo_hier_items200_h1500\PPO_1
1146880,1.0,per_learner/7/rolling_acc,ppo_hier_items200_h1500\PPO_1
1150000,1.0,per_learner/7/rolling_acc,ppo_hier_items200_h1500\PPO_1
1175000,1.0,per_learner/7/rolling_acc,ppo_hier_items200_h1500\PPO_1
1179648,1.0,per_learner/7/rolling_acc,ppo_hier_items200_h1500\PPO_1
1200000,1.0,per_learner/7/rolling_acc,ppo_hier_items200_h1500\PPO_1
1212416,1.0,per_learner/7/rolling_acc,ppo_hier_items200_h1500\PPO_1
1225000,1.0,per_learner/7/rolling_acc,ppo_hier_items200_h1500\PPO_1
1245184,1.0,per_learner/7/rolling_acc,ppo_hier_items200_h1500\PPO_1
1250000,1.0,per_learner/7/rolling_acc,ppo_hier_items200_h1500\PPO_1
1275000,1.0,per_learner/7/rolling_acc,ppo_hier_items200_h1500\PPO_1
1277952,1.0,per_learner/7/rolling_acc,ppo_hier_items200_h1500\PPO_1
1300000,1.0,per_learner/7/rolling_acc,ppo_hier_items200_h1500\PPO_1
1310720,1.0,per_learner/7/rolling_acc,ppo_hier_items200_h1500\PPO_1
1325000,1.0,per_learner/7/rolling_acc,ppo_hier_items200_h1500\PPO_1
1343488,1.0,per_learner/7/rolling_acc,ppo_hier_items200_h1500\PPO_1
1350000,1.0,per_learner/7/rolling_acc,ppo_hier_items200_h1500\PPO_1
1375000,1.0,per_learner/7/rolling_acc,ppo_hier_items200_h1500\PPO_1
1376256,1.0,per_learner/7/rolling_acc,ppo_hier_items200_h1500\PPO_1
1400000,1.0,per_learner/7/rolling_acc,ppo_hier_items200_h1500\PPO_1
1409024,1.0,per_learner/7/rolling_acc,ppo_hier_items200_h1500\PPO_1
1425000,0.9666666388511658,per_learner/7/rolling_acc,ppo_hier_items200_h1500\PPO_1
1441792,1.0,per_learner/7/rolling_acc,ppo_hier_items200_h1500\PPO_1
1450000,1.0,per_learner/7/rolling_acc,ppo_hier_items200_h1500\PPO_1
1474560,1.0,per_learner/7/rolling_acc,ppo_hier_items200_h1500\PPO_1
1475000,0.9666666388511658,per_learner/7/rolling_acc,ppo_hier_items200_h1500\PPO_1
1500000,1.0,per_learner/7/rolling_acc,ppo_hier_items200_h1500\PPO_1
1507328,1.0,per_learner/7/rolling_acc,ppo_hier_items200_h1500\PPO_1
1525000,1.0,per_learner/7/rolling_acc,ppo_hier_items200_h1500\PPO_1
1540096,1.0,per_learner/7/rolling_acc,ppo_hier_items200_h1500\PPO_1
1550000,1.0,per_learner/7/rolling_acc,ppo_hier_items200_h1500\PPO_1
1572864,1.0,per_learner/7/rolling_acc,ppo_hier_items200_h1500\PPO_1
1575000,1.0,per_learner/7/rolling_acc,ppo_hier_items200_h1500\PPO_1
1600000,1.0,per_learner/7/rolling_acc,ppo_hier_items200_h1500\PPO_1
1605632,1.0,per_learner/7/rolling_acc,ppo_hier_items200_h1500\PPO_1
1625000,1.0,per_learner/7/rolling_acc,ppo_hier_items200_h1500\PPO_1
1638400,1.0,per_learner/7/rolling_acc,ppo_hier_items200_h1500\PPO_1
1650000,1.0,per_learner/7/rolling_acc,ppo_hier_items200_h1500\PPO_1
1671168,1.0,per_learner/7/rolling_acc,ppo_hier_items200_h1500\PPO_1
1675000,1.0,per_learner/7/rolling_acc,ppo_hier_items200_h1500\PPO_1
1700000,1.0,per_learner/7/rolling_acc,ppo_hier_items200_h1500\PPO_1
1703936,1.0,per_learner/7/rolling_acc,ppo_hier_items200_h1500\PPO_1
1725000,1.0,per_learner/7/rolling_acc,ppo_hier_items200_h1500\PPO_1
1736704,1.0,per_learner/7/rolling_acc,ppo_hier_items200_h1500\PPO_1
1750000,1.0,per_learner/7/rolling_acc,ppo_hier_items200_h1500\PPO_1
1769472,1.0,per_learner/7/rolling_acc,ppo_hier_items200_h1500\PPO_1
1775000,1.0,per_learner/7/rolling_acc,ppo_hier_items200_h1500\PPO_1
1800000,0.9666666388511658,per_learner/7/rolling_acc,ppo_hier_items200_h1500\PPO_1
1802240,1.0,per_learner/7/rolling_acc,ppo_hier_items200_h1500\PPO_1
1825000,1.0,per_learner/7/rolling_acc,ppo_hier_items200_h1500\PPO_1
1835008,1.0,per_learner/7/rolling_acc,ppo_hier_items200_h1500\PPO_1
1850000,1.0,per_learner/7/rolling_acc,ppo_hier_items200_h1500\PPO_1
1867776,1.0,per_learner/7/rolling_acc,ppo_hier_items200_h1500\PPO_1
1875000,1.0,per_learner/7/rolling_acc,ppo_hier_items200_h1500\PPO_1
1900000,1.0,per_learner/7/rolling_acc,ppo_hier_items200_h1500\PPO_1
1900544,1.0,per_learner/7/rolling_acc,ppo_hier_items200_h1500\PPO_1
1925000,1.0,per_learner/7/rolling_acc,ppo_hier_items200_h1500\PPO_1
1933312,1.0,per_learner/7/rolling_acc,ppo_hier_items200_h1500\PPO_1
1950000,1.0,per_learner/7/rolling_acc,ppo_hier_items200_h1500\PPO_1
1966080,1.0,per_learner/7/rolling_acc,ppo_hier_items200_h1500\PPO_1
1975000,0.9666666388511658,per_learner/7/rolling_acc,ppo_hier_items200_h1500\PPO_1
1998848,1.0,per_learner/7/rolling_acc,ppo_hier_items200_h1500\PPO_1
2000000,1.0,per_learner/7/rolling_acc,ppo_hier_items200_h1500\PPO_1
2025000,1.0,per_learner/7/rolling_acc,ppo_hier_items200_h1500\PPO_1
2031616,1.0,per_learner/7/rolling_acc,ppo_hier_items200_h1500\PPO_1
32768,1500.0,rollout/ep_len_mean,ppo_hier_items200_h1500\PPO_1
65536,1500.0,rollout/ep_len_mean,ppo_hier_items200_h1500\PPO_1
98304,1500.0,rollout/ep_len_mean,ppo_hier_items200_h1500\PPO_1
131072,1500.0,rollout/ep_len_mean,ppo_hier_items200_h1500\PPO_1
163840,1500.0,rollout/ep_len_mean,ppo_hier_items200_h1500\PPO_1
196608,1500.0,rollout/ep_len_mean,ppo_hier_items200_h1500\PPO_1
229376,1500.0,rollout/ep_len_mean,ppo_hier_items200_h1500\PPO_1
262144,1500.0,rollout/ep_len_mean,ppo_hier_items200_h1500\PPO_1
294912,1500.0,rollout/ep_len_mean,ppo_hier_items200_h1500\PPO_1
327680,1500.0,rollout/ep_len_mean,ppo_hier_items200_h1500\PPO_1
360448,1500.0,rollout/ep_len_mean,ppo_hier_items200_h1500\PPO_1
393216,1500.0,rollout/ep_len_mean,ppo_hier_items200_h1500\PPO_1
425984,1500.0,rollout/ep_len_mean,ppo_hier_items200_h1500\PPO_1
458752,1500.0,rollout/ep_len_mean,ppo_hier_items200_h1500\PPO_1
491520,1500.0,rollout/ep_len_mean,ppo_hier_items200_h1500\PPO_1
524288,1500.0,rollout/ep_len_mean,ppo_hier_items200_h1500\PPO_1
557056,1500.0,rollout/ep_len_mean,ppo_hier_items200_h1500\PPO_1
589824,1500.0,rollout/ep_len_mean,ppo_hier_items200_h1500\PPO_1
622592,1500.0,rollout/ep_len_mean,ppo_hier_items200_h1500\PPO_1
655360,1500.0,rollout/ep_len_mean,ppo_hier_items200_h1500\PPO_1
688128,1500.0,rollout/ep_len_mean,ppo_hier_items200_h1500\PPO_1
720896,1500.0,rollout/ep_len_mean,ppo_hier_items200_h1500\PPO_1
753664,1500.0,rollout/ep_len_mean,ppo_hier_items200_h1500\PPO_1
786432,1500.0,rollout/ep_len_mean,ppo_hier_items200_h1500\PPO_1
819200,1500.0,rollout/ep_len_mean,ppo_hier_items200_h1500\PPO_1
851968,1500.0,rollout/ep_len_mean,ppo_hier_items200_h1500\PPO_1
884736,1500.0,rollout/ep_len_mean,ppo_hier_items200_h1500\PPO_1
917504,1500.0,rollout/ep_len_mean,ppo_hier_items200_h1500\PPO_1
950272,1500.0,rollout/ep_len_mean,ppo_hier_items200_h1500\PPO_1
983040,1500.0,rollout/ep_len_mean,ppo_hier_items200_h1500\PPO_1
1015808,1500.0,rollout/ep_len_mean,ppo_hier_items200_h1500\PPO_1
1048576,1500.0,rollout/ep_len_mean,ppo_hier_items200_h1500\PPO_1
1081344,1500.0,rollout/ep_len_mean,ppo_hier_items200_h1500\PPO_1
1114112,1500.0,rollout/ep_len_mean,ppo_hier_items200_h1500\PPO_1
1146880,1500.0,rollout/ep_len_mean,ppo_hier_items200_h1500\PPO_1
1179648,1500.0,rollout/ep_len_mean,ppo_hier_items200_h1500\PPO_1
1212416,1500.0,rollout/ep_len_mean,ppo_hier_items200_h1500\PPO_1
1245184,1500.0,rollout/ep_len_mean,ppo_hier_items200_h1500\PPO_1
1277952,1500.0,rollout/ep_len_mean,ppo_hier_items200_h1500\PPO_1
1310720,1500.0,rollout/ep_len_mean,ppo_hier_items200_h1500\PPO_1
1343488,1500.0,rollout/ep_len_mean,ppo_hier_items200_h1500\PPO_1
1376256,1500.0,rollout/ep_len_mean,ppo_hier_items200_h1500\PPO_1
1409024,1500.0,rollout/ep_len_mean,ppo_hier_items200_h1500\PPO_1
1441792,1500.0,rollout/ep_len_mean,ppo_hier_items200_h1500\PPO_1
1474560,1500.0,rollout/ep_len_mean,ppo_hier_items200_h1500\PPO_1
1507328,1500.0,rollout/ep_len_mean,ppo_hier_items200_h1500\PPO_1
1540096,1500.0,rollout/ep_len_mean,ppo_hier_items200_h1500\PPO_1
1572864,1500.0,rollout/ep_len_mean,ppo_hier_items200_h1500\PPO_1
1605632,1500.0,rollout/ep_len_mean,ppo_hier_items200_h1500\PPO_1
1638400,1500.0,rollout/ep_len_mean,ppo_hier_items200_h1500\PPO_1
1671168,1500.0,rollout/ep_len_mean,ppo_hier_items200_h1500\PPO_1
1703936,1500.0,rollout/ep_len_mean,ppo_hier_items200_h1500\PPO_1
1736704,1500.0,rollout/ep_len_mean,ppo_hier_items200_h1500\PPO_1
1769472,1500.0,rollout/ep_len_mean,ppo_hier_items200_h1500\PPO_1
1802240,1500.0,rollout/ep_len_mean,ppo_hier_items200_h1500\PPO_1
1835008,1500.0,rollout/ep_len_mean,ppo_hier_items200_h1500\PPO_1
1867776,1500.0,rollout/ep_len_mean,ppo_hier_items200_h1500\PPO_1
1900544,1500.0,rollout/ep_len_mean,ppo_hier_items200_h1500\PPO_1
1933312,1500.0,rollout/ep_len_mean,ppo_hier_items200_h1500\PPO_1
1966080,1500.0,rollout/ep_len_mean,ppo_hier_items200_h1500\PPO_1
1998848,1500.0,rollout/ep_len_mean,ppo_hier_items200_h1500\PPO_1
2031616,1500.0,rollout/ep_len_mean,ppo_hier_items200_h1500\PPO_1
32768,79.59747314453125,rollout/ep_rew_mean,ppo_hier_items200_h1500\PPO_1
65536,75.28688049316406,rollout/ep_rew_mean,ppo_hier_items200_h1500\PPO_1
98304,74.80685424804688,rollout/ep_rew_mean,ppo_hier_items200_h1500\PPO_1
131072,74.64390563964844,rollout/ep_rew_mean,ppo_hier_items200_h1500\PPO_1
163840,74.10221099853516,rollout/ep_rew_mean,ppo_hier_items200_h1500\PPO_1
196608,74.23118591308594,rollout/ep_rew_mean,ppo_hier_items200_h1500\PPO_1
229376,74.58129119873047,rollout/ep_rew_mean,ppo_hier_items200_h1500\PPO_1
262144,74.7811050415039,rollout/ep_rew_mean,ppo_hier_items200_h1500\PPO_1
294912,74.8785171508789,rollout/ep_rew_mean,ppo_hier_items200_h1500\PPO_1
327680,75.05479431152344,rollout/ep_rew_mean,ppo_hier_items200_h1500\PPO_1
360448,75.18352508544922,rollout/ep_rew_mean,ppo_hier_items200_h1500\PPO_1
393216,75.2693099975586,rollout/ep_rew_mean,ppo_hier_items200_h1500\PPO_1
425984,75.43263244628906,rollout/ep_rew_mean,ppo_hier_items200_h1500\PPO_1
458752,75.55962371826172,rollout/ep_rew_mean,ppo_hier_items200_h1500\PPO_1
491520,75.62731170654297,rollout/ep_rew_mean,ppo_hier_items200_h1500\PPO_1
524288,75.67778015136719,rollout/ep_rew_mean,ppo_hier_items200_h1500\PPO_1
557056,75.7901840209961,rollout/ep_rew_mean,ppo_hier_items200_h1500\PPO_1
589824,75.84208679199219,rollout/ep_rew_mean,ppo_hier_items200_h1500\PPO_1
622592,75.90929412841797,rollout/ep_rew_mean,ppo_hier_items200_h1500\PPO_1
655360,76.01200866699219,rollout/ep_rew_mean,ppo_hier_items200_h1500\PPO_1
688128,76.07603454589844,rollout/ep_rew_mean,ppo_hier_items200_h1500\PPO_1
720896,76.21631622314453,rollout/ep_rew_mean,ppo_hier_items200_h1500\PPO_1
753664,76.21539306640625,rollout/ep_rew_mean,ppo_hier_items200_h1500\PPO_1
786432,76.24451446533203,rollout/ep_rew_mean,ppo_hier_items200_h1500\PPO_1
819200,76.27757263183594,rollout/ep_rew_mean,ppo_hier_items200_h1500\PPO_1
851968,76.23341369628906,rollout/ep_rew_mean,ppo_hier_items200_h1500\PPO_1
884736,76.14266967773438,rollout/ep_rew_mean,ppo_hier_items200_h1500\PPO_1
917504,76.13758087158203,rollout/ep_rew_mean,ppo_hier_items200_h1500\PPO_1
950272,76.13167572021484,rollout/ep_rew_mean,ppo_hier_items200_h1500\PPO_1
983040,76.01557159423828,rollout/ep_rew_mean,ppo_hier_items200_h1500\PPO_1
1015808,76.05197143554688,rollout/ep_rew_mean,ppo_hier_items200_h1500\PPO_1
1048576,76.12081146240234,rollout/ep_rew_mean,ppo_hier_items200_h1500\PPO_1
1081344,76.1914291381836,rollout/ep_rew_mean,ppo_hier_items200_h1500\PPO_1
1114112,76.31578826904297,rollout/ep_rew_mean,ppo_hier_items200_h1500\PPO_1
1146880,76.33413696289062,rollout/ep_rew_mean,ppo_hier_items200_h1500\PPO_1
1179648,76.58924102783203,rollout/ep_rew_mean,ppo_hier_items200_h1500\PPO_1
1212416,76.6773681640625,rollout/ep_rew_mean,ppo_hier_items200_h1500\PPO_1
1245184,76.82726287841797,rollout/ep_rew_mean,ppo_hier_items200_h1500\PPO_1
1277952,77.1086654663086,rollout/ep_rew_mean,ppo_hier_items200_h1500\PPO_1
1310720,77.40451049804688,rollout/ep_rew_mean,ppo_hier_items200_h1500\PPO_1
1343488,77.5167007446289,rollout/ep_rew_mean,ppo_hier_items200_h1500\PPO_1
1376256,77.80030059814453,rollout/ep_rew_mean,ppo_hier_items200_h1500\PPO_1
1409024,77.99022674560547,rollout/ep_rew_mean,ppo_hier_items200_h1500\PPO_1
1441792,78.10568237304688,rollout/ep_rew_mean,ppo_hier_items200_h1500\PPO_1
1474560,78.25552368164062,rollout/ep_rew_mean,ppo_hier_items200_h1500\PPO_1
1507328,78.52706909179688,rollout/ep_rew_mean,ppo_hier_items200_h1500\PPO_1
1540096,78.75749206542969,rollout/ep_rew_mean,ppo_hier_items200_h1500\PPO_1
1572864,78.87364196777344,rollout/ep_rew_mean,ppo_hier_items200_h1500\PPO_1
1605632,78.90071105957031,rollout/ep_rew_mean,ppo_hier_items200_h1500\PPO_1
1638400,78.98892211914062,rollout/ep_rew_mean,ppo_hier_items200_h1500\PPO_1
1671168,78.97151184082031,rollout/ep_rew_mean,ppo_hier_items200_h1500\PPO_1
1703936,78.95573425292969,rollout/ep_rew_mean,ppo_hier_items200_h1500\PPO_1
1736704,79.07197570800781,rollout/ep_rew_mean,ppo_hier_items200_h1500\PPO_1
1769472,79.15487670898438,rollout/ep_rew_mean,ppo_hier_items200_h1500\PPO_1
1802240,79.30033874511719,rollout/ep_rew_mean,ppo_hier_items200_h1500\PPO_1
1835008,79.31051635742188,rollout/ep_rew_mean,ppo_hier_items200_h1500\PPO_1
1867776,79.39567565917969,rollout/ep_rew_mean,ppo_hier_items200_h1500\PPO_1
1900544,79.54476165771484,rollout/ep_rew_mean,ppo_hier_items200_h1500\PPO_1
1933312,79.51994323730469,rollout/ep_rew_mean,ppo_hier_items200_h1500\PPO_1
1966080,79.50093841552734,rollout/ep_rew_mean,ppo_hier_items200_h1500\PPO_1
1998848,79.6023178100586,rollout/ep_rew_mean,ppo_hier_items200_h1500\PPO_1
2031616,79.70015716552734,rollout/ep_rew_mean,ppo_hier_items200_h1500\PPO_1
32768,850.0,time/fps,ppo_hier_items200_h1500\PPO_1
65536,700.0,time/fps,ppo_hier_items200_h1500\PPO_1
98304,674.0,time/fps,ppo_hier_items200_h1500\PPO_1
131072,625.0,time/fps,ppo_hier_items200_h1500\PPO_1
163840,626.0,time/fps,ppo_hier_items200_h1500\PPO_1
196608,640.0,time/fps,ppo_hier_items200_h1500\PPO_1
229376,626.0,time/fps,ppo_hier_items200_h1500\PPO_1
262144,632.0,time/fps,ppo_hier_items200_h1500\PPO_1
294912,636.0,time/fps,ppo_hier_items200_h1500\PPO_1
327680,628.0,time/fps,ppo_hier_items200_h1500\PPO_1
360448,632.0,time/fps,ppo_hier_items200_h1500\PPO_1
393216,636.0,time/fps,ppo_hier_items200_h1500\PPO_1
425984,629.0,time/fps,ppo_hier_items200_h1500\PPO_1
458752,632.0,time/fps,ppo_hier_items200_h1500\PPO_1
491520,634.0,time/fps,ppo_hier_items200_h1500\PPO_1
524288,637.0,time/fps,ppo_hier_items200_h1500\PPO_1
557056,632.0,time/fps,ppo_hier_items200_h1500\PPO_1
589824,633.0,time/fps,ppo_hier_items200_h1500\PPO_1
622592,632.0,time/fps,ppo_hier_items200_h1500\PPO_1
655360,624.0,time/fps,ppo_hier_items200_h1500\PPO_1
688128,622.0,time/fps,ppo_hier_items200_h1500\PPO_1
720896,621.0,time/fps,ppo_hier_items200_h1500\PPO_1
753664,617.0,time/fps,ppo_hier_items200_h1500\PPO_1
786432,618.0,time/fps,ppo_hier_items200_h1500\PPO_1
819200,618.0,time/fps,ppo_hier_items200_h1500\PPO_1
851968,614.0,time/fps,ppo_hier_items200_h1500\PPO_1
884736,614.0,time/fps,ppo_hier_items200_h1500\PPO_1
917504,615.0,time/fps,ppo_hier_items200_h1500\PPO_1
950272,612.0,time/fps,ppo_hier_items200_h1500\PPO_1
983040,613.0,time/fps,ppo_hier_items200_h1500\PPO_1
1015808,613.0,time/fps,ppo_hier_items200_h1500\PPO_1
1048576,611.0,time/fps,ppo_hier_items200_h1500\PPO_1
1081344,607.0,time/fps,ppo_hier_items200_h1500\PPO_1
1114112,607.0,time/fps,ppo_hier_items200_h1500\PPO_1
1146880,607.0,time/fps,ppo_hier_items200_h1500\PPO_1
1179648,604.0,time/fps,ppo_hier_items200_h1500\PPO_1
1212416,604.0,time/fps,ppo_hier_items200_h1500\PPO_1
1245184,605.0,time/fps,ppo_hier_items200_h1500\PPO_1
1277952,602.0,time/fps,ppo_hier_items200_h1500\PPO_1
1310720,600.0,time/fps,ppo_hier_items200_h1500\PPO_1
1343488,598.0,time/fps,ppo_hier_items200_h1500\PPO_1
1376256,595.0,time/fps,ppo_hier_items200_h1500\PPO_1
1409024,595.0,time/fps,ppo_hier_items200_h1500\PPO_1
1441792,596.0,time/fps,ppo_hier_items200_h1500\PPO_1
1474560,596.0,time/fps,ppo_hier_items200_h1500\PPO_1
1507328,593.0,time/fps,ppo_hier_items200_h1500\PPO_1
1540096,594.0,time/fps,ppo_hier_items200_h1500\PPO_1
1572864,595.0,time/fps,ppo_hier_items200_h1500\PPO_1
1605632,594.0,time/fps,ppo_hier_items200_h1500\PPO_1
1638400,595.0,time/fps,ppo_hier_items200_h1500\PPO_1
1671168,595.0,time/fps,ppo_hier_items200_h1500\PPO_1
1703936,594.0,time/fps,ppo_hier_items200_h1500\PPO_1
1736704,595.0,time/fps,ppo_hier_items200_h1500\PPO_1
1769472,597.0,time/fps,ppo_hier_items200_h1500\PPO_1
1802240,594.0,time/fps,ppo_hier_items200_h1500\PPO_1
1835008,595.0,time/fps,ppo_hier_items200_h1500\PPO_1
1867776,596.0,time/fps,ppo_hier_items200_h1500\PPO_1
1900544,595.0,time/fps,ppo_hier_items200_h1500\PPO_1
1933312,593.0,time/fps,ppo_hier_items200_h1500\PPO_1
1966080,592.0,time/fps,ppo_hier_items200_h1500\PPO_1
1998848,591.0,time/fps,ppo_hier_items200_h1500\PPO_1
2031616,588.0,time/fps,ppo_hier_items200_h1500\PPO_1
50000,0.009814140386879444,train/approx_kl,ppo_hier_items200_h1500\PPO_1
75000,0.008855457417666912,train/approx_kl,ppo_hier_items200_h1500\PPO_1
100000,0.008405588567256927,train/approx_kl,ppo_hier_items200_h1500\PPO_1
150000,0.008649619296193123,train/approx_kl,ppo_hier_items200_h1500\PPO_1
175000,0.010288635268807411,train/approx_kl,ppo_hier_items200_h1500\PPO_1
200000,0.008761712349951267,train/approx_kl,ppo_hier_items200_h1500\PPO_1
250000,0.009169110096991062,train/approx_kl,ppo_hier_items200_h1500\PPO_1
275000,0.01106242649257183,train/approx_kl,ppo_hier_items200_h1500\PPO_1
300000,0.01057686097919941,train/approx_kl,ppo_hier_items200_h1500\PPO_1
350000,0.009825924411416054,train/approx_kl,ppo_hier_items200_h1500\PPO_1
375000,0.00998658686876297,train/approx_kl,ppo_hier_items200_h1500\PPO_1
400000,0.010460956022143364,train/approx_kl,ppo_hier_items200_h1500\PPO_1
450000,0.009938985109329224,train/approx_kl,ppo_hier_items200_h1500\PPO_1
475000,0.01014410238713026,train/approx_kl,ppo_hier_items200_h1500\PPO_1
500000,0.00954916700720787,train/approx_kl,ppo_hier_items200_h1500\PPO_1
525000,0.009455990977585316,train/approx_kl,ppo_hier_items200_h1500\PPO_1
575000,0.009474673308432102,train/approx_kl,ppo_hier_items200_h1500\PPO_1
600000,0.00908823125064373,train/approx_kl,ppo_hier_items200_h1500\PPO_1
625000,0.009674405679106712,train/approx_kl,ppo_hier_items200_h1500\PPO_1
675000,0.009173326194286346,train/approx_kl,ppo_hier_items200_h1500\PPO_1
700000,0.009242752566933632,train/approx_kl,ppo_hier_items200_h1500\PPO_1
725000,0.009178807027637959,train/approx_kl,ppo_hier_items200_h1500\PPO_1
775000,0.009318200871348381,train/approx_kl,ppo_hier_items200_h1500\PPO_1
800000,0.008768953382968903,train/approx_kl,ppo_hier_items200_h1500\PPO_1
825000,0.009055922739207745,train/approx_kl,ppo_hier_items200_h1500\PPO_1
875000,0.008736664429306984,train/approx_kl,ppo_hier_items200_h1500\PPO_1
900000,0.008545087650418282,train/approx_kl,ppo_hier_items200_h1500\PPO_1
925000,0.008518313057720661,train/approx_kl,ppo_hier_items200_h1500\PPO_1
975000,0.008462842553853989,train/approx_kl,ppo_hier_items200_h1500\PPO_1
1000000,0.008022947236895561,train/approx_kl,ppo_hier_items200_h1500\PPO_1
1025000,0.00810292735695839,train/approx_kl,ppo_hier_items200_h1500\PPO_1
1050000,0.008060308173298836,train/approx_kl,ppo_hier_items200_h1500\PPO_1
1100000,0.007751071825623512,train/approx_kl,ppo_hier_items200_h1500\PPO_1
1125000,0.007749677635729313,train/approx_kl,ppo_hier_items200_h1500\PPO_1
1150000,0.007533911149948835,train/approx_kl,ppo_hier_items200_h1500\PPO_1
1200000,0.007568557281047106,train/approx_kl,ppo_hier_items200_h1500\PPO_1
1225000,0.00733119435608387,train/approx_kl,ppo_hier_items200_h1500\PPO_1
1250000,0.007312463596463203,train/approx_kl,ppo_hier_items200_h1500\PPO_1
1300000,0.007083622273057699,train/approx_kl,ppo_hier_items200_h1500\PPO_1
1325000,0.00711689330637455,train/approx_kl,ppo_hier_items200_h1500\PPO_1
1350000,0.007141352165490389,train/approx_kl,ppo_hier_items200_h1500\PPO_1
1400000,0.006916103884577751,train/approx_kl,ppo_hier_items200_h1500\PPO_1
1425000,0.00684663699939847,train/approx_kl,ppo_hier_items200_h1500\PPO_1
1450000,0.006568169686943293,train/approx_kl,ppo_hier_items200_h1500\PPO_1
1475000,0.006544359494000673,train/approx_kl,ppo_hier_items200_h1500\PPO_1
1525000,0.006379761733114719,train/approx_kl,ppo_hier_items200_h1500\PPO_1
1550000,0.006042259745299816,train/approx_kl,ppo_hier_items200_h1500\PPO_1
1575000,0.0056426990777254105,train/approx_kl,ppo_hier_items200_h1500\PPO_1
1625000,0.005788278765976429,train/approx_kl,ppo_hier_items200_h1500\PPO_1
1650000,0.0053468081168830395,train/approx_kl,ppo_hier_items200_h1500\PPO_1
1675000,0.004949658177793026,train/approx_kl,ppo_hier_items200_h1500\PPO_1
1725000,0.004985447973012924,train/approx_kl,ppo_hier_items200_h1500\PPO_1
1750000,0.0042641316540539265,train/approx_kl,ppo_hier_items200_h1500\PPO_1
1775000,0.004001467954367399,train/approx_kl,ppo_hier_items200_h1500\PPO_1
1825000,0.003180373925715685,train/approx_kl,ppo_hier_items200_h1500\PPO_1
1850000,0.0025364761240780354,train/approx_kl,ppo_hier_items200_h1500\PPO_1
1875000,0.0021265868563205004,train/approx_kl,ppo_hier_items200_h1500\PPO_1
1925000,0.001295753289014101,train/approx_kl,ppo_hier_items200_h1500\PPO_1
1950000,0.0004645796725526452,train/approx_kl,ppo_hier_items200_h1500\PPO_1
1975000,0.0002465641009621322,train/approx_kl,ppo_hier_items200_h1500\PPO_1
2000000,2.986653271364048e-07,train/approx_kl,ppo_hier_items200_h1500\PPO_1
50000,0.19010619819164276,train/clip_fraction,ppo_hier_items200_h1500\PPO_1
75000,0.21841736137866974,train/clip_fraction,ppo_hier_items200_h1500\PPO_1
100000,0.1920013427734375,train/clip_fraction,ppo_hier_items200_h1500\PPO_1
150000,0.18377991020679474,train/clip_fraction,ppo_hier_items200_h1500\PPO_1
175000,0.20780333876609802,train/clip_fraction,ppo_hier_items200_h1500\PPO_1
200000,0.18060913681983948,train/clip_fraction,ppo_hier_items200_h1500\PPO_1
250000,0.1958465576171875,train/clip_fraction,ppo_hier_items200_h1500\PPO_1
275000,0.21614685654640198,train/clip_fraction,ppo_hier_items200_h1500\PPO_1
300000,0.22503967583179474,train/clip_fraction,ppo_hier_items200_h1500\PPO_1
350000,0.215789794921875,train/clip_fraction,ppo_hier_items200_h1500\PPO_1
375000,0.22285766899585724,train/clip_fraction,ppo_hier_items200_h1500\PPO_1
400000,0.22508850693702698,train/clip_fraction,ppo_hier_items200_h1500\PPO_1
450000,0.23313292860984802,train/clip_fraction,ppo_hier_items200_h1500\PPO_1
475000,0.22300414741039276,train/clip_fraction,ppo_hier_items200_h1500\PPO_1
500000,0.22986145317554474,train/clip_fraction,ppo_hier_items200_h1500\PPO_1
525000,0.20466308295726776,train/clip_fraction,ppo_hier_items200_h1500\PPO_1
575000,0.22174377739429474,train/clip_fraction,ppo_hier_items200_h1500\PPO_1
600000,0.2072601318359375,train/clip_fraction,ppo_hier_items200_h1500\PPO_1
625000,0.2320404052734375,train/clip_fraction,ppo_hier_items200_h1500\PPO_1
675000,0.21217040717601776,train/clip_fraction,ppo_hier_items200_h1500\PPO_1
700000,0.20534363389015198,train/clip_fraction,ppo_hier_items200_h1500\PPO_1
725000,0.20494994521141052,train/clip_fraction,ppo_hier_items200_h1500\PPO_1
775000,0.2191925048828125,train/clip_fraction,ppo_hier_items200_h1500\PPO_1
800000,0.20095519721508026,train/clip_fraction,ppo_hier_items200_h1500\PPO_1
825000,0.19791260361671448,train/clip_fraction,ppo_hier_items200_h1500\PPO_1
875000,0.19639281928539276,train/clip_fraction,ppo_hier_items200_h1500\PPO_1
900000,0.18546752631664276,train/clip_fraction,ppo_hier_items200_h1500\PPO_1
925000,0.18139037489891052,train/clip_fraction,ppo_hier_items200_h1500\PPO_1
975000,0.18264159560203552,train/clip_fraction,ppo_hier_items200_h1500\PPO_1
1000000,0.17229919135570526,train/clip_fraction,ppo_hier_items200_h1500\PPO_1
1025000,0.17219237983226776,train/clip_fraction,ppo_hier_items200_h1500\PPO_1
1050000,0.16814574599266052,train/clip_fraction,ppo_hier_items200_h1500\PPO_1
1100000,0.16239014267921448,train/clip_fraction,ppo_hier_items200_h1500\PPO_1
1125000,0.16602782905101776,train/clip_fraction,ppo_hier_items200_h1500\PPO_1
1150000,0.15057373046875,train/clip_fraction,ppo_hier_items200_h1500\PPO_1
1200000,0.15037842094898224,train/clip_fraction,ppo_hier_items200_h1500\PPO_1
1225000,0.14433899521827698,train/clip_fraction,ppo_hier_items200_h1500\PPO_1
1250000,0.14281921088695526,train/clip_fraction,ppo_hier_items200_h1500\PPO_1
1300000,0.1373138427734375,train/clip_fraction,ppo_hier_items200_h1500\PPO_1
1325000,0.12893982231616974,train/clip_fraction,ppo_hier_items200_h1500\PPO_1
1350000,0.12989196181297302,train/clip_fraction,ppo_hier_items200_h1500\PPO_1
1400000,0.11492309719324112,train/clip_fraction,ppo_hier_items200_h1500\PPO_1
1425000,0.1136627197265625,train/clip_fraction,ppo_hier_items200_h1500\PPO_1
1450000,0.1023712158203125,train/clip_fraction,ppo_hier_items200_h1500\PPO_1
1475000,0.1038970947265625,train/clip_fraction,ppo_hier_items200_h1500\PPO_1
1525000,0.09750976413488388,train/clip_fraction,ppo_hier_items200_h1500\PPO_1
1550000,0.08470459282398224,train/clip_fraction,ppo_hier_items200_h1500\PPO_1
1575000,0.071502685546875,train/clip_fraction,ppo_hier_items200_h1500\PPO_1
1625000,0.077850341796875,train/clip_fraction,ppo_hier_items200_h1500\PPO_1
1650000,0.06013793870806694,train/clip_fraction,ppo_hier_items200_h1500\PPO_1
1675000,0.05121459811925888,train/clip_fraction,ppo_hier_items200_h1500\PPO_1
1725000,0.04748840257525444,train/clip_fraction,ppo_hier_items200_h1500\PPO_1
1750000,0.03356017917394638,train/clip_fraction,ppo_hier_items200_h1500\PPO_1
1775000,0.02972717210650444,train/clip_fraction,ppo_hier_items200_h1500\PPO_1
1825000,0.015429687686264515,train/clip_fraction,ppo_hier_items200_h1500\PPO_1
1850000,0.00991210900247097,train/clip_fraction,ppo_hier_items200_h1500\PPO_1
1875000,0.0064636231400072575,train/clip_fraction,ppo_hier_items200_h1500\PPO_1
1925000,0.0014495849609375,train/clip_fraction,ppo_hier_items200_h1500\PPO_1
1950000,0.0,train/clip_fraction,ppo_hier_items200_h1500\PPO_1
1975000,0.0,train/clip_fraction,ppo_hier_items200_h1500\PPO_1
2000000,0.0,train/clip_fraction,ppo_hier_items200_h1500\PPO_1
50000,0.15000000596046448,train/clip_range,ppo_hier_items200_h1500\PPO_1
75000,0.15000000596046448,train/clip_range,ppo_hier_items200_h1500\PPO_1
100000,0.15000000596046448,train/clip_range,ppo_hier_items200_h1500\PPO_1
150000,0.15000000596046448,train/clip_range,ppo_hier_items200_h1500\PPO_1
175000,0.15000000596046448,train/clip_range,ppo_hier_items200_h1500\PPO_1
200000,0.15000000596046448,train/clip_range,ppo_hier_items200_h1500\PPO_1
250000,0.15000000596046448,train/clip_range,ppo_hier_items200_h1500\PPO_1
275000,0.15000000596046448,train/clip_range,ppo_hier_items200_h1500\PPO_1
300000,0.15000000596046448,train/clip_range,ppo_hier_items200_h1500\PPO_1
350000,0.15000000596046448,train/clip_range,ppo_hier_items200_h1500\PPO_1
375000,0.15000000596046448,train/clip_range,ppo_hier_items200_h1500\PPO_1
400000,0.15000000596046448,train/clip_range,ppo_hier_items200_h1500\PPO_1
450000,0.15000000596046448,train/clip_range,ppo_hier_items200_h1500\PPO_1
475000,0.15000000596046448,train/clip_range,ppo_hier_items200_h1500\PPO_1
500000,0.15000000596046448,train/clip_range,ppo_hier_items200_h1500\PPO_1
525000,0.15000000596046448,train/clip_range,ppo_hier_items200_h1500\PPO_1
575000,0.15000000596046448,train/clip_range,ppo_hier_items200_h1500\PPO_1
600000,0.15000000596046448,train/clip_range,ppo_hier_items200_h1500\PPO_1
625000,0.15000000596046448,train/clip_range,ppo_hier_items200_h1500\PPO_1
675000,0.15000000596046448,train/clip_range,ppo_hier_items200_h1500\PPO_1
700000,0.15000000596046448,train/clip_range,ppo_hier_items200_h1500\PPO_1
725000,0.15000000596046448,train/clip_range,ppo_hier_items200_h1500\PPO_1
775000,0.15000000596046448,train/clip_range,ppo_hier_items200_h1500\PPO_1
800000,0.15000000596046448,train/clip_range,ppo_hier_items200_h1500\PPO_1
825000,0.15000000596046448,train/clip_range,ppo_hier_items200_h1500\PPO_1
875000,0.15000000596046448,train/clip_range,ppo_hier_items200_h1500\PPO_1
900000,0.15000000596046448,train/clip_range,ppo_hier_items200_h1500\PPO_1
925000,0.15000000596046448,train/clip_range,ppo_hier_items200_h1500\PPO_1
975000,0.15000000596046448,train/clip_range,ppo_hier_items200_h1500\PPO_1
1000000,0.15000000596046448,train/clip_range,ppo_hier_items200_h1500\PPO_1
1025000,0.15000000596046448,train/clip_range,ppo_hier_items200_h1500\PPO_1
1050000,0.15000000596046448,train/clip_range,ppo_hier_items200_h1500\PPO_1
1100000,0.15000000596046448,train/clip_range,ppo_hier_items200_h1500\PPO_1
1125000,0.15000000596046448,train/clip_range,ppo_hier_items200_h1500\PPO_1
1150000,0.15000000596046448,train/clip_range,ppo_hier_items200_h1500\PPO_1
1200000,0.15000000596046448,train/clip_range,ppo_hier_items200_h1500\PPO_1
1225000,0.15000000596046448,train/clip_range,ppo_hier_items200_h1500\PPO_1
1250000,0.15000000596046448,train/clip_range,ppo_hier_items200_h1500\PPO_1
1300000,0.15000000596046448,train/clip_range,ppo_hier_items200_h1500\PPO_1
1325000,0.15000000596046448,train/clip_range,ppo_hier_items200_h1500\PPO_1
1350000,0.15000000596046448,train/clip_range,ppo_hier_items200_h1500\PPO_1
1400000,0.15000000596046448,train/clip_range,ppo_hier_items200_h1500\PPO_1
1425000,0.15000000596046448,train/clip_range,ppo_hier_items200_h1500\PPO_1
1450000,0.15000000596046448,train/clip_range,ppo_hier_items200_h1500\PPO_1
1475000,0.15000000596046448,train/clip_range,ppo_hier_items200_h1500\PPO_1
1525000,0.15000000596046448,train/clip_range,ppo_hier_items200_h1500\PPO_1
1550000,0.15000000596046448,train/clip_range,ppo_hier_items200_h1500\PPO_1
1575000,0.15000000596046448,train/clip_range,ppo_hier_items200_h1500\PPO_1
1625000,0.15000000596046448,train/clip_range,ppo_hier_items200_h1500\PPO_1
1650000,0.15000000596046448,train/clip_range,ppo_hier_items200_h1500\PPO_1
1675000,0.15000000596046448,train/clip_range,ppo_hier_items200_h1500\PPO_1
1725000,0.15000000596046448,train/clip_range,ppo_hier_items200_h1500\PPO_1
1750000,0.15000000596046448,train/clip_range,ppo_hier_items200_h1500\PPO_1
1775000,0.15000000596046448,train/clip_range,ppo_hier_items200_h1500\PPO_1
1825000,0.15000000596046448,train/clip_range,ppo_hier_items200_h1500\PPO_1
1850000,0.15000000596046448,train/clip_range,ppo_hier_items200_h1500\PPO_1
1875000,0.15000000596046448,train/clip_range,ppo_hier_items200_h1500\PPO_1
1925000,0.15000000596046448,train/clip_range,ppo_hier_items200_h1500\PPO_1
1950000,0.15000000596046448,train/clip_range,ppo_hier_items200_h1500\PPO_1
1975000,0.15000000596046448,train/clip_range,ppo_hier_items200_h1500\PPO_1
2000000,0.15000000596046448,train/clip_range,ppo_hier_items200_h1500\PPO_1
50000,-7.370802402496338,train/entropy_loss,ppo_hier_items200_h1500\PPO_1
75000,-7.357246398925781,train/entropy_loss,ppo_hier_items200_h1500\PPO_1
100000,-7.348402976989746,train/entropy_loss,ppo_hier_items200_h1500\PPO_1
150000,-7.34240198135376,train/entropy_loss,ppo_hier_items200_h1500\PPO_1
175000,-7.326144218444824,train/entropy_loss,ppo_hier_items200_h1500\PPO_1
200000,-7.315260887145996,train/entropy_loss,ppo_hier_items200_h1500\PPO_1
250000,-7.309673309326172,train/entropy_loss,ppo_hier_items200_h1500\PPO_1
275000,-7.291747570037842,train/entropy_loss,ppo_hier_items200_h1500\PPO_1
300000,-7.270143985748291,train/entropy_loss,ppo_hier_items200_h1500\PPO_1
350000,-7.25908899307251,train/entropy_loss,ppo_hier_items200_h1500\PPO_1
375000,-7.249780654907227,train/entropy_loss,ppo_hier_items200_h1500\PPO_1
400000,-7.220094203948975,train/entropy_loss,ppo_hier_items200_h1500\PPO_1
450000,-7.194247245788574,train/entropy_loss,ppo_hier_items200_h1500\PPO_1
475000,-7.183042526245117,train/entropy_loss,ppo_hier_items200_h1500\PPO_1
500000,-7.173215389251709,train/entropy_loss,ppo_hier_items200_h1500\PPO_1
525000,-7.130752086639404,train/entropy_loss,ppo_hier_items200_h1500\PPO_1
575000,-7.1169352531433105,train/entropy_loss,ppo_hier_items200_h1500\PPO_1
600000,-7.119731426239014,train/entropy_loss,ppo_hier_items200_h1500\PPO_1
625000,-7.085300922393799,train/entropy_loss,ppo_hier_items200_h1500\PPO_1
675000,-7.043677806854248,train/entropy_loss,ppo_hier_items200_h1500\PPO_1
700000,-7.032444000244141,train/entropy_loss,ppo_hier_items200_h1500\PPO_1
725000,-7.034658908843994,train/entropy_loss,ppo_hier_items200_h1500\PPO_1
775000,-6.973364353179932,train/entropy_loss,ppo_hier_items200_h1500\PPO_1
800000,-6.943704128265381,train/entropy_loss,ppo_hier_items200_h1500\PPO_1
825000,-6.947627067565918,train/entropy_loss,ppo_hier_items200_h1500\PPO_1
875000,-6.956891059875488,train/entropy_loss,ppo_hier_items200_h1500\PPO_1
900000,-6.871467590332031,train/entropy_loss,ppo_hier_items200_h1500\PPO_1
925000,-6.859473705291748,train/entropy_loss,ppo_hier_items200_h1500\PPO_1
975000,-6.874606609344482,train/entropy_loss,ppo_hier_items200_h1500\PPO_1
1000000,-6.860270977020264,train/entropy_loss,ppo_hier_items200_h1500\PPO_1
1025000,-6.787227630615234,train/entropy_loss,ppo_hier_items200_h1500\PPO_1
1050000,-6.780102729797363,train/entropy_loss,ppo_hier_items200_h1500\PPO_1
1100000,-6.822901248931885,train/entropy_loss,ppo_hier_items200_h1500\PPO_1
1125000,-6.773653984069824,train/entropy_loss,ppo_hier_items200_h1500\PPO_1
1150000,-6.728172302246094,train/entropy_loss,ppo_hier_items200_h1500\PPO_1
1200000,-6.74713659286499,train/entropy_loss,ppo_hier_items200_h1500\PPO_1
1225000,-6.795734882354736,train/entropy_loss,ppo_hier_items200_h1500\PPO_1
1250000,-6.707398891448975,train/entropy_loss,ppo_hier_items200_h1500\PPO_1
1300000,-6.688406944274902,train/entropy_loss,ppo_hier_items200_h1500\PPO_1
1325000,-6.719022274017334,train/entropy_loss,ppo_hier_items200_h1500\PPO_1
1350000,-6.749288082122803,train/entropy_loss,ppo_hier_items200_h1500\PPO_1
1400000,-6.656912803649902,train/entropy_loss,ppo_hier_items200_h1500\PPO_1
1425000,-6.669972896575928,train/entropy_loss,ppo_hier_items200_h1500\PPO_1
1450000,-6.702975749969482,train/entropy_loss,ppo_hier_items200_h1500\PPO_1
1475000,-6.699761867523193,train/entropy_loss,ppo_hier_items200_h1500\PPO_1
1525000,-6.629963397979736,train/entropy_loss,ppo_hier_items200_h1500\PPO_1
1550000,-6.6406474113464355,train/entropy_loss,ppo_hier_items200_h1500\PPO_1
1575000,-6.688966274261475,train/entropy_loss,ppo_hier_items200_h1500\PPO_1
1625000,-6.620655536651611,train/entropy_loss,ppo_hier_items200_h1500\PPO_1
1650000,-6.591306209564209,train/entropy_loss,ppo_hier_items200_h1500\PPO_1
1675000,-6.609585762023926,train/entropy_loss,ppo_hier_items200_h1500\PPO_1
1725000,-6.663107395172119,train/entropy_loss,ppo_hier_items200_h1500\PPO_1
1750000,-6.559597492218018,train/entropy_loss,ppo_hier_items200_h1500\PPO_1
1775000,-6.569808483123779,train/entropy_loss,ppo_hier_items200_h1500\PPO_1
1825000,-6.593183994293213,train/entropy_loss,ppo_hier_items200_h1500\PPO_1
1850000,-6.6103081703186035,train/entropy_loss,ppo_hier_items200_h1500\PPO_1
1875000,-6.533052921295166,train/entropy_loss,ppo_hier_items200_h1500\PPO_1
1925000,-6.563824653625488,train/entropy_loss,ppo_hier_items200_h1500\PPO_1
1950000,-6.612433910369873,train/entropy_loss,ppo_hier_items200_h1500\PPO_1
1975000,-6.578510284423828,train/entropy_loss,ppo_hier_items200_h1500\PPO_1
2000000,-6.550775051116943,train/entropy_loss,ppo_hier_items200_h1500\PPO_1
50000,0.34366536140441895,train/explained_variance,ppo_hier_items200_h1500\PPO_1
75000,0.7228715419769287,train/explained_variance,ppo_hier_items200_h1500\PPO_1
100000,0.7287821173667908,train/explained_variance,ppo_hier_items200_h1500\PPO_1
150000,0.7603389024734497,train/explained_variance,ppo_hier_items200_h1500\PPO_1
175000,0.6883329153060913,train/explained_variance,ppo_hier_items200_h1500\PPO_1
200000,0.7228082418441772,train/explained_variance,ppo_hier_items200_h1500\PPO_1
250000,0.760978102684021,train/explained_variance,ppo_hier_items200_h1500\PPO_1
275000,0.8240314722061157,train/explained_variance,ppo_hier_items200_h1500\PPO_1
300000,0.7889435291290283,train/explained_variance,ppo_hier_items200_h1500\PPO_1
350000,0.818290114402771,train/explained_variance,ppo_hier_items200_h1500\PPO_1
375000,0.848700761795044,train/explained_variance,ppo_hier_items200_h1500\PPO_1
400000,0.8775767087936401,train/explained_variance,ppo_hier_items200_h1500\PPO_1
450000,0.8626877665519714,train/explained_variance,ppo_hier_items200_h1500\PPO_1
475000,0.8877062201499939,train/explained_variance,ppo_hier_items200_h1500\PPO_1
500000,0.910922110080719,train/explained_variance,ppo_hier_items200_h1500\PPO_1
525000,0.9035358428955078,train/explained_variance,ppo_hier_items200_h1500\PPO_1
575000,0.9191343188285828,train/explained_variance,ppo_hier_items200_h1500\PPO_1
600000,0.9204320907592773,train/explained_variance,ppo_hier_items200_h1500\PPO_1
625000,0.9293798804283142,train/explained_variance,ppo_hier_items200_h1500\PPO_1
675000,0.9304848313331604,train/explained_variance,ppo_hier_items200_h1500\PPO_1
700000,0.937500536441803,train/explained_variance,ppo_hier_items200_h1500\PPO_1
725000,0.9277209043502808,train/explained_variance,ppo_hier_items200_h1500\PPO_1
775000,0.9220840334892273,train/explained_variance,ppo_hier_items200_h1500\PPO_1
800000,0.9416713118553162,train/explained_variance,ppo_hier_items200_h1500\PPO_1
825000,0.943108081817627,train/explained_variance,ppo_hier_items200_h1500\PPO_1
875000,0.9527872800827026,train/explained_variance,ppo_hier_items200_h1500\PPO_1
900000,0.9211711287498474,train/explained_variance,ppo_hier_items200_h1500\PPO_1
925000,0.9463546872138977,train/explained_variance,ppo_hier_items200_h1500\PPO_1
975000,0.9499843716621399,train/explained_variance,ppo_hier_items200_h1500\PPO_1
1000000,0.9367023706436157,train/explained_variance,ppo_hier_items200_h1500\PPO_1
1025000,0.9559403657913208,train/explained_variance,ppo_hier_items200_h1500\PPO_1
1050000,0.9599937200546265,train/explained_variance,ppo_hier_items200_h1500\PPO_1
1100000,0.9606974124908447,train/explained_variance,ppo_hier_items200_h1500\PPO_1
1125000,0.9555135369300842,train/explained_variance,ppo_hier_items200_h1500\PPO_1
1150000,0.9564014673233032,train/explained_variance,ppo_hier_items200_h1500\PPO_1
1200000,0.9702547788619995,train/explained_variance,ppo_hier_items200_h1500\PPO_1
1225000,0.9672846794128418,train/explained_variance,ppo_hier_items200_h1500\PPO_1
1250000,0.9609436392784119,train/explained_variance,ppo_hier_items200_h1500\PPO_1
1300000,0.9697614312171936,train/explained_variance,ppo_hier_items200_h1500\PPO_1
1325000,0.9717304110527039,train/explained_variance,ppo_hier_items200_h1500\PPO_1
1350000,0.971099317073822,train/explained_variance,ppo_hier_items200_h1500\PPO_1
1400000,0.970145583152771,train/explained_variance,ppo_hier_items200_h1500\PPO_1
1425000,0.9739764332771301,train/explained_variance,ppo_hier_items200_h1500\PPO_1
1450000,0.973109245300293,train/explained_variance,ppo_hier_items200_h1500\PPO_1
1475000,0.9746249318122864,train/explained_variance,ppo_hier_items200_h1500\PPO_1
1525000,0.973931610584259,train/explained_variance,ppo_hier_items200_h1500\PPO_1
1550000,0.9751179814338684,train/explained_variance,ppo_hier_items200_h1500\PPO_1
1575000,0.9702145457267761,train/explained_variance,ppo_hier_items200_h1500\PPO_1
1625000,0.9631969928741455,train/explained_variance,ppo_hier_items200_h1500\PPO_1
1650000,0.9767581224441528,train/explained_variance,ppo_hier_items200_h1500\PPO_1
1675000,0.9684561491012573,train/explained_variance,ppo_hier_items200_h1500\PPO_1
1725000,0.9780075550079346,train/explained_variance,ppo_hier_items200_h1500\PPO_1
1750000,0.9670847654342651,train/explained_variance,ppo_hier_items200_h1500\PPO_1
1775000,0.9744606018066406,train/explained_variance,ppo_hier_items200_h1500\PPO_1
1825000,0.9759185314178467,train/explained_variance,ppo_hier_items200_h1500\PPO_1
1850000,0.9682457447052002,train/explained_variance,ppo_hier_items200_h1500\PPO_1
1875000,0.977584958076477,train/explained_variance,ppo_hier_items200_h1500\PPO_1
1925000,0.9767075777053833,train/explained_variance,ppo_hier_items200_h1500\PPO_1
1950000,0.973241925239563,train/explained_variance,ppo_hier_items200_h1500\PPO_1
1975000,0.9739384651184082,train/explained_variance,ppo_hier_items200_h1500\PPO_1
2000000,0.9730448126792908,train/explained_variance,ppo_hier_items200_h1500\PPO_1
50000,0.0002950848138425499,train/learning_rate,ppo_hier_items200_h1500\PPO_1
75000,0.00029016961343586445,train/learning_rate,ppo_hier_items200_h1500\PPO_1
100000,0.000285254413029179,train/learning_rate,ppo_hier_items200_h1500\PPO_1
150000,0.0002803392126224935,train/learning_rate,ppo_hier_items200_h1500\PPO_1
175000,0.00027542401221580803,train/learning_rate,ppo_hier_items200_h1500\PPO_1
200000,0.00027050881180912256,train/learning_rate,ppo_hier_items200_h1500\PPO_1
250000,0.0002655936114024371,train/learning_rate,ppo_hier_items200_h1500\PPO_1
275000,0.0002606784109957516,train/learning_rate,ppo_hier_items200_h1500\PPO_1
300000,0.00025576321058906615,train/learning_rate,ppo_hier_items200_h1500\PPO_1
350000,0.0002508480101823807,train/learning_rate,ppo_hier_items200_h1500\PPO_1
375000,0.0002459328097756952,train/learning_rate,ppo_hier_items200_h1500\PPO_1
400000,0.0002410175948170945,train/learning_rate,ppo_hier_items200_h1500\PPO_1
450000,0.00023610239441040903,train/learning_rate,ppo_hier_items200_h1500\PPO_1
475000,0.00023118719400372356,train/learning_rate,ppo_hier_items200_h1500\PPO_1
500000,0.0002262719935970381,train/learning_rate,ppo_hier_items200_h1500\PPO_1
525000,0.00022135679319035262,train/learning_rate,ppo_hier_items200_h1500\PPO_1
575000,0.00021644159278366715,train/learning_rate,ppo_hier_items200_h1500\PPO_1
600000,0.0002115264069288969,train/learning_rate,ppo_hier_items200_h1500\PPO_1
625000,0.00020661120652221143,train/learning_rate,ppo_hier_items200_h1500\PPO_1
675000,0.00020169600611552596,train/learning_rate,ppo_hier_items200_h1500\PPO_1
700000,0.0001967808057088405,train/learning_rate,ppo_hier_items200_h1500\PPO_1
725000,0.00019186560530215502,train/learning_rate,ppo_hier_items200_h1500\PPO_1
775000,0.00018695040489546955,train/learning_rate,ppo_hier_items200_h1500\PPO_1
800000,0.00018203520448878407,train/learning_rate,ppo_hier_items200_h1500\PPO_1
825000,0.0001771200040820986,train/learning_rate,ppo_hier_items200_h1500\PPO_1
875000,0.00017220480367541313,train/learning_rate,ppo_hier_items200_h1500\PPO_1
900000,0.00016728960326872766,train/learning_rate,ppo_hier_items200_h1500\PPO_1
925000,0.0001623744028620422,train/learning_rate,ppo_hier_items200_h1500\PPO_1
975000,0.00015745920245535672,train/learning_rate,ppo_hier_items200_h1500\PPO_1
1000000,0.00015254400204867125,train/learning_rate,ppo_hier_items200_h1500\PPO_1
1025000,0.00014762880164198577,train/learning_rate,ppo_hier_items200_h1500\PPO_1
1050000,0.0001427136012353003,train/learning_rate,ppo_hier_items200_h1500\PPO_1
1100000,0.00013779840082861483,train/learning_rate,ppo_hier_items200_h1500\PPO_1
1125000,0.00013288320042192936,train/learning_rate,ppo_hier_items200_h1500\PPO_1
1150000,0.0001279680000152439,train/learning_rate,ppo_hier_items200_h1500\PPO_1
1200000,0.00012305279960855842,train/learning_rate,ppo_hier_items200_h1500\PPO_1
1225000,0.00011813759920187294,train/learning_rate,ppo_hier_items200_h1500\PPO_1
1250000,0.00011322239879518747,train/learning_rate,ppo_hier_items200_h1500\PPO_1
1300000,0.000108307198388502,train/learning_rate,ppo_hier_items200_h1500\PPO_1
1325000,0.00010339199798181653,train/learning_rate,ppo_hier_items200_h1500\PPO_1
1350000,9.847679757513106e-05,train/learning_rate,ppo_hier_items200_h1500\PPO_1
1400000,9.356159716844559e-05,train/learning_rate,ppo_hier_items200_h1500\PPO_1
1425000,8.864639676176012e-05,train/learning_rate,ppo_hier_items200_h1500\PPO_1
1450000,8.373120363103226e-05,train/learning_rate,ppo_hier_items200_h1500\PPO_1
1475000,7.881600322434679e-05,train/learning_rate,ppo_hier_items200_h1500\PPO_1
1525000,7.390080281766132e-05,train/learning_rate,ppo_hier_items200_h1500\PPO_1
1550000,6.898560241097584e-05,train/learning_rate,ppo_hier_items200_h1500\PPO_1
1575000,6.407040200429037e-05,train/learning_rate,ppo_hier_items200_h1500\PPO_1
1625000,5.91552015976049e-05,train/learning_rate,ppo_hier_items200_h1500\PPO_1
1650000,5.424000119091943e-05,train/learning_rate,ppo_hier_items200_h1500\PPO_1
1675000,4.932480078423396e-05,train/learning_rate,ppo_hier_items200_h1500\PPO_1
1725000,4.4409600377548486e-05,train/learning_rate,ppo_hier_items200_h1500\PPO_1
1750000,3.9494399970863014e-05,train/learning_rate,ppo_hier_items200_h1500\PPO_1
1775000,3.457919956417754e-05,train/learning_rate,ppo_hier_items200_h1500\PPO_1
1825000,2.966399915749207e-05,train/learning_rate,ppo_hier_items200_h1500\PPO_1
1850000,2.4748800569796003e-05,train/learning_rate,ppo_hier_items200_h1500\PPO_1
1875000,1.9833600163110532e-05,train/learning_rate,ppo_hier_items200_h1500\PPO_1
1925000,1.491839975642506e-05,train/learning_rate,ppo_hier_items200_h1500\PPO_1
1950000,1.000320025923429e-05,train/learning_rate,ppo_hier_items200_h1500\PPO_1
1975000,5.087999852548819e-06,train/learning_rate,ppo_hier_items200_h1500\PPO_1
2000000,1.728000000866814e-07,train/learning_rate,ppo_hier_items200_h1500\PPO_1
50000,-0.0036633051931858063,train/loss,ppo_hier_items200_h1500\PPO_1
75000,-0.0600418783724308,train/loss,ppo_hier_items200_h1500\PPO_1
100000,-0.05758588761091232,train/loss,ppo_hier_items200_h1500\PPO_1
150000,-0.059973616153001785,train/loss,ppo_hier_items200_h1500\PPO_1
175000,-0.048302266746759415,train/loss,ppo_hier_items200_h1500\PPO_1
200000,-0.049191914498806,train/loss,ppo_hier_items200_h1500\PPO_1
250000,-0.04177413135766983,train/loss,ppo_hier_items200_h1500\PPO_1
275000,-0.053350940346717834,train/loss,ppo_hier_items200_h1500\PPO_1
300000,-0.0423794686794281,train/loss,ppo_hier_items200_h1500\PPO_1
350000,-0.044457197189331055,train/loss,ppo_hier_items200_h1500\PPO_1
375000,-0.05192317068576813,train/loss,ppo_hier_items200_h1500\PPO_1
400000,-0.058047376573085785,train/loss,ppo_hier_items200_h1500\PPO_1
450000,-0.042470477521419525,train/loss,ppo_hier_items200_h1500\PPO_1
475000,-0.05380416661500931,train/loss,ppo_hier_items200_h1500\PPO_1
500000,-0.059242039918899536,train/loss,ppo_hier_items200_h1500\PPO_1
525000,-0.05584833025932312,train/loss,ppo_hier_items200_h1500\PPO_1
575000,-0.058166321367025375,train/loss,ppo_hier_items200_h1500\PPO_1
600000,-0.0585649199783802,train/loss,ppo_hier_items200_h1500\PPO_1
625000,-0.06341776251792908,train/loss,ppo_hier_items200_h1500\PPO_1
675000,-0.05740968883037567,train/loss,ppo_hier_items200_h1500\PPO_1
700000,-0.0630006343126297,train/loss,ppo_hier_items200_h1500\PPO_1
725000,-0.059625886380672455,train/loss,ppo_hier_items200_h1500\PPO_1
775000,-0.05996106192469597,train/loss,ppo_hier_items200_h1500\PPO_1
800000,-0.05644652619957924,train/loss,ppo_hier_items200_h1500\PPO_1
825000,-0.05967641621828079,train/loss,ppo_hier_items200_h1500\PPO_1
875000,-0.06181654334068298,train/loss,ppo_hier_items200_h1500\PPO_1
900000,-0.05528022348880768,train/loss,ppo_hier_items200_h1500\PPO_1
925000,-0.05928770452737808,train/loss,ppo_hier_items200_h1500\PPO_1
975000,-0.06247246637940407,train/loss,ppo_hier_items200_h1500\PPO_1
1000000,-0.05605059117078781,train/loss,ppo_hier_items200_h1500\PPO_1
1025000,-0.06337852030992508,train/loss,ppo_hier_items200_h1500\PPO_1
1050000,-0.06045947223901749,train/loss,ppo_hier_items200_h1500\PPO_1
1100000,-0.06143801659345627,train/loss,ppo_hier_items200_h1500\PPO_1
1125000,-0.05893580615520477,train/loss,ppo_hier_items200_h1500\PPO_1
1150000,-0.055398378521203995,train/loss,ppo_hier_items200_h1500\PPO_1
1200000,-0.063602976500988,train/loss,ppo_hier_items200_h1500\PPO_1
1225000,-0.05903487280011177,train/loss,ppo_hier_items200_h1500\PPO_1
1250000,-0.05454226955771446,train/loss,ppo_hier_items200_h1500\PPO_1
1300000,-0.06039594113826752,train/loss,ppo_hier_items200_h1500\PPO_1
1325000,-0.062072835862636566,train/loss,ppo_hier_items200_h1500\PPO_1
1350000,-0.0621391236782074,train/loss,ppo_hier_items200_h1500\PPO_1
1400000,-0.05974634736776352,train/loss,ppo_hier_items200_h1500\PPO_1
1425000,-0.054753243923187256,train/loss,ppo_hier_items200_h1500\PPO_1
1450000,-0.060246504843235016,train/loss,ppo_hier_items200_h1500\PPO_1
1475000,-0.05866062641143799,train/loss,ppo_hier_items200_h1500\PPO_1
1525000,-0.05382724106311798,train/loss,ppo_hier_items200_h1500\PPO_1
1550000,-0.05265823006629944,train/loss,ppo_hier_items200_h1500\PPO_1
1575000,-0.051826901733875275,train/loss,ppo_hier_items200_h1500\PPO_1
1625000,-0.05322036147117615,train/loss,ppo_hier_items200_h1500\PPO_1
1650000,-0.050888627767562866,train/loss,ppo_hier_items200_h1500\PPO_1
1675000,-0.04348856210708618,train/loss,ppo_hier_items200_h1500\PPO_1
1725000,-0.04813964292407036,train/loss,ppo_hier_items200_h1500\PPO_1
1750000,-0.04966666176915169,train/loss,ppo_hier_items200_h1500\PPO_1
1775000,-0.04731041193008423,train/loss,ppo_hier_items200_h1500\PPO_1
1825000,-0.04562525078654289,train/loss,ppo_hier_items200_h1500\PPO_1
1850000,-0.04145802557468414,train/loss,ppo_hier_items200_h1500\PPO_1
1875000,-0.03831765800714493,train/loss,ppo_hier_items200_h1500\PPO_1
1925000,-0.036203887313604355,train/loss,ppo_hier_items200_h1500\PPO_1
1950000,-0.029108157381415367,train/loss,ppo_hier_items200_h1500\PPO_1
1975000,-0.028373446315526962,train/loss,ppo_hier_items200_h1500\PPO_1
2000000,-0.020329151302576065,train/loss,ppo_hier_items200_h1500\PPO_1
50000,-0.01839548721909523,train/policy_gradient_loss,ppo_hier_items200_h1500\PPO_1
75000,-0.02463648095726967,train/policy_gradient_loss,ppo_hier_items200_h1500\PPO_1
100000,-0.02369683049619198,train/policy_gradient_loss,ppo_hier_items200_h1500\PPO_1
150000,-0.023777684196829796,train/policy_gradient_loss,ppo_hier_items200_h1500\PPO_1
175000,-0.02392217144370079,train/policy_gradient_loss,ppo_hier_items200_h1500\PPO_1
200000,-0.02288641408085823,train/policy_gradient_loss,ppo_hier_items200_h1500\PPO_1
250000,-0.024541614577174187,train/policy_gradient_loss,ppo_hier_items200_h1500\PPO_1
275000,-0.02484787628054619,train/policy_gradient_loss,ppo_hier_items200_h1500\PPO_1
300000,-0.025043757632374763,train/policy_gradient_loss,ppo_hier_items200_h1500\PPO_1
350000,-0.02517673186957836,train/policy_gradient_loss,ppo_hier_items200_h1500\PPO_1
375000,-0.026945829391479492,train/policy_gradient_loss,ppo_hier_items200_h1500\PPO_1
400000,-0.025492556393146515,train/policy_gradient_loss,ppo_hier_items200_h1500\PPO_1
450000,-0.027200153097510338,train/policy_gradient_loss,ppo_hier_items200_h1500\PPO_1
475000,-0.027897140011191368,train/policy_gradient_loss,ppo_hier_items200_h1500\PPO_1
500000,-0.029102910310029984,train/policy_gradient_loss,ppo_hier_items200_h1500\PPO_1
525000,-0.025771019980311394,train/policy_gradient_loss,ppo_hier_items200_h1500\PPO_1
575000,-0.028805140405893326,train/policy_gradient_loss,ppo_hier_items200_h1500\PPO_1
600000,-0.027880454435944557,train/policy_gradient_loss,ppo_hier_items200_h1500\PPO_1
625000,-0.029239146038889885,train/policy_gradient_loss,ppo_hier_items200_h1500\PPO_1
675000,-0.027597643435001373,train/policy_gradient_loss,ppo_hier_items200_h1500\PPO_1
700000,-0.028905633836984634,train/policy_gradient_loss,ppo_hier_items200_h1500\PPO_1
725000,-0.028821492567658424,train/policy_gradient_loss,ppo_hier_items200_h1500\PPO_1
775000,-0.02816537767648697,train/policy_gradient_loss,ppo_hier_items200_h1500\PPO_1
800000,-0.027687057852745056,train/policy_gradient_loss,ppo_hier_items200_h1500\PPO_1
825000,-0.027971504256129265,train/policy_gradient_loss,ppo_hier_items200_h1500\PPO_1
875000,-0.02995429001748562,train/policy_gradient_loss,ppo_hier_items200_h1500\PPO_1
900000,-0.02594493143260479,train/policy_gradient_loss,ppo_hier_items200_h1500\PPO_1
925000,-0.027134200558066368,train/policy_gradient_loss,ppo_hier_items200_h1500\PPO_1
975000,-0.027963999658823013,train/policy_gradient_loss,ppo_hier_items200_h1500\PPO_1
1000000,-0.027245372533798218,train/policy_gradient_loss,ppo_hier_items200_h1500\PPO_1
1025000,-0.027388883754611015,train/policy_gradient_loss,ppo_hier_items200_h1500\PPO_1
1050000,-0.027587635442614555,train/policy_gradient_loss,ppo_hier_items200_h1500\PPO_1
1100000,-0.026943862438201904,train/policy_gradient_loss,ppo_hier_items200_h1500\PPO_1
1125000,-0.027305549010634422,train/policy_gradient_loss,ppo_hier_items200_h1500\PPO_1
1150000,-0.02503274939954281,train/policy_gradient_loss,ppo_hier_items200_h1500\PPO_1
1200000,-0.02721465192735195,train/policy_gradient_loss,ppo_hier_items200_h1500\PPO_1
1225000,-0.026368213817477226,train/policy_gradient_loss,ppo_hier_items200_h1500\PPO_1
1250000,-0.02509934827685356,train/policy_gradient_loss,ppo_hier_items200_h1500\PPO_1
1300000,-0.02533506229519844,train/policy_gradient_loss,ppo_hier_items200_h1500\PPO_1
1325000,-0.02501075156033039,train/policy_gradient_loss,ppo_hier_items200_h1500\PPO_1
1350000,-0.02486208640038967,train/policy_gradient_loss,ppo_hier_items200_h1500\PPO_1
1400000,-0.022985227406024933,train/policy_gradient_loss,ppo_hier_items200_h1500\PPO_1
1425000,-0.023039933294057846,train/policy_gradient_loss,ppo_hier_items200_h1500\PPO_1
1450000,-0.022494804114103317,train/policy_gradient_loss,ppo_hier_items200_h1500\PPO_1
1475000,-0.02163950353860855,train/policy_gradient_loss,ppo_hier_items200_h1500\PPO_1
1525000,-0.020654987543821335,train/policy_gradient_loss,ppo_hier_items200_h1500\PPO_1
1550000,-0.02017335034906864,train/policy_gradient_loss,ppo_hier_items200_h1500\PPO_1
1575000,-0.019067808985710144,train/policy_gradient_loss,ppo_hier_items200_h1500\PPO_1
1625000,-0.017819831147789955,train/policy_gradient_loss,ppo_hier_items200_h1500\PPO_1
1650000,-0.017575785517692566,train/policy_gradient_loss,ppo_hier_items200_h1500\PPO_1
1675000,-0.015748945996165276,train/policy_gradient_loss,ppo_hier_items200_h1500\PPO_1
1725000,-0.015689129009842873,train/policy_gradient_loss,ppo_hier_items200_h1500\PPO_1
1750000,-0.014017287641763687,train/policy_gradient_loss,ppo_hier_items200_h1500\PPO_1
1775000,-0.012827238999307156,train/policy_gradient_loss,ppo_hier_items200_h1500\PPO_1
1825000,-0.011314081959426403,train/policy_gradient_loss,ppo_hier_items200_h1500\PPO_1
1850000,-0.009550991468131542,train/policy_gradient_loss,ppo_hier_items200_h1500\PPO_1
1875000,-0.008321990258991718,train/policy_gradient_loss,ppo_hier_items200_h1500\PPO_1
1925000,-0.006155618000775576,train/policy_gradient_loss,ppo_hier_items200_h1500\PPO_1
1950000,-0.004006955306977034,train/policy_gradient_loss,ppo_hier_items200_h1500\PPO_1
1975000,-0.0021056830883026123,train/policy_gradient_loss,ppo_hier_items200_h1500\PPO_1
2000000,-6.994623981881887e-05,train/policy_gradient_loss,ppo_hier_items200_h1500\PPO_1
50000,0.1661417931318283,train/value_loss,ppo_hier_items200_h1500\PPO_1
75000,0.05220317468047142,train/value_loss,ppo_hier_items200_h1500\PPO_1
100000,0.04463241621851921,train/value_loss,ppo_hier_items200_h1500\PPO_1
150000,0.036907341331243515,train/value_loss,ppo_hier_items200_h1500\PPO_1
175000,0.04908120259642601,train/value_loss,ppo_hier_items200_h1500\PPO_1
200000,0.05412353202700615,train/value_loss,ppo_hier_items200_h1500\PPO_1
250000,0.052503567188978195,train/value_loss,ppo_hier_items200_h1500\PPO_1
275000,0.03922014683485031,train/value_loss,ppo_hier_items200_h1500\PPO_1
300000,0.0517982617020607,train/value_loss,ppo_hier_items200_h1500\PPO_1
350000,0.0504172220826149,train/value_loss,ppo_hier_items200_h1500\PPO_1
375000,0.046723898500204086,train/value_loss,ppo_hier_items200_h1500\PPO_1
400000,0.03290153667330742,train/value_loss,ppo_hier_items200_h1500\PPO_1
450000,0.04494056478142738,train/value_loss,ppo_hier_items200_h1500\PPO_1
475000,0.043197210878133774,train/value_loss,ppo_hier_items200_h1500\PPO_1
500000,0.029655560851097107,train/value_loss,ppo_hier_items200_h1500\PPO_1
525000,0.03659950569272041,train/value_loss,ppo_hier_items200_h1500\PPO_1
575000,0.03601403161883354,train/value_loss,ppo_hier_items200_h1500\PPO_1
600000,0.03699681535363197,train/value_loss,ppo_hier_items200_h1500\PPO_1
625000,0.024943597614765167,train/value_loss,ppo_hier_items200_h1500\PPO_1
675000,0.03370548039674759,train/value_loss,ppo_hier_items200_h1500\PPO_1
700000,0.03202911466360092,train/value_loss,ppo_hier_items200_h1500\PPO_1
725000,0.035830363631248474,train/value_loss,ppo_hier_items200_h1500\PPO_1
775000,0.0259945560246706,train/value_loss,ppo_hier_items200_h1500\PPO_1
800000,0.02984091266989708,train/value_loss,ppo_hier_items200_h1500\PPO_1
825000,0.030224677175283432,train/value_loss,ppo_hier_items200_h1500\PPO_1
875000,0.024014318361878395,train/value_loss,ppo_hier_items200_h1500\PPO_1
900000,0.0275729913264513,train/value_loss,ppo_hier_items200_h1500\PPO_1
925000,0.027628786861896515,train/value_loss,ppo_hier_items200_h1500\PPO_1
975000,0.02759510464966297,train/value_loss,ppo_hier_items200_h1500\PPO_1
1000000,0.024199072271585464,train/value_loss,ppo_hier_items200_h1500\PPO_1
1025000,0.024047797545790672,train/value_loss,ppo_hier_items200_h1500\PPO_1
1050000,0.02449859492480755,train/value_loss,ppo_hier_items200_h1500\PPO_1
1100000,0.02407068945467472,train/value_loss,ppo_hier_items200_h1500\PPO_1
1125000,0.01959427073597908,train/value_loss,ppo_hier_items200_h1500\PPO_1
1150000,0.0246934425085783,train/value_loss,ppo_hier_items200_h1500\PPO_1
1200000,0.02055506967008114,train/value_loss,ppo_hier_items200_h1500\PPO_1
1225000,0.022080104798078537,train/value_loss,ppo_hier_items200_h1500\PPO_1
1250000,0.01906079798936844,train/value_loss,ppo_hier_items200_h1500\PPO_1
1300000,0.021208537742495537,train/value_loss,ppo_hier_items200_h1500\PPO_1
1325000,0.02019445225596428,train/value_loss,ppo_hier_items200_h1500\PPO_1
1350000,0.017603328451514244,train/value_loss,ppo_hier_items200_h1500\PPO_1
1400000,0.02015175111591816,train/value_loss,ppo_hier_items200_h1500\PPO_1
1425000,0.019974034279584885,train/value_loss,ppo_hier_items200_h1500\PPO_1
1450000,0.020192066207528114,train/value_loss,ppo_hier_items200_h1500\PPO_1
1475000,0.014876257628202438,train/value_loss,ppo_hier_items200_h1500\PPO_1
1525000,0.020630503073334694,train/value_loss,ppo_hier_items200_h1500\PPO_1
1550000,0.020264221355319023,train/value_loss,ppo_hier_items200_h1500\PPO_1
1575000,0.02190650999546051,train/value_loss,ppo_hier_items200_h1500\PPO_1
1625000,0.019929196685552597,train/value_loss,ppo_hier_items200_h1500\PPO_1
1650000,0.01809469424188137,train/value_loss,ppo_hier_items200_h1500\PPO_1
1675000,0.02247893251478672,train/value_loss,ppo_hier_items200_h1500\PPO_1
1725000,0.016602613031864166,train/value_loss,ppo_hier_items200_h1500\PPO_1
1750000,0.01919872686266899,train/value_loss,ppo_hier_items200_h1500\PPO_1
1775000,0.020476747304201126,train/value_loss,ppo_hier_items200_h1500\PPO_1
1825000,0.020124871283769608,train/value_loss,ppo_hier_items200_h1500\PPO_1
1850000,0.01923571340739727,train/value_loss,ppo_hier_items200_h1500\PPO_1
1875000,0.018553417176008224,train/value_loss,ppo_hier_items200_h1500\PPO_1
1925000,0.01951463520526886,train/value_loss,ppo_hier_items200_h1500\PPO_1
1950000,0.022105276584625244,train/value_loss,ppo_hier_items200_h1500\PPO_1
1975000,0.016117461025714874,train/value_loss,ppo_hier_items200_h1500\PPO_1
2000000,0.02250092290341854,train/value_loss,ppo_hier_items200_h1500\PPO_1
