run,run_id,step,learner_idx,learner_name,mastered
runs\ab_balanced_items200_h1000\PPO_1,PPO_1,25000,0,Alex,0.0
runs\ab_penalty1_items200_h1200\PPO_1,PPO_1,25000,0,Alex,1.0
runs\ppo_items200_h1000\PPO_1,PPO_1,25000,0,Alex,0.0
runs\ppo_items200_h800\PPO_1,PPO_1,25000,0,Alex,1.0
runs\ppo_items500_h1000\PPO_1,PPO_1,25000,0,Alex,0.0
runs\ppo_tutor_multi_items100\PPO_1,PPO_1,25000,0,Alex,0.0
runs\ppo_tutor_multi_stage2\PPO_1,PPO_1,25000,0,Alex,2.0
runs\ppo_tutor_multi_stage3_bonus2\PPO_1,PPO_1,25000,0,Alex,0.0
runs\ppo_tutor_multi_stage3_transition_bonus\PPO_1,PPO_1,25000,0,Alex,0.0
runs\ppo_tutor_multi_stage4\PPO_1,PPO_1,25000,0,Alex,0.0
runs\ppo_tutor_multi_v6\PPO_1,PPO_1,25000,0,Alex,0.0
runs\ab_balanced_items200_h1000\PPO_1,PPO_1,32768,0,Alex,0.0
runs\ab_penalty1_items200_h1200\PPO_1,PPO_1,32768,0,Alex,0.0
runs\ppo_items200_h1000\PPO_1,PPO_1,32768,0,Alex,0.0
runs\ppo_items200_h800\PPO_1,PPO_1,32768,0,Alex,0.0
runs\ppo_items500_h1000\PPO_1,PPO_1,32768,0,Alex,0.0
runs\ppo_tutor_multi_items100\PPO_1,PPO_1,32768,0,Alex,0.0
runs\ppo_tutor_multi_stage2\PPO_1,PPO_1,32768,0,Alex,0.0
runs\ppo_tutor_multi_stage3_bonus2\PPO_1,PPO_1,32768,0,Alex,0.0
runs\ppo_tutor_multi_stage3_transition_bonus\PPO_1,PPO_1,32768,0,Alex,0.0
runs\ppo_tutor_multi_stage4\PPO_1,PPO_1,32768,0,Alex,0.0
runs\ppo_tutor_multi_v6\PPO_1,PPO_1,32768,0,Alex,1.0
runs\ab_penalty1_items200_h1200\PPO_1,PPO_1,50000,0,Alex,1.0
runs\ppo_items200_h1000\PPO_1,PPO_1,50000,0,Alex,1.0
runs\ppo_items200_h800\PPO_1,PPO_1,50000,0,Alex,1.0
runs\ppo_items500_h1000\PPO_1,PPO_1,50000,0,Alex,0.0
runs\ppo_tutor_multi_items100\PPO_1,PPO_1,50000,0,Alex,0.0
runs\ppo_tutor_multi_stage2\PPO_1,PPO_1,50000,0,Alex,0.0
runs\ppo_tutor_multi_stage3_bonus2\PPO_1,PPO_1,50000,0,Alex,1.0
runs\ppo_tutor_multi_stage3_transition_bonus\PPO_1,PPO_1,50000,0,Alex,1.0
runs\ppo_tutor_multi_stage4\PPO_1,PPO_1,50000,0,Alex,0.0
runs\ppo_tutor_multi_v6\PPO_1,PPO_1,50000,0,Alex,2.0
runs\ab_penalty1_items200_h1200\PPO_1,PPO_1,65536,0,Alex,3.0
runs\ppo_items200_h1000\PPO_1,PPO_1,65536,0,Alex,0.0
runs\ppo_items200_h800\PPO_1,PPO_1,65536,0,Alex,0.0
runs\ppo_items500_h1000\PPO_1,PPO_1,65536,0,Alex,0.0
runs\ppo_tutor_multi_items100\PPO_1,PPO_1,65536,0,Alex,0.0
runs\ppo_tutor_multi_stage2\PPO_1,PPO_1,65536,0,Alex,0.0
runs\ppo_tutor_multi_stage3_bonus2\PPO_1,PPO_1,65536,0,Alex,0.0
runs\ppo_tutor_multi_stage3_transition_bonus\PPO_1,PPO_1,65536,0,Alex,0.0
runs\ppo_tutor_multi_stage4\PPO_1,PPO_1,65536,0,Alex,0.0
runs\ppo_tutor_multi_v6\PPO_1,PPO_1,65536,0,Alex,0.0
runs\ab_penalty1_items200_h1200\PPO_1,PPO_1,75000,0,Alex,4.0
runs\ppo_items200_h1000\PPO_1,PPO_1,75000,0,Alex,0.0
runs\ppo_items200_h800\PPO_1,PPO_1,75000,0,Alex,2.0
runs\ppo_items500_h1000\PPO_1,PPO_1,75000,0,Alex,0.0
runs\ppo_tutor_multi_items100\PPO_1,PPO_1,75000,0,Alex,2.0
runs\ppo_tutor_multi_stage2\PPO_1,PPO_1,75000,0,Alex,0.0
runs\ppo_tutor_multi_stage3_bonus2\PPO_1,PPO_1,75000,0,Alex,1.0
runs\ppo_tutor_multi_stage3_transition_bonus\PPO_1,PPO_1,75000,0,Alex,1.0
runs\ppo_tutor_multi_stage4\PPO_1,PPO_1,75000,0,Alex,0.0
runs\ppo_tutor_multi_v6\PPO_1,PPO_1,75000,0,Alex,0.0
runs\ppo_items200_h1000\PPO_1,PPO_1,98304,0,Alex,1.0
runs\ppo_items200_h800\PPO_1,PPO_1,98304,0,Alex,1.0
runs\ppo_items500_h1000\PPO_1,PPO_1,98304,0,Alex,0.0
runs\ppo_tutor_multi_items100\PPO_1,PPO_1,98304,0,Alex,1.0
runs\ppo_tutor_multi_stage2\PPO_1,PPO_1,98304,0,Alex,1.0
runs\ppo_tutor_multi_stage3_bonus2\PPO_1,PPO_1,98304,0,Alex,1.0
runs\ppo_tutor_multi_stage3_transition_bonus\PPO_1,PPO_1,98304,0,Alex,1.0
runs\ppo_tutor_multi_stage4\PPO_1,PPO_1,98304,0,Alex,0.0
runs\ppo_tutor_multi_v6\PPO_1,PPO_1,98304,0,Alex,1.0
runs\ppo_items200_h1000\PPO_1,PPO_1,100000,0,Alex,1.0
runs\ppo_items200_h800\PPO_1,PPO_1,100000,0,Alex,2.0
runs\ppo_items500_h1000\PPO_1,PPO_1,100000,0,Alex,0.0
runs\ppo_tutor_multi_items100\PPO_1,PPO_1,100000,0,Alex,2.0
runs\ppo_tutor_multi_stage2\PPO_1,PPO_1,100000,0,Alex,0.0
runs\ppo_tutor_multi_stage3_bonus2\PPO_1,PPO_1,100000,0,Alex,0.0
runs\ppo_tutor_multi_stage3_transition_bonus\PPO_1,PPO_1,100000,0,Alex,0.0
runs\ppo_tutor_multi_stage4\PPO_1,PPO_1,100000,0,Alex,0.0
runs\ppo_tutor_multi_v6\PPO_1,PPO_1,100000,0,Alex,1.0
runs\ppo_items200_h1000\PPO_1,PPO_1,125000,0,Alex,1.0
runs\ppo_items200_h800\PPO_1,PPO_1,125000,0,Alex,2.0
runs\ppo_items500_h1000\PPO_1,PPO_1,125000,0,Alex,0.0
runs\ppo_tutor_multi_items100\PPO_1,PPO_1,125000,0,Alex,0.0
runs\ppo_tutor_multi_stage2\PPO_1,PPO_1,125000,0,Alex,0.0
runs\ppo_tutor_multi_stage3_bonus2\PPO_1,PPO_1,125000,0,Alex,0.0
runs\ppo_tutor_multi_stage3_transition_bonus\PPO_1,PPO_1,125000,0,Alex,0.0
runs\ppo_tutor_multi_stage4\PPO_1,PPO_1,125000,0,Alex,0.0
runs\ppo_tutor_multi_v6\PPO_1,PPO_1,125000,0,Alex,0.0
runs\ppo_items200_h1000\PPO_1,PPO_1,131072,0,Alex,1.0
runs\ppo_items200_h800\PPO_1,PPO_1,131072,0,Alex,0.0
runs\ppo_items500_h1000\PPO_1,PPO_1,131072,0,Alex,0.0
runs\ppo_tutor_multi_items100\PPO_1,PPO_1,131072,0,Alex,0.0
runs\ppo_tutor_multi_stage2\PPO_1,PPO_1,131072,0,Alex,1.0
runs\ppo_tutor_multi_stage3_bonus2\PPO_1,PPO_1,131072,0,Alex,1.0
runs\ppo_tutor_multi_stage3_transition_bonus\PPO_1,PPO_1,131072,0,Alex,1.0
runs\ppo_tutor_multi_stage4\PPO_1,PPO_1,131072,0,Alex,0.0
runs\ppo_tutor_multi_v6\PPO_1,PPO_1,131072,0,Alex,1.0
runs\ppo_items200_h1000\PPO_1,PPO_1,150000,0,Alex,7.0
runs\ppo_items200_h800\PPO_1,PPO_1,150000,0,Alex,2.0
runs\ppo_items500_h1000\PPO_1,PPO_1,150000,0,Alex,0.0
runs\ppo_tutor_multi_items100\PPO_1,PPO_1,150000,0,Alex,1.0
runs\ppo_tutor_multi_stage2\PPO_1,PPO_1,150000,0,Alex,2.0
runs\ppo_tutor_multi_stage3_bonus2\PPO_1,PPO_1,150000,0,Alex,0.0
runs\ppo_tutor_multi_stage3_transition_bonus\PPO_1,PPO_1,150000,0,Alex,0.0
runs\ppo_tutor_multi_stage4\PPO_1,PPO_1,150000,0,Alex,0.0
runs\ppo_tutor_multi_v6\PPO_1,PPO_1,150000,0,Alex,0.0
runs\ppo_items200_h1000\PPO_1,PPO_1,163840,0,Alex,1.0
runs\ppo_items200_h800\PPO_1,PPO_1,163840,0,Alex,1.0
runs\ppo_items500_h1000\PPO_1,PPO_1,163840,0,Alex,0.0
runs\ppo_tutor_multi_items100\PPO_1,PPO_1,163840,0,Alex,1.0
runs\ppo_tutor_multi_stage2\PPO_1,PPO_1,163840,0,Alex,0.0
runs\ppo_tutor_multi_stage3_bonus2\PPO_1,PPO_1,163840,0,Alex,2.0
runs\ppo_tutor_multi_stage3_transition_bonus\PPO_1,PPO_1,163840,0,Alex,2.0
runs\ppo_tutor_multi_stage4\PPO_1,PPO_1,163840,0,Alex,0.0
runs\ppo_tutor_multi_v6\PPO_1,PPO_1,163840,0,Alex,0.0
runs\ppo_items200_h1000\PPO_1,PPO_1,175000,0,Alex,3.0
runs\ppo_items200_h800\PPO_1,PPO_1,175000,0,Alex,0.0
runs\ppo_items500_h1000\PPO_1,PPO_1,175000,0,Alex,2.0
runs\ppo_tutor_multi_items100\PPO_1,PPO_1,175000,0,Alex,5.0
runs\ppo_tutor_multi_stage2\PPO_1,PPO_1,175000,0,Alex,0.0
runs\ppo_tutor_multi_stage3_bonus2\PPO_1,PPO_1,175000,0,Alex,0.0
runs\ppo_tutor_multi_stage3_transition_bonus\PPO_1,PPO_1,175000,0,Alex,1.0
runs\ppo_tutor_multi_stage4\PPO_1,PPO_1,175000,0,Alex,0.0
runs\ppo_tutor_multi_v6\PPO_1,PPO_1,175000,0,Alex,2.0
runs\ppo_items200_h1000\PPO_1,PPO_1,196608,0,Alex,0.0
runs\ppo_items200_h800\PPO_1,PPO_1,196608,0,Alex,0.0
runs\ppo_items500_h1000\PPO_1,PPO_1,196608,0,Alex,0.0
runs\ppo_tutor_multi_items100\PPO_1,PPO_1,196608,0,Alex,0.0
runs\ppo_tutor_multi_stage2\PPO_1,PPO_1,196608,0,Alex,0.0
runs\ppo_tutor_multi_stage3_bonus2\PPO_1,PPO_1,196608,0,Alex,0.0
runs\ppo_tutor_multi_stage3_transition_bonus\PPO_1,PPO_1,196608,0,Alex,0.0
runs\ppo_tutor_multi_stage4\PPO_1,PPO_1,196608,0,Alex,0.0
runs\ppo_tutor_multi_v6\PPO_1,PPO_1,196608,0,Alex,2.0
runs\ppo_items200_h1000\PPO_1,PPO_1,200000,0,Alex,8.0
runs\ppo_items200_h800\PPO_1,PPO_1,200000,0,Alex,0.0
runs\ppo_items500_h1000\PPO_1,PPO_1,200000,0,Alex,2.0
runs\ppo_tutor_multi_items100\PPO_1,PPO_1,200000,0,Alex,3.0
runs\ppo_tutor_multi_stage2\PPO_1,PPO_1,200000,0,Alex,0.0
runs\ppo_tutor_multi_stage3_bonus2\PPO_1,PPO_1,200000,0,Alex,1.0
runs\ppo_tutor_multi_stage3_transition_bonus\PPO_1,PPO_1,200000,0,Alex,1.0
runs\ppo_tutor_multi_stage4\PPO_1,PPO_1,200000,0,Alex,0.0
runs\ppo_tutor_multi_v6\PPO_1,PPO_1,200000,0,Alex,0.0
runs\ppo_items200_h1000\PPO_1,PPO_1,225000,0,Alex,0.0
runs\ppo_items200_h800\PPO_1,PPO_1,225000,0,Alex,0.0
runs\ppo_items500_h1000\PPO_1,PPO_1,225000,0,Alex,0.0
runs\ppo_tutor_multi_items100\PPO_1,PPO_1,225000,0,Alex,0.0
runs\ppo_tutor_multi_stage2\PPO_1,PPO_1,225000,0,Alex,0.0
runs\ppo_tutor_multi_stage3_bonus2\PPO_1,PPO_1,225000,0,Alex,0.0
runs\ppo_tutor_multi_stage3_transition_bonus\PPO_1,PPO_1,225000,0,Alex,0.0
runs\ppo_tutor_multi_stage4\PPO_1,PPO_1,225000,0,Alex,0.0
runs\ppo_tutor_multi_v6\PPO_1,PPO_1,225000,0,Alex,0.0
runs\ppo_items200_h1000\PPO_1,PPO_1,229376,0,Alex,0.0
runs\ppo_items200_h800\PPO_1,PPO_1,229376,0,Alex,3.0
runs\ppo_items500_h1000\PPO_1,PPO_1,229376,0,Alex,0.0
runs\ppo_tutor_multi_items100\PPO_1,PPO_1,229376,0,Alex,1.0
runs\ppo_tutor_multi_stage2\PPO_1,PPO_1,229376,0,Alex,1.0
runs\ppo_tutor_multi_stage3_bonus2\PPO_1,PPO_1,229376,0,Alex,0.0
runs\ppo_tutor_multi_stage3_transition_bonus\PPO_1,PPO_1,229376,0,Alex,0.0
runs\ppo_tutor_multi_stage4\PPO_1,PPO_1,229376,0,Alex,0.0
runs\ppo_tutor_multi_v6\PPO_1,PPO_1,229376,0,Alex,1.0
runs\ppo_items200_h1000\PPO_1,PPO_1,250000,0,Alex,0.0
runs\ppo_items200_h800\PPO_1,PPO_1,250000,0,Alex,0.0
runs\ppo_items500_h1000\PPO_1,PPO_1,250000,0,Alex,0.0
runs\ppo_tutor_multi_items100\PPO_1,PPO_1,250000,0,Alex,0.0
runs\ppo_tutor_multi_stage2\PPO_1,PPO_1,250000,0,Alex,0.0
runs\ppo_tutor_multi_stage3_bonus2\PPO_1,PPO_1,250000,0,Alex,1.0
runs\ppo_tutor_multi_stage3_transition_bonus\PPO_1,PPO_1,250000,0,Alex,0.0
runs\ppo_tutor_multi_stage4\PPO_1,PPO_1,250000,0,Alex,0.0
runs\ppo_tutor_multi_v6\PPO_1,PPO_1,250000,0,Alex,0.0
runs\ppo_items200_h1000\PPO_1,PPO_1,262144,0,Alex,3.0
runs\ppo_items200_h800\PPO_1,PPO_1,262144,0,Alex,4.0
runs\ppo_items500_h1000\PPO_1,PPO_1,262144,0,Alex,2.0
runs\ppo_tutor_multi_items100\PPO_1,PPO_1,262144,0,Alex,1.0
runs\ppo_tutor_multi_stage2\PPO_1,PPO_1,262144,0,Alex,0.0
runs\ppo_tutor_multi_stage3_bonus2\PPO_1,PPO_1,262144,0,Alex,1.0
runs\ppo_tutor_multi_stage3_transition_bonus\PPO_1,PPO_1,262144,0,Alex,1.0
runs\ppo_tutor_multi_stage4\PPO_1,PPO_1,262144,0,Alex,0.0
runs\ppo_tutor_multi_v6\PPO_1,PPO_1,262144,0,Alex,0.0
runs\ppo_items200_h1000\PPO_1,PPO_1,275000,0,Alex,0.0
runs\ppo_items200_h800\PPO_1,PPO_1,275000,0,Alex,2.0
runs\ppo_items500_h1000\PPO_1,PPO_1,275000,0,Alex,0.0
runs\ppo_tutor_multi_items100\PPO_1,PPO_1,275000,0,Alex,1.0
runs\ppo_tutor_multi_stage2\PPO_1,PPO_1,275000,0,Alex,1.0
runs\ppo_tutor_multi_stage3_bonus2\PPO_1,PPO_1,275000,0,Alex,0.0
runs\ppo_tutor_multi_stage3_transition_bonus\PPO_1,PPO_1,275000,0,Alex,1.0
runs\ppo_tutor_multi_stage4\PPO_1,PPO_1,275000,0,Alex,0.0
runs\ppo_tutor_multi_v6\PPO_1,PPO_1,275000,0,Alex,1.0
runs\ppo_items200_h1000\PPO_1,PPO_1,294912,0,Alex,4.0
runs\ppo_items200_h800\PPO_1,PPO_1,294912,0,Alex,0.0
runs\ppo_items500_h1000\PPO_1,PPO_1,294912,0,Alex,2.0
runs\ppo_tutor_multi_items100\PPO_1,PPO_1,294912,0,Alex,2.0
runs\ppo_tutor_multi_stage2\PPO_1,PPO_1,294912,0,Alex,0.0
runs\ppo_tutor_multi_stage3_bonus2\PPO_1,PPO_1,294912,0,Alex,1.0
runs\ppo_tutor_multi_stage3_transition_bonus\PPO_1,PPO_1,294912,0,Alex,0.0
runs\ppo_tutor_multi_stage4\PPO_1,PPO_1,294912,0,Alex,1.0
runs\ppo_tutor_multi_v6\PPO_1,PPO_1,294912,0,Alex,1.0
runs\ppo_items200_h1000\PPO_1,PPO_1,300000,0,Alex,3.0
runs\ppo_items200_h800\PPO_1,PPO_1,300000,0,Alex,2.0
runs\ppo_items500_h1000\PPO_1,PPO_1,300000,0,Alex,0.0
runs\ppo_tutor_multi_items100\PPO_1,PPO_1,300000,0,Alex,2.0
runs\ppo_tutor_multi_stage2\PPO_1,PPO_1,300000,0,Alex,1.0
runs\ppo_tutor_multi_stage3_bonus2\PPO_1,PPO_1,300000,0,Alex,0.0
runs\ppo_tutor_multi_stage3_transition_bonus\PPO_1,PPO_1,300000,0,Alex,0.0
runs\ppo_tutor_multi_stage4\PPO_1,PPO_1,300000,0,Alex,0.0
runs\ppo_tutor_multi_v6\PPO_1,PPO_1,300000,0,Alex,3.0
runs\ppo_items200_h1000\PPO_1,PPO_1,325000,0,Alex,6.0
runs\ppo_items200_h800\PPO_1,PPO_1,325000,0,Alex,4.0
runs\ppo_items500_h1000\PPO_1,PPO_1,325000,0,Alex,0.0
runs\ppo_tutor_multi_items100\PPO_1,PPO_1,325000,0,Alex,1.0
runs\ppo_tutor_multi_stage2\PPO_1,PPO_1,325000,0,Alex,0.0
runs\ppo_tutor_multi_stage3_bonus2\PPO_1,PPO_1,325000,0,Alex,0.0
runs\ppo_tutor_multi_stage3_transition_bonus\PPO_1,PPO_1,325000,0,Alex,0.0
runs\ppo_tutor_multi_stage4\PPO_1,PPO_1,325000,0,Alex,0.0
runs\ppo_tutor_multi_v6\PPO_1,PPO_1,325000,0,Alex,2.0
runs\ppo_items200_h1000\PPO_1,PPO_1,327680,0,Alex,5.0
runs\ppo_items200_h800\PPO_1,PPO_1,327680,0,Alex,0.0
runs\ppo_items500_h1000\PPO_1,PPO_1,327680,0,Alex,1.0
runs\ppo_tutor_multi_items100\PPO_1,PPO_1,327680,0,Alex,2.0
runs\ppo_tutor_multi_stage2\PPO_1,PPO_1,327680,0,Alex,0.0
runs\ppo_tutor_multi_stage3_bonus2\PPO_1,PPO_1,327680,0,Alex,0.0
runs\ppo_tutor_multi_stage3_transition_bonus\PPO_1,PPO_1,327680,0,Alex,0.0
runs\ppo_tutor_multi_stage4\PPO_1,PPO_1,327680,0,Alex,0.0
runs\ppo_tutor_multi_v6\PPO_1,PPO_1,327680,0,Alex,1.0
runs\ppo_items200_h1000\PPO_1,PPO_1,350000,0,Alex,3.0
runs\ppo_items200_h800\PPO_1,PPO_1,350000,0,Alex,2.0
runs\ppo_items500_h1000\PPO_1,PPO_1,350000,0,Alex,0.0
runs\ppo_tutor_multi_items100\PPO_1,PPO_1,350000,0,Alex,1.0
runs\ppo_tutor_multi_stage2\PPO_1,PPO_1,350000,0,Alex,0.0
runs\ppo_tutor_multi_stage3_bonus2\PPO_1,PPO_1,350000,0,Alex,0.0
runs\ppo_tutor_multi_stage3_transition_bonus\PPO_1,PPO_1,350000,0,Alex,0.0
runs\ppo_tutor_multi_stage4\PPO_1,PPO_1,350000,0,Alex,1.0
runs\ppo_items200_h1000\PPO_1,PPO_1,360448,0,Alex,0.0
runs\ppo_items200_h800\PPO_1,PPO_1,360448,0,Alex,1.0
runs\ppo_items500_h1000\PPO_1,PPO_1,360448,0,Alex,0.0
runs\ppo_tutor_multi_items100\PPO_1,PPO_1,360448,0,Alex,0.0
runs\ppo_tutor_multi_stage2\PPO_1,PPO_1,360448,0,Alex,0.0
runs\ppo_tutor_multi_stage3_bonus2\PPO_1,PPO_1,360448,0,Alex,0.0
runs\ppo_tutor_multi_stage3_transition_bonus\PPO_1,PPO_1,360448,0,Alex,0.0
runs\ppo_tutor_multi_stage4\PPO_1,PPO_1,360448,0,Alex,0.0
runs\ppo_items200_h1000\PPO_1,PPO_1,375000,0,Alex,6.0
runs\ppo_items200_h800\PPO_1,PPO_1,375000,0,Alex,2.0
runs\ppo_items500_h1000\PPO_1,PPO_1,375000,0,Alex,1.0
runs\ppo_tutor_multi_items100\PPO_1,PPO_1,375000,0,Alex,3.0
runs\ppo_tutor_multi_stage2\PPO_1,PPO_1,375000,0,Alex,0.0
runs\ppo_tutor_multi_stage3_bonus2\PPO_1,PPO_1,375000,0,Alex,1.0
runs\ppo_tutor_multi_stage3_transition_bonus\PPO_1,PPO_1,375000,0,Alex,0.0
runs\ppo_tutor_multi_stage4\PPO_1,PPO_1,375000,0,Alex,0.0
runs\ppo_items200_h1000\PPO_1,PPO_1,393216,0,Alex,0.0
runs\ppo_items200_h800\PPO_1,PPO_1,393216,0,Alex,2.0
runs\ppo_items500_h1000\PPO_1,PPO_1,393216,0,Alex,0.0
runs\ppo_tutor_multi_items100\PPO_1,PPO_1,393216,0,Alex,2.0
runs\ppo_tutor_multi_stage2\PPO_1,PPO_1,393216,0,Alex,1.0
runs\ppo_tutor_multi_stage3_bonus2\PPO_1,PPO_1,393216,0,Alex,0.0
runs\ppo_tutor_multi_stage3_transition_bonus\PPO_1,PPO_1,393216,0,Alex,0.0
runs\ppo_tutor_multi_stage4\PPO_1,PPO_1,393216,0,Alex,0.0
runs\ppo_items200_h1000\PPO_1,PPO_1,400000,0,Alex,8.0
runs\ppo_items200_h800\PPO_1,PPO_1,400000,0,Alex,3.0
runs\ppo_items500_h1000\PPO_1,PPO_1,400000,0,Alex,1.0
runs\ppo_tutor_multi_items100\PPO_1,PPO_1,400000,0,Alex,6.0
runs\ppo_tutor_multi_stage2\PPO_1,PPO_1,400000,0,Alex,0.0
runs\ppo_tutor_multi_stage3_bonus2\PPO_1,PPO_1,400000,0,Alex,0.0
runs\ppo_tutor_multi_stage3_transition_bonus\PPO_1,PPO_1,400000,0,Alex,1.0
runs\ppo_tutor_multi_stage4\PPO_1,PPO_1,400000,0,Alex,0.0
runs\ppo_items200_h1000\PPO_1,PPO_1,425000,0,Alex,0.0
runs\ppo_items200_h800\PPO_1,PPO_1,425000,0,Alex,1.0
runs\ppo_items500_h1000\PPO_1,PPO_1,425000,0,Alex,0.0
runs\ppo_tutor_multi_items100\PPO_1,PPO_1,425000,0,Alex,2.0
runs\ppo_tutor_multi_stage2\PPO_1,PPO_1,425000,0,Alex,1.0
runs\ppo_tutor_multi_stage3_bonus2\PPO_1,PPO_1,425000,0,Alex,0.0
runs\ppo_tutor_multi_stage3_transition_bonus\PPO_1,PPO_1,425000,0,Alex,0.0
runs\ppo_tutor_multi_stage4\PPO_1,PPO_1,425000,0,Alex,0.0
runs\ppo_items200_h1000\PPO_1,PPO_1,425984,0,Alex,0.0
runs\ppo_items200_h800\PPO_1,PPO_1,425984,0,Alex,0.0
runs\ppo_items500_h1000\PPO_1,PPO_1,425984,0,Alex,0.0
runs\ppo_tutor_multi_items100\PPO_1,PPO_1,425984,0,Alex,1.0
runs\ppo_tutor_multi_stage2\PPO_1,PPO_1,425984,0,Alex,0.0
runs\ppo_tutor_multi_stage3_bonus2\PPO_1,PPO_1,425984,0,Alex,0.0
runs\ppo_tutor_multi_stage3_transition_bonus\PPO_1,PPO_1,425984,0,Alex,1.0
runs\ppo_tutor_multi_stage4\PPO_1,PPO_1,425984,0,Alex,0.0
runs\ppo_items200_h1000\PPO_1,PPO_1,450000,0,Alex,1.0
runs\ppo_items200_h800\PPO_1,PPO_1,450000,0,Alex,0.0
runs\ppo_items500_h1000\PPO_1,PPO_1,450000,0,Alex,0.0
runs\ppo_tutor_multi_items100\PPO_1,PPO_1,450000,0,Alex,2.0
runs\ppo_tutor_multi_stage2\PPO_1,PPO_1,450000,0,Alex,2.0
runs\ppo_tutor_multi_stage3_bonus2\PPO_1,PPO_1,450000,0,Alex,0.0
runs\ppo_tutor_multi_stage3_transition_bonus\PPO_1,PPO_1,450000,0,Alex,0.0
runs\ppo_tutor_multi_stage4\PPO_1,PPO_1,450000,0,Alex,2.0
runs\ppo_items200_h1000\PPO_1,PPO_1,458752,0,Alex,1.0
runs\ppo_items200_h800\PPO_1,PPO_1,458752,0,Alex,1.0
runs\ppo_items500_h1000\PPO_1,PPO_1,458752,0,Alex,0.0
runs\ppo_tutor_multi_items100\PPO_1,PPO_1,458752,0,Alex,2.0
runs\ppo_tutor_multi_stage2\PPO_1,PPO_1,458752,0,Alex,0.0
runs\ppo_tutor_multi_stage3_bonus2\PPO_1,PPO_1,458752,0,Alex,0.0
runs\ppo_tutor_multi_stage3_transition_bonus\PPO_1,PPO_1,458752,0,Alex,0.0
runs\ppo_tutor_multi_stage4\PPO_1,PPO_1,458752,0,Alex,0.0
runs\ppo_items200_h1000\PPO_1,PPO_1,475000,0,Alex,1.0
runs\ppo_items200_h800\PPO_1,PPO_1,475000,0,Alex,0.0
runs\ppo_items500_h1000\PPO_1,PPO_1,475000,0,Alex,0.0
runs\ppo_tutor_multi_items100\PPO_1,PPO_1,475000,0,Alex,2.0
runs\ppo_tutor_multi_stage2\PPO_1,PPO_1,475000,0,Alex,0.0
runs\ppo_tutor_multi_stage3_bonus2\PPO_1,PPO_1,475000,0,Alex,1.0
runs\ppo_tutor_multi_stage3_transition_bonus\PPO_1,PPO_1,475000,0,Alex,0.0
runs\ppo_tutor_multi_stage4\PPO_1,PPO_1,475000,0,Alex,0.0
runs\ppo_items200_h1000\PPO_1,PPO_1,491520,0,Alex,1.0
runs\ppo_items200_h800\PPO_1,PPO_1,491520,0,Alex,5.0
runs\ppo_items500_h1000\PPO_1,PPO_1,491520,0,Alex,0.0
runs\ppo_tutor_multi_items100\PPO_1,PPO_1,491520,0,Alex,2.0
runs\ppo_tutor_multi_stage2\PPO_1,PPO_1,491520,0,Alex,0.0
runs\ppo_tutor_multi_stage3_bonus2\PPO_1,PPO_1,491520,0,Alex,0.0
runs\ppo_tutor_multi_stage3_transition_bonus\PPO_1,PPO_1,491520,0,Alex,0.0
runs\ppo_tutor_multi_stage4\PPO_1,PPO_1,491520,0,Alex,0.0
runs\ppo_items200_h1000\PPO_1,PPO_1,500000,0,Alex,1.0
runs\ppo_items200_h800\PPO_1,PPO_1,500000,0,Alex,0.0
runs\ppo_items500_h1000\PPO_1,PPO_1,500000,0,Alex,0.0
runs\ppo_tutor_multi_items100\PPO_1,PPO_1,500000,0,Alex,4.0
runs\ppo_tutor_multi_stage2\PPO_1,PPO_1,500000,0,Alex,0.0
runs\ppo_tutor_multi_stage3_bonus2\PPO_1,PPO_1,500000,0,Alex,0.0
runs\ppo_tutor_multi_stage3_transition_bonus\PPO_1,PPO_1,500000,0,Alex,1.0
runs\ppo_tutor_multi_stage4\PPO_1,PPO_1,500000,0,Alex,0.0
runs\ppo_items200_h1000\PPO_1,PPO_1,524288,0,Alex,1.0
runs\ppo_items200_h800\PPO_1,PPO_1,524288,0,Alex,2.0
runs\ppo_items500_h1000\PPO_1,PPO_1,524288,0,Alex,1.0
runs\ppo_tutor_multi_items100\PPO_1,PPO_1,524288,0,Alex,0.0
runs\ppo_tutor_multi_stage2\PPO_1,PPO_1,524288,0,Alex,1.0
runs\ppo_tutor_multi_stage3_bonus2\PPO_1,PPO_1,524288,0,Alex,0.0
runs\ppo_tutor_multi_stage3_transition_bonus\PPO_1,PPO_1,524288,0,Alex,0.0
runs\ppo_tutor_multi_stage4\PPO_1,PPO_1,524288,0,Alex,0.0
runs\ppo_items200_h1000\PPO_1,PPO_1,525000,0,Alex,5.0
runs\ppo_items200_h800\PPO_1,PPO_1,525000,0,Alex,0.0
runs\ppo_items500_h1000\PPO_1,PPO_1,525000,0,Alex,0.0
runs\ppo_tutor_multi_items100\PPO_1,PPO_1,525000,0,Alex,1.0
runs\ppo_tutor_multi_stage3_bonus2\PPO_1,PPO_1,525000,0,Alex,0.0
runs\ppo_tutor_multi_stage3_transition_bonus\PPO_1,PPO_1,525000,0,Alex,0.0
runs\ppo_tutor_multi_stage4\PPO_1,PPO_1,525000,0,Alex,0.0
runs\ppo_items200_h1000\PPO_1,PPO_1,550000,0,Alex,3.0
runs\ppo_items200_h800\PPO_1,PPO_1,550000,0,Alex,5.0
runs\ppo_items500_h1000\PPO_1,PPO_1,550000,0,Alex,0.0
runs\ppo_tutor_multi_items100\PPO_1,PPO_1,550000,0,Alex,2.0
runs\ppo_tutor_multi_stage3_bonus2\PPO_1,PPO_1,550000,0,Alex,0.0
runs\ppo_tutor_multi_stage4\PPO_1,PPO_1,550000,0,Alex,0.0
runs\ppo_items200_h1000\PPO_1,PPO_1,557056,0,Alex,5.0
runs\ppo_items200_h800\PPO_1,PPO_1,557056,0,Alex,0.0
runs\ppo_items500_h1000\PPO_1,PPO_1,557056,0,Alex,0.0
runs\ppo_tutor_multi_items100\PPO_1,PPO_1,557056,0,Alex,1.0
runs\ppo_tutor_multi_stage3_bonus2\PPO_1,PPO_1,557056,0,Alex,0.0
runs\ppo_tutor_multi_stage4\PPO_1,PPO_1,557056,0,Alex,0.0
runs\ppo_items200_h1000\PPO_1,PPO_1,575000,0,Alex,9.0
runs\ppo_items200_h800\PPO_1,PPO_1,575000,0,Alex,3.0
runs\ppo_items500_h1000\PPO_1,PPO_1,575000,0,Alex,0.0
runs\ppo_tutor_multi_items100\PPO_1,PPO_1,575000,0,Alex,3.0
runs\ppo_tutor_multi_stage3_bonus2\PPO_1,PPO_1,575000,0,Alex,0.0
runs\ppo_tutor_multi_stage4\PPO_1,PPO_1,575000,0,Alex,0.0
runs\ppo_items200_h1000\PPO_1,PPO_1,589824,0,Alex,6.0
runs\ppo_items200_h800\PPO_1,PPO_1,589824,0,Alex,0.0
runs\ppo_items500_h1000\PPO_1,PPO_1,589824,0,Alex,0.0
runs\ppo_tutor_multi_items100\PPO_1,PPO_1,589824,0,Alex,1.0
runs\ppo_tutor_multi_stage3_bonus2\PPO_1,PPO_1,589824,0,Alex,1.0
runs\ppo_tutor_multi_stage4\PPO_1,PPO_1,589824,0,Alex,0.0
runs\ppo_items200_h1000\PPO_1,PPO_1,600000,0,Alex,11.0
runs\ppo_items200_h800\PPO_1,PPO_1,600000,0,Alex,4.0
runs\ppo_items500_h1000\PPO_1,PPO_1,600000,0,Alex,3.0
runs\ppo_tutor_multi_items100\PPO_1,PPO_1,600000,0,Alex,3.0
runs\ppo_tutor_multi_stage3_bonus2\PPO_1,PPO_1,600000,0,Alex,1.0
runs\ppo_tutor_multi_stage4\PPO_1,PPO_1,600000,0,Alex,0.0
runs\ppo_items200_h1000\PPO_1,PPO_1,622592,0,Alex,5.0
runs\ppo_items200_h800\PPO_1,PPO_1,622592,0,Alex,1.0
runs\ppo_items500_h1000\PPO_1,PPO_1,622592,0,Alex,2.0
runs\ppo_tutor_multi_items100\PPO_1,PPO_1,622592,0,Alex,2.0
runs\ppo_tutor_multi_stage3_bonus2\PPO_1,PPO_1,622592,0,Alex,0.0
runs\ppo_tutor_multi_stage4\PPO_1,PPO_1,622592,0,Alex,1.0
runs\ppo_items200_h1000\PPO_1,PPO_1,625000,0,Alex,0.0
runs\ppo_items200_h800\PPO_1,PPO_1,625000,0,Alex,4.0
runs\ppo_items500_h1000\PPO_1,PPO_1,625000,0,Alex,0.0
runs\ppo_tutor_multi_items100\PPO_1,PPO_1,625000,0,Alex,1.0
runs\ppo_tutor_multi_stage3_bonus2\PPO_1,PPO_1,625000,0,Alex,1.0
runs\ppo_tutor_multi_stage4\PPO_1,PPO_1,625000,0,Alex,0.0
runs\ppo_items200_h1000\PPO_1,PPO_1,650000,0,Alex,1.0
runs\ppo_items200_h800\PPO_1,PPO_1,650000,0,Alex,2.0
runs\ppo_items500_h1000\PPO_1,PPO_1,650000,0,Alex,0.0
runs\ppo_tutor_multi_items100\PPO_1,PPO_1,650000,0,Alex,2.0
runs\ppo_tutor_multi_stage3_bonus2\PPO_1,PPO_1,650000,0,Alex,0.0
runs\ppo_tutor_multi_stage4\PPO_1,PPO_1,650000,0,Alex,0.0
runs\ppo_items200_h1000\PPO_1,PPO_1,655360,0,Alex,6.0
runs\ppo_items200_h800\PPO_1,PPO_1,655360,0,Alex,0.0
runs\ppo_items500_h1000\PPO_1,PPO_1,655360,0,Alex,0.0
runs\ppo_tutor_multi_items100\PPO_1,PPO_1,655360,0,Alex,3.0
runs\ppo_tutor_multi_stage3_bonus2\PPO_1,PPO_1,655360,0,Alex,0.0
runs\ppo_tutor_multi_stage4\PPO_1,PPO_1,655360,0,Alex,0.0
runs\ppo_items200_h1000\PPO_1,PPO_1,675000,0,Alex,3.0
runs\ppo_items200_h800\PPO_1,PPO_1,675000,0,Alex,1.0
runs\ppo_items500_h1000\PPO_1,PPO_1,675000,0,Alex,0.0
runs\ppo_tutor_multi_items100\PPO_1,PPO_1,675000,0,Alex,2.0
runs\ppo_tutor_multi_stage3_bonus2\PPO_1,PPO_1,675000,0,Alex,1.0
runs\ppo_tutor_multi_stage4\PPO_1,PPO_1,675000,0,Alex,0.0
runs\ppo_items200_h1000\PPO_1,PPO_1,688128,0,Alex,0.0
runs\ppo_items200_h800\PPO_1,PPO_1,688128,0,Alex,1.0
runs\ppo_items500_h1000\PPO_1,PPO_1,688128,0,Alex,0.0
runs\ppo_tutor_multi_items100\PPO_1,PPO_1,688128,0,Alex,0.0
runs\ppo_tutor_multi_stage3_bonus2\PPO_1,PPO_1,688128,0,Alex,0.0
runs\ppo_tutor_multi_stage4\PPO_1,PPO_1,688128,0,Alex,1.0
runs\ppo_items200_h1000\PPO_1,PPO_1,700000,0,Alex,2.0
runs\ppo_items200_h800\PPO_1,PPO_1,700000,0,Alex,2.0
runs\ppo_items500_h1000\PPO_1,PPO_1,700000,0,Alex,0.0
runs\ppo_tutor_multi_items100\PPO_1,PPO_1,700000,0,Alex,5.0
runs\ppo_tutor_multi_stage3_bonus2\PPO_1,PPO_1,700000,0,Alex,5.0
runs\ppo_tutor_multi_stage4\PPO_1,PPO_1,700000,0,Alex,0.0
runs\ppo_items200_h1000\PPO_1,PPO_1,720896,0,Alex,0.0
runs\ppo_items200_h800\PPO_1,PPO_1,720896,0,Alex,3.0
runs\ppo_items500_h1000\PPO_1,PPO_1,720896,0,Alex,0.0
runs\ppo_tutor_multi_items100\PPO_1,PPO_1,720896,0,Alex,1.0
runs\ppo_tutor_multi_stage3_bonus2\PPO_1,PPO_1,720896,0,Alex,0.0
runs\ppo_tutor_multi_stage4\PPO_1,PPO_1,720896,0,Alex,0.0
runs\ppo_items200_h1000\PPO_1,PPO_1,725000,0,Alex,7.0
runs\ppo_items200_h800\PPO_1,PPO_1,725000,0,Alex,1.0
runs\ppo_items500_h1000\PPO_1,PPO_1,725000,0,Alex,3.0
runs\ppo_tutor_multi_items100\PPO_1,PPO_1,725000,0,Alex,1.0
runs\ppo_tutor_multi_stage3_bonus2\PPO_1,PPO_1,725000,0,Alex,0.0
runs\ppo_tutor_multi_stage4\PPO_1,PPO_1,725000,0,Alex,0.0
runs\ppo_items200_h1000\PPO_1,PPO_1,750000,0,Alex,6.0
runs\ppo_items200_h800\PPO_1,PPO_1,750000,0,Alex,0.0
runs\ppo_items500_h1000\PPO_1,PPO_1,750000,0,Alex,1.0
runs\ppo_tutor_multi_items100\PPO_1,PPO_1,750000,0,Alex,1.0
runs\ppo_tutor_multi_stage3_bonus2\PPO_1,PPO_1,750000,0,Alex,1.0
runs\ppo_tutor_multi_stage4\PPO_1,PPO_1,750000,0,Alex,0.0
runs\ppo_items200_h1000\PPO_1,PPO_1,753664,0,Alex,1.0
runs\ppo_items200_h800\PPO_1,PPO_1,753664,0,Alex,3.0
runs\ppo_items500_h1000\PPO_1,PPO_1,753664,0,Alex,0.0
runs\ppo_tutor_multi_items100\PPO_1,PPO_1,753664,0,Alex,2.0
runs\ppo_tutor_multi_stage3_bonus2\PPO_1,PPO_1,753664,0,Alex,0.0
runs\ppo_tutor_multi_stage4\PPO_1,PPO_1,753664,0,Alex,0.0
runs\ppo_items200_h1000\PPO_1,PPO_1,775000,0,Alex,5.0
runs\ppo_items200_h800\PPO_1,PPO_1,775000,0,Alex,0.0
runs\ppo_items500_h1000\PPO_1,PPO_1,775000,0,Alex,1.0
runs\ppo_tutor_multi_items100\PPO_1,PPO_1,775000,0,Alex,3.0
runs\ppo_tutor_multi_stage3_bonus2\PPO_1,PPO_1,775000,0,Alex,0.0
runs\ppo_tutor_multi_stage4\PPO_1,PPO_1,775000,0,Alex,0.0
runs\ppo_items200_h1000\PPO_1,PPO_1,786432,0,Alex,0.0
runs\ppo_items200_h800\PPO_1,PPO_1,786432,0,Alex,6.0
runs\ppo_items500_h1000\PPO_1,PPO_1,786432,0,Alex,0.0
runs\ppo_tutor_multi_items100\PPO_1,PPO_1,786432,0,Alex,2.0
runs\ppo_tutor_multi_stage3_bonus2\PPO_1,PPO_1,786432,0,Alex,0.0
runs\ppo_tutor_multi_stage4\PPO_1,PPO_1,786432,0,Alex,0.0
runs\ppo_items200_h1000\PPO_1,PPO_1,800000,0,Alex,13.0
runs\ppo_items200_h800\PPO_1,PPO_1,800000,0,Alex,11.0
runs\ppo_items500_h1000\PPO_1,PPO_1,800000,0,Alex,3.0
runs\ppo_tutor_multi_items100\PPO_1,PPO_1,800000,0,Alex,5.0
runs\ppo_tutor_multi_stage3_bonus2\PPO_1,PPO_1,800000,0,Alex,0.0
runs\ppo_tutor_multi_stage4\PPO_1,PPO_1,800000,0,Alex,0.0
runs\ppo_items200_h1000\PPO_1,PPO_1,819200,0,Alex,3.0
runs\ppo_items200_h800\PPO_1,PPO_1,819200,0,Alex,5.0
runs\ppo_items500_h1000\PPO_1,PPO_1,819200,0,Alex,0.0
runs\ppo_tutor_multi_items100\PPO_1,PPO_1,819200,0,Alex,5.0
runs\ppo_tutor_multi_stage3_bonus2\PPO_1,PPO_1,819200,0,Alex,1.0
runs\ppo_tutor_multi_stage4\PPO_1,PPO_1,819200,0,Alex,0.0
runs\ppo_items200_h1000\PPO_1,PPO_1,825000,0,Alex,0.0
runs\ppo_items200_h800\PPO_1,PPO_1,825000,0,Alex,13.0
runs\ppo_items500_h1000\PPO_1,PPO_1,825000,0,Alex,0.0
runs\ppo_tutor_multi_stage4\PPO_1,PPO_1,825000,0,Alex,0.0
runs\ppo_items200_h1000\PPO_1,PPO_1,850000,0,Alex,1.0
runs\ppo_items200_h800\PPO_1,PPO_1,850000,0,Alex,9.0
runs\ppo_items500_h1000\PPO_1,PPO_1,850000,0,Alex,1.0
runs\ppo_items200_h1000\PPO_1,PPO_1,851968,0,Alex,5.0
runs\ppo_items200_h800\PPO_1,PPO_1,851968,0,Alex,0.0
runs\ppo_items500_h1000\PPO_1,PPO_1,851968,0,Alex,0.0
runs\ppo_items200_h1000\PPO_1,PPO_1,875000,0,Alex,6.0
runs\ppo_items200_h800\PPO_1,PPO_1,875000,0,Alex,4.0
runs\ppo_items500_h1000\PPO_1,PPO_1,875000,0,Alex,0.0
runs\ppo_items200_h1000\PPO_1,PPO_1,884736,0,Alex,6.0
runs\ppo_items200_h800\PPO_1,PPO_1,884736,0,Alex,2.0
runs\ppo_items500_h1000\PPO_1,PPO_1,884736,0,Alex,1.0
runs\ppo_items200_h1000\PPO_1,PPO_1,900000,0,Alex,6.0
runs\ppo_items200_h800\PPO_1,PPO_1,900000,0,Alex,6.0
runs\ppo_items500_h1000\PPO_1,PPO_1,900000,0,Alex,0.0
runs\ppo_items200_h1000\PPO_1,PPO_1,917504,0,Alex,6.0
runs\ppo_items200_h800\PPO_1,PPO_1,917504,0,Alex,3.0
runs\ppo_items500_h1000\PPO_1,PPO_1,917504,0,Alex,2.0
runs\ppo_items200_h1000\PPO_1,PPO_1,925000,0,Alex,9.0
runs\ppo_items200_h800\PPO_1,PPO_1,925000,0,Alex,7.0
runs\ppo_items500_h1000\PPO_1,PPO_1,925000,0,Alex,2.0
runs\ppo_items200_h1000\PPO_1,PPO_1,950000,0,Alex,11.0
runs\ppo_items200_h800\PPO_1,PPO_1,950000,0,Alex,5.0
runs\ppo_items500_h1000\PPO_1,PPO_1,950000,0,Alex,1.0
runs\ppo_items200_h1000\PPO_1,PPO_1,950272,0,Alex,13.0
runs\ppo_items200_h800\PPO_1,PPO_1,950272,0,Alex,4.0
runs\ppo_items500_h1000\PPO_1,PPO_1,950272,0,Alex,1.0
runs\ppo_items200_h1000\PPO_1,PPO_1,975000,0,Alex,11.0
runs\ppo_items200_h800\PPO_1,PPO_1,975000,0,Alex,5.0
runs\ppo_items500_h1000\PPO_1,PPO_1,975000,0,Alex,3.0
runs\ppo_items200_h1000\PPO_1,PPO_1,983040,0,Alex,16.0
runs\ppo_items200_h800\PPO_1,PPO_1,983040,0,Alex,10.0
runs\ppo_items500_h1000\PPO_1,PPO_1,983040,0,Alex,1.0
runs\ppo_items200_h1000\PPO_1,PPO_1,1000000,0,Alex,17.0
runs\ppo_items200_h800\PPO_1,PPO_1,1000000,0,Alex,3.0
runs\ppo_items500_h1000\PPO_1,PPO_1,1000000,0,Alex,2.0
runs\ppo_items200_h1000\PPO_1,PPO_1,1015808,0,Alex,13.0
runs\ppo_items200_h800\PPO_1,PPO_1,1015808,0,Alex,10.0
runs\ppo_items500_h1000\PPO_1,PPO_1,1015808,0,Alex,1.0
runs\ppo_items200_h1000\PPO_1,PPO_1,1025000,0,Alex,1.0
runs\ppo_items200_h800\PPO_1,PPO_1,1025000,0,Alex,3.0
runs\ppo_items500_h1000\PPO_1,PPO_1,1025000,0,Alex,0.0
runs\ppo_items200_h1000\PPO_1,PPO_1,1048576,0,Alex,0.0
runs\ppo_items200_h800\PPO_1,PPO_1,1048576,0,Alex,9.0
runs\ppo_items500_h1000\PPO_1,PPO_1,1048576,0,Alex,0.0
runs\ppo_items200_h1000\PPO_1,PPO_1,1050000,0,Alex,4.0
runs\ppo_items200_h800\PPO_1,PPO_1,1050000,0,Alex,1.0
runs\ppo_items500_h1000\PPO_1,PPO_1,1050000,0,Alex,0.0
runs\ppo_items200_h1000\PPO_1,PPO_1,1075000,0,Alex,5.0
runs\ppo_items200_h800\PPO_1,PPO_1,1075000,0,Alex,14.0
runs\ppo_items500_h1000\PPO_1,PPO_1,1075000,0,Alex,2.0
runs\ppo_items200_h1000\PPO_1,PPO_1,1081344,0,Alex,3.0
runs\ppo_items200_h800\PPO_1,PPO_1,1081344,0,Alex,14.0
runs\ppo_items500_h1000\PPO_1,PPO_1,1081344,0,Alex,0.0
runs\ppo_items200_h1000\PPO_1,PPO_1,1100000,0,Alex,6.0
runs\ppo_items200_h800\PPO_1,PPO_1,1100000,0,Alex,12.0
runs\ppo_items500_h1000\PPO_1,PPO_1,1100000,0,Alex,0.0
runs\ppo_items200_h1000\PPO_1,PPO_1,1114112,0,Alex,5.0
runs\ppo_items200_h800\PPO_1,PPO_1,1114112,0,Alex,1.0
runs\ppo_items500_h1000\PPO_1,PPO_1,1114112,0,Alex,1.0
runs\ppo_items200_h1000\PPO_1,PPO_1,1125000,0,Alex,7.0
runs\ppo_items200_h800\PPO_1,PPO_1,1125000,0,Alex,11.0
runs\ppo_items500_h1000\PPO_1,PPO_1,1125000,0,Alex,7.0
runs\ppo_items200_h1000\PPO_1,PPO_1,1146880,0,Alex,9.0
runs\ppo_items200_h800\PPO_1,PPO_1,1146880,0,Alex,3.0
runs\ppo_items500_h1000\PPO_1,PPO_1,1146880,0,Alex,0.0
runs\ppo_items200_h1000\PPO_1,PPO_1,1150000,0,Alex,10.0
runs\ppo_items200_h800\PPO_1,PPO_1,1150000,0,Alex,9.0
runs\ppo_items500_h1000\PPO_1,PPO_1,1150000,0,Alex,4.0
runs\ppo_items200_h1000\PPO_1,PPO_1,1175000,0,Alex,12.0
runs\ppo_items200_h800\PPO_1,PPO_1,1175000,0,Alex,8.0
runs\ppo_items500_h1000\PPO_1,PPO_1,1175000,0,Alex,5.0
runs\ppo_items200_h1000\PPO_1,PPO_1,1179648,0,Alex,12.0
runs\ppo_items200_h800\PPO_1,PPO_1,1179648,0,Alex,8.0
runs\ppo_items500_h1000\PPO_1,PPO_1,1179648,0,Alex,3.0
runs\ppo_items200_h1000\PPO_1,PPO_1,1200000,0,Alex,18.0
runs\ppo_items200_h800\PPO_1,PPO_1,1200000,0,Alex,8.0
runs\ppo_items500_h1000\PPO_1,PPO_1,1200000,0,Alex,6.0
runs\ppo_items200_h1000\PPO_1,PPO_1,1212416,0,Alex,9.0
runs\ppo_items200_h800\PPO_1,PPO_1,1212416,0,Alex,9.0
runs\ppo_items500_h1000\PPO_1,PPO_1,1212416,0,Alex,6.0
runs\ppo_items200_h1000\PPO_1,PPO_1,1225000,0,Alex,2.0
runs\ppo_items500_h1000\PPO_1,PPO_1,1225000,0,Alex,0.0
runs\ppo_items200_h1000\PPO_1,PPO_1,1245184,0,Alex,15.0
runs\ppo_items500_h1000\PPO_1,PPO_1,1245184,0,Alex,2.0
runs\ppo_items200_h1000\PPO_1,PPO_1,1250000,0,Alex,6.0
runs\ppo_items500_h1000\PPO_1,PPO_1,1250000,0,Alex,0.0
runs\ppo_items200_h1000\PPO_1,PPO_1,1275000,0,Alex,8.0
runs\ppo_items500_h1000\PPO_1,PPO_1,1275000,0,Alex,4.0
runs\ppo_items200_h1000\PPO_1,PPO_1,1277952,0,Alex,16.0
runs\ppo_items500_h1000\PPO_1,PPO_1,1277952,0,Alex,5.0
runs\ppo_items200_h1000\PPO_1,PPO_1,1300000,0,Alex,10.0
runs\ppo_items500_h1000\PPO_1,PPO_1,1300000,0,Alex,6.0
runs\ppo_items200_h1000\PPO_1,PPO_1,1310720,0,Alex,15.0
runs\ppo_items500_h1000\PPO_1,PPO_1,1310720,0,Alex,4.0
runs\ppo_items200_h1000\PPO_1,PPO_1,1325000,0,Alex,14.0
runs\ppo_items500_h1000\PPO_1,PPO_1,1325000,0,Alex,7.0
runs\ppo_items200_h1000\PPO_1,PPO_1,1343488,0,Alex,16.0
runs\ppo_items500_h1000\PPO_1,PPO_1,1343488,0,Alex,8.0
runs\ppo_items200_h1000\PPO_1,PPO_1,1350000,0,Alex,14.0
runs\ppo_items500_h1000\PPO_1,PPO_1,1350000,0,Alex,6.0
runs\ppo_items200_h1000\PPO_1,PPO_1,1375000,0,Alex,17.0
runs\ppo_items500_h1000\PPO_1,PPO_1,1375000,0,Alex,5.0
runs\ppo_items200_h1000\PPO_1,PPO_1,1376256,0,Alex,0.0
runs\ppo_items500_h1000\PPO_1,PPO_1,1376256,0,Alex,0.0
runs\ppo_items200_h1000\PPO_1,PPO_1,1400000,0,Alex,20.0
runs\ppo_items500_h1000\PPO_1,PPO_1,1400000,0,Alex,8.0
runs\ppo_items200_h1000\PPO_1,PPO_1,1409024,0,Alex,6.0
runs\ppo_items500_h1000\PPO_1,PPO_1,1409024,0,Alex,1.0
runs\ppo_items200_h1000\PPO_1,PPO_1,1425000,0,Alex,2.0
runs\ppo_items500_h1000\PPO_1,PPO_1,1425000,0,Alex,1.0
runs\ppo_items200_h1000\PPO_1,PPO_1,1441792,0,Alex,4.0
runs\ppo_items500_h1000\PPO_1,PPO_1,1441792,0,Alex,1.0
runs\ppo_items200_h1000\PPO_1,PPO_1,1450000,0,Alex,8.0
runs\ppo_items500_h1000\PPO_1,PPO_1,1450000,0,Alex,5.0
runs\ppo_items200_h1000\PPO_1,PPO_1,1474560,0,Alex,11.0
runs\ppo_items500_h1000\PPO_1,PPO_1,1474560,0,Alex,4.0
runs\ppo_items200_h1000\PPO_1,PPO_1,1475000,0,Alex,9.0
runs\ppo_items500_h1000\PPO_1,PPO_1,1475000,0,Alex,4.0
runs\ppo_items200_h1000\PPO_1,PPO_1,1500000,0,Alex,12.0
runs\ppo_items500_h1000\PPO_1,PPO_1,1500000,0,Alex,7.0
runs\ppo_items200_h1000\PPO_1,PPO_1,1507328,0,Alex,11.0
runs\ppo_items500_h1000\PPO_1,PPO_1,1507328,0,Alex,4.0
runs\ppo_items200_h1000\PPO_1,PPO_1,1525000,0,Alex,12.0
runs\ppo_items500_h1000\PPO_1,PPO_1,1525000,0,Alex,8.0
runs\ppo_items200_h1000\PPO_1,PPO_1,1540096,0,Alex,13.0
runs\ppo_items500_h1000\PPO_1,PPO_1,1540096,0,Alex,9.0
runs\ppo_items200_h1000\PPO_1,PPO_1,1550000,0,Alex,14.0
runs\ppo_items500_h1000\PPO_1,PPO_1,1550000,0,Alex,7.0
runs\ppo_items200_h1000\PPO_1,PPO_1,1572864,0,Alex,14.0
runs\ppo_items500_h1000\PPO_1,PPO_1,1572864,0,Alex,6.0
runs\ppo_items200_h1000\PPO_1,PPO_1,1575000,0,Alex,18.0
runs\ppo_items500_h1000\PPO_1,PPO_1,1575000,0,Alex,7.0
runs\ppo_items200_h1000\PPO_1,PPO_1,1600000,0,Alex,20.0
runs\ppo_items500_h1000\PPO_1,PPO_1,1600000,0,Alex,8.0
runs\ppo_items200_h1000\PPO_1,PPO_1,1605632,0,Alex,18.0
runs\ppo_items500_h1000\PPO_1,PPO_1,1605632,0,Alex,7.0
runs\ppo_items500_h1000\PPO_1,PPO_1,1625000,0,Alex,1.0
runs\ppo_items500_h1000\PPO_1,PPO_1,1638400,0,Alex,10.0
runs\ppo_items500_h1000\PPO_1,PPO_1,1650000,0,Alex,4.0
runs\ppo_items500_h1000\PPO_1,PPO_1,1671168,0,Alex,9.0
runs\ppo_items500_h1000\PPO_1,PPO_1,1675000,0,Alex,6.0
runs\ppo_items500_h1000\PPO_1,PPO_1,1700000,0,Alex,10.0
runs\ppo_items500_h1000\PPO_1,PPO_1,1703936,0,Alex,10.0
runs\ppo_items500_h1000\PPO_1,PPO_1,1725000,0,Alex,8.0
runs\ppo_items500_h1000\PPO_1,PPO_1,1736704,0,Alex,2.0
runs\ppo_items500_h1000\PPO_1,PPO_1,1750000,0,Alex,10.0
runs\ppo_items500_h1000\PPO_1,PPO_1,1769472,0,Alex,3.0
runs\ppo_items500_h1000\PPO_1,PPO_1,1775000,0,Alex,9.0
runs\ppo_items500_h1000\PPO_1,PPO_1,1800000,0,Alex,8.0
runs\ppo_items500_h1000\PPO_1,PPO_1,1802240,0,Alex,4.0
runs\ppo_items500_h1000\PPO_1,PPO_1,1825000,0,Alex,1.0
runs\ppo_items500_h1000\PPO_1,PPO_1,1835008,0,Alex,5.0
runs\ppo_items500_h1000\PPO_1,PPO_1,1850000,0,Alex,7.0
runs\ppo_items500_h1000\PPO_1,PPO_1,1867776,0,Alex,8.0
runs\ppo_items500_h1000\PPO_1,PPO_1,1875000,0,Alex,6.0
runs\ppo_items500_h1000\PPO_1,PPO_1,1900000,0,Alex,9.0
runs\ppo_items500_h1000\PPO_1,PPO_1,1900544,0,Alex,7.0
runs\ppo_items500_h1000\PPO_1,PPO_1,1925000,0,Alex,9.0
runs\ppo_items500_h1000\PPO_1,PPO_1,1933312,0,Alex,9.0
runs\ppo_items500_h1000\PPO_1,PPO_1,1950000,0,Alex,7.0
runs\ppo_items500_h1000\PPO_1,PPO_1,1966080,0,Alex,11.0
runs\ppo_items500_h1000\PPO_1,PPO_1,1975000,0,Alex,8.0
runs\ppo_items500_h1000\PPO_1,PPO_1,1998848,0,Alex,10.0
runs\ppo_items500_h1000\PPO_1,PPO_1,2000000,0,Alex,12.0
runs\ppo_items500_h1000\PPO_1,PPO_1,2025000,0,Alex,1.0
runs\ppo_items500_h1000\PPO_1,PPO_1,2031616,0,Alex,10.0
runs\ab_balanced_items200_h1000\PPO_1,PPO_1,25000,1,Bailey,0.0
runs\ab_penalty1_items200_h1200\PPO_1,PPO_1,25000,1,Bailey,2.0
runs\ppo_items200_h1000\PPO_1,PPO_1,25000,1,Bailey,0.0
runs\ppo_items200_h800\PPO_1,PPO_1,25000,1,Bailey,2.0
runs\ppo_items500_h1000\PPO_1,PPO_1,25000,1,Bailey,0.0
runs\ppo_tutor_multi_items100\PPO_1,PPO_1,25000,1,Bailey,0.0
runs\ppo_tutor_multi_stage2\PPO_1,PPO_1,25000,1,Bailey,2.0
runs\ppo_tutor_multi_stage3_bonus2\PPO_1,PPO_1,25000,1,Bailey,0.0
runs\ppo_tutor_multi_stage3_transition_bonus\PPO_1,PPO_1,25000,1,Bailey,0.0
runs\ppo_tutor_multi_stage4\PPO_1,PPO_1,25000,1,Bailey,0.0
runs\ppo_tutor_multi_v6\PPO_1,PPO_1,25000,1,Bailey,0.0
runs\ab_balanced_items200_h1000\PPO_1,PPO_1,32768,1,Bailey,0.0
runs\ab_penalty1_items200_h1200\PPO_1,PPO_1,32768,1,Bailey,0.0
runs\ppo_items200_h1000\PPO_1,PPO_1,32768,1,Bailey,0.0
runs\ppo_items200_h800\PPO_1,PPO_1,32768,1,Bailey,0.0
runs\ppo_items500_h1000\PPO_1,PPO_1,32768,1,Bailey,0.0
runs\ppo_tutor_multi_items100\PPO_1,PPO_1,32768,1,Bailey,0.0
runs\ppo_tutor_multi_stage2\PPO_1,PPO_1,32768,1,Bailey,0.0
runs\ppo_tutor_multi_stage3_bonus2\PPO_1,PPO_1,32768,1,Bailey,0.0
runs\ppo_tutor_multi_stage3_transition_bonus\PPO_1,PPO_1,32768,1,Bailey,0.0
runs\ppo_tutor_multi_stage4\PPO_1,PPO_1,32768,1,Bailey,0.0
runs\ppo_tutor_multi_v6\PPO_1,PPO_1,32768,1,Bailey,1.0
runs\ab_penalty1_items200_h1200\PPO_1,PPO_1,50000,1,Bailey,0.0
runs\ppo_items200_h1000\PPO_1,PPO_1,50000,1,Bailey,0.0
runs\ppo_items200_h800\PPO_1,PPO_1,50000,1,Bailey,1.0
runs\ppo_items500_h1000\PPO_1,PPO_1,50000,1,Bailey,0.0
runs\ppo_tutor_multi_items100\PPO_1,PPO_1,50000,1,Bailey,1.0
runs\ppo_tutor_multi_stage2\PPO_1,PPO_1,50000,1,Bailey,1.0
runs\ppo_tutor_multi_stage3_bonus2\PPO_1,PPO_1,50000,1,Bailey,0.0
runs\ppo_tutor_multi_stage3_transition_bonus\PPO_1,PPO_1,50000,1,Bailey,0.0
runs\ppo_tutor_multi_stage4\PPO_1,PPO_1,50000,1,Bailey,0.0
runs\ppo_tutor_multi_v6\PPO_1,PPO_1,50000,1,Bailey,4.0
runs\ab_penalty1_items200_h1200\PPO_1,PPO_1,65536,1,Bailey,5.0
runs\ppo_items200_h1000\PPO_1,PPO_1,65536,1,Bailey,0.0
runs\ppo_items200_h800\PPO_1,PPO_1,65536,1,Bailey,0.0
runs\ppo_items500_h1000\PPO_1,PPO_1,65536,1,Bailey,0.0
runs\ppo_tutor_multi_items100\PPO_1,PPO_1,65536,1,Bailey,0.0
runs\ppo_tutor_multi_stage2\PPO_1,PPO_1,65536,1,Bailey,0.0
runs\ppo_tutor_multi_stage3_bonus2\PPO_1,PPO_1,65536,1,Bailey,0.0
runs\ppo_tutor_multi_stage3_transition_bonus\PPO_1,PPO_1,65536,1,Bailey,0.0
runs\ppo_tutor_multi_stage4\PPO_1,PPO_1,65536,1,Bailey,0.0
runs\ppo_tutor_multi_v6\PPO_1,PPO_1,65536,1,Bailey,0.0
runs\ab_penalty1_items200_h1200\PPO_1,PPO_1,75000,1,Bailey,12.0
runs\ppo_items200_h1000\PPO_1,PPO_1,75000,1,Bailey,1.0
runs\ppo_items200_h800\PPO_1,PPO_1,75000,1,Bailey,3.0
runs\ppo_items500_h1000\PPO_1,PPO_1,75000,1,Bailey,1.0
runs\ppo_tutor_multi_items100\PPO_1,PPO_1,75000,1,Bailey,2.0
runs\ppo_tutor_multi_stage2\PPO_1,PPO_1,75000,1,Bailey,0.0
runs\ppo_tutor_multi_stage3_bonus2\PPO_1,PPO_1,75000,1,Bailey,2.0
runs\ppo_tutor_multi_stage3_transition_bonus\PPO_1,PPO_1,75000,1,Bailey,2.0
runs\ppo_tutor_multi_stage4\PPO_1,PPO_1,75000,1,Bailey,1.0
runs\ppo_tutor_multi_v6\PPO_1,PPO_1,75000,1,Bailey,0.0
runs\ppo_items200_h1000\PPO_1,PPO_1,98304,1,Bailey,0.0
runs\ppo_items200_h800\PPO_1,PPO_1,98304,1,Bailey,0.0
runs\ppo_items500_h1000\PPO_1,PPO_1,98304,1,Bailey,0.0
runs\ppo_tutor_multi_items100\PPO_1,PPO_1,98304,1,Bailey,1.0
runs\ppo_tutor_multi_stage2\PPO_1,PPO_1,98304,1,Bailey,0.0
runs\ppo_tutor_multi_stage3_bonus2\PPO_1,PPO_1,98304,1,Bailey,0.0
runs\ppo_tutor_multi_stage3_transition_bonus\PPO_1,PPO_1,98304,1,Bailey,0.0
runs\ppo_tutor_multi_stage4\PPO_1,PPO_1,98304,1,Bailey,0.0
runs\ppo_tutor_multi_v6\PPO_1,PPO_1,98304,1,Bailey,4.0
runs\ppo_items200_h1000\PPO_1,PPO_1,100000,1,Bailey,1.0
runs\ppo_items200_h800\PPO_1,PPO_1,100000,1,Bailey,1.0
runs\ppo_items500_h1000\PPO_1,PPO_1,100000,1,Bailey,0.0
runs\ppo_tutor_multi_items100\PPO_1,PPO_1,100000,1,Bailey,1.0
runs\ppo_tutor_multi_stage2\PPO_1,PPO_1,100000,1,Bailey,0.0
runs\ppo_tutor_multi_stage3_bonus2\PPO_1,PPO_1,100000,1,Bailey,1.0
runs\ppo_tutor_multi_stage3_transition_bonus\PPO_1,PPO_1,100000,1,Bailey,1.0
runs\ppo_tutor_multi_stage4\PPO_1,PPO_1,100000,1,Bailey,0.0
runs\ppo_tutor_multi_v6\PPO_1,PPO_1,100000,1,Bailey,1.0
runs\ppo_items200_h1000\PPO_1,PPO_1,125000,1,Bailey,1.0
runs\ppo_items200_h800\PPO_1,PPO_1,125000,1,Bailey,1.0
runs\ppo_items500_h1000\PPO_1,PPO_1,125000,1,Bailey,1.0
runs\ppo_tutor_multi_items100\PPO_1,PPO_1,125000,1,Bailey,0.0
runs\ppo_tutor_multi_stage2\PPO_1,PPO_1,125000,1,Bailey,0.0
runs\ppo_tutor_multi_stage3_bonus2\PPO_1,PPO_1,125000,1,Bailey,0.0
runs\ppo_tutor_multi_stage3_transition_bonus\PPO_1,PPO_1,125000,1,Bailey,0.0
runs\ppo_tutor_multi_stage4\PPO_1,PPO_1,125000,1,Bailey,0.0
runs\ppo_tutor_multi_v6\PPO_1,PPO_1,125000,1,Bailey,0.0
runs\ppo_items200_h1000\PPO_1,PPO_1,131072,1,Bailey,1.0
runs\ppo_items200_h800\PPO_1,PPO_1,131072,1,Bailey,2.0
runs\ppo_items500_h1000\PPO_1,PPO_1,131072,1,Bailey,0.0
runs\ppo_tutor_multi_items100\PPO_1,PPO_1,131072,1,Bailey,3.0
runs\ppo_tutor_multi_stage2\PPO_1,PPO_1,131072,1,Bailey,1.0
runs\ppo_tutor_multi_stage3_bonus2\PPO_1,PPO_1,131072,1,Bailey,1.0
runs\ppo_tutor_multi_stage3_transition_bonus\PPO_1,PPO_1,131072,1,Bailey,1.0
runs\ppo_tutor_multi_stage4\PPO_1,PPO_1,131072,1,Bailey,0.0
runs\ppo_tutor_multi_v6\PPO_1,PPO_1,131072,1,Bailey,3.0
runs\ppo_items200_h1000\PPO_1,PPO_1,150000,1,Bailey,3.0
runs\ppo_items200_h800\PPO_1,PPO_1,150000,1,Bailey,1.0
runs\ppo_items500_h1000\PPO_1,PPO_1,150000,1,Bailey,0.0
runs\ppo_tutor_multi_items100\PPO_1,PPO_1,150000,1,Bailey,0.0
runs\ppo_tutor_multi_stage2\PPO_1,PPO_1,150000,1,Bailey,0.0
runs\ppo_tutor_multi_stage3_bonus2\PPO_1,PPO_1,150000,1,Bailey,0.0
runs\ppo_tutor_multi_stage3_transition_bonus\PPO_1,PPO_1,150000,1,Bailey,0.0
runs\ppo_tutor_multi_stage4\PPO_1,PPO_1,150000,1,Bailey,0.0
runs\ppo_tutor_multi_v6\PPO_1,PPO_1,150000,1,Bailey,0.0
runs\ppo_items200_h1000\PPO_1,PPO_1,163840,1,Bailey,1.0
runs\ppo_items200_h800\PPO_1,PPO_1,163840,1,Bailey,2.0
runs\ppo_items500_h1000\PPO_1,PPO_1,163840,1,Bailey,0.0
runs\ppo_tutor_multi_items100\PPO_1,PPO_1,163840,1,Bailey,4.0
runs\ppo_tutor_multi_stage2\PPO_1,PPO_1,163840,1,Bailey,0.0
runs\ppo_tutor_multi_stage3_bonus2\PPO_1,PPO_1,163840,1,Bailey,1.0
runs\ppo_tutor_multi_stage3_transition_bonus\PPO_1,PPO_1,163840,1,Bailey,1.0
runs\ppo_tutor_multi_stage4\PPO_1,PPO_1,163840,1,Bailey,0.0
runs\ppo_tutor_multi_v6\PPO_1,PPO_1,163840,1,Bailey,0.0
runs\ppo_items200_h1000\PPO_1,PPO_1,175000,1,Bailey,7.0
runs\ppo_items200_h800\PPO_1,PPO_1,175000,1,Bailey,0.0
runs\ppo_items500_h1000\PPO_1,PPO_1,175000,1,Bailey,0.0
runs\ppo_tutor_multi_items100\PPO_1,PPO_1,175000,1,Bailey,1.0
runs\ppo_tutor_multi_stage2\PPO_1,PPO_1,175000,1,Bailey,1.0
runs\ppo_tutor_multi_stage3_bonus2\PPO_1,PPO_1,175000,1,Bailey,0.0
runs\ppo_tutor_multi_stage3_transition_bonus\PPO_1,PPO_1,175000,1,Bailey,0.0
runs\ppo_tutor_multi_stage4\PPO_1,PPO_1,175000,1,Bailey,0.0
runs\ppo_tutor_multi_v6\PPO_1,PPO_1,175000,1,Bailey,3.0
runs\ppo_items200_h1000\PPO_1,PPO_1,196608,1,Bailey,1.0
runs\ppo_items200_h800\PPO_1,PPO_1,196608,1,Bailey,1.0
runs\ppo_items500_h1000\PPO_1,PPO_1,196608,1,Bailey,0.0
runs\ppo_tutor_multi_items100\PPO_1,PPO_1,196608,1,Bailey,0.0
runs\ppo_tutor_multi_stage2\PPO_1,PPO_1,196608,1,Bailey,1.0
runs\ppo_tutor_multi_stage3_bonus2\PPO_1,PPO_1,196608,1,Bailey,0.0
runs\ppo_tutor_multi_stage3_transition_bonus\PPO_1,PPO_1,196608,1,Bailey,0.0
runs\ppo_tutor_multi_stage4\PPO_1,PPO_1,196608,1,Bailey,0.0
runs\ppo_tutor_multi_v6\PPO_1,PPO_1,196608,1,Bailey,2.0
runs\ppo_items200_h1000\PPO_1,PPO_1,200000,1,Bailey,7.0
runs\ppo_items200_h800\PPO_1,PPO_1,200000,1,Bailey,0.0
runs\ppo_items500_h1000\PPO_1,PPO_1,200000,1,Bailey,0.0
runs\ppo_tutor_multi_items100\PPO_1,PPO_1,200000,1,Bailey,2.0
runs\ppo_tutor_multi_stage2\PPO_1,PPO_1,200000,1,Bailey,0.0
runs\ppo_tutor_multi_stage3_bonus2\PPO_1,PPO_1,200000,1,Bailey,1.0
runs\ppo_tutor_multi_stage3_transition_bonus\PPO_1,PPO_1,200000,1,Bailey,0.0
runs\ppo_tutor_multi_stage4\PPO_1,PPO_1,200000,1,Bailey,0.0
runs\ppo_tutor_multi_v6\PPO_1,PPO_1,200000,1,Bailey,0.0
runs\ppo_items200_h1000\PPO_1,PPO_1,225000,1,Bailey,0.0
runs\ppo_items200_h800\PPO_1,PPO_1,225000,1,Bailey,0.0
runs\ppo_items500_h1000\PPO_1,PPO_1,225000,1,Bailey,0.0
runs\ppo_tutor_multi_items100\PPO_1,PPO_1,225000,1,Bailey,0.0
runs\ppo_tutor_multi_stage2\PPO_1,PPO_1,225000,1,Bailey,0.0
runs\ppo_tutor_multi_stage3_bonus2\PPO_1,PPO_1,225000,1,Bailey,0.0
runs\ppo_tutor_multi_stage3_transition_bonus\PPO_1,PPO_1,225000,1,Bailey,0.0
runs\ppo_tutor_multi_stage4\PPO_1,PPO_1,225000,1,Bailey,0.0
runs\ppo_tutor_multi_v6\PPO_1,PPO_1,225000,1,Bailey,2.0
runs\ppo_items200_h1000\PPO_1,PPO_1,229376,1,Bailey,2.0
runs\ppo_items200_h800\PPO_1,PPO_1,229376,1,Bailey,4.0
runs\ppo_items500_h1000\PPO_1,PPO_1,229376,1,Bailey,0.0
runs\ppo_tutor_multi_items100\PPO_1,PPO_1,229376,1,Bailey,0.0
runs\ppo_tutor_multi_stage2\PPO_1,PPO_1,229376,1,Bailey,2.0
runs\ppo_tutor_multi_stage3_bonus2\PPO_1,PPO_1,229376,1,Bailey,0.0
runs\ppo_tutor_multi_stage3_transition_bonus\PPO_1,PPO_1,229376,1,Bailey,0.0
runs\ppo_tutor_multi_stage4\PPO_1,PPO_1,229376,1,Bailey,0.0
runs\ppo_tutor_multi_v6\PPO_1,PPO_1,229376,1,Bailey,2.0
runs\ppo_items200_h1000\PPO_1,PPO_1,250000,1,Bailey,0.0
runs\ppo_items200_h800\PPO_1,PPO_1,250000,1,Bailey,0.0
runs\ppo_items500_h1000\PPO_1,PPO_1,250000,1,Bailey,0.0
runs\ppo_tutor_multi_items100\PPO_1,PPO_1,250000,1,Bailey,1.0
runs\ppo_tutor_multi_stage2\PPO_1,PPO_1,250000,1,Bailey,0.0
runs\ppo_tutor_multi_stage3_bonus2\PPO_1,PPO_1,250000,1,Bailey,0.0
runs\ppo_tutor_multi_stage3_transition_bonus\PPO_1,PPO_1,250000,1,Bailey,0.0
runs\ppo_tutor_multi_stage4\PPO_1,PPO_1,250000,1,Bailey,0.0
runs\ppo_tutor_multi_v6\PPO_1,PPO_1,250000,1,Bailey,0.0
runs\ppo_items200_h1000\PPO_1,PPO_1,262144,1,Bailey,5.0
runs\ppo_items200_h800\PPO_1,PPO_1,262144,1,Bailey,4.0
runs\ppo_items500_h1000\PPO_1,PPO_1,262144,1,Bailey,1.0
runs\ppo_tutor_multi_items100\PPO_1,PPO_1,262144,1,Bailey,0.0
runs\ppo_tutor_multi_stage2\PPO_1,PPO_1,262144,1,Bailey,1.0
runs\ppo_tutor_multi_stage3_bonus2\PPO_1,PPO_1,262144,1,Bailey,0.0
runs\ppo_tutor_multi_stage3_transition_bonus\PPO_1,PPO_1,262144,1,Bailey,0.0
runs\ppo_tutor_multi_stage4\PPO_1,PPO_1,262144,1,Bailey,0.0
runs\ppo_tutor_multi_v6\PPO_1,PPO_1,262144,1,Bailey,0.0
runs\ppo_items200_h1000\PPO_1,PPO_1,275000,1,Bailey,3.0
runs\ppo_items200_h800\PPO_1,PPO_1,275000,1,Bailey,6.0
runs\ppo_items500_h1000\PPO_1,PPO_1,275000,1,Bailey,0.0
runs\ppo_tutor_multi_items100\PPO_1,PPO_1,275000,1,Bailey,1.0
runs\ppo_tutor_multi_stage2\PPO_1,PPO_1,275000,1,Bailey,1.0
runs\ppo_tutor_multi_stage3_bonus2\PPO_1,PPO_1,275000,1,Bailey,1.0
runs\ppo_tutor_multi_stage3_transition_bonus\PPO_1,PPO_1,275000,1,Bailey,2.0
runs\ppo_tutor_multi_stage4\PPO_1,PPO_1,275000,1,Bailey,0.0
runs\ppo_tutor_multi_v6\PPO_1,PPO_1,275000,1,Bailey,0.0
runs\ppo_items200_h1000\PPO_1,PPO_1,294912,1,Bailey,4.0
runs\ppo_items200_h800\PPO_1,PPO_1,294912,1,Bailey,0.0
runs\ppo_items500_h1000\PPO_1,PPO_1,294912,1,Bailey,0.0
runs\ppo_tutor_multi_items100\PPO_1,PPO_1,294912,1,Bailey,2.0
runs\ppo_tutor_multi_stage2\PPO_1,PPO_1,294912,1,Bailey,0.0
runs\ppo_tutor_multi_stage3_bonus2\PPO_1,PPO_1,294912,1,Bailey,0.0
runs\ppo_tutor_multi_stage3_transition_bonus\PPO_1,PPO_1,294912,1,Bailey,0.0
runs\ppo_tutor_multi_stage4\PPO_1,PPO_1,294912,1,Bailey,0.0
runs\ppo_tutor_multi_v6\PPO_1,PPO_1,294912,1,Bailey,3.0
runs\ppo_items200_h1000\PPO_1,PPO_1,300000,1,Bailey,0.0
runs\ppo_items200_h800\PPO_1,PPO_1,300000,1,Bailey,5.0
runs\ppo_items500_h1000\PPO_1,PPO_1,300000,1,Bailey,0.0
runs\ppo_tutor_multi_items100\PPO_1,PPO_1,300000,1,Bailey,3.0
runs\ppo_tutor_multi_stage2\PPO_1,PPO_1,300000,1,Bailey,3.0
runs\ppo_tutor_multi_stage3_bonus2\PPO_1,PPO_1,300000,1,Bailey,3.0
runs\ppo_tutor_multi_stage3_transition_bonus\PPO_1,PPO_1,300000,1,Bailey,2.0
runs\ppo_tutor_multi_stage4\PPO_1,PPO_1,300000,1,Bailey,0.0
runs\ppo_tutor_multi_v6\PPO_1,PPO_1,300000,1,Bailey,1.0
runs\ppo_items200_h1000\PPO_1,PPO_1,325000,1,Bailey,1.0
runs\ppo_items200_h800\PPO_1,PPO_1,325000,1,Bailey,3.0
runs\ppo_items500_h1000\PPO_1,PPO_1,325000,1,Bailey,0.0
runs\ppo_tutor_multi_items100\PPO_1,PPO_1,325000,1,Bailey,0.0
runs\ppo_tutor_multi_stage2\PPO_1,PPO_1,325000,1,Bailey,0.0
runs\ppo_tutor_multi_stage3_bonus2\PPO_1,PPO_1,325000,1,Bailey,1.0
runs\ppo_tutor_multi_stage3_transition_bonus\PPO_1,PPO_1,325000,1,Bailey,0.0
runs\ppo_tutor_multi_stage4\PPO_1,PPO_1,325000,1,Bailey,0.0
runs\ppo_tutor_multi_v6\PPO_1,PPO_1,325000,1,Bailey,0.0
runs\ppo_items200_h1000\PPO_1,PPO_1,327680,1,Bailey,7.0
runs\ppo_items200_h800\PPO_1,PPO_1,327680,1,Bailey,0.0
runs\ppo_items500_h1000\PPO_1,PPO_1,327680,1,Bailey,0.0
runs\ppo_tutor_multi_items100\PPO_1,PPO_1,327680,1,Bailey,1.0
runs\ppo_tutor_multi_stage2\PPO_1,PPO_1,327680,1,Bailey,0.0
runs\ppo_tutor_multi_stage3_bonus2\PPO_1,PPO_1,327680,1,Bailey,0.0
runs\ppo_tutor_multi_stage3_transition_bonus\PPO_1,PPO_1,327680,1,Bailey,2.0
runs\ppo_tutor_multi_stage4\PPO_1,PPO_1,327680,1,Bailey,0.0
runs\ppo_tutor_multi_v6\PPO_1,PPO_1,327680,1,Bailey,1.0
runs\ppo_items200_h1000\PPO_1,PPO_1,350000,1,Bailey,4.0
runs\ppo_items200_h800\PPO_1,PPO_1,350000,1,Bailey,1.0
runs\ppo_items500_h1000\PPO_1,PPO_1,350000,1,Bailey,2.0
runs\ppo_tutor_multi_items100\PPO_1,PPO_1,350000,1,Bailey,0.0
runs\ppo_tutor_multi_stage2\PPO_1,PPO_1,350000,1,Bailey,0.0
runs\ppo_tutor_multi_stage3_bonus2\PPO_1,PPO_1,350000,1,Bailey,1.0
runs\ppo_tutor_multi_stage3_transition_bonus\PPO_1,PPO_1,350000,1,Bailey,0.0
runs\ppo_tutor_multi_stage4\PPO_1,PPO_1,350000,1,Bailey,0.0
runs\ppo_items200_h1000\PPO_1,PPO_1,360448,1,Bailey,0.0
runs\ppo_items200_h800\PPO_1,PPO_1,360448,1,Bailey,1.0
runs\ppo_items500_h1000\PPO_1,PPO_1,360448,1,Bailey,0.0
runs\ppo_tutor_multi_items100\PPO_1,PPO_1,360448,1,Bailey,0.0
runs\ppo_tutor_multi_stage2\PPO_1,PPO_1,360448,1,Bailey,2.0
runs\ppo_tutor_multi_stage3_bonus2\PPO_1,PPO_1,360448,1,Bailey,0.0
runs\ppo_tutor_multi_stage3_transition_bonus\PPO_1,PPO_1,360448,1,Bailey,0.0
runs\ppo_tutor_multi_stage4\PPO_1,PPO_1,360448,1,Bailey,0.0
runs\ppo_items200_h1000\PPO_1,PPO_1,375000,1,Bailey,3.0
runs\ppo_items200_h800\PPO_1,PPO_1,375000,1,Bailey,2.0
runs\ppo_items500_h1000\PPO_1,PPO_1,375000,1,Bailey,2.0
runs\ppo_tutor_multi_items100\PPO_1,PPO_1,375000,1,Bailey,2.0
runs\ppo_tutor_multi_stage2\PPO_1,PPO_1,375000,1,Bailey,0.0
runs\ppo_tutor_multi_stage3_bonus2\PPO_1,PPO_1,375000,1,Bailey,1.0
runs\ppo_tutor_multi_stage3_transition_bonus\PPO_1,PPO_1,375000,1,Bailey,2.0
runs\ppo_tutor_multi_stage4\PPO_1,PPO_1,375000,1,Bailey,0.0
runs\ppo_items200_h1000\PPO_1,PPO_1,393216,1,Bailey,1.0
runs\ppo_items200_h800\PPO_1,PPO_1,393216,1,Bailey,1.0
runs\ppo_items500_h1000\PPO_1,PPO_1,393216,1,Bailey,0.0
runs\ppo_tutor_multi_items100\PPO_1,PPO_1,393216,1,Bailey,0.0
runs\ppo_tutor_multi_stage2\PPO_1,PPO_1,393216,1,Bailey,1.0
runs\ppo_tutor_multi_stage3_bonus2\PPO_1,PPO_1,393216,1,Bailey,1.0
runs\ppo_tutor_multi_stage3_transition_bonus\PPO_1,PPO_1,393216,1,Bailey,1.0
runs\ppo_tutor_multi_stage4\PPO_1,PPO_1,393216,1,Bailey,1.0
runs\ppo_items200_h1000\PPO_1,PPO_1,400000,1,Bailey,9.0
runs\ppo_items200_h800\PPO_1,PPO_1,400000,1,Bailey,0.0
runs\ppo_items500_h1000\PPO_1,PPO_1,400000,1,Bailey,3.0
runs\ppo_tutor_multi_items100\PPO_1,PPO_1,400000,1,Bailey,1.0
runs\ppo_tutor_multi_stage2\PPO_1,PPO_1,400000,1,Bailey,1.0
runs\ppo_tutor_multi_stage3_bonus2\PPO_1,PPO_1,400000,1,Bailey,0.0
runs\ppo_tutor_multi_stage3_transition_bonus\PPO_1,PPO_1,400000,1,Bailey,0.0
runs\ppo_tutor_multi_stage4\PPO_1,PPO_1,400000,1,Bailey,0.0
runs\ppo_items200_h1000\PPO_1,PPO_1,425000,1,Bailey,0.0
runs\ppo_items200_h800\PPO_1,PPO_1,425000,1,Bailey,1.0
runs\ppo_items500_h1000\PPO_1,PPO_1,425000,1,Bailey,0.0
runs\ppo_tutor_multi_items100\PPO_1,PPO_1,425000,1,Bailey,0.0
runs\ppo_tutor_multi_stage2\PPO_1,PPO_1,425000,1,Bailey,1.0
runs\ppo_tutor_multi_stage3_bonus2\PPO_1,PPO_1,425000,1,Bailey,0.0
runs\ppo_tutor_multi_stage3_transition_bonus\PPO_1,PPO_1,425000,1,Bailey,0.0
runs\ppo_tutor_multi_stage4\PPO_1,PPO_1,425000,1,Bailey,0.0
runs\ppo_items200_h1000\PPO_1,PPO_1,425984,1,Bailey,0.0
runs\ppo_items200_h800\PPO_1,PPO_1,425984,1,Bailey,1.0
runs\ppo_items500_h1000\PPO_1,PPO_1,425984,1,Bailey,0.0
runs\ppo_tutor_multi_items100\PPO_1,PPO_1,425984,1,Bailey,0.0
runs\ppo_tutor_multi_stage2\PPO_1,PPO_1,425984,1,Bailey,0.0
runs\ppo_tutor_multi_stage3_bonus2\PPO_1,PPO_1,425984,1,Bailey,0.0
runs\ppo_tutor_multi_stage3_transition_bonus\PPO_1,PPO_1,425984,1,Bailey,0.0
runs\ppo_tutor_multi_stage4\PPO_1,PPO_1,425984,1,Bailey,1.0
runs\ppo_items200_h1000\PPO_1,PPO_1,450000,1,Bailey,0.0
runs\ppo_items200_h800\PPO_1,PPO_1,450000,1,Bailey,0.0
runs\ppo_items500_h1000\PPO_1,PPO_1,450000,1,Bailey,0.0
runs\ppo_tutor_multi_items100\PPO_1,PPO_1,450000,1,Bailey,1.0
runs\ppo_tutor_multi_stage2\PPO_1,PPO_1,450000,1,Bailey,0.0
runs\ppo_tutor_multi_stage3_bonus2\PPO_1,PPO_1,450000,1,Bailey,2.0
runs\ppo_tutor_multi_stage3_transition_bonus\PPO_1,PPO_1,450000,1,Bailey,0.0
runs\ppo_tutor_multi_stage4\PPO_1,PPO_1,450000,1,Bailey,0.0
runs\ppo_items200_h1000\PPO_1,PPO_1,458752,1,Bailey,2.0
runs\ppo_items200_h800\PPO_1,PPO_1,458752,1,Bailey,2.0
runs\ppo_items500_h1000\PPO_1,PPO_1,458752,1,Bailey,0.0
runs\ppo_tutor_multi_items100\PPO_1,PPO_1,458752,1,Bailey,3.0
runs\ppo_tutor_multi_stage2\PPO_1,PPO_1,458752,1,Bailey,0.0
runs\ppo_tutor_multi_stage3_bonus2\PPO_1,PPO_1,458752,1,Bailey,2.0
runs\ppo_tutor_multi_stage3_transition_bonus\PPO_1,PPO_1,458752,1,Bailey,2.0
runs\ppo_tutor_multi_stage4\PPO_1,PPO_1,458752,1,Bailey,1.0
runs\ppo_items200_h1000\PPO_1,PPO_1,475000,1,Bailey,1.0
runs\ppo_items200_h800\PPO_1,PPO_1,475000,1,Bailey,0.0
runs\ppo_items500_h1000\PPO_1,PPO_1,475000,1,Bailey,0.0
runs\ppo_tutor_multi_items100\PPO_1,PPO_1,475000,1,Bailey,3.0
runs\ppo_tutor_multi_stage2\PPO_1,PPO_1,475000,1,Bailey,0.0
runs\ppo_tutor_multi_stage3_bonus2\PPO_1,PPO_1,475000,1,Bailey,1.0
runs\ppo_tutor_multi_stage3_transition_bonus\PPO_1,PPO_1,475000,1,Bailey,2.0
runs\ppo_tutor_multi_stage4\PPO_1,PPO_1,475000,1,Bailey,1.0
runs\ppo_items200_h1000\PPO_1,PPO_1,491520,1,Bailey,1.0
runs\ppo_items200_h800\PPO_1,PPO_1,491520,1,Bailey,7.0
runs\ppo_items500_h1000\PPO_1,PPO_1,491520,1,Bailey,0.0
runs\ppo_tutor_multi_items100\PPO_1,PPO_1,491520,1,Bailey,3.0
runs\ppo_tutor_multi_stage2\PPO_1,PPO_1,491520,1,Bailey,0.0
runs\ppo_tutor_multi_stage3_bonus2\PPO_1,PPO_1,491520,1,Bailey,1.0
runs\ppo_tutor_multi_stage3_transition_bonus\PPO_1,PPO_1,491520,1,Bailey,1.0
runs\ppo_tutor_multi_stage4\PPO_1,PPO_1,491520,1,Bailey,0.0
runs\ppo_items200_h1000\PPO_1,PPO_1,500000,1,Bailey,1.0
runs\ppo_items200_h800\PPO_1,PPO_1,500000,1,Bailey,0.0
runs\ppo_items500_h1000\PPO_1,PPO_1,500000,1,Bailey,0.0
runs\ppo_tutor_multi_items100\PPO_1,PPO_1,500000,1,Bailey,3.0
runs\ppo_tutor_multi_stage2\PPO_1,PPO_1,500000,1,Bailey,0.0
runs\ppo_tutor_multi_stage3_bonus2\PPO_1,PPO_1,500000,1,Bailey,2.0
runs\ppo_tutor_multi_stage3_transition_bonus\PPO_1,PPO_1,500000,1,Bailey,1.0
runs\ppo_tutor_multi_stage4\PPO_1,PPO_1,500000,1,Bailey,0.0
runs\ppo_items200_h1000\PPO_1,PPO_1,524288,1,Bailey,1.0
runs\ppo_items200_h800\PPO_1,PPO_1,524288,1,Bailey,9.0
runs\ppo_items500_h1000\PPO_1,PPO_1,524288,1,Bailey,0.0
runs\ppo_tutor_multi_items100\PPO_1,PPO_1,524288,1,Bailey,0.0
runs\ppo_tutor_multi_stage2\PPO_1,PPO_1,524288,1,Bailey,1.0
runs\ppo_tutor_multi_stage3_bonus2\PPO_1,PPO_1,524288,1,Bailey,0.0
runs\ppo_tutor_multi_stage3_transition_bonus\PPO_1,PPO_1,524288,1,Bailey,0.0
runs\ppo_tutor_multi_stage4\PPO_1,PPO_1,524288,1,Bailey,0.0
runs\ppo_items200_h1000\PPO_1,PPO_1,525000,1,Bailey,3.0
runs\ppo_items200_h800\PPO_1,PPO_1,525000,1,Bailey,0.0
runs\ppo_items500_h1000\PPO_1,PPO_1,525000,1,Bailey,0.0
runs\ppo_tutor_multi_items100\PPO_1,PPO_1,525000,1,Bailey,0.0
runs\ppo_tutor_multi_stage3_bonus2\PPO_1,PPO_1,525000,1,Bailey,0.0
runs\ppo_tutor_multi_stage3_transition_bonus\PPO_1,PPO_1,525000,1,Bailey,0.0
runs\ppo_tutor_multi_stage4\PPO_1,PPO_1,525000,1,Bailey,0.0
runs\ppo_items200_h1000\PPO_1,PPO_1,550000,1,Bailey,4.0
runs\ppo_items200_h800\PPO_1,PPO_1,550000,1,Bailey,5.0
runs\ppo_items500_h1000\PPO_1,PPO_1,550000,1,Bailey,2.0
runs\ppo_tutor_multi_items100\PPO_1,PPO_1,550000,1,Bailey,0.0
runs\ppo_tutor_multi_stage3_bonus2\PPO_1,PPO_1,550000,1,Bailey,0.0
runs\ppo_tutor_multi_stage4\PPO_1,PPO_1,550000,1,Bailey,0.0
runs\ppo_items200_h1000\PPO_1,PPO_1,557056,1,Bailey,5.0
runs\ppo_items200_h800\PPO_1,PPO_1,557056,1,Bailey,0.0
runs\ppo_items500_h1000\PPO_1,PPO_1,557056,1,Bailey,2.0
runs\ppo_tutor_multi_items100\PPO_1,PPO_1,557056,1,Bailey,0.0
runs\ppo_tutor_multi_stage3_bonus2\PPO_1,PPO_1,557056,1,Bailey,0.0
runs\ppo_tutor_multi_stage4\PPO_1,PPO_1,557056,1,Bailey,0.0
runs\ppo_items200_h1000\PPO_1,PPO_1,575000,1,Bailey,9.0
runs\ppo_items200_h800\PPO_1,PPO_1,575000,1,Bailey,5.0
runs\ppo_items500_h1000\PPO_1,PPO_1,575000,1,Bailey,1.0
runs\ppo_tutor_multi_items100\PPO_1,PPO_1,575000,1,Bailey,0.0
runs\ppo_tutor_multi_stage3_bonus2\PPO_1,PPO_1,575000,1,Bailey,1.0
runs\ppo_tutor_multi_stage4\PPO_1,PPO_1,575000,1,Bailey,0.0
runs\ppo_items200_h1000\PPO_1,PPO_1,589824,1,Bailey,9.0
runs\ppo_items200_h800\PPO_1,PPO_1,589824,1,Bailey,0.0
runs\ppo_items500_h1000\PPO_1,PPO_1,589824,1,Bailey,1.0
runs\ppo_tutor_multi_items100\PPO_1,PPO_1,589824,1,Bailey,0.0
runs\ppo_tutor_multi_stage3_bonus2\PPO_1,PPO_1,589824,1,Bailey,0.0
runs\ppo_tutor_multi_stage4\PPO_1,PPO_1,589824,1,Bailey,0.0
runs\ppo_items200_h1000\PPO_1,PPO_1,600000,1,Bailey,10.0
runs\ppo_items200_h800\PPO_1,PPO_1,600000,1,Bailey,8.0
runs\ppo_items500_h1000\PPO_1,PPO_1,600000,1,Bailey,2.0
runs\ppo_tutor_multi_items100\PPO_1,PPO_1,600000,1,Bailey,2.0
runs\ppo_tutor_multi_stage3_bonus2\PPO_1,PPO_1,600000,1,Bailey,2.0
runs\ppo_tutor_multi_stage4\PPO_1,PPO_1,600000,1,Bailey,1.0
runs\ppo_items200_h1000\PPO_1,PPO_1,622592,1,Bailey,9.0
runs\ppo_items200_h800\PPO_1,PPO_1,622592,1,Bailey,1.0
runs\ppo_items500_h1000\PPO_1,PPO_1,622592,1,Bailey,2.0
runs\ppo_tutor_multi_items100\PPO_1,PPO_1,622592,1,Bailey,1.0
runs\ppo_tutor_multi_stage3_bonus2\PPO_1,PPO_1,622592,1,Bailey,0.0
runs\ppo_tutor_multi_stage4\PPO_1,PPO_1,622592,1,Bailey,0.0
runs\ppo_items200_h1000\PPO_1,PPO_1,625000,1,Bailey,0.0
runs\ppo_items200_h800\PPO_1,PPO_1,625000,1,Bailey,4.0
runs\ppo_items500_h1000\PPO_1,PPO_1,625000,1,Bailey,0.0
runs\ppo_tutor_multi_items100\PPO_1,PPO_1,625000,1,Bailey,0.0
runs\ppo_tutor_multi_stage3_bonus2\PPO_1,PPO_1,625000,1,Bailey,0.0
runs\ppo_tutor_multi_stage4\PPO_1,PPO_1,625000,1,Bailey,0.0
runs\ppo_items200_h1000\PPO_1,PPO_1,650000,1,Bailey,0.0
runs\ppo_items200_h800\PPO_1,PPO_1,650000,1,Bailey,1.0
runs\ppo_items500_h1000\PPO_1,PPO_1,650000,1,Bailey,0.0
runs\ppo_tutor_multi_items100\PPO_1,PPO_1,650000,1,Bailey,3.0
runs\ppo_tutor_multi_stage3_bonus2\PPO_1,PPO_1,650000,1,Bailey,1.0
runs\ppo_tutor_multi_stage4\PPO_1,PPO_1,650000,1,Bailey,0.0
runs\ppo_items200_h1000\PPO_1,PPO_1,655360,1,Bailey,4.0
runs\ppo_items200_h800\PPO_1,PPO_1,655360,1,Bailey,0.0
runs\ppo_items500_h1000\PPO_1,PPO_1,655360,1,Bailey,2.0
runs\ppo_tutor_multi_items100\PPO_1,PPO_1,655360,1,Bailey,5.0
runs\ppo_tutor_multi_stage3_bonus2\PPO_1,PPO_1,655360,1,Bailey,0.0
runs\ppo_tutor_multi_stage4\PPO_1,PPO_1,655360,1,Bailey,1.0
runs\ppo_items200_h1000\PPO_1,PPO_1,675000,1,Bailey,2.0
runs\ppo_items200_h800\PPO_1,PPO_1,675000,1,Bailey,1.0
runs\ppo_items500_h1000\PPO_1,PPO_1,675000,1,Bailey,1.0
runs\ppo_tutor_multi_items100\PPO_1,PPO_1,675000,1,Bailey,0.0
runs\ppo_tutor_multi_stage3_bonus2\PPO_1,PPO_1,675000,1,Bailey,0.0
runs\ppo_tutor_multi_stage4\PPO_1,PPO_1,675000,1,Bailey,0.0
runs\ppo_items200_h1000\PPO_1,PPO_1,688128,1,Bailey,0.0
runs\ppo_items200_h800\PPO_1,PPO_1,688128,1,Bailey,0.0
runs\ppo_items500_h1000\PPO_1,PPO_1,688128,1,Bailey,0.0
runs\ppo_tutor_multi_items100\PPO_1,PPO_1,688128,1,Bailey,0.0
runs\ppo_tutor_multi_stage3_bonus2\PPO_1,PPO_1,688128,1,Bailey,0.0
runs\ppo_tutor_multi_stage4\PPO_1,PPO_1,688128,1,Bailey,0.0
runs\ppo_items200_h1000\PPO_1,PPO_1,700000,1,Bailey,5.0
runs\ppo_items200_h800\PPO_1,PPO_1,700000,1,Bailey,2.0
runs\ppo_items500_h1000\PPO_1,PPO_1,700000,1,Bailey,0.0
runs\ppo_tutor_multi_items100\PPO_1,PPO_1,700000,1,Bailey,1.0
runs\ppo_tutor_multi_stage3_bonus2\PPO_1,PPO_1,700000,1,Bailey,0.0
runs\ppo_tutor_multi_stage4\PPO_1,PPO_1,700000,1,Bailey,0.0
runs\ppo_items200_h1000\PPO_1,PPO_1,720896,1,Bailey,0.0
runs\ppo_items200_h800\PPO_1,PPO_1,720896,1,Bailey,2.0
runs\ppo_items500_h1000\PPO_1,PPO_1,720896,1,Bailey,0.0
runs\ppo_tutor_multi_items100\PPO_1,PPO_1,720896,1,Bailey,0.0
runs\ppo_tutor_multi_stage3_bonus2\PPO_1,PPO_1,720896,1,Bailey,0.0
runs\ppo_tutor_multi_stage4\PPO_1,PPO_1,720896,1,Bailey,0.0
runs\ppo_items200_h1000\PPO_1,PPO_1,725000,1,Bailey,5.0
runs\ppo_items200_h800\PPO_1,PPO_1,725000,1,Bailey,0.0
runs\ppo_items500_h1000\PPO_1,PPO_1,725000,1,Bailey,1.0
runs\ppo_tutor_multi_items100\PPO_1,PPO_1,725000,1,Bailey,0.0
runs\ppo_tutor_multi_stage3_bonus2\PPO_1,PPO_1,725000,1,Bailey,0.0
runs\ppo_tutor_multi_stage4\PPO_1,PPO_1,725000,1,Bailey,0.0
runs\ppo_items200_h1000\PPO_1,PPO_1,750000,1,Bailey,12.0
runs\ppo_items200_h800\PPO_1,PPO_1,750000,1,Bailey,0.0
runs\ppo_items500_h1000\PPO_1,PPO_1,750000,1,Bailey,1.0
runs\ppo_tutor_multi_items100\PPO_1,PPO_1,750000,1,Bailey,0.0
runs\ppo_tutor_multi_stage3_bonus2\PPO_1,PPO_1,750000,1,Bailey,0.0
runs\ppo_tutor_multi_stage4\PPO_1,PPO_1,750000,1,Bailey,0.0
runs\ppo_items200_h1000\PPO_1,PPO_1,753664,1,Bailey,0.0
runs\ppo_items200_h800\PPO_1,PPO_1,753664,1,Bailey,6.0
runs\ppo_items500_h1000\PPO_1,PPO_1,753664,1,Bailey,0.0
runs\ppo_tutor_multi_items100\PPO_1,PPO_1,753664,1,Bailey,0.0
runs\ppo_tutor_multi_stage3_bonus2\PPO_1,PPO_1,753664,1,Bailey,0.0
runs\ppo_tutor_multi_stage4\PPO_1,PPO_1,753664,1,Bailey,0.0
runs\ppo_items200_h1000\PPO_1,PPO_1,775000,1,Bailey,13.0
runs\ppo_items200_h800\PPO_1,PPO_1,775000,1,Bailey,0.0
runs\ppo_items500_h1000\PPO_1,PPO_1,775000,1,Bailey,3.0
runs\ppo_tutor_multi_items100\PPO_1,PPO_1,775000,1,Bailey,2.0
runs\ppo_tutor_multi_stage3_bonus2\PPO_1,PPO_1,775000,1,Bailey,1.0
runs\ppo_tutor_multi_stage4\PPO_1,PPO_1,775000,1,Bailey,0.0
runs\ppo_items200_h1000\PPO_1,PPO_1,786432,1,Bailey,0.0
runs\ppo_items200_h800\PPO_1,PPO_1,786432,1,Bailey,7.0
runs\ppo_items500_h1000\PPO_1,PPO_1,786432,1,Bailey,0.0
runs\ppo_tutor_multi_items100\PPO_1,PPO_1,786432,1,Bailey,1.0
runs\ppo_tutor_multi_stage3_bonus2\PPO_1,PPO_1,786432,1,Bailey,0.0
runs\ppo_tutor_multi_stage4\PPO_1,PPO_1,786432,1,Bailey,1.0
runs\ppo_items200_h1000\PPO_1,PPO_1,800000,1,Bailey,10.0
runs\ppo_items200_h800\PPO_1,PPO_1,800000,1,Bailey,11.0
runs\ppo_items500_h1000\PPO_1,PPO_1,800000,1,Bailey,4.0
runs\ppo_tutor_multi_items100\PPO_1,PPO_1,800000,1,Bailey,5.0
runs\ppo_tutor_multi_stage3_bonus2\PPO_1,PPO_1,800000,1,Bailey,3.0
runs\ppo_tutor_multi_stage4\PPO_1,PPO_1,800000,1,Bailey,1.0
runs\ppo_items200_h1000\PPO_1,PPO_1,819200,1,Bailey,4.0
runs\ppo_items200_h800\PPO_1,PPO_1,819200,1,Bailey,10.0
runs\ppo_items500_h1000\PPO_1,PPO_1,819200,1,Bailey,0.0
runs\ppo_tutor_multi_items100\PPO_1,PPO_1,819200,1,Bailey,1.0
runs\ppo_tutor_multi_stage3_bonus2\PPO_1,PPO_1,819200,1,Bailey,4.0
runs\ppo_tutor_multi_stage4\PPO_1,PPO_1,819200,1,Bailey,1.0
runs\ppo_items200_h1000\PPO_1,PPO_1,825000,1,Bailey,0.0
runs\ppo_items200_h800\PPO_1,PPO_1,825000,1,Bailey,12.0
runs\ppo_items500_h1000\PPO_1,PPO_1,825000,1,Bailey,0.0
runs\ppo_tutor_multi_stage4\PPO_1,PPO_1,825000,1,Bailey,0.0
runs\ppo_items200_h1000\PPO_1,PPO_1,850000,1,Bailey,0.0
runs\ppo_items200_h800\PPO_1,PPO_1,850000,1,Bailey,7.0
runs\ppo_items500_h1000\PPO_1,PPO_1,850000,1,Bailey,0.0
runs\ppo_items200_h1000\PPO_1,PPO_1,851968,1,Bailey,3.0
runs\ppo_items200_h800\PPO_1,PPO_1,851968,1,Bailey,0.0
runs\ppo_items500_h1000\PPO_1,PPO_1,851968,1,Bailey,0.0
runs\ppo_items200_h1000\PPO_1,PPO_1,875000,1,Bailey,3.0
runs\ppo_items200_h800\PPO_1,PPO_1,875000,1,Bailey,8.0
runs\ppo_items500_h1000\PPO_1,PPO_1,875000,1,Bailey,0.0
runs\ppo_items200_h1000\PPO_1,PPO_1,884736,1,Bailey,8.0
runs\ppo_items200_h800\PPO_1,PPO_1,884736,1,Bailey,1.0
runs\ppo_items500_h1000\PPO_1,PPO_1,884736,1,Bailey,1.0
runs\ppo_items200_h1000\PPO_1,PPO_1,900000,1,Bailey,3.0
runs\ppo_items200_h800\PPO_1,PPO_1,900000,1,Bailey,7.0
runs\ppo_items500_h1000\PPO_1,PPO_1,900000,1,Bailey,1.0
runs\ppo_items200_h1000\PPO_1,PPO_1,917504,1,Bailey,8.0
runs\ppo_items200_h800\PPO_1,PPO_1,917504,1,Bailey,0.0
runs\ppo_items500_h1000\PPO_1,PPO_1,917504,1,Bailey,2.0
runs\ppo_items200_h1000\PPO_1,PPO_1,925000,1,Bailey,4.0
runs\ppo_items200_h800\PPO_1,PPO_1,925000,1,Bailey,4.0
runs\ppo_items500_h1000\PPO_1,PPO_1,925000,1,Bailey,1.0
runs\ppo_items200_h1000\PPO_1,PPO_1,950000,1,Bailey,9.0
runs\ppo_items200_h800\PPO_1,PPO_1,950000,1,Bailey,4.0
runs\ppo_items500_h1000\PPO_1,PPO_1,950000,1,Bailey,2.0
runs\ppo_items200_h1000\PPO_1,PPO_1,950272,1,Bailey,7.0
runs\ppo_items200_h800\PPO_1,PPO_1,950272,1,Bailey,4.0
runs\ppo_items500_h1000\PPO_1,PPO_1,950272,1,Bailey,3.0
runs\ppo_items200_h1000\PPO_1,PPO_1,975000,1,Bailey,11.0
runs\ppo_items200_h800\PPO_1,PPO_1,975000,1,Bailey,1.0
runs\ppo_items500_h1000\PPO_1,PPO_1,975000,1,Bailey,2.0
runs\ppo_items200_h1000\PPO_1,PPO_1,983040,1,Bailey,12.0
runs\ppo_items200_h800\PPO_1,PPO_1,983040,1,Bailey,3.0
runs\ppo_items500_h1000\PPO_1,PPO_1,983040,1,Bailey,3.0
runs\ppo_items200_h1000\PPO_1,PPO_1,1000000,1,Bailey,18.0
runs\ppo_items200_h800\PPO_1,PPO_1,1000000,1,Bailey,0.0
runs\ppo_items500_h1000\PPO_1,PPO_1,1000000,1,Bailey,2.0
runs\ppo_items200_h1000\PPO_1,PPO_1,1015808,1,Bailey,9.0
runs\ppo_items200_h800\PPO_1,PPO_1,1015808,1,Bailey,8.0
runs\ppo_items500_h1000\PPO_1,PPO_1,1015808,1,Bailey,5.0
runs\ppo_items200_h1000\PPO_1,PPO_1,1025000,1,Bailey,1.0
runs\ppo_items200_h800\PPO_1,PPO_1,1025000,1,Bailey,0.0
runs\ppo_items500_h1000\PPO_1,PPO_1,1025000,1,Bailey,0.0
runs\ppo_items200_h1000\PPO_1,PPO_1,1048576,1,Bailey,0.0
runs\ppo_items200_h800\PPO_1,PPO_1,1048576,1,Bailey,10.0
runs\ppo_items500_h1000\PPO_1,PPO_1,1048576,1,Bailey,0.0
runs\ppo_items200_h1000\PPO_1,PPO_1,1050000,1,Bailey,2.0
runs\ppo_items200_h800\PPO_1,PPO_1,1050000,1,Bailey,0.0
runs\ppo_items500_h1000\PPO_1,PPO_1,1050000,1,Bailey,0.0
runs\ppo_items200_h1000\PPO_1,PPO_1,1075000,1,Bailey,2.0
runs\ppo_items200_h800\PPO_1,PPO_1,1075000,1,Bailey,8.0
runs\ppo_items500_h1000\PPO_1,PPO_1,1075000,1,Bailey,2.0
runs\ppo_items200_h1000\PPO_1,PPO_1,1081344,1,Bailey,0.0
runs\ppo_items200_h800\PPO_1,PPO_1,1081344,1,Bailey,12.0
runs\ppo_items500_h1000\PPO_1,PPO_1,1081344,1,Bailey,0.0
runs\ppo_items200_h1000\PPO_1,PPO_1,1100000,1,Bailey,4.0
runs\ppo_items200_h800\PPO_1,PPO_1,1100000,1,Bailey,10.0
runs\ppo_items500_h1000\PPO_1,PPO_1,1100000,1,Bailey,1.0
runs\ppo_items200_h1000\PPO_1,PPO_1,1114112,1,Bailey,1.0
runs\ppo_items200_h800\PPO_1,PPO_1,1114112,1,Bailey,0.0
runs\ppo_items500_h1000\PPO_1,PPO_1,1114112,1,Bailey,2.0
runs\ppo_items200_h1000\PPO_1,PPO_1,1125000,1,Bailey,7.0
runs\ppo_items200_h800\PPO_1,PPO_1,1125000,1,Bailey,12.0
runs\ppo_items500_h1000\PPO_1,PPO_1,1125000,1,Bailey,1.0
runs\ppo_items200_h1000\PPO_1,PPO_1,1146880,1,Bailey,3.0
runs\ppo_items200_h800\PPO_1,PPO_1,1146880,1,Bailey,0.0
runs\ppo_items500_h1000\PPO_1,PPO_1,1146880,1,Bailey,1.0
runs\ppo_items200_h1000\PPO_1,PPO_1,1150000,1,Bailey,9.0
runs\ppo_items200_h800\PPO_1,PPO_1,1150000,1,Bailey,11.0
runs\ppo_items500_h1000\PPO_1,PPO_1,1150000,1,Bailey,4.0
runs\ppo_items200_h1000\PPO_1,PPO_1,1175000,1,Bailey,14.0
runs\ppo_items200_h800\PPO_1,PPO_1,1175000,1,Bailey,7.0
runs\ppo_items500_h1000\PPO_1,PPO_1,1175000,1,Bailey,7.0
runs\ppo_items200_h1000\PPO_1,PPO_1,1179648,1,Bailey,5.0
runs\ppo_items200_h800\PPO_1,PPO_1,1179648,1,Bailey,2.0
runs\ppo_items500_h1000\PPO_1,PPO_1,1179648,1,Bailey,1.0
runs\ppo_items200_h1000\PPO_1,PPO_1,1200000,1,Bailey,12.0
runs\ppo_items200_h800\PPO_1,PPO_1,1200000,1,Bailey,5.0
runs\ppo_items500_h1000\PPO_1,PPO_1,1200000,1,Bailey,4.0
runs\ppo_items200_h1000\PPO_1,PPO_1,1212416,1,Bailey,7.0
runs\ppo_items200_h800\PPO_1,PPO_1,1212416,1,Bailey,4.0
runs\ppo_items500_h1000\PPO_1,PPO_1,1212416,1,Bailey,2.0
runs\ppo_items200_h1000\PPO_1,PPO_1,1225000,1,Bailey,1.0
runs\ppo_items500_h1000\PPO_1,PPO_1,1225000,1,Bailey,1.0
runs\ppo_items200_h1000\PPO_1,PPO_1,1245184,1,Bailey,8.0
runs\ppo_items500_h1000\PPO_1,PPO_1,1245184,1,Bailey,6.0
runs\ppo_items200_h1000\PPO_1,PPO_1,1250000,1,Bailey,0.0
runs\ppo_items500_h1000\PPO_1,PPO_1,1250000,1,Bailey,1.0
runs\ppo_items200_h1000\PPO_1,PPO_1,1275000,1,Bailey,3.0
runs\ppo_items500_h1000\PPO_1,PPO_1,1275000,1,Bailey,1.0
runs\ppo_items200_h1000\PPO_1,PPO_1,1277952,1,Bailey,11.0
runs\ppo_items500_h1000\PPO_1,PPO_1,1277952,1,Bailey,3.0
runs\ppo_items200_h1000\PPO_1,PPO_1,1300000,1,Bailey,7.0
runs\ppo_items500_h1000\PPO_1,PPO_1,1300000,1,Bailey,1.0
runs\ppo_items200_h1000\PPO_1,PPO_1,1310720,1,Bailey,15.0
runs\ppo_items500_h1000\PPO_1,PPO_1,1310720,1,Bailey,6.0
runs\ppo_items200_h1000\PPO_1,PPO_1,1325000,1,Bailey,8.0
runs\ppo_items500_h1000\PPO_1,PPO_1,1325000,1,Bailey,5.0
runs\ppo_items200_h1000\PPO_1,PPO_1,1343488,1,Bailey,16.0
runs\ppo_items500_h1000\PPO_1,PPO_1,1343488,1,Bailey,8.0
runs\ppo_items200_h1000\PPO_1,PPO_1,1350000,1,Bailey,13.0
runs\ppo_items500_h1000\PPO_1,PPO_1,1350000,1,Bailey,5.0
runs\ppo_items200_h1000\PPO_1,PPO_1,1375000,1,Bailey,13.0
runs\ppo_items500_h1000\PPO_1,PPO_1,1375000,1,Bailey,9.0
runs\ppo_items200_h1000\PPO_1,PPO_1,1376256,1,Bailey,0.0
runs\ppo_items500_h1000\PPO_1,PPO_1,1376256,1,Bailey,0.0
runs\ppo_items200_h1000\PPO_1,PPO_1,1400000,1,Bailey,14.0
runs\ppo_items500_h1000\PPO_1,PPO_1,1400000,1,Bailey,7.0
runs\ppo_items200_h1000\PPO_1,PPO_1,1409024,1,Bailey,1.0
runs\ppo_items500_h1000\PPO_1,PPO_1,1409024,1,Bailey,0.0
runs\ppo_items200_h1000\PPO_1,PPO_1,1425000,1,Bailey,0.0
runs\ppo_items500_h1000\PPO_1,PPO_1,1425000,1,Bailey,0.0
runs\ppo_items200_h1000\PPO_1,PPO_1,1441792,1,Bailey,1.0
runs\ppo_items500_h1000\PPO_1,PPO_1,1441792,1,Bailey,1.0
runs\ppo_items200_h1000\PPO_1,PPO_1,1450000,1,Bailey,3.0
runs\ppo_items500_h1000\PPO_1,PPO_1,1450000,1,Bailey,1.0
runs\ppo_items200_h1000\PPO_1,PPO_1,1474560,1,Bailey,6.0
runs\ppo_items500_h1000\PPO_1,PPO_1,1474560,1,Bailey,3.0
runs\ppo_items200_h1000\PPO_1,PPO_1,1475000,1,Bailey,6.0
runs\ppo_items500_h1000\PPO_1,PPO_1,1475000,1,Bailey,1.0
runs\ppo_items200_h1000\PPO_1,PPO_1,1500000,1,Bailey,7.0
runs\ppo_items500_h1000\PPO_1,PPO_1,1500000,1,Bailey,7.0
runs\ppo_items200_h1000\PPO_1,PPO_1,1507328,1,Bailey,6.0
runs\ppo_items500_h1000\PPO_1,PPO_1,1507328,1,Bailey,5.0
runs\ppo_items200_h1000\PPO_1,PPO_1,1525000,1,Bailey,9.0
runs\ppo_items500_h1000\PPO_1,PPO_1,1525000,1,Bailey,9.0
runs\ppo_items200_h1000\PPO_1,PPO_1,1540096,1,Bailey,9.0
runs\ppo_items500_h1000\PPO_1,PPO_1,1540096,1,Bailey,2.0
runs\ppo_items200_h1000\PPO_1,PPO_1,1550000,1,Bailey,13.0
runs\ppo_items500_h1000\PPO_1,PPO_1,1550000,1,Bailey,6.0
runs\ppo_items200_h1000\PPO_1,PPO_1,1572864,1,Bailey,11.0
runs\ppo_items500_h1000\PPO_1,PPO_1,1572864,1,Bailey,4.0
runs\ppo_items200_h1000\PPO_1,PPO_1,1575000,1,Bailey,20.0
runs\ppo_items500_h1000\PPO_1,PPO_1,1575000,1,Bailey,7.0
runs\ppo_items200_h1000\PPO_1,PPO_1,1600000,1,Bailey,19.0
runs\ppo_items500_h1000\PPO_1,PPO_1,1600000,1,Bailey,6.0
runs\ppo_items200_h1000\PPO_1,PPO_1,1605632,1,Bailey,12.0
runs\ppo_items500_h1000\PPO_1,PPO_1,1605632,1,Bailey,5.0
runs\ppo_items500_h1000\PPO_1,PPO_1,1625000,1,Bailey,0.0
runs\ppo_items500_h1000\PPO_1,PPO_1,1638400,1,Bailey,7.0
runs\ppo_items500_h1000\PPO_1,PPO_1,1650000,1,Bailey,2.0
runs\ppo_items500_h1000\PPO_1,PPO_1,1671168,1,Bailey,8.0
runs\ppo_items500_h1000\PPO_1,PPO_1,1675000,1,Bailey,5.0
runs\ppo_items500_h1000\PPO_1,PPO_1,1700000,1,Bailey,4.0
runs\ppo_items500_h1000\PPO_1,PPO_1,1703936,1,Bailey,10.0
runs\ppo_items500_h1000\PPO_1,PPO_1,1725000,1,Bailey,6.0
runs\ppo_items500_h1000\PPO_1,PPO_1,1736704,1,Bailey,0.0
runs\ppo_items500_h1000\PPO_1,PPO_1,1750000,1,Bailey,6.0
runs\ppo_items500_h1000\PPO_1,PPO_1,1769472,1,Bailey,2.0
runs\ppo_items500_h1000\PPO_1,PPO_1,1775000,1,Bailey,10.0
runs\ppo_items500_h1000\PPO_1,PPO_1,1800000,1,Bailey,8.0
runs\ppo_items500_h1000\PPO_1,PPO_1,1802240,1,Bailey,4.0
runs\ppo_items500_h1000\PPO_1,PPO_1,1825000,1,Bailey,2.0
runs\ppo_items500_h1000\PPO_1,PPO_1,1835008,1,Bailey,6.0
runs\ppo_items500_h1000\PPO_1,PPO_1,1850000,1,Bailey,4.0
runs\ppo_items500_h1000\PPO_1,PPO_1,1867776,1,Bailey,3.0
runs\ppo_items500_h1000\PPO_1,PPO_1,1875000,1,Bailey,5.0
runs\ppo_items500_h1000\PPO_1,PPO_1,1900000,1,Bailey,7.0
runs\ppo_items500_h1000\PPO_1,PPO_1,1900544,1,Bailey,8.0
runs\ppo_items500_h1000\PPO_1,PPO_1,1925000,1,Bailey,7.0
runs\ppo_items500_h1000\PPO_1,PPO_1,1933312,1,Bailey,8.0
runs\ppo_items500_h1000\PPO_1,PPO_1,1950000,1,Bailey,9.0
runs\ppo_items500_h1000\PPO_1,PPO_1,1966080,1,Bailey,8.0
runs\ppo_items500_h1000\PPO_1,PPO_1,1975000,1,Bailey,8.0
runs\ppo_items500_h1000\PPO_1,PPO_1,1998848,1,Bailey,10.0
runs\ppo_items500_h1000\PPO_1,PPO_1,2000000,1,Bailey,11.0
runs\ppo_items500_h1000\PPO_1,PPO_1,2025000,1,Bailey,1.0
runs\ppo_items500_h1000\PPO_1,PPO_1,2031616,1,Bailey,10.0
runs\ab_balanced_items200_h1000\PPO_1,PPO_1,25000,2,Casey,0.0
runs\ab_penalty1_items200_h1200\PPO_1,PPO_1,25000,2,Casey,3.0
runs\ppo_items200_h1000\PPO_1,PPO_1,25000,2,Casey,0.0
runs\ppo_items200_h800\PPO_1,PPO_1,25000,2,Casey,3.0
runs\ppo_items500_h1000\PPO_1,PPO_1,25000,2,Casey,0.0
runs\ppo_tutor_multi_items100\PPO_1,PPO_1,25000,2,Casey,0.0
runs\ppo_tutor_multi_stage2\PPO_1,PPO_1,25000,2,Casey,0.0
runs\ppo_tutor_multi_stage3_bonus2\PPO_1,PPO_1,25000,2,Casey,0.0
runs\ppo_tutor_multi_stage3_transition_bonus\PPO_1,PPO_1,25000,2,Casey,0.0
runs\ppo_tutor_multi_stage4\PPO_1,PPO_1,25000,2,Casey,0.0
runs\ppo_tutor_multi_v6\PPO_1,PPO_1,25000,2,Casey,0.0
runs\ab_balanced_items200_h1000\PPO_1,PPO_1,32768,2,Casey,0.0
runs\ab_penalty1_items200_h1200\PPO_1,PPO_1,32768,2,Casey,1.0
runs\ppo_items200_h1000\PPO_1,PPO_1,32768,2,Casey,0.0
runs\ppo_items200_h800\PPO_1,PPO_1,32768,2,Casey,0.0
runs\ppo_items500_h1000\PPO_1,PPO_1,32768,2,Casey,0.0
runs\ppo_tutor_multi_items100\PPO_1,PPO_1,32768,2,Casey,0.0
runs\ppo_tutor_multi_stage2\PPO_1,PPO_1,32768,2,Casey,0.0
runs\ppo_tutor_multi_stage3_bonus2\PPO_1,PPO_1,32768,2,Casey,0.0
runs\ppo_tutor_multi_stage3_transition_bonus\PPO_1,PPO_1,32768,2,Casey,0.0
runs\ppo_tutor_multi_stage4\PPO_1,PPO_1,32768,2,Casey,0.0
runs\ppo_tutor_multi_v6\PPO_1,PPO_1,32768,2,Casey,1.0
runs\ab_penalty1_items200_h1200\PPO_1,PPO_1,50000,2,Casey,0.0
runs\ppo_items200_h1000\PPO_1,PPO_1,50000,2,Casey,0.0
runs\ppo_items200_h800\PPO_1,PPO_1,50000,2,Casey,0.0
runs\ppo_items500_h1000\PPO_1,PPO_1,50000,2,Casey,0.0
runs\ppo_tutor_multi_items100\PPO_1,PPO_1,50000,2,Casey,1.0
runs\ppo_tutor_multi_stage2\PPO_1,PPO_1,50000,2,Casey,1.0
runs\ppo_tutor_multi_stage3_bonus2\PPO_1,PPO_1,50000,2,Casey,0.0
runs\ppo_tutor_multi_stage3_transition_bonus\PPO_1,PPO_1,50000,2,Casey,0.0
runs\ppo_tutor_multi_stage4\PPO_1,PPO_1,50000,2,Casey,0.0
runs\ppo_tutor_multi_v6\PPO_1,PPO_1,50000,2,Casey,0.0
runs\ab_penalty1_items200_h1200\PPO_1,PPO_1,65536,2,Casey,5.0
runs\ppo_items200_h1000\PPO_1,PPO_1,65536,2,Casey,0.0
runs\ppo_items200_h800\PPO_1,PPO_1,65536,2,Casey,0.0
runs\ppo_items500_h1000\PPO_1,PPO_1,65536,2,Casey,0.0
runs\ppo_tutor_multi_items100\PPO_1,PPO_1,65536,2,Casey,1.0
runs\ppo_tutor_multi_stage2\PPO_1,PPO_1,65536,2,Casey,0.0
runs\ppo_tutor_multi_stage3_bonus2\PPO_1,PPO_1,65536,2,Casey,0.0
runs\ppo_tutor_multi_stage3_transition_bonus\PPO_1,PPO_1,65536,2,Casey,0.0
runs\ppo_tutor_multi_stage4\PPO_1,PPO_1,65536,2,Casey,0.0
runs\ppo_tutor_multi_v6\PPO_1,PPO_1,65536,2,Casey,0.0
runs\ab_penalty1_items200_h1200\PPO_1,PPO_1,75000,2,Casey,5.0
runs\ppo_items200_h1000\PPO_1,PPO_1,75000,2,Casey,0.0
runs\ppo_items200_h800\PPO_1,PPO_1,75000,2,Casey,2.0
runs\ppo_items500_h1000\PPO_1,PPO_1,75000,2,Casey,0.0
runs\ppo_tutor_multi_items100\PPO_1,PPO_1,75000,2,Casey,4.0
runs\ppo_tutor_multi_stage2\PPO_1,PPO_1,75000,2,Casey,0.0
runs\ppo_tutor_multi_stage3_bonus2\PPO_1,PPO_1,75000,2,Casey,0.0
runs\ppo_tutor_multi_stage3_transition_bonus\PPO_1,PPO_1,75000,2,Casey,0.0
runs\ppo_tutor_multi_stage4\PPO_1,PPO_1,75000,2,Casey,0.0
runs\ppo_tutor_multi_v6\PPO_1,PPO_1,75000,2,Casey,0.0
runs\ppo_items200_h1000\PPO_1,PPO_1,98304,2,Casey,0.0
runs\ppo_items200_h800\PPO_1,PPO_1,98304,2,Casey,0.0
runs\ppo_items500_h1000\PPO_1,PPO_1,98304,2,Casey,0.0
runs\ppo_tutor_multi_items100\PPO_1,PPO_1,98304,2,Casey,1.0
runs\ppo_tutor_multi_stage2\PPO_1,PPO_1,98304,2,Casey,0.0
runs\ppo_tutor_multi_stage3_bonus2\PPO_1,PPO_1,98304,2,Casey,1.0
runs\ppo_tutor_multi_stage3_transition_bonus\PPO_1,PPO_1,98304,2,Casey,1.0
runs\ppo_tutor_multi_stage4\PPO_1,PPO_1,98304,2,Casey,0.0
runs\ppo_tutor_multi_v6\PPO_1,PPO_1,98304,2,Casey,3.0
runs\ppo_items200_h1000\PPO_1,PPO_1,100000,2,Casey,0.0
runs\ppo_items200_h800\PPO_1,PPO_1,100000,2,Casey,0.0
runs\ppo_items500_h1000\PPO_1,PPO_1,100000,2,Casey,0.0
runs\ppo_tutor_multi_items100\PPO_1,PPO_1,100000,2,Casey,5.0
runs\ppo_tutor_multi_stage2\PPO_1,PPO_1,100000,2,Casey,0.0
runs\ppo_tutor_multi_stage3_bonus2\PPO_1,PPO_1,100000,2,Casey,1.0
runs\ppo_tutor_multi_stage3_transition_bonus\PPO_1,PPO_1,100000,2,Casey,1.0
runs\ppo_tutor_multi_stage4\PPO_1,PPO_1,100000,2,Casey,0.0
runs\ppo_tutor_multi_v6\PPO_1,PPO_1,100000,2,Casey,0.0
runs\ppo_items200_h1000\PPO_1,PPO_1,125000,2,Casey,2.0
runs\ppo_items200_h800\PPO_1,PPO_1,125000,2,Casey,3.0
runs\ppo_items500_h1000\PPO_1,PPO_1,125000,2,Casey,0.0
runs\ppo_tutor_multi_items100\PPO_1,PPO_1,125000,2,Casey,0.0
runs\ppo_tutor_multi_stage2\PPO_1,PPO_1,125000,2,Casey,0.0
runs\ppo_tutor_multi_stage3_bonus2\PPO_1,PPO_1,125000,2,Casey,0.0
runs\ppo_tutor_multi_stage3_transition_bonus\PPO_1,PPO_1,125000,2,Casey,0.0
runs\ppo_tutor_multi_stage4\PPO_1,PPO_1,125000,2,Casey,0.0
runs\ppo_tutor_multi_v6\PPO_1,PPO_1,125000,2,Casey,0.0
runs\ppo_items200_h1000\PPO_1,PPO_1,131072,2,Casey,1.0
runs\ppo_items200_h800\PPO_1,PPO_1,131072,2,Casey,0.0
runs\ppo_items500_h1000\PPO_1,PPO_1,131072,2,Casey,0.0
runs\ppo_tutor_multi_items100\PPO_1,PPO_1,131072,2,Casey,3.0
runs\ppo_tutor_multi_stage2\PPO_1,PPO_1,131072,2,Casey,3.0
runs\ppo_tutor_multi_stage3_bonus2\PPO_1,PPO_1,131072,2,Casey,0.0
runs\ppo_tutor_multi_stage3_transition_bonus\PPO_1,PPO_1,131072,2,Casey,0.0
runs\ppo_tutor_multi_stage4\PPO_1,PPO_1,131072,2,Casey,0.0
runs\ppo_tutor_multi_v6\PPO_1,PPO_1,131072,2,Casey,1.0
runs\ppo_items200_h1000\PPO_1,PPO_1,150000,2,Casey,1.0
runs\ppo_items200_h800\PPO_1,PPO_1,150000,2,Casey,0.0
runs\ppo_items500_h1000\PPO_1,PPO_1,150000,2,Casey,4.0
runs\ppo_tutor_multi_items100\PPO_1,PPO_1,150000,2,Casey,1.0
runs\ppo_tutor_multi_stage2\PPO_1,PPO_1,150000,2,Casey,0.0
runs\ppo_tutor_multi_stage3_bonus2\PPO_1,PPO_1,150000,2,Casey,0.0
runs\ppo_tutor_multi_stage3_transition_bonus\PPO_1,PPO_1,150000,2,Casey,0.0
runs\ppo_tutor_multi_stage4\PPO_1,PPO_1,150000,2,Casey,0.0
runs\ppo_tutor_multi_v6\PPO_1,PPO_1,150000,2,Casey,0.0
runs\ppo_items200_h1000\PPO_1,PPO_1,163840,2,Casey,1.0
runs\ppo_items200_h800\PPO_1,PPO_1,163840,2,Casey,0.0
runs\ppo_items500_h1000\PPO_1,PPO_1,163840,2,Casey,0.0
runs\ppo_tutor_multi_items100\PPO_1,PPO_1,163840,2,Casey,1.0
runs\ppo_tutor_multi_stage2\PPO_1,PPO_1,163840,2,Casey,0.0
runs\ppo_tutor_multi_stage3_bonus2\PPO_1,PPO_1,163840,2,Casey,0.0
runs\ppo_tutor_multi_stage3_transition_bonus\PPO_1,PPO_1,163840,2,Casey,0.0
runs\ppo_tutor_multi_stage4\PPO_1,PPO_1,163840,2,Casey,0.0
runs\ppo_tutor_multi_v6\PPO_1,PPO_1,163840,2,Casey,0.0
runs\ppo_items200_h1000\PPO_1,PPO_1,175000,2,Casey,2.0
runs\ppo_items200_h800\PPO_1,PPO_1,175000,2,Casey,0.0
runs\ppo_items500_h1000\PPO_1,PPO_1,175000,2,Casey,3.0
runs\ppo_tutor_multi_items100\PPO_1,PPO_1,175000,2,Casey,1.0
runs\ppo_tutor_multi_stage2\PPO_1,PPO_1,175000,2,Casey,0.0
runs\ppo_tutor_multi_stage3_bonus2\PPO_1,PPO_1,175000,2,Casey,0.0
runs\ppo_tutor_multi_stage3_transition_bonus\PPO_1,PPO_1,175000,2,Casey,0.0
runs\ppo_tutor_multi_stage4\PPO_1,PPO_1,175000,2,Casey,0.0
runs\ppo_tutor_multi_v6\PPO_1,PPO_1,175000,2,Casey,0.0
runs\ppo_items200_h1000\PPO_1,PPO_1,196608,2,Casey,3.0
runs\ppo_items200_h800\PPO_1,PPO_1,196608,2,Casey,4.0
runs\ppo_items500_h1000\PPO_1,PPO_1,196608,2,Casey,0.0
runs\ppo_tutor_multi_items100\PPO_1,PPO_1,196608,2,Casey,0.0
runs\ppo_tutor_multi_stage2\PPO_1,PPO_1,196608,2,Casey,0.0
runs\ppo_tutor_multi_stage3_bonus2\PPO_1,PPO_1,196608,2,Casey,0.0
runs\ppo_tutor_multi_stage3_transition_bonus\PPO_1,PPO_1,196608,2,Casey,0.0
runs\ppo_tutor_multi_stage4\PPO_1,PPO_1,196608,2,Casey,0.0
runs\ppo_tutor_multi_v6\PPO_1,PPO_1,196608,2,Casey,4.0
runs\ppo_items200_h1000\PPO_1,PPO_1,200000,2,Casey,4.0
runs\ppo_items200_h800\PPO_1,PPO_1,200000,2,Casey,0.0
runs\ppo_items500_h1000\PPO_1,PPO_1,200000,2,Casey,0.0
runs\ppo_tutor_multi_items100\PPO_1,PPO_1,200000,2,Casey,4.0
runs\ppo_tutor_multi_stage2\PPO_1,PPO_1,200000,2,Casey,1.0
runs\ppo_tutor_multi_stage3_bonus2\PPO_1,PPO_1,200000,2,Casey,0.0
runs\ppo_tutor_multi_stage3_transition_bonus\PPO_1,PPO_1,200000,2,Casey,0.0
runs\ppo_tutor_multi_stage4\PPO_1,PPO_1,200000,2,Casey,0.0
runs\ppo_tutor_multi_v6\PPO_1,PPO_1,200000,2,Casey,0.0
runs\ppo_items200_h1000\PPO_1,PPO_1,225000,2,Casey,0.0
runs\ppo_items200_h800\PPO_1,PPO_1,225000,2,Casey,0.0
runs\ppo_items500_h1000\PPO_1,PPO_1,225000,2,Casey,0.0
runs\ppo_tutor_multi_items100\PPO_1,PPO_1,225000,2,Casey,0.0
runs\ppo_tutor_multi_stage2\PPO_1,PPO_1,225000,2,Casey,0.0
runs\ppo_tutor_multi_stage3_bonus2\PPO_1,PPO_1,225000,2,Casey,0.0
runs\ppo_tutor_multi_stage3_transition_bonus\PPO_1,PPO_1,225000,2,Casey,0.0
runs\ppo_tutor_multi_stage4\PPO_1,PPO_1,225000,2,Casey,0.0
runs\ppo_tutor_multi_v6\PPO_1,PPO_1,225000,2,Casey,1.0
runs\ppo_items200_h1000\PPO_1,PPO_1,229376,2,Casey,2.0
runs\ppo_items200_h800\PPO_1,PPO_1,229376,2,Casey,4.0
runs\ppo_items500_h1000\PPO_1,PPO_1,229376,2,Casey,0.0
runs\ppo_tutor_multi_items100\PPO_1,PPO_1,229376,2,Casey,0.0
runs\ppo_tutor_multi_stage2\PPO_1,PPO_1,229376,2,Casey,0.0
runs\ppo_tutor_multi_stage3_bonus2\PPO_1,PPO_1,229376,2,Casey,0.0
runs\ppo_tutor_multi_stage3_transition_bonus\PPO_1,PPO_1,229376,2,Casey,0.0
runs\ppo_tutor_multi_stage4\PPO_1,PPO_1,229376,2,Casey,0.0
runs\ppo_tutor_multi_v6\PPO_1,PPO_1,229376,2,Casey,0.0
runs\ppo_items200_h1000\PPO_1,PPO_1,250000,2,Casey,2.0
runs\ppo_items200_h800\PPO_1,PPO_1,250000,2,Casey,0.0
runs\ppo_items500_h1000\PPO_1,PPO_1,250000,2,Casey,1.0
runs\ppo_tutor_multi_items100\PPO_1,PPO_1,250000,2,Casey,0.0
runs\ppo_tutor_multi_stage2\PPO_1,PPO_1,250000,2,Casey,0.0
runs\ppo_tutor_multi_stage3_bonus2\PPO_1,PPO_1,250000,2,Casey,1.0
runs\ppo_tutor_multi_stage3_transition_bonus\PPO_1,PPO_1,250000,2,Casey,0.0
runs\ppo_tutor_multi_stage4\PPO_1,PPO_1,250000,2,Casey,0.0
runs\ppo_tutor_multi_v6\PPO_1,PPO_1,250000,2,Casey,0.0
runs\ppo_items200_h1000\PPO_1,PPO_1,262144,2,Casey,4.0
runs\ppo_items200_h800\PPO_1,PPO_1,262144,2,Casey,3.0
runs\ppo_items500_h1000\PPO_1,PPO_1,262144,2,Casey,0.0
runs\ppo_tutor_multi_items100\PPO_1,PPO_1,262144,2,Casey,0.0
runs\ppo_tutor_multi_stage2\PPO_1,PPO_1,262144,2,Casey,3.0
runs\ppo_tutor_multi_stage3_bonus2\PPO_1,PPO_1,262144,2,Casey,0.0
runs\ppo_tutor_multi_stage3_transition_bonus\PPO_1,PPO_1,262144,2,Casey,1.0
runs\ppo_tutor_multi_stage4\PPO_1,PPO_1,262144,2,Casey,0.0
runs\ppo_tutor_multi_v6\PPO_1,PPO_1,262144,2,Casey,0.0
runs\ppo_items200_h1000\PPO_1,PPO_1,275000,2,Casey,1.0
runs\ppo_items200_h800\PPO_1,PPO_1,275000,2,Casey,5.0
runs\ppo_items500_h1000\PPO_1,PPO_1,275000,2,Casey,1.0
runs\ppo_tutor_multi_items100\PPO_1,PPO_1,275000,2,Casey,5.0
runs\ppo_tutor_multi_stage2\PPO_1,PPO_1,275000,2,Casey,5.0
runs\ppo_tutor_multi_stage3_bonus2\PPO_1,PPO_1,275000,2,Casey,0.0
runs\ppo_tutor_multi_stage3_transition_bonus\PPO_1,PPO_1,275000,2,Casey,0.0
runs\ppo_tutor_multi_stage4\PPO_1,PPO_1,275000,2,Casey,0.0
runs\ppo_tutor_multi_v6\PPO_1,PPO_1,275000,2,Casey,0.0
runs\ppo_items200_h1000\PPO_1,PPO_1,294912,2,Casey,4.0
runs\ppo_items200_h800\PPO_1,PPO_1,294912,2,Casey,0.0
runs\ppo_items500_h1000\PPO_1,PPO_1,294912,2,Casey,2.0
runs\ppo_tutor_multi_items100\PPO_1,PPO_1,294912,2,Casey,1.0
runs\ppo_tutor_multi_stage2\PPO_1,PPO_1,294912,2,Casey,0.0
runs\ppo_tutor_multi_stage3_bonus2\PPO_1,PPO_1,294912,2,Casey,0.0
runs\ppo_tutor_multi_stage3_transition_bonus\PPO_1,PPO_1,294912,2,Casey,0.0
runs\ppo_tutor_multi_stage4\PPO_1,PPO_1,294912,2,Casey,1.0
runs\ppo_tutor_multi_v6\PPO_1,PPO_1,294912,2,Casey,2.0
runs\ppo_items200_h1000\PPO_1,PPO_1,300000,2,Casey,2.0
runs\ppo_items200_h800\PPO_1,PPO_1,300000,2,Casey,2.0
runs\ppo_items500_h1000\PPO_1,PPO_1,300000,2,Casey,0.0
runs\ppo_tutor_multi_items100\PPO_1,PPO_1,300000,2,Casey,2.0
runs\ppo_tutor_multi_stage2\PPO_1,PPO_1,300000,2,Casey,2.0
runs\ppo_tutor_multi_stage3_bonus2\PPO_1,PPO_1,300000,2,Casey,0.0
runs\ppo_tutor_multi_stage3_transition_bonus\PPO_1,PPO_1,300000,2,Casey,0.0
runs\ppo_tutor_multi_stage4\PPO_1,PPO_1,300000,2,Casey,0.0
runs\ppo_tutor_multi_v6\PPO_1,PPO_1,300000,2,Casey,2.0
runs\ppo_items200_h1000\PPO_1,PPO_1,325000,2,Casey,1.0
runs\ppo_items200_h800\PPO_1,PPO_1,325000,2,Casey,3.0
runs\ppo_items500_h1000\PPO_1,PPO_1,325000,2,Casey,0.0
runs\ppo_tutor_multi_items100\PPO_1,PPO_1,325000,2,Casey,0.0
runs\ppo_tutor_multi_stage2\PPO_1,PPO_1,325000,2,Casey,0.0
runs\ppo_tutor_multi_stage3_bonus2\PPO_1,PPO_1,325000,2,Casey,0.0
runs\ppo_tutor_multi_stage3_transition_bonus\PPO_1,PPO_1,325000,2,Casey,0.0
runs\ppo_tutor_multi_stage4\PPO_1,PPO_1,325000,2,Casey,0.0
runs\ppo_tutor_multi_v6\PPO_1,PPO_1,325000,2,Casey,0.0
runs\ppo_items200_h1000\PPO_1,PPO_1,327680,2,Casey,8.0
runs\ppo_items200_h800\PPO_1,PPO_1,327680,2,Casey,0.0
runs\ppo_items500_h1000\PPO_1,PPO_1,327680,2,Casey,2.0
runs\ppo_tutor_multi_items100\PPO_1,PPO_1,327680,2,Casey,1.0
runs\ppo_tutor_multi_stage2\PPO_1,PPO_1,327680,2,Casey,0.0
runs\ppo_tutor_multi_stage3_bonus2\PPO_1,PPO_1,327680,2,Casey,0.0
runs\ppo_tutor_multi_stage3_transition_bonus\PPO_1,PPO_1,327680,2,Casey,0.0
runs\ppo_tutor_multi_stage4\PPO_1,PPO_1,327680,2,Casey,0.0
runs\ppo_tutor_multi_v6\PPO_1,PPO_1,327680,2,Casey,0.0
runs\ppo_items200_h1000\PPO_1,PPO_1,350000,2,Casey,5.0
runs\ppo_items200_h800\PPO_1,PPO_1,350000,2,Casey,6.0
runs\ppo_items500_h1000\PPO_1,PPO_1,350000,2,Casey,1.0
runs\ppo_tutor_multi_items100\PPO_1,PPO_1,350000,2,Casey,0.0
runs\ppo_tutor_multi_stage2\PPO_1,PPO_1,350000,2,Casey,0.0
runs\ppo_tutor_multi_stage3_bonus2\PPO_1,PPO_1,350000,2,Casey,0.0
runs\ppo_tutor_multi_stage3_transition_bonus\PPO_1,PPO_1,350000,2,Casey,0.0
runs\ppo_tutor_multi_stage4\PPO_1,PPO_1,350000,2,Casey,1.0
runs\ppo_items200_h1000\PPO_1,PPO_1,360448,2,Casey,0.0
runs\ppo_items200_h800\PPO_1,PPO_1,360448,2,Casey,0.0
runs\ppo_items500_h1000\PPO_1,PPO_1,360448,2,Casey,0.0
runs\ppo_tutor_multi_items100\PPO_1,PPO_1,360448,2,Casey,0.0
runs\ppo_tutor_multi_stage2\PPO_1,PPO_1,360448,2,Casey,0.0
runs\ppo_tutor_multi_stage3_bonus2\PPO_1,PPO_1,360448,2,Casey,0.0
runs\ppo_tutor_multi_stage3_transition_bonus\PPO_1,PPO_1,360448,2,Casey,0.0
runs\ppo_tutor_multi_stage4\PPO_1,PPO_1,360448,2,Casey,0.0
runs\ppo_items200_h1000\PPO_1,PPO_1,375000,2,Casey,6.0
runs\ppo_items200_h800\PPO_1,PPO_1,375000,2,Casey,2.0
runs\ppo_items500_h1000\PPO_1,PPO_1,375000,2,Casey,1.0
runs\ppo_tutor_multi_items100\PPO_1,PPO_1,375000,2,Casey,3.0
runs\ppo_tutor_multi_stage2\PPO_1,PPO_1,375000,2,Casey,0.0
runs\ppo_tutor_multi_stage3_bonus2\PPO_1,PPO_1,375000,2,Casey,0.0
runs\ppo_tutor_multi_stage3_transition_bonus\PPO_1,PPO_1,375000,2,Casey,0.0
runs\ppo_tutor_multi_stage4\PPO_1,PPO_1,375000,2,Casey,0.0
runs\ppo_items200_h1000\PPO_1,PPO_1,393216,2,Casey,0.0
runs\ppo_items200_h800\PPO_1,PPO_1,393216,2,Casey,2.0
runs\ppo_items500_h1000\PPO_1,PPO_1,393216,2,Casey,0.0
runs\ppo_tutor_multi_items100\PPO_1,PPO_1,393216,2,Casey,0.0
runs\ppo_tutor_multi_stage2\PPO_1,PPO_1,393216,2,Casey,2.0
runs\ppo_tutor_multi_stage3_bonus2\PPO_1,PPO_1,393216,2,Casey,0.0
runs\ppo_tutor_multi_stage3_transition_bonus\PPO_1,PPO_1,393216,2,Casey,0.0
runs\ppo_tutor_multi_stage4\PPO_1,PPO_1,393216,2,Casey,1.0
runs\ppo_items200_h1000\PPO_1,PPO_1,400000,2,Casey,2.0
runs\ppo_items200_h800\PPO_1,PPO_1,400000,2,Casey,2.0
runs\ppo_items500_h1000\PPO_1,PPO_1,400000,2,Casey,0.0
runs\ppo_tutor_multi_items100\PPO_1,PPO_1,400000,2,Casey,2.0
runs\ppo_tutor_multi_stage2\PPO_1,PPO_1,400000,2,Casey,2.0
runs\ppo_tutor_multi_stage3_bonus2\PPO_1,PPO_1,400000,2,Casey,0.0
runs\ppo_tutor_multi_stage3_transition_bonus\PPO_1,PPO_1,400000,2,Casey,0.0
runs\ppo_tutor_multi_stage4\PPO_1,PPO_1,400000,2,Casey,0.0
runs\ppo_items200_h1000\PPO_1,PPO_1,425000,2,Casey,0.0
runs\ppo_items200_h800\PPO_1,PPO_1,425000,2,Casey,0.0
runs\ppo_items500_h1000\PPO_1,PPO_1,425000,2,Casey,0.0
runs\ppo_tutor_multi_items100\PPO_1,PPO_1,425000,2,Casey,0.0
runs\ppo_tutor_multi_stage2\PPO_1,PPO_1,425000,2,Casey,1.0
runs\ppo_tutor_multi_stage3_bonus2\PPO_1,PPO_1,425000,2,Casey,0.0
runs\ppo_tutor_multi_stage3_transition_bonus\PPO_1,PPO_1,425000,2,Casey,0.0
runs\ppo_tutor_multi_stage4\PPO_1,PPO_1,425000,2,Casey,1.0
runs\ppo_items200_h1000\PPO_1,PPO_1,425984,2,Casey,0.0
runs\ppo_items200_h800\PPO_1,PPO_1,425984,2,Casey,1.0
runs\ppo_items500_h1000\PPO_1,PPO_1,425984,2,Casey,0.0
runs\ppo_tutor_multi_items100\PPO_1,PPO_1,425984,2,Casey,1.0
runs\ppo_tutor_multi_stage2\PPO_1,PPO_1,425984,2,Casey,0.0
runs\ppo_tutor_multi_stage3_bonus2\PPO_1,PPO_1,425984,2,Casey,0.0
runs\ppo_tutor_multi_stage3_transition_bonus\PPO_1,PPO_1,425984,2,Casey,1.0
runs\ppo_tutor_multi_stage4\PPO_1,PPO_1,425984,2,Casey,0.0
runs\ppo_items200_h1000\PPO_1,PPO_1,450000,2,Casey,0.0
runs\ppo_items200_h800\PPO_1,PPO_1,450000,2,Casey,1.0
runs\ppo_items500_h1000\PPO_1,PPO_1,450000,2,Casey,0.0
runs\ppo_tutor_multi_items100\PPO_1,PPO_1,450000,2,Casey,1.0
runs\ppo_tutor_multi_stage2\PPO_1,PPO_1,450000,2,Casey,0.0
runs\ppo_tutor_multi_stage3_bonus2\PPO_1,PPO_1,450000,2,Casey,0.0
runs\ppo_tutor_multi_stage3_transition_bonus\PPO_1,PPO_1,450000,2,Casey,0.0
runs\ppo_tutor_multi_stage4\PPO_1,PPO_1,450000,2,Casey,0.0
runs\ppo_items200_h1000\PPO_1,PPO_1,458752,2,Casey,0.0
runs\ppo_items200_h800\PPO_1,PPO_1,458752,2,Casey,2.0
runs\ppo_items500_h1000\PPO_1,PPO_1,458752,2,Casey,0.0
runs\ppo_tutor_multi_items100\PPO_1,PPO_1,458752,2,Casey,1.0
runs\ppo_tutor_multi_stage2\PPO_1,PPO_1,458752,2,Casey,0.0
runs\ppo_tutor_multi_stage3_bonus2\PPO_1,PPO_1,458752,2,Casey,0.0
runs\ppo_tutor_multi_stage3_transition_bonus\PPO_1,PPO_1,458752,2,Casey,0.0
runs\ppo_tutor_multi_stage4\PPO_1,PPO_1,458752,2,Casey,0.0
runs\ppo_items200_h1000\PPO_1,PPO_1,475000,2,Casey,0.0
runs\ppo_items200_h800\PPO_1,PPO_1,475000,2,Casey,0.0
runs\ppo_items500_h1000\PPO_1,PPO_1,475000,2,Casey,0.0
runs\ppo_tutor_multi_items100\PPO_1,PPO_1,475000,2,Casey,2.0
runs\ppo_tutor_multi_stage2\PPO_1,PPO_1,475000,2,Casey,0.0
runs\ppo_tutor_multi_stage3_bonus2\PPO_1,PPO_1,475000,2,Casey,1.0
runs\ppo_tutor_multi_stage3_transition_bonus\PPO_1,PPO_1,475000,2,Casey,1.0
runs\ppo_tutor_multi_stage4\PPO_1,PPO_1,475000,2,Casey,1.0
runs\ppo_items200_h1000\PPO_1,PPO_1,491520,2,Casey,5.0
runs\ppo_items200_h800\PPO_1,PPO_1,491520,2,Casey,3.0
runs\ppo_items500_h1000\PPO_1,PPO_1,491520,2,Casey,0.0
runs\ppo_tutor_multi_items100\PPO_1,PPO_1,491520,2,Casey,4.0
runs\ppo_tutor_multi_stage2\PPO_1,PPO_1,491520,2,Casey,0.0
runs\ppo_tutor_multi_stage3_bonus2\PPO_1,PPO_1,491520,2,Casey,1.0
runs\ppo_tutor_multi_stage3_transition_bonus\PPO_1,PPO_1,491520,2,Casey,0.0
runs\ppo_tutor_multi_stage4\PPO_1,PPO_1,491520,2,Casey,0.0
runs\ppo_items200_h1000\PPO_1,PPO_1,500000,2,Casey,3.0
runs\ppo_items200_h800\PPO_1,PPO_1,500000,2,Casey,0.0
runs\ppo_items500_h1000\PPO_1,PPO_1,500000,2,Casey,1.0
runs\ppo_tutor_multi_items100\PPO_1,PPO_1,500000,2,Casey,4.0
runs\ppo_tutor_multi_stage2\PPO_1,PPO_1,500000,2,Casey,0.0
runs\ppo_tutor_multi_stage3_bonus2\PPO_1,PPO_1,500000,2,Casey,0.0
runs\ppo_tutor_multi_stage3_transition_bonus\PPO_1,PPO_1,500000,2,Casey,1.0
runs\ppo_tutor_multi_stage4\PPO_1,PPO_1,500000,2,Casey,0.0
runs\ppo_items200_h1000\PPO_1,PPO_1,524288,2,Casey,6.0
runs\ppo_items200_h800\PPO_1,PPO_1,524288,2,Casey,6.0
runs\ppo_items500_h1000\PPO_1,PPO_1,524288,2,Casey,1.0
runs\ppo_tutor_multi_items100\PPO_1,PPO_1,524288,2,Casey,0.0
runs\ppo_tutor_multi_stage2\PPO_1,PPO_1,524288,2,Casey,0.0
runs\ppo_tutor_multi_stage3_bonus2\PPO_1,PPO_1,524288,2,Casey,0.0
runs\ppo_tutor_multi_stage3_transition_bonus\PPO_1,PPO_1,524288,2,Casey,0.0
runs\ppo_tutor_multi_stage4\PPO_1,PPO_1,524288,2,Casey,0.0
runs\ppo_items200_h1000\PPO_1,PPO_1,525000,2,Casey,2.0
runs\ppo_items200_h800\PPO_1,PPO_1,525000,2,Casey,0.0
runs\ppo_items500_h1000\PPO_1,PPO_1,525000,2,Casey,0.0
runs\ppo_tutor_multi_items100\PPO_1,PPO_1,525000,2,Casey,0.0
runs\ppo_tutor_multi_stage3_bonus2\PPO_1,PPO_1,525000,2,Casey,0.0
runs\ppo_tutor_multi_stage3_transition_bonus\PPO_1,PPO_1,525000,2,Casey,0.0
runs\ppo_tutor_multi_stage4\PPO_1,PPO_1,525000,2,Casey,0.0
runs\ppo_items200_h1000\PPO_1,PPO_1,550000,2,Casey,6.0
runs\ppo_items200_h800\PPO_1,PPO_1,550000,2,Casey,4.0
runs\ppo_items500_h1000\PPO_1,PPO_1,550000,2,Casey,0.0
runs\ppo_tutor_multi_items100\PPO_1,PPO_1,550000,2,Casey,0.0
runs\ppo_tutor_multi_stage3_bonus2\PPO_1,PPO_1,550000,2,Casey,0.0
runs\ppo_tutor_multi_stage4\PPO_1,PPO_1,550000,2,Casey,0.0
runs\ppo_items200_h1000\PPO_1,PPO_1,557056,2,Casey,4.0
runs\ppo_items200_h800\PPO_1,PPO_1,557056,2,Casey,0.0
runs\ppo_items500_h1000\PPO_1,PPO_1,557056,2,Casey,1.0
runs\ppo_tutor_multi_items100\PPO_1,PPO_1,557056,2,Casey,0.0
runs\ppo_tutor_multi_stage3_bonus2\PPO_1,PPO_1,557056,2,Casey,0.0
runs\ppo_tutor_multi_stage4\PPO_1,PPO_1,557056,2,Casey,0.0
runs\ppo_items200_h1000\PPO_1,PPO_1,575000,2,Casey,7.0
runs\ppo_items200_h800\PPO_1,PPO_1,575000,2,Casey,5.0
runs\ppo_items500_h1000\PPO_1,PPO_1,575000,2,Casey,2.0
runs\ppo_tutor_multi_items100\PPO_1,PPO_1,575000,2,Casey,1.0
runs\ppo_tutor_multi_stage3_bonus2\PPO_1,PPO_1,575000,2,Casey,0.0
runs\ppo_tutor_multi_stage4\PPO_1,PPO_1,575000,2,Casey,0.0
runs\ppo_items200_h1000\PPO_1,PPO_1,589824,2,Casey,4.0
runs\ppo_items200_h800\PPO_1,PPO_1,589824,2,Casey,0.0
runs\ppo_items500_h1000\PPO_1,PPO_1,589824,2,Casey,0.0
runs\ppo_tutor_multi_items100\PPO_1,PPO_1,589824,2,Casey,1.0
runs\ppo_tutor_multi_stage3_bonus2\PPO_1,PPO_1,589824,2,Casey,0.0
runs\ppo_tutor_multi_stage4\PPO_1,PPO_1,589824,2,Casey,0.0
runs\ppo_items200_h1000\PPO_1,PPO_1,600000,2,Casey,10.0
runs\ppo_items200_h800\PPO_1,PPO_1,600000,2,Casey,3.0
runs\ppo_items500_h1000\PPO_1,PPO_1,600000,2,Casey,5.0
runs\ppo_tutor_multi_items100\PPO_1,PPO_1,600000,2,Casey,4.0
runs\ppo_tutor_multi_stage3_bonus2\PPO_1,PPO_1,600000,2,Casey,0.0
runs\ppo_tutor_multi_stage4\PPO_1,PPO_1,600000,2,Casey,0.0
runs\ppo_items200_h1000\PPO_1,PPO_1,622592,2,Casey,5.0
runs\ppo_items200_h800\PPO_1,PPO_1,622592,2,Casey,1.0
runs\ppo_items500_h1000\PPO_1,PPO_1,622592,2,Casey,1.0
runs\ppo_tutor_multi_items100\PPO_1,PPO_1,622592,2,Casey,0.0
runs\ppo_tutor_multi_stage3_bonus2\PPO_1,PPO_1,622592,2,Casey,1.0
runs\ppo_tutor_multi_stage4\PPO_1,PPO_1,622592,2,Casey,0.0
runs\ppo_items200_h1000\PPO_1,PPO_1,625000,2,Casey,0.0
runs\ppo_items200_h800\PPO_1,PPO_1,625000,2,Casey,4.0
runs\ppo_items500_h1000\PPO_1,PPO_1,625000,2,Casey,0.0
runs\ppo_tutor_multi_items100\PPO_1,PPO_1,625000,2,Casey,0.0
runs\ppo_tutor_multi_stage3_bonus2\PPO_1,PPO_1,625000,2,Casey,0.0
runs\ppo_tutor_multi_stage4\PPO_1,PPO_1,625000,2,Casey,0.0
runs\ppo_items200_h1000\PPO_1,PPO_1,650000,2,Casey,0.0
runs\ppo_items200_h800\PPO_1,PPO_1,650000,2,Casey,2.0
runs\ppo_items500_h1000\PPO_1,PPO_1,650000,2,Casey,0.0
runs\ppo_tutor_multi_items100\PPO_1,PPO_1,650000,2,Casey,0.0
runs\ppo_tutor_multi_stage3_bonus2\PPO_1,PPO_1,650000,2,Casey,1.0
runs\ppo_tutor_multi_stage4\PPO_1,PPO_1,650000,2,Casey,0.0
runs\ppo_items200_h1000\PPO_1,PPO_1,655360,2,Casey,7.0
runs\ppo_items200_h800\PPO_1,PPO_1,655360,2,Casey,0.0
runs\ppo_items500_h1000\PPO_1,PPO_1,655360,2,Casey,3.0
runs\ppo_tutor_multi_items100\PPO_1,PPO_1,655360,2,Casey,2.0
runs\ppo_tutor_multi_stage3_bonus2\PPO_1,PPO_1,655360,2,Casey,0.0
runs\ppo_tutor_multi_stage4\PPO_1,PPO_1,655360,2,Casey,1.0
runs\ppo_items200_h1000\PPO_1,PPO_1,675000,2,Casey,0.0
runs\ppo_items200_h800\PPO_1,PPO_1,675000,2,Casey,3.0
runs\ppo_items500_h1000\PPO_1,PPO_1,675000,2,Casey,0.0
runs\ppo_tutor_multi_items100\PPO_1,PPO_1,675000,2,Casey,2.0
runs\ppo_tutor_multi_stage3_bonus2\PPO_1,PPO_1,675000,2,Casey,1.0
runs\ppo_tutor_multi_stage4\PPO_1,PPO_1,675000,2,Casey,0.0
runs\ppo_items200_h1000\PPO_1,PPO_1,688128,2,Casey,0.0
runs\ppo_items200_h800\PPO_1,PPO_1,688128,2,Casey,3.0
runs\ppo_items500_h1000\PPO_1,PPO_1,688128,2,Casey,0.0
runs\ppo_tutor_multi_items100\PPO_1,PPO_1,688128,2,Casey,0.0
runs\ppo_tutor_multi_stage3_bonus2\PPO_1,PPO_1,688128,2,Casey,0.0
runs\ppo_tutor_multi_stage4\PPO_1,PPO_1,688128,2,Casey,0.0
runs\ppo_items200_h1000\PPO_1,PPO_1,700000,2,Casey,6.0
runs\ppo_items200_h800\PPO_1,PPO_1,700000,2,Casey,1.0
runs\ppo_items500_h1000\PPO_1,PPO_1,700000,2,Casey,1.0
runs\ppo_tutor_multi_items100\PPO_1,PPO_1,700000,2,Casey,2.0
runs\ppo_tutor_multi_stage3_bonus2\PPO_1,PPO_1,700000,2,Casey,0.0
runs\ppo_tutor_multi_stage4\PPO_1,PPO_1,700000,2,Casey,1.0
runs\ppo_items200_h1000\PPO_1,PPO_1,720896,2,Casey,0.0
runs\ppo_items200_h800\PPO_1,PPO_1,720896,2,Casey,5.0
runs\ppo_items500_h1000\PPO_1,PPO_1,720896,2,Casey,0.0
runs\ppo_tutor_multi_items100\PPO_1,PPO_1,720896,2,Casey,0.0
runs\ppo_tutor_multi_stage3_bonus2\PPO_1,PPO_1,720896,2,Casey,0.0
runs\ppo_tutor_multi_stage4\PPO_1,PPO_1,720896,2,Casey,0.0
runs\ppo_items200_h1000\PPO_1,PPO_1,725000,2,Casey,2.0
runs\ppo_items200_h800\PPO_1,PPO_1,725000,2,Casey,1.0
runs\ppo_items500_h1000\PPO_1,PPO_1,725000,2,Casey,2.0
runs\ppo_tutor_multi_items100\PPO_1,PPO_1,725000,2,Casey,0.0
runs\ppo_tutor_multi_stage3_bonus2\PPO_1,PPO_1,725000,2,Casey,0.0
runs\ppo_tutor_multi_stage4\PPO_1,PPO_1,725000,2,Casey,0.0
runs\ppo_items200_h1000\PPO_1,PPO_1,750000,2,Casey,7.0
runs\ppo_items200_h800\PPO_1,PPO_1,750000,2,Casey,0.0
runs\ppo_items500_h1000\PPO_1,PPO_1,750000,2,Casey,3.0
runs\ppo_tutor_multi_items100\PPO_1,PPO_1,750000,2,Casey,0.0
runs\ppo_tutor_multi_stage3_bonus2\PPO_1,PPO_1,750000,2,Casey,0.0
runs\ppo_tutor_multi_stage4\PPO_1,PPO_1,750000,2,Casey,0.0
runs\ppo_items200_h1000\PPO_1,PPO_1,753664,2,Casey,0.0
runs\ppo_items200_h800\PPO_1,PPO_1,753664,2,Casey,7.0
runs\ppo_items500_h1000\PPO_1,PPO_1,753664,2,Casey,1.0
runs\ppo_tutor_multi_items100\PPO_1,PPO_1,753664,2,Casey,0.0
runs\ppo_tutor_multi_stage3_bonus2\PPO_1,PPO_1,753664,2,Casey,0.0
runs\ppo_tutor_multi_stage4\PPO_1,PPO_1,753664,2,Casey,0.0
runs\ppo_items200_h1000\PPO_1,PPO_1,775000,2,Casey,13.0
runs\ppo_items200_h800\PPO_1,PPO_1,775000,2,Casey,0.0
runs\ppo_items500_h1000\PPO_1,PPO_1,775000,2,Casey,2.0
runs\ppo_tutor_multi_items100\PPO_1,PPO_1,775000,2,Casey,0.0
runs\ppo_tutor_multi_stage3_bonus2\PPO_1,PPO_1,775000,2,Casey,1.0
runs\ppo_tutor_multi_stage4\PPO_1,PPO_1,775000,2,Casey,0.0
runs\ppo_items200_h1000\PPO_1,PPO_1,786432,2,Casey,0.0
runs\ppo_items200_h800\PPO_1,PPO_1,786432,2,Casey,13.0
runs\ppo_items500_h1000\PPO_1,PPO_1,786432,2,Casey,1.0
runs\ppo_tutor_multi_items100\PPO_1,PPO_1,786432,2,Casey,0.0
runs\ppo_tutor_multi_stage3_bonus2\PPO_1,PPO_1,786432,2,Casey,0.0
runs\ppo_tutor_multi_stage4\PPO_1,PPO_1,786432,2,Casey,0.0
runs\ppo_items200_h1000\PPO_1,PPO_1,800000,2,Casey,11.0
runs\ppo_items200_h800\PPO_1,PPO_1,800000,2,Casey,10.0
runs\ppo_items500_h1000\PPO_1,PPO_1,800000,2,Casey,3.0
runs\ppo_tutor_multi_items100\PPO_1,PPO_1,800000,2,Casey,2.0
runs\ppo_tutor_multi_stage3_bonus2\PPO_1,PPO_1,800000,2,Casey,2.0
runs\ppo_tutor_multi_stage4\PPO_1,PPO_1,800000,2,Casey,2.0
runs\ppo_items200_h1000\PPO_1,PPO_1,819200,2,Casey,1.0
runs\ppo_items200_h800\PPO_1,PPO_1,819200,2,Casey,15.0
runs\ppo_items500_h1000\PPO_1,PPO_1,819200,2,Casey,1.0
runs\ppo_tutor_multi_items100\PPO_1,PPO_1,819200,2,Casey,1.0
runs\ppo_tutor_multi_stage3_bonus2\PPO_1,PPO_1,819200,2,Casey,1.0
runs\ppo_tutor_multi_stage4\PPO_1,PPO_1,819200,2,Casey,0.0
runs\ppo_items200_h1000\PPO_1,PPO_1,825000,2,Casey,0.0
runs\ppo_items200_h800\PPO_1,PPO_1,825000,2,Casey,8.0
runs\ppo_items500_h1000\PPO_1,PPO_1,825000,2,Casey,0.0
runs\ppo_tutor_multi_stage4\PPO_1,PPO_1,825000,2,Casey,1.0
runs\ppo_items200_h1000\PPO_1,PPO_1,850000,2,Casey,0.0
runs\ppo_items200_h800\PPO_1,PPO_1,850000,2,Casey,7.0
runs\ppo_items500_h1000\PPO_1,PPO_1,850000,2,Casey,0.0
runs\ppo_items200_h1000\PPO_1,PPO_1,851968,2,Casey,5.0
runs\ppo_items200_h800\PPO_1,PPO_1,851968,2,Casey,0.0
runs\ppo_items500_h1000\PPO_1,PPO_1,851968,2,Casey,1.0
runs\ppo_items200_h1000\PPO_1,PPO_1,875000,2,Casey,5.0
runs\ppo_items200_h800\PPO_1,PPO_1,875000,2,Casey,8.0
runs\ppo_items500_h1000\PPO_1,PPO_1,875000,2,Casey,0.0
runs\ppo_items200_h1000\PPO_1,PPO_1,884736,2,Casey,6.0
runs\ppo_items200_h800\PPO_1,PPO_1,884736,2,Casey,2.0
runs\ppo_items500_h1000\PPO_1,PPO_1,884736,2,Casey,3.0
runs\ppo_items200_h1000\PPO_1,PPO_1,900000,2,Casey,3.0
runs\ppo_items200_h800\PPO_1,PPO_1,900000,2,Casey,10.0
runs\ppo_items500_h1000\PPO_1,PPO_1,900000,2,Casey,2.0
runs\ppo_items200_h1000\PPO_1,PPO_1,917504,2,Casey,10.0
runs\ppo_items200_h800\PPO_1,PPO_1,917504,2,Casey,7.0
runs\ppo_items500_h1000\PPO_1,PPO_1,917504,2,Casey,5.0
runs\ppo_items200_h1000\PPO_1,PPO_1,925000,2,Casey,11.0
runs\ppo_items200_h800\PPO_1,PPO_1,925000,2,Casey,6.0
runs\ppo_items500_h1000\PPO_1,PPO_1,925000,2,Casey,7.0
runs\ppo_items200_h1000\PPO_1,PPO_1,950000,2,Casey,8.0
runs\ppo_items200_h800\PPO_1,PPO_1,950000,2,Casey,7.0
runs\ppo_items500_h1000\PPO_1,PPO_1,950000,2,Casey,6.0
runs\ppo_items200_h1000\PPO_1,PPO_1,950272,2,Casey,13.0
runs\ppo_items200_h800\PPO_1,PPO_1,950272,2,Casey,9.0
runs\ppo_items500_h1000\PPO_1,PPO_1,950272,2,Casey,4.0
runs\ppo_items200_h1000\PPO_1,PPO_1,975000,2,Casey,11.0
runs\ppo_items200_h800\PPO_1,PPO_1,975000,2,Casey,2.0
runs\ppo_items500_h1000\PPO_1,PPO_1,975000,2,Casey,3.0
runs\ppo_items200_h1000\PPO_1,PPO_1,983040,2,Casey,18.0
runs\ppo_items200_h800\PPO_1,PPO_1,983040,2,Casey,9.0
runs\ppo_items500_h1000\PPO_1,PPO_1,983040,2,Casey,4.0
runs\ppo_items200_h1000\PPO_1,PPO_1,1000000,2,Casey,18.0
runs\ppo_items200_h800\PPO_1,PPO_1,1000000,2,Casey,4.0
runs\ppo_items500_h1000\PPO_1,PPO_1,1000000,2,Casey,5.0
runs\ppo_items200_h1000\PPO_1,PPO_1,1015808,2,Casey,16.0
runs\ppo_items200_h800\PPO_1,PPO_1,1015808,2,Casey,16.0
runs\ppo_items500_h1000\PPO_1,PPO_1,1015808,2,Casey,4.0
runs\ppo_items200_h1000\PPO_1,PPO_1,1025000,2,Casey,2.0
runs\ppo_items200_h800\PPO_1,PPO_1,1025000,2,Casey,0.0
runs\ppo_items500_h1000\PPO_1,PPO_1,1025000,2,Casey,0.0
runs\ppo_items200_h1000\PPO_1,PPO_1,1048576,2,Casey,0.0
runs\ppo_items200_h800\PPO_1,PPO_1,1048576,2,Casey,12.0
runs\ppo_items500_h1000\PPO_1,PPO_1,1048576,2,Casey,1.0
runs\ppo_items200_h1000\PPO_1,PPO_1,1050000,2,Casey,1.0
runs\ppo_items200_h800\PPO_1,PPO_1,1050000,2,Casey,0.0
runs\ppo_items500_h1000\PPO_1,PPO_1,1050000,2,Casey,1.0
runs\ppo_items200_h1000\PPO_1,PPO_1,1075000,2,Casey,6.0
runs\ppo_items200_h800\PPO_1,PPO_1,1075000,2,Casey,15.0
runs\ppo_items500_h1000\PPO_1,PPO_1,1075000,2,Casey,3.0
runs\ppo_items200_h1000\PPO_1,PPO_1,1081344,2,Casey,3.0
runs\ppo_items200_h800\PPO_1,PPO_1,1081344,2,Casey,14.0
runs\ppo_items500_h1000\PPO_1,PPO_1,1081344,2,Casey,1.0
runs\ppo_items200_h1000\PPO_1,PPO_1,1100000,2,Casey,10.0
runs\ppo_items200_h800\PPO_1,PPO_1,1100000,2,Casey,10.0
runs\ppo_items500_h1000\PPO_1,PPO_1,1100000,2,Casey,2.0
runs\ppo_items200_h1000\PPO_1,PPO_1,1114112,2,Casey,3.0
runs\ppo_items200_h800\PPO_1,PPO_1,1114112,2,Casey,1.0
runs\ppo_items500_h1000\PPO_1,PPO_1,1114112,2,Casey,2.0
runs\ppo_items200_h1000\PPO_1,PPO_1,1125000,2,Casey,10.0
runs\ppo_items200_h800\PPO_1,PPO_1,1125000,2,Casey,15.0
runs\ppo_items500_h1000\PPO_1,PPO_1,1125000,2,Casey,8.0
runs\ppo_items200_h1000\PPO_1,PPO_1,1146880,2,Casey,8.0
runs\ppo_items200_h800\PPO_1,PPO_1,1146880,2,Casey,5.0
runs\ppo_items500_h1000\PPO_1,PPO_1,1146880,2,Casey,1.0
runs\ppo_items200_h1000\PPO_1,PPO_1,1150000,2,Casey,14.0
runs\ppo_items200_h800\PPO_1,PPO_1,1150000,2,Casey,11.0
runs\ppo_items500_h1000\PPO_1,PPO_1,1150000,2,Casey,7.0
runs\ppo_items200_h1000\PPO_1,PPO_1,1175000,2,Casey,15.0
runs\ppo_items200_h800\PPO_1,PPO_1,1175000,2,Casey,9.0
runs\ppo_items500_h1000\PPO_1,PPO_1,1175000,2,Casey,8.0
runs\ppo_items200_h1000\PPO_1,PPO_1,1179648,2,Casey,9.0
runs\ppo_items200_h800\PPO_1,PPO_1,1179648,2,Casey,8.0
runs\ppo_items500_h1000\PPO_1,PPO_1,1179648,2,Casey,7.0
runs\ppo_items200_h1000\PPO_1,PPO_1,1200000,2,Casey,14.0
runs\ppo_items200_h800\PPO_1,PPO_1,1200000,2,Casey,9.0
runs\ppo_items500_h1000\PPO_1,PPO_1,1200000,2,Casey,7.0
runs\ppo_items200_h1000\PPO_1,PPO_1,1212416,2,Casey,10.0
runs\ppo_items200_h800\PPO_1,PPO_1,1212416,2,Casey,7.0
runs\ppo_items500_h1000\PPO_1,PPO_1,1212416,2,Casey,7.0
runs\ppo_items200_h1000\PPO_1,PPO_1,1225000,2,Casey,3.0
runs\ppo_items500_h1000\PPO_1,PPO_1,1225000,2,Casey,0.0
runs\ppo_items200_h1000\PPO_1,PPO_1,1245184,2,Casey,16.0
runs\ppo_items500_h1000\PPO_1,PPO_1,1245184,2,Casey,6.0
runs\ppo_items200_h1000\PPO_1,PPO_1,1250000,2,Casey,7.0
runs\ppo_items500_h1000\PPO_1,PPO_1,1250000,2,Casey,4.0
runs\ppo_items200_h1000\PPO_1,PPO_1,1275000,2,Casey,9.0
runs\ppo_items500_h1000\PPO_1,PPO_1,1275000,2,Casey,5.0
runs\ppo_items200_h1000\PPO_1,PPO_1,1277952,2,Casey,15.0
runs\ppo_items500_h1000\PPO_1,PPO_1,1277952,2,Casey,12.0
runs\ppo_items200_h1000\PPO_1,PPO_1,1300000,2,Casey,9.0
runs\ppo_items500_h1000\PPO_1,PPO_1,1300000,2,Casey,12.0
runs\ppo_items200_h1000\PPO_1,PPO_1,1310720,2,Casey,14.0
runs\ppo_items500_h1000\PPO_1,PPO_1,1310720,2,Casey,14.0
runs\ppo_items200_h1000\PPO_1,PPO_1,1325000,2,Casey,16.0
runs\ppo_items500_h1000\PPO_1,PPO_1,1325000,2,Casey,8.0
runs\ppo_items200_h1000\PPO_1,PPO_1,1343488,2,Casey,19.0
runs\ppo_items500_h1000\PPO_1,PPO_1,1343488,2,Casey,11.0
runs\ppo_items200_h1000\PPO_1,PPO_1,1350000,2,Casey,15.0
runs\ppo_items500_h1000\PPO_1,PPO_1,1350000,2,Casey,16.0
runs\ppo_items200_h1000\PPO_1,PPO_1,1375000,2,Casey,16.0
runs\ppo_items500_h1000\PPO_1,PPO_1,1375000,2,Casey,12.0
runs\ppo_items200_h1000\PPO_1,PPO_1,1376256,2,Casey,0.0
runs\ppo_items500_h1000\PPO_1,PPO_1,1376256,2,Casey,0.0
runs\ppo_items200_h1000\PPO_1,PPO_1,1400000,2,Casey,13.0
runs\ppo_items500_h1000\PPO_1,PPO_1,1400000,2,Casey,20.0
runs\ppo_items200_h1000\PPO_1,PPO_1,1409024,2,Casey,1.0
runs\ppo_items500_h1000\PPO_1,PPO_1,1409024,2,Casey,2.0
runs\ppo_items200_h1000\PPO_1,PPO_1,1425000,2,Casey,4.0
runs\ppo_items500_h1000\PPO_1,PPO_1,1425000,2,Casey,2.0
runs\ppo_items200_h1000\PPO_1,PPO_1,1441792,2,Casey,3.0
runs\ppo_items500_h1000\PPO_1,PPO_1,1441792,2,Casey,6.0
runs\ppo_items200_h1000\PPO_1,PPO_1,1450000,2,Casey,8.0
runs\ppo_items500_h1000\PPO_1,PPO_1,1450000,2,Casey,6.0
runs\ppo_items200_h1000\PPO_1,PPO_1,1474560,2,Casey,8.0
runs\ppo_items500_h1000\PPO_1,PPO_1,1474560,2,Casey,7.0
runs\ppo_items200_h1000\PPO_1,PPO_1,1475000,2,Casey,9.0
runs\ppo_items500_h1000\PPO_1,PPO_1,1475000,2,Casey,7.0
runs\ppo_items200_h1000\PPO_1,PPO_1,1500000,2,Casey,13.0
runs\ppo_items500_h1000\PPO_1,PPO_1,1500000,2,Casey,10.0
runs\ppo_items200_h1000\PPO_1,PPO_1,1507328,2,Casey,13.0
runs\ppo_items500_h1000\PPO_1,PPO_1,1507328,2,Casey,9.0
runs\ppo_items200_h1000\PPO_1,PPO_1,1525000,2,Casey,13.0
runs\ppo_items500_h1000\PPO_1,PPO_1,1525000,2,Casey,11.0
runs\ppo_items200_h1000\PPO_1,PPO_1,1540096,2,Casey,11.0
runs\ppo_items500_h1000\PPO_1,PPO_1,1540096,2,Casey,10.0
runs\ppo_items200_h1000\PPO_1,PPO_1,1550000,2,Casey,16.0
runs\ppo_items500_h1000\PPO_1,PPO_1,1550000,2,Casey,12.0
runs\ppo_items200_h1000\PPO_1,PPO_1,1572864,2,Casey,14.0
runs\ppo_items500_h1000\PPO_1,PPO_1,1572864,2,Casey,13.0
runs\ppo_items200_h1000\PPO_1,PPO_1,1575000,2,Casey,19.0
runs\ppo_items500_h1000\PPO_1,PPO_1,1575000,2,Casey,14.0
runs\ppo_items200_h1000\PPO_1,PPO_1,1600000,2,Casey,19.0
runs\ppo_items500_h1000\PPO_1,PPO_1,1600000,2,Casey,15.0
runs\ppo_items200_h1000\PPO_1,PPO_1,1605632,2,Casey,15.0
runs\ppo_items500_h1000\PPO_1,PPO_1,1605632,2,Casey,17.0
runs\ppo_items500_h1000\PPO_1,PPO_1,1625000,2,Casey,3.0
runs\ppo_items500_h1000\PPO_1,PPO_1,1638400,2,Casey,15.0
runs\ppo_items500_h1000\PPO_1,PPO_1,1650000,2,Casey,7.0
runs\ppo_items500_h1000\PPO_1,PPO_1,1671168,2,Casey,17.0
runs\ppo_items500_h1000\PPO_1,PPO_1,1675000,2,Casey,10.0
runs\ppo_items500_h1000\PPO_1,PPO_1,1700000,2,Casey,12.0
runs\ppo_items500_h1000\PPO_1,PPO_1,1703936,2,Casey,20.0
runs\ppo_items500_h1000\PPO_1,PPO_1,1725000,2,Casey,11.0
runs\ppo_items500_h1000\PPO_1,PPO_1,1736704,2,Casey,2.0
runs\ppo_items500_h1000\PPO_1,PPO_1,1750000,2,Casey,13.0
runs\ppo_items500_h1000\PPO_1,PPO_1,1769472,2,Casey,6.0
runs\ppo_items500_h1000\PPO_1,PPO_1,1775000,2,Casey,18.0
runs\ppo_items500_h1000\PPO_1,PPO_1,1800000,2,Casey,16.0
runs\ppo_items500_h1000\PPO_1,PPO_1,1802240,2,Casey,9.0
runs\ppo_items500_h1000\PPO_1,PPO_1,1825000,2,Casey,4.0
runs\ppo_items500_h1000\PPO_1,PPO_1,1835008,2,Casey,10.0
runs\ppo_items500_h1000\PPO_1,PPO_1,1850000,2,Casey,7.0
runs\ppo_items500_h1000\PPO_1,PPO_1,1867776,2,Casey,13.0
runs\ppo_items500_h1000\PPO_1,PPO_1,1875000,2,Casey,10.0
runs\ppo_items500_h1000\PPO_1,PPO_1,1900000,2,Casey,13.0
runs\ppo_items500_h1000\PPO_1,PPO_1,1900544,2,Casey,17.0
runs\ppo_items500_h1000\PPO_1,PPO_1,1925000,2,Casey,16.0
runs\ppo_items500_h1000\PPO_1,PPO_1,1933312,2,Casey,16.0
runs\ppo_items500_h1000\PPO_1,PPO_1,1950000,2,Casey,17.0
runs\ppo_items500_h1000\PPO_1,PPO_1,1966080,2,Casey,19.0
runs\ppo_items500_h1000\PPO_1,PPO_1,1975000,2,Casey,18.0
runs\ppo_items500_h1000\PPO_1,PPO_1,1998848,2,Casey,17.0
runs\ppo_items500_h1000\PPO_1,PPO_1,2000000,2,Casey,17.0
runs\ppo_items500_h1000\PPO_1,PPO_1,2025000,2,Casey,4.0
runs\ppo_items500_h1000\PPO_1,PPO_1,2031616,2,Casey,18.0
runs\ab_balanced_items200_h1000\PPO_1,PPO_1,25000,3,Devi,0.0
runs\ab_penalty1_items200_h1200\PPO_1,PPO_1,25000,3,Devi,0.0
runs\ppo_items200_h1000\PPO_1,PPO_1,25000,3,Devi,0.0
runs\ppo_items200_h800\PPO_1,PPO_1,25000,3,Devi,0.0
runs\ppo_items500_h1000\PPO_1,PPO_1,25000,3,Devi,0.0
runs\ppo_tutor_multi_items100\PPO_1,PPO_1,25000,3,Devi,0.0
runs\ppo_tutor_multi_stage2\PPO_1,PPO_1,25000,3,Devi,0.0
runs\ppo_tutor_multi_stage3_bonus2\PPO_1,PPO_1,25000,3,Devi,0.0
runs\ppo_tutor_multi_stage3_transition_bonus\PPO_1,PPO_1,25000,3,Devi,0.0
runs\ppo_tutor_multi_stage4\PPO_1,PPO_1,25000,3,Devi,0.0
runs\ppo_tutor_multi_v6\PPO_1,PPO_1,25000,3,Devi,0.0
runs\ab_balanced_items200_h1000\PPO_1,PPO_1,32768,3,Devi,0.0
runs\ab_penalty1_items200_h1200\PPO_1,PPO_1,32768,3,Devi,1.0
runs\ppo_items200_h1000\PPO_1,PPO_1,32768,3,Devi,0.0
runs\ppo_items200_h800\PPO_1,PPO_1,32768,3,Devi,0.0
runs\ppo_items500_h1000\PPO_1,PPO_1,32768,3,Devi,0.0
runs\ppo_tutor_multi_items100\PPO_1,PPO_1,32768,3,Devi,0.0
runs\ppo_tutor_multi_stage2\PPO_1,PPO_1,32768,3,Devi,0.0
runs\ppo_tutor_multi_stage3_bonus2\PPO_1,PPO_1,32768,3,Devi,0.0
runs\ppo_tutor_multi_stage3_transition_bonus\PPO_1,PPO_1,32768,3,Devi,0.0
runs\ppo_tutor_multi_stage4\PPO_1,PPO_1,32768,3,Devi,0.0
runs\ppo_tutor_multi_v6\PPO_1,PPO_1,32768,3,Devi,2.0
runs\ab_penalty1_items200_h1200\PPO_1,PPO_1,50000,3,Devi,0.0
runs\ppo_items200_h1000\PPO_1,PPO_1,50000,3,Devi,0.0
runs\ppo_items200_h800\PPO_1,PPO_1,50000,3,Devi,1.0
runs\ppo_items500_h1000\PPO_1,PPO_1,50000,3,Devi,0.0
runs\ppo_tutor_multi_items100\PPO_1,PPO_1,50000,3,Devi,0.0
runs\ppo_tutor_multi_stage2\PPO_1,PPO_1,50000,3,Devi,0.0
runs\ppo_tutor_multi_stage3_bonus2\PPO_1,PPO_1,50000,3,Devi,0.0
runs\ppo_tutor_multi_stage3_transition_bonus\PPO_1,PPO_1,50000,3,Devi,0.0
runs\ppo_tutor_multi_stage4\PPO_1,PPO_1,50000,3,Devi,0.0
runs\ppo_tutor_multi_v6\PPO_1,PPO_1,50000,3,Devi,3.0
runs\ab_penalty1_items200_h1200\PPO_1,PPO_1,65536,3,Devi,3.0
runs\ppo_items200_h1000\PPO_1,PPO_1,65536,3,Devi,0.0
runs\ppo_items200_h800\PPO_1,PPO_1,65536,3,Devi,0.0
runs\ppo_items500_h1000\PPO_1,PPO_1,65536,3,Devi,0.0
runs\ppo_tutor_multi_items100\PPO_1,PPO_1,65536,3,Devi,0.0
runs\ppo_tutor_multi_stage2\PPO_1,PPO_1,65536,3,Devi,0.0
runs\ppo_tutor_multi_stage3_bonus2\PPO_1,PPO_1,65536,3,Devi,0.0
runs\ppo_tutor_multi_stage3_transition_bonus\PPO_1,PPO_1,65536,3,Devi,0.0
runs\ppo_tutor_multi_stage4\PPO_1,PPO_1,65536,3,Devi,0.0
runs\ppo_tutor_multi_v6\PPO_1,PPO_1,65536,3,Devi,0.0
runs\ab_penalty1_items200_h1200\PPO_1,PPO_1,75000,3,Devi,9.0
runs\ppo_items200_h1000\PPO_1,PPO_1,75000,3,Devi,0.0
runs\ppo_items200_h800\PPO_1,PPO_1,75000,3,Devi,2.0
runs\ppo_items500_h1000\PPO_1,PPO_1,75000,3,Devi,1.0
runs\ppo_tutor_multi_items100\PPO_1,PPO_1,75000,3,Devi,1.0
runs\ppo_tutor_multi_stage2\PPO_1,PPO_1,75000,3,Devi,0.0
runs\ppo_tutor_multi_stage3_bonus2\PPO_1,PPO_1,75000,3,Devi,0.0
runs\ppo_tutor_multi_stage3_transition_bonus\PPO_1,PPO_1,75000,3,Devi,0.0
runs\ppo_tutor_multi_stage4\PPO_1,PPO_1,75000,3,Devi,1.0
runs\ppo_tutor_multi_v6\PPO_1,PPO_1,75000,3,Devi,0.0
runs\ppo_items200_h1000\PPO_1,PPO_1,98304,3,Devi,1.0
runs\ppo_items200_h800\PPO_1,PPO_1,98304,3,Devi,1.0
runs\ppo_items500_h1000\PPO_1,PPO_1,98304,3,Devi,0.0
runs\ppo_tutor_multi_items100\PPO_1,PPO_1,98304,3,Devi,1.0
runs\ppo_tutor_multi_stage2\PPO_1,PPO_1,98304,3,Devi,1.0
runs\ppo_tutor_multi_stage3_bonus2\PPO_1,PPO_1,98304,3,Devi,1.0
runs\ppo_tutor_multi_stage3_transition_bonus\PPO_1,PPO_1,98304,3,Devi,1.0
runs\ppo_tutor_multi_stage4\PPO_1,PPO_1,98304,3,Devi,0.0
runs\ppo_tutor_multi_v6\PPO_1,PPO_1,98304,3,Devi,1.0
runs\ppo_items200_h1000\PPO_1,PPO_1,100000,3,Devi,1.0
runs\ppo_items200_h800\PPO_1,PPO_1,100000,3,Devi,2.0
runs\ppo_items500_h1000\PPO_1,PPO_1,100000,3,Devi,0.0
runs\ppo_tutor_multi_items100\PPO_1,PPO_1,100000,3,Devi,2.0
runs\ppo_tutor_multi_stage2\PPO_1,PPO_1,100000,3,Devi,0.0
runs\ppo_tutor_multi_stage3_bonus2\PPO_1,PPO_1,100000,3,Devi,1.0
runs\ppo_tutor_multi_stage3_transition_bonus\PPO_1,PPO_1,100000,3,Devi,1.0
runs\ppo_tutor_multi_stage4\PPO_1,PPO_1,100000,3,Devi,0.0
runs\ppo_tutor_multi_v6\PPO_1,PPO_1,100000,3,Devi,0.0
runs\ppo_items200_h1000\PPO_1,PPO_1,125000,3,Devi,2.0
runs\ppo_items200_h800\PPO_1,PPO_1,125000,3,Devi,3.0
runs\ppo_items500_h1000\PPO_1,PPO_1,125000,3,Devi,1.0
runs\ppo_tutor_multi_items100\PPO_1,PPO_1,125000,3,Devi,0.0
runs\ppo_tutor_multi_stage2\PPO_1,PPO_1,125000,3,Devi,0.0
runs\ppo_tutor_multi_stage3_bonus2\PPO_1,PPO_1,125000,3,Devi,0.0
runs\ppo_tutor_multi_stage3_transition_bonus\PPO_1,PPO_1,125000,3,Devi,0.0
runs\ppo_tutor_multi_stage4\PPO_1,PPO_1,125000,3,Devi,0.0
runs\ppo_tutor_multi_v6\PPO_1,PPO_1,125000,3,Devi,0.0
runs\ppo_items200_h1000\PPO_1,PPO_1,131072,3,Devi,0.0
runs\ppo_items200_h800\PPO_1,PPO_1,131072,3,Devi,0.0
runs\ppo_items500_h1000\PPO_1,PPO_1,131072,3,Devi,0.0
runs\ppo_tutor_multi_items100\PPO_1,PPO_1,131072,3,Devi,0.0
runs\ppo_tutor_multi_stage2\PPO_1,PPO_1,131072,3,Devi,0.0
runs\ppo_tutor_multi_stage3_bonus2\PPO_1,PPO_1,131072,3,Devi,1.0
runs\ppo_tutor_multi_stage3_transition_bonus\PPO_1,PPO_1,131072,3,Devi,1.0
runs\ppo_tutor_multi_stage4\PPO_1,PPO_1,131072,3,Devi,0.0
runs\ppo_tutor_multi_v6\PPO_1,PPO_1,131072,3,Devi,1.0
runs\ppo_items200_h1000\PPO_1,PPO_1,150000,3,Devi,0.0
runs\ppo_items200_h800\PPO_1,PPO_1,150000,3,Devi,0.0
runs\ppo_items500_h1000\PPO_1,PPO_1,150000,3,Devi,0.0
runs\ppo_tutor_multi_items100\PPO_1,PPO_1,150000,3,Devi,0.0
runs\ppo_tutor_multi_stage2\PPO_1,PPO_1,150000,3,Devi,1.0
runs\ppo_tutor_multi_stage3_bonus2\PPO_1,PPO_1,150000,3,Devi,1.0
runs\ppo_tutor_multi_stage3_transition_bonus\PPO_1,PPO_1,150000,3,Devi,0.0
runs\ppo_tutor_multi_stage4\PPO_1,PPO_1,150000,3,Devi,0.0
runs\ppo_tutor_multi_v6\PPO_1,PPO_1,150000,3,Devi,0.0
runs\ppo_items200_h1000\PPO_1,PPO_1,163840,3,Devi,1.0
runs\ppo_items200_h800\PPO_1,PPO_1,163840,3,Devi,0.0
runs\ppo_items500_h1000\PPO_1,PPO_1,163840,3,Devi,0.0
runs\ppo_tutor_multi_items100\PPO_1,PPO_1,163840,3,Devi,4.0
runs\ppo_tutor_multi_stage2\PPO_1,PPO_1,163840,3,Devi,0.0
runs\ppo_tutor_multi_stage3_bonus2\PPO_1,PPO_1,163840,3,Devi,1.0
runs\ppo_tutor_multi_stage3_transition_bonus\PPO_1,PPO_1,163840,3,Devi,1.0
runs\ppo_tutor_multi_stage4\PPO_1,PPO_1,163840,3,Devi,0.0
runs\ppo_tutor_multi_v6\PPO_1,PPO_1,163840,3,Devi,1.0
runs\ppo_items200_h1000\PPO_1,PPO_1,175000,3,Devi,4.0
runs\ppo_items200_h800\PPO_1,PPO_1,175000,3,Devi,0.0
runs\ppo_items500_h1000\PPO_1,PPO_1,175000,3,Devi,0.0
runs\ppo_tutor_multi_items100\PPO_1,PPO_1,175000,3,Devi,3.0
runs\ppo_tutor_multi_stage2\PPO_1,PPO_1,175000,3,Devi,1.0
runs\ppo_tutor_multi_stage3_bonus2\PPO_1,PPO_1,175000,3,Devi,0.0
runs\ppo_tutor_multi_stage3_transition_bonus\PPO_1,PPO_1,175000,3,Devi,0.0
runs\ppo_tutor_multi_stage4\PPO_1,PPO_1,175000,3,Devi,0.0
runs\ppo_tutor_multi_v6\PPO_1,PPO_1,175000,3,Devi,5.0
runs\ppo_items200_h1000\PPO_1,PPO_1,196608,3,Devi,1.0
runs\ppo_items200_h800\PPO_1,PPO_1,196608,3,Devi,1.0
runs\ppo_items500_h1000\PPO_1,PPO_1,196608,3,Devi,1.0
runs\ppo_tutor_multi_items100\PPO_1,PPO_1,196608,3,Devi,0.0
runs\ppo_tutor_multi_stage2\PPO_1,PPO_1,196608,3,Devi,0.0
runs\ppo_tutor_multi_stage3_bonus2\PPO_1,PPO_1,196608,3,Devi,0.0
runs\ppo_tutor_multi_stage3_transition_bonus\PPO_1,PPO_1,196608,3,Devi,0.0
runs\ppo_tutor_multi_stage4\PPO_1,PPO_1,196608,3,Devi,0.0
runs\ppo_tutor_multi_v6\PPO_1,PPO_1,196608,3,Devi,2.0
runs\ppo_items200_h1000\PPO_1,PPO_1,200000,3,Devi,8.0
runs\ppo_items200_h800\PPO_1,PPO_1,200000,3,Devi,0.0
runs\ppo_items500_h1000\PPO_1,PPO_1,200000,3,Devi,2.0
runs\ppo_tutor_multi_items100\PPO_1,PPO_1,200000,3,Devi,2.0
runs\ppo_tutor_multi_stage2\PPO_1,PPO_1,200000,3,Devi,1.0
runs\ppo_tutor_multi_stage3_bonus2\PPO_1,PPO_1,200000,3,Devi,1.0
runs\ppo_tutor_multi_stage3_transition_bonus\PPO_1,PPO_1,200000,3,Devi,0.0
runs\ppo_tutor_multi_stage4\PPO_1,PPO_1,200000,3,Devi,0.0
runs\ppo_tutor_multi_v6\PPO_1,PPO_1,200000,3,Devi,0.0
runs\ppo_items200_h1000\PPO_1,PPO_1,225000,3,Devi,0.0
runs\ppo_items200_h800\PPO_1,PPO_1,225000,3,Devi,0.0
runs\ppo_items500_h1000\PPO_1,PPO_1,225000,3,Devi,0.0
runs\ppo_tutor_multi_items100\PPO_1,PPO_1,225000,3,Devi,0.0
runs\ppo_tutor_multi_stage2\PPO_1,PPO_1,225000,3,Devi,0.0
runs\ppo_tutor_multi_stage3_bonus2\PPO_1,PPO_1,225000,3,Devi,0.0
runs\ppo_tutor_multi_stage3_transition_bonus\PPO_1,PPO_1,225000,3,Devi,0.0
runs\ppo_tutor_multi_stage4\PPO_1,PPO_1,225000,3,Devi,0.0
runs\ppo_tutor_multi_v6\PPO_1,PPO_1,225000,3,Devi,0.0
runs\ppo_items200_h1000\PPO_1,PPO_1,229376,3,Devi,1.0
runs\ppo_items200_h800\PPO_1,PPO_1,229376,3,Devi,2.0
runs\ppo_items500_h1000\PPO_1,PPO_1,229376,3,Devi,0.0
runs\ppo_tutor_multi_items100\PPO_1,PPO_1,229376,3,Devi,0.0
runs\ppo_tutor_multi_stage2\PPO_1,PPO_1,229376,3,Devi,1.0
runs\ppo_tutor_multi_stage3_bonus2\PPO_1,PPO_1,229376,3,Devi,0.0
runs\ppo_tutor_multi_stage3_transition_bonus\PPO_1,PPO_1,229376,3,Devi,0.0
runs\ppo_tutor_multi_stage4\PPO_1,PPO_1,229376,3,Devi,0.0
runs\ppo_tutor_multi_v6\PPO_1,PPO_1,229376,3,Devi,0.0
runs\ppo_items200_h1000\PPO_1,PPO_1,250000,3,Devi,0.0
runs\ppo_items200_h800\PPO_1,PPO_1,250000,3,Devi,0.0
runs\ppo_items500_h1000\PPO_1,PPO_1,250000,3,Devi,0.0
runs\ppo_tutor_multi_items100\PPO_1,PPO_1,250000,3,Devi,0.0
runs\ppo_tutor_multi_stage2\PPO_1,PPO_1,250000,3,Devi,0.0
runs\ppo_tutor_multi_stage3_bonus2\PPO_1,PPO_1,250000,3,Devi,0.0
runs\ppo_tutor_multi_stage3_transition_bonus\PPO_1,PPO_1,250000,3,Devi,0.0
runs\ppo_tutor_multi_stage4\PPO_1,PPO_1,250000,3,Devi,0.0
runs\ppo_tutor_multi_v6\PPO_1,PPO_1,250000,3,Devi,0.0
runs\ppo_items200_h1000\PPO_1,PPO_1,262144,3,Devi,4.0
runs\ppo_items200_h800\PPO_1,PPO_1,262144,3,Devi,3.0
runs\ppo_items500_h1000\PPO_1,PPO_1,262144,3,Devi,0.0
runs\ppo_tutor_multi_items100\PPO_1,PPO_1,262144,3,Devi,0.0
runs\ppo_tutor_multi_stage2\PPO_1,PPO_1,262144,3,Devi,1.0
runs\ppo_tutor_multi_stage3_bonus2\PPO_1,PPO_1,262144,3,Devi,0.0
runs\ppo_tutor_multi_stage3_transition_bonus\PPO_1,PPO_1,262144,3,Devi,0.0
runs\ppo_tutor_multi_stage4\PPO_1,PPO_1,262144,3,Devi,0.0
runs\ppo_tutor_multi_v6\PPO_1,PPO_1,262144,3,Devi,0.0
runs\ppo_items200_h1000\PPO_1,PPO_1,275000,3,Devi,1.0
runs\ppo_items200_h800\PPO_1,PPO_1,275000,3,Devi,0.0
runs\ppo_items500_h1000\PPO_1,PPO_1,275000,3,Devi,0.0
runs\ppo_tutor_multi_items100\PPO_1,PPO_1,275000,3,Devi,1.0
runs\ppo_tutor_multi_stage2\PPO_1,PPO_1,275000,3,Devi,3.0
runs\ppo_tutor_multi_stage3_bonus2\PPO_1,PPO_1,275000,3,Devi,0.0
runs\ppo_tutor_multi_stage3_transition_bonus\PPO_1,PPO_1,275000,3,Devi,0.0
runs\ppo_tutor_multi_stage4\PPO_1,PPO_1,275000,3,Devi,0.0
runs\ppo_tutor_multi_v6\PPO_1,PPO_1,275000,3,Devi,0.0
runs\ppo_items200_h1000\PPO_1,PPO_1,294912,3,Devi,6.0
runs\ppo_items200_h800\PPO_1,PPO_1,294912,3,Devi,0.0
runs\ppo_items500_h1000\PPO_1,PPO_1,294912,3,Devi,0.0
runs\ppo_tutor_multi_items100\PPO_1,PPO_1,294912,3,Devi,0.0
runs\ppo_tutor_multi_stage2\PPO_1,PPO_1,294912,3,Devi,0.0
runs\ppo_tutor_multi_stage3_bonus2\PPO_1,PPO_1,294912,3,Devi,0.0
runs\ppo_tutor_multi_stage3_transition_bonus\PPO_1,PPO_1,294912,3,Devi,0.0
runs\ppo_tutor_multi_stage4\PPO_1,PPO_1,294912,3,Devi,0.0
runs\ppo_tutor_multi_v6\PPO_1,PPO_1,294912,3,Devi,0.0
runs\ppo_items200_h1000\PPO_1,PPO_1,300000,3,Devi,0.0
runs\ppo_items200_h800\PPO_1,PPO_1,300000,3,Devi,3.0
runs\ppo_items500_h1000\PPO_1,PPO_1,300000,3,Devi,0.0
runs\ppo_tutor_multi_items100\PPO_1,PPO_1,300000,3,Devi,6.0
runs\ppo_tutor_multi_stage2\PPO_1,PPO_1,300000,3,Devi,3.0
runs\ppo_tutor_multi_stage3_bonus2\PPO_1,PPO_1,300000,3,Devi,0.0
runs\ppo_tutor_multi_stage3_transition_bonus\PPO_1,PPO_1,300000,3,Devi,1.0
runs\ppo_tutor_multi_stage4\PPO_1,PPO_1,300000,3,Devi,0.0
runs\ppo_tutor_multi_v6\PPO_1,PPO_1,300000,3,Devi,0.0
runs\ppo_items200_h1000\PPO_1,PPO_1,325000,3,Devi,3.0
runs\ppo_items200_h800\PPO_1,PPO_1,325000,3,Devi,1.0
runs\ppo_items500_h1000\PPO_1,PPO_1,325000,3,Devi,0.0
runs\ppo_tutor_multi_items100\PPO_1,PPO_1,325000,3,Devi,0.0
runs\ppo_tutor_multi_stage2\PPO_1,PPO_1,325000,3,Devi,0.0
runs\ppo_tutor_multi_stage3_bonus2\PPO_1,PPO_1,325000,3,Devi,0.0
runs\ppo_tutor_multi_stage3_transition_bonus\PPO_1,PPO_1,325000,3,Devi,0.0
runs\ppo_tutor_multi_stage4\PPO_1,PPO_1,325000,3,Devi,0.0
runs\ppo_tutor_multi_v6\PPO_1,PPO_1,325000,3,Devi,0.0
runs\ppo_items200_h1000\PPO_1,PPO_1,327680,3,Devi,5.0
runs\ppo_items200_h800\PPO_1,PPO_1,327680,3,Devi,0.0
runs\ppo_items500_h1000\PPO_1,PPO_1,327680,3,Devi,1.0
runs\ppo_tutor_multi_items100\PPO_1,PPO_1,327680,3,Devi,2.0
runs\ppo_tutor_multi_stage2\PPO_1,PPO_1,327680,3,Devi,0.0
runs\ppo_tutor_multi_stage3_bonus2\PPO_1,PPO_1,327680,3,Devi,1.0
runs\ppo_tutor_multi_stage3_transition_bonus\PPO_1,PPO_1,327680,3,Devi,2.0
runs\ppo_tutor_multi_stage4\PPO_1,PPO_1,327680,3,Devi,0.0
runs\ppo_tutor_multi_v6\PPO_1,PPO_1,327680,3,Devi,2.0
runs\ppo_items200_h1000\PPO_1,PPO_1,350000,3,Devi,4.0
runs\ppo_items200_h800\PPO_1,PPO_1,350000,3,Devi,1.0
runs\ppo_items500_h1000\PPO_1,PPO_1,350000,3,Devi,0.0
runs\ppo_tutor_multi_items100\PPO_1,PPO_1,350000,3,Devi,1.0
runs\ppo_tutor_multi_stage2\PPO_1,PPO_1,350000,3,Devi,0.0
runs\ppo_tutor_multi_stage3_bonus2\PPO_1,PPO_1,350000,3,Devi,0.0
runs\ppo_tutor_multi_stage3_transition_bonus\PPO_1,PPO_1,350000,3,Devi,0.0
runs\ppo_tutor_multi_stage4\PPO_1,PPO_1,350000,3,Devi,0.0
runs\ppo_items200_h1000\PPO_1,PPO_1,360448,3,Devi,0.0
runs\ppo_items200_h800\PPO_1,PPO_1,360448,3,Devi,0.0
runs\ppo_items500_h1000\PPO_1,PPO_1,360448,3,Devi,0.0
runs\ppo_tutor_multi_items100\PPO_1,PPO_1,360448,3,Devi,0.0
runs\ppo_tutor_multi_stage2\PPO_1,PPO_1,360448,3,Devi,0.0
runs\ppo_tutor_multi_stage3_bonus2\PPO_1,PPO_1,360448,3,Devi,0.0
runs\ppo_tutor_multi_stage3_transition_bonus\PPO_1,PPO_1,360448,3,Devi,0.0
runs\ppo_tutor_multi_stage4\PPO_1,PPO_1,360448,3,Devi,0.0
runs\ppo_items200_h1000\PPO_1,PPO_1,375000,3,Devi,2.0
runs\ppo_items200_h800\PPO_1,PPO_1,375000,3,Devi,1.0
runs\ppo_items500_h1000\PPO_1,PPO_1,375000,3,Devi,2.0
runs\ppo_tutor_multi_items100\PPO_1,PPO_1,375000,3,Devi,1.0
runs\ppo_tutor_multi_stage2\PPO_1,PPO_1,375000,3,Devi,0.0
runs\ppo_tutor_multi_stage3_bonus2\PPO_1,PPO_1,375000,3,Devi,0.0
runs\ppo_tutor_multi_stage3_transition_bonus\PPO_1,PPO_1,375000,3,Devi,0.0
runs\ppo_tutor_multi_stage4\PPO_1,PPO_1,375000,3,Devi,0.0
runs\ppo_items200_h1000\PPO_1,PPO_1,393216,3,Devi,0.0
runs\ppo_items200_h800\PPO_1,PPO_1,393216,3,Devi,1.0
runs\ppo_items500_h1000\PPO_1,PPO_1,393216,3,Devi,0.0
runs\ppo_tutor_multi_items100\PPO_1,PPO_1,393216,3,Devi,2.0
runs\ppo_tutor_multi_stage2\PPO_1,PPO_1,393216,3,Devi,1.0
runs\ppo_tutor_multi_stage3_bonus2\PPO_1,PPO_1,393216,3,Devi,0.0
runs\ppo_tutor_multi_stage3_transition_bonus\PPO_1,PPO_1,393216,3,Devi,0.0
runs\ppo_tutor_multi_stage4\PPO_1,PPO_1,393216,3,Devi,0.0
runs\ppo_items200_h1000\PPO_1,PPO_1,400000,3,Devi,3.0
runs\ppo_items200_h800\PPO_1,PPO_1,400000,3,Devi,0.0
runs\ppo_items500_h1000\PPO_1,PPO_1,400000,3,Devi,1.0
runs\ppo_tutor_multi_items100\PPO_1,PPO_1,400000,3,Devi,2.0
runs\ppo_tutor_multi_stage2\PPO_1,PPO_1,400000,3,Devi,1.0
runs\ppo_tutor_multi_stage3_bonus2\PPO_1,PPO_1,400000,3,Devi,1.0
runs\ppo_tutor_multi_stage3_transition_bonus\PPO_1,PPO_1,400000,3,Devi,2.0
runs\ppo_tutor_multi_stage4\PPO_1,PPO_1,400000,3,Devi,0.0
runs\ppo_items200_h1000\PPO_1,PPO_1,425000,3,Devi,0.0
runs\ppo_items200_h800\PPO_1,PPO_1,425000,3,Devi,0.0
runs\ppo_items500_h1000\PPO_1,PPO_1,425000,3,Devi,0.0
runs\ppo_tutor_multi_items100\PPO_1,PPO_1,425000,3,Devi,0.0
runs\ppo_tutor_multi_stage2\PPO_1,PPO_1,425000,3,Devi,2.0
runs\ppo_tutor_multi_stage3_bonus2\PPO_1,PPO_1,425000,3,Devi,0.0
runs\ppo_tutor_multi_stage3_transition_bonus\PPO_1,PPO_1,425000,3,Devi,0.0
runs\ppo_tutor_multi_stage4\PPO_1,PPO_1,425000,3,Devi,0.0
runs\ppo_items200_h1000\PPO_1,PPO_1,425984,3,Devi,1.0
runs\ppo_items200_h800\PPO_1,PPO_1,425984,3,Devi,2.0
runs\ppo_items500_h1000\PPO_1,PPO_1,425984,3,Devi,0.0
runs\ppo_tutor_multi_items100\PPO_1,PPO_1,425984,3,Devi,0.0
runs\ppo_tutor_multi_stage2\PPO_1,PPO_1,425984,3,Devi,0.0
runs\ppo_tutor_multi_stage3_bonus2\PPO_1,PPO_1,425984,3,Devi,0.0
runs\ppo_tutor_multi_stage3_transition_bonus\PPO_1,PPO_1,425984,3,Devi,0.0
runs\ppo_tutor_multi_stage4\PPO_1,PPO_1,425984,3,Devi,0.0
runs\ppo_items200_h1000\PPO_1,PPO_1,450000,3,Devi,0.0
runs\ppo_items200_h800\PPO_1,PPO_1,450000,3,Devi,0.0
runs\ppo_items500_h1000\PPO_1,PPO_1,450000,3,Devi,0.0
runs\ppo_tutor_multi_items100\PPO_1,PPO_1,450000,3,Devi,2.0
runs\ppo_tutor_multi_stage2\PPO_1,PPO_1,450000,3,Devi,0.0
runs\ppo_tutor_multi_stage3_bonus2\PPO_1,PPO_1,450000,3,Devi,0.0
runs\ppo_tutor_multi_stage3_transition_bonus\PPO_1,PPO_1,450000,3,Devi,0.0
runs\ppo_tutor_multi_stage4\PPO_1,PPO_1,450000,3,Devi,1.0
runs\ppo_items200_h1000\PPO_1,PPO_1,458752,3,Devi,1.0
runs\ppo_items200_h800\PPO_1,PPO_1,458752,3,Devi,1.0
runs\ppo_items500_h1000\PPO_1,PPO_1,458752,3,Devi,0.0
runs\ppo_tutor_multi_items100\PPO_1,PPO_1,458752,3,Devi,2.0
runs\ppo_tutor_multi_stage2\PPO_1,PPO_1,458752,3,Devi,0.0
runs\ppo_tutor_multi_stage3_bonus2\PPO_1,PPO_1,458752,3,Devi,0.0
runs\ppo_tutor_multi_stage3_transition_bonus\PPO_1,PPO_1,458752,3,Devi,0.0
runs\ppo_tutor_multi_stage4\PPO_1,PPO_1,458752,3,Devi,0.0
runs\ppo_items200_h1000\PPO_1,PPO_1,475000,3,Devi,1.0
runs\ppo_items200_h800\PPO_1,PPO_1,475000,3,Devi,0.0
runs\ppo_items500_h1000\PPO_1,PPO_1,475000,3,Devi,0.0
runs\ppo_tutor_multi_items100\PPO_1,PPO_1,475000,3,Devi,4.0
runs\ppo_tutor_multi_stage2\PPO_1,PPO_1,475000,3,Devi,0.0
runs\ppo_tutor_multi_stage3_bonus2\PPO_1,PPO_1,475000,3,Devi,1.0
runs\ppo_tutor_multi_stage3_transition_bonus\PPO_1,PPO_1,475000,3,Devi,0.0
runs\ppo_tutor_multi_stage4\PPO_1,PPO_1,475000,3,Devi,0.0
runs\ppo_items200_h1000\PPO_1,PPO_1,491520,3,Devi,1.0
runs\ppo_items200_h800\PPO_1,PPO_1,491520,3,Devi,1.0
runs\ppo_items500_h1000\PPO_1,PPO_1,491520,3,Devi,0.0
runs\ppo_tutor_multi_items100\PPO_1,PPO_1,491520,3,Devi,4.0
runs\ppo_tutor_multi_stage2\PPO_1,PPO_1,491520,3,Devi,0.0
runs\ppo_tutor_multi_stage3_bonus2\PPO_1,PPO_1,491520,3,Devi,2.0
runs\ppo_tutor_multi_stage3_transition_bonus\PPO_1,PPO_1,491520,3,Devi,2.0
runs\ppo_tutor_multi_stage4\PPO_1,PPO_1,491520,3,Devi,0.0
runs\ppo_items200_h1000\PPO_1,PPO_1,500000,3,Devi,2.0
runs\ppo_items200_h800\PPO_1,PPO_1,500000,3,Devi,0.0
runs\ppo_items500_h1000\PPO_1,PPO_1,500000,3,Devi,0.0
runs\ppo_tutor_multi_items100\PPO_1,PPO_1,500000,3,Devi,7.0
runs\ppo_tutor_multi_stage2\PPO_1,PPO_1,500000,3,Devi,0.0
runs\ppo_tutor_multi_stage3_bonus2\PPO_1,PPO_1,500000,3,Devi,2.0
runs\ppo_tutor_multi_stage3_transition_bonus\PPO_1,PPO_1,500000,3,Devi,3.0
runs\ppo_tutor_multi_stage4\PPO_1,PPO_1,500000,3,Devi,0.0
runs\ppo_items200_h1000\PPO_1,PPO_1,524288,3,Devi,0.0
runs\ppo_items200_h800\PPO_1,PPO_1,524288,3,Devi,4.0
runs\ppo_items500_h1000\PPO_1,PPO_1,524288,3,Devi,0.0
runs\ppo_tutor_multi_items100\PPO_1,PPO_1,524288,3,Devi,0.0
runs\ppo_tutor_multi_stage2\PPO_1,PPO_1,524288,3,Devi,1.0
runs\ppo_tutor_multi_stage3_bonus2\PPO_1,PPO_1,524288,3,Devi,0.0
runs\ppo_tutor_multi_stage3_transition_bonus\PPO_1,PPO_1,524288,3,Devi,0.0
runs\ppo_tutor_multi_stage4\PPO_1,PPO_1,524288,3,Devi,0.0
runs\ppo_items200_h1000\PPO_1,PPO_1,525000,3,Devi,3.0
runs\ppo_items200_h800\PPO_1,PPO_1,525000,3,Devi,0.0
runs\ppo_items500_h1000\PPO_1,PPO_1,525000,3,Devi,1.0
runs\ppo_tutor_multi_items100\PPO_1,PPO_1,525000,3,Devi,0.0
runs\ppo_tutor_multi_stage3_bonus2\PPO_1,PPO_1,525000,3,Devi,0.0
runs\ppo_tutor_multi_stage3_transition_bonus\PPO_1,PPO_1,525000,3,Devi,0.0
runs\ppo_tutor_multi_stage4\PPO_1,PPO_1,525000,3,Devi,0.0
runs\ppo_items200_h1000\PPO_1,PPO_1,550000,3,Devi,2.0
runs\ppo_items200_h800\PPO_1,PPO_1,550000,3,Devi,2.0
runs\ppo_items500_h1000\PPO_1,PPO_1,550000,3,Devi,2.0
runs\ppo_tutor_multi_items100\PPO_1,PPO_1,550000,3,Devi,1.0
runs\ppo_tutor_multi_stage3_bonus2\PPO_1,PPO_1,550000,3,Devi,0.0
runs\ppo_tutor_multi_stage4\PPO_1,PPO_1,550000,3,Devi,0.0
runs\ppo_items200_h1000\PPO_1,PPO_1,557056,3,Devi,1.0
runs\ppo_items200_h800\PPO_1,PPO_1,557056,3,Devi,0.0
runs\ppo_items500_h1000\PPO_1,PPO_1,557056,3,Devi,0.0
runs\ppo_tutor_multi_items100\PPO_1,PPO_1,557056,3,Devi,0.0
runs\ppo_tutor_multi_stage3_bonus2\PPO_1,PPO_1,557056,3,Devi,0.0
runs\ppo_tutor_multi_stage4\PPO_1,PPO_1,557056,3,Devi,0.0
runs\ppo_items200_h1000\PPO_1,PPO_1,575000,3,Devi,2.0
runs\ppo_items200_h800\PPO_1,PPO_1,575000,3,Devi,1.0
runs\ppo_items500_h1000\PPO_1,PPO_1,575000,3,Devi,1.0
runs\ppo_tutor_multi_items100\PPO_1,PPO_1,575000,3,Devi,4.0
runs\ppo_tutor_multi_stage3_bonus2\PPO_1,PPO_1,575000,3,Devi,0.0
runs\ppo_tutor_multi_stage4\PPO_1,PPO_1,575000,3,Devi,1.0
runs\ppo_items200_h1000\PPO_1,PPO_1,589824,3,Devi,2.0
runs\ppo_items200_h800\PPO_1,PPO_1,589824,3,Devi,0.0
runs\ppo_items500_h1000\PPO_1,PPO_1,589824,3,Devi,0.0
runs\ppo_tutor_multi_items100\PPO_1,PPO_1,589824,3,Devi,0.0
runs\ppo_tutor_multi_stage3_bonus2\PPO_1,PPO_1,589824,3,Devi,0.0
runs\ppo_tutor_multi_stage4\PPO_1,PPO_1,589824,3,Devi,0.0
runs\ppo_items200_h1000\PPO_1,PPO_1,600000,3,Devi,7.0
runs\ppo_items200_h800\PPO_1,PPO_1,600000,3,Devi,1.0
runs\ppo_items500_h1000\PPO_1,PPO_1,600000,3,Devi,0.0
runs\ppo_tutor_multi_items100\PPO_1,PPO_1,600000,3,Devi,5.0
runs\ppo_tutor_multi_stage3_bonus2\PPO_1,PPO_1,600000,3,Devi,2.0
runs\ppo_tutor_multi_stage4\PPO_1,PPO_1,600000,3,Devi,0.0
runs\ppo_items200_h1000\PPO_1,PPO_1,622592,3,Devi,5.0
runs\ppo_items200_h800\PPO_1,PPO_1,622592,3,Devi,0.0
runs\ppo_items500_h1000\PPO_1,PPO_1,622592,3,Devi,0.0
runs\ppo_tutor_multi_items100\PPO_1,PPO_1,622592,3,Devi,9.0
runs\ppo_tutor_multi_stage3_bonus2\PPO_1,PPO_1,622592,3,Devi,1.0
runs\ppo_tutor_multi_stage4\PPO_1,PPO_1,622592,3,Devi,0.0
runs\ppo_items200_h1000\PPO_1,PPO_1,625000,3,Devi,0.0
runs\ppo_items200_h800\PPO_1,PPO_1,625000,3,Devi,1.0
runs\ppo_items500_h1000\PPO_1,PPO_1,625000,3,Devi,0.0
runs\ppo_tutor_multi_items100\PPO_1,PPO_1,625000,3,Devi,2.0
runs\ppo_tutor_multi_stage3_bonus2\PPO_1,PPO_1,625000,3,Devi,0.0
runs\ppo_tutor_multi_stage4\PPO_1,PPO_1,625000,3,Devi,0.0
runs\ppo_items200_h1000\PPO_1,PPO_1,650000,3,Devi,2.0
runs\ppo_items200_h800\PPO_1,PPO_1,650000,3,Devi,3.0
runs\ppo_items500_h1000\PPO_1,PPO_1,650000,3,Devi,0.0
runs\ppo_tutor_multi_items100\PPO_1,PPO_1,650000,3,Devi,2.0
runs\ppo_tutor_multi_stage3_bonus2\PPO_1,PPO_1,650000,3,Devi,0.0
runs\ppo_tutor_multi_stage4\PPO_1,PPO_1,650000,3,Devi,0.0
runs\ppo_items200_h1000\PPO_1,PPO_1,655360,3,Devi,7.0
runs\ppo_items200_h800\PPO_1,PPO_1,655360,3,Devi,1.0
runs\ppo_items500_h1000\PPO_1,PPO_1,655360,3,Devi,0.0
runs\ppo_tutor_multi_items100\PPO_1,PPO_1,655360,3,Devi,6.0
runs\ppo_tutor_multi_stage3_bonus2\PPO_1,PPO_1,655360,3,Devi,0.0
runs\ppo_tutor_multi_stage4\PPO_1,PPO_1,655360,3,Devi,0.0
runs\ppo_items200_h1000\PPO_1,PPO_1,675000,3,Devi,1.0
runs\ppo_items200_h800\PPO_1,PPO_1,675000,3,Devi,2.0
runs\ppo_items500_h1000\PPO_1,PPO_1,675000,3,Devi,0.0
runs\ppo_tutor_multi_items100\PPO_1,PPO_1,675000,3,Devi,4.0
runs\ppo_tutor_multi_stage3_bonus2\PPO_1,PPO_1,675000,3,Devi,0.0
runs\ppo_tutor_multi_stage4\PPO_1,PPO_1,675000,3,Devi,0.0
runs\ppo_items200_h1000\PPO_1,PPO_1,688128,3,Devi,0.0
runs\ppo_items200_h800\PPO_1,PPO_1,688128,3,Devi,2.0
runs\ppo_items500_h1000\PPO_1,PPO_1,688128,3,Devi,0.0
runs\ppo_tutor_multi_items100\PPO_1,PPO_1,688128,3,Devi,0.0
runs\ppo_tutor_multi_stage3_bonus2\PPO_1,PPO_1,688128,3,Devi,0.0
runs\ppo_tutor_multi_stage4\PPO_1,PPO_1,688128,3,Devi,0.0
runs\ppo_items200_h1000\PPO_1,PPO_1,700000,3,Devi,3.0
runs\ppo_items200_h800\PPO_1,PPO_1,700000,3,Devi,1.0
runs\ppo_items500_h1000\PPO_1,PPO_1,700000,3,Devi,0.0
runs\ppo_tutor_multi_items100\PPO_1,PPO_1,700000,3,Devi,6.0
runs\ppo_tutor_multi_stage3_bonus2\PPO_1,PPO_1,700000,3,Devi,0.0
runs\ppo_tutor_multi_stage4\PPO_1,PPO_1,700000,3,Devi,0.0
runs\ppo_items200_h1000\PPO_1,PPO_1,720896,3,Devi,0.0
runs\ppo_items200_h800\PPO_1,PPO_1,720896,3,Devi,3.0
runs\ppo_items500_h1000\PPO_1,PPO_1,720896,3,Devi,0.0
runs\ppo_tutor_multi_items100\PPO_1,PPO_1,720896,3,Devi,1.0
runs\ppo_tutor_multi_stage3_bonus2\PPO_1,PPO_1,720896,3,Devi,0.0
runs\ppo_tutor_multi_stage4\PPO_1,PPO_1,720896,3,Devi,0.0
runs\ppo_items200_h1000\PPO_1,PPO_1,725000,3,Devi,1.0
runs\ppo_items200_h800\PPO_1,PPO_1,725000,3,Devi,0.0
runs\ppo_items500_h1000\PPO_1,PPO_1,725000,3,Devi,1.0
runs\ppo_tutor_multi_items100\PPO_1,PPO_1,725000,3,Devi,2.0
runs\ppo_tutor_multi_stage3_bonus2\PPO_1,PPO_1,725000,3,Devi,0.0
runs\ppo_tutor_multi_stage4\PPO_1,PPO_1,725000,3,Devi,0.0
runs\ppo_items200_h1000\PPO_1,PPO_1,750000,3,Devi,3.0
runs\ppo_items200_h800\PPO_1,PPO_1,750000,3,Devi,0.0
runs\ppo_items500_h1000\PPO_1,PPO_1,750000,3,Devi,2.0
runs\ppo_tutor_multi_items100\PPO_1,PPO_1,750000,3,Devi,2.0
runs\ppo_tutor_multi_stage3_bonus2\PPO_1,PPO_1,750000,3,Devi,0.0
runs\ppo_tutor_multi_stage4\PPO_1,PPO_1,750000,3,Devi,0.0
runs\ppo_items200_h1000\PPO_1,PPO_1,753664,3,Devi,0.0
runs\ppo_items200_h800\PPO_1,PPO_1,753664,3,Devi,3.0
runs\ppo_items500_h1000\PPO_1,PPO_1,753664,3,Devi,0.0
runs\ppo_tutor_multi_items100\PPO_1,PPO_1,753664,3,Devi,1.0
runs\ppo_tutor_multi_stage3_bonus2\PPO_1,PPO_1,753664,3,Devi,0.0
runs\ppo_tutor_multi_stage4\PPO_1,PPO_1,753664,3,Devi,0.0
runs\ppo_items200_h1000\PPO_1,PPO_1,775000,3,Devi,6.0
runs\ppo_items200_h800\PPO_1,PPO_1,775000,3,Devi,0.0
runs\ppo_items500_h1000\PPO_1,PPO_1,775000,3,Devi,0.0
runs\ppo_tutor_multi_items100\PPO_1,PPO_1,775000,3,Devi,4.0
runs\ppo_tutor_multi_stage3_bonus2\PPO_1,PPO_1,775000,3,Devi,0.0
runs\ppo_tutor_multi_stage4\PPO_1,PPO_1,775000,3,Devi,0.0
runs\ppo_items200_h1000\PPO_1,PPO_1,786432,3,Devi,0.0
runs\ppo_items200_h800\PPO_1,PPO_1,786432,3,Devi,2.0
runs\ppo_items500_h1000\PPO_1,PPO_1,786432,3,Devi,0.0
runs\ppo_tutor_multi_items100\PPO_1,PPO_1,786432,3,Devi,4.0
runs\ppo_tutor_multi_stage3_bonus2\PPO_1,PPO_1,786432,3,Devi,0.0
runs\ppo_tutor_multi_stage4\PPO_1,PPO_1,786432,3,Devi,0.0
runs\ppo_items200_h1000\PPO_1,PPO_1,800000,3,Devi,5.0
runs\ppo_items200_h800\PPO_1,PPO_1,800000,3,Devi,3.0
runs\ppo_items500_h1000\PPO_1,PPO_1,800000,3,Devi,1.0
runs\ppo_tutor_multi_items100\PPO_1,PPO_1,800000,3,Devi,7.0
runs\ppo_tutor_multi_stage3_bonus2\PPO_1,PPO_1,800000,3,Devi,1.0
runs\ppo_tutor_multi_stage4\PPO_1,PPO_1,800000,3,Devi,0.0
runs\ppo_items200_h1000\PPO_1,PPO_1,819200,3,Devi,1.0
runs\ppo_items200_h800\PPO_1,PPO_1,819200,3,Devi,5.0
runs\ppo_items500_h1000\PPO_1,PPO_1,819200,3,Devi,0.0
runs\ppo_tutor_multi_items100\PPO_1,PPO_1,819200,3,Devi,5.0
runs\ppo_tutor_multi_stage3_bonus2\PPO_1,PPO_1,819200,3,Devi,0.0
runs\ppo_tutor_multi_stage4\PPO_1,PPO_1,819200,3,Devi,0.0
runs\ppo_items200_h1000\PPO_1,PPO_1,825000,3,Devi,0.0
runs\ppo_items200_h800\PPO_1,PPO_1,825000,3,Devi,5.0
runs\ppo_items500_h1000\PPO_1,PPO_1,825000,3,Devi,0.0
runs\ppo_tutor_multi_stage4\PPO_1,PPO_1,825000,3,Devi,0.0
runs\ppo_items200_h1000\PPO_1,PPO_1,850000,3,Devi,1.0
runs\ppo_items200_h800\PPO_1,PPO_1,850000,3,Devi,7.0
runs\ppo_items500_h1000\PPO_1,PPO_1,850000,3,Devi,0.0
runs\ppo_items200_h1000\PPO_1,PPO_1,851968,3,Devi,1.0
runs\ppo_items200_h800\PPO_1,PPO_1,851968,3,Devi,0.0
runs\ppo_items500_h1000\PPO_1,PPO_1,851968,3,Devi,0.0
runs\ppo_items200_h1000\PPO_1,PPO_1,875000,3,Devi,1.0
runs\ppo_items200_h800\PPO_1,PPO_1,875000,3,Devi,7.0
runs\ppo_items500_h1000\PPO_1,PPO_1,875000,3,Devi,0.0
runs\ppo_items200_h1000\PPO_1,PPO_1,884736,3,Devi,4.0
runs\ppo_items200_h800\PPO_1,PPO_1,884736,3,Devi,0.0
runs\ppo_items500_h1000\PPO_1,PPO_1,884736,3,Devi,1.0
runs\ppo_items200_h1000\PPO_1,PPO_1,900000,3,Devi,2.0
runs\ppo_items200_h800\PPO_1,PPO_1,900000,3,Devi,2.0
runs\ppo_items500_h1000\PPO_1,PPO_1,900000,3,Devi,1.0
runs\ppo_items200_h1000\PPO_1,PPO_1,917504,3,Devi,3.0
runs\ppo_items200_h800\PPO_1,PPO_1,917504,3,Devi,1.0
runs\ppo_items500_h1000\PPO_1,PPO_1,917504,3,Devi,5.0
runs\ppo_items200_h1000\PPO_1,PPO_1,925000,3,Devi,2.0
runs\ppo_items200_h800\PPO_1,PPO_1,925000,3,Devi,2.0
runs\ppo_items500_h1000\PPO_1,PPO_1,925000,3,Devi,1.0
runs\ppo_items200_h1000\PPO_1,PPO_1,950000,3,Devi,4.0
runs\ppo_items200_h800\PPO_1,PPO_1,950000,3,Devi,2.0
runs\ppo_items500_h1000\PPO_1,PPO_1,950000,3,Devi,2.0
runs\ppo_items200_h1000\PPO_1,PPO_1,950272,3,Devi,8.0
runs\ppo_items200_h800\PPO_1,PPO_1,950272,3,Devi,3.0
runs\ppo_items500_h1000\PPO_1,PPO_1,950272,3,Devi,2.0
runs\ppo_items200_h1000\PPO_1,PPO_1,975000,3,Devi,8.0
runs\ppo_items200_h800\PPO_1,PPO_1,975000,3,Devi,2.0
runs\ppo_items500_h1000\PPO_1,PPO_1,975000,3,Devi,4.0
runs\ppo_items200_h1000\PPO_1,PPO_1,983040,3,Devi,8.0
runs\ppo_items200_h800\PPO_1,PPO_1,983040,3,Devi,7.0
runs\ppo_items500_h1000\PPO_1,PPO_1,983040,3,Devi,4.0
runs\ppo_items200_h1000\PPO_1,PPO_1,1000000,3,Devi,7.0
runs\ppo_items200_h800\PPO_1,PPO_1,1000000,3,Devi,2.0
runs\ppo_items500_h1000\PPO_1,PPO_1,1000000,3,Devi,5.0
runs\ppo_items200_h1000\PPO_1,PPO_1,1015808,3,Devi,8.0
runs\ppo_items200_h800\PPO_1,PPO_1,1015808,3,Devi,4.0
runs\ppo_items500_h1000\PPO_1,PPO_1,1015808,3,Devi,2.0
runs\ppo_items200_h1000\PPO_1,PPO_1,1025000,3,Devi,1.0
runs\ppo_items200_h800\PPO_1,PPO_1,1025000,3,Devi,0.0
runs\ppo_items500_h1000\PPO_1,PPO_1,1025000,3,Devi,0.0
runs\ppo_items200_h1000\PPO_1,PPO_1,1048576,3,Devi,0.0
runs\ppo_items200_h800\PPO_1,PPO_1,1048576,3,Devi,6.0
runs\ppo_items500_h1000\PPO_1,PPO_1,1048576,3,Devi,0.0
runs\ppo_items200_h1000\PPO_1,PPO_1,1050000,3,Devi,1.0
runs\ppo_items200_h800\PPO_1,PPO_1,1050000,3,Devi,0.0
runs\ppo_items500_h1000\PPO_1,PPO_1,1050000,3,Devi,0.0
runs\ppo_items200_h1000\PPO_1,PPO_1,1075000,3,Devi,2.0
runs\ppo_items200_h800\PPO_1,PPO_1,1075000,3,Devi,6.0
runs\ppo_items500_h1000\PPO_1,PPO_1,1075000,3,Devi,0.0
runs\ppo_items200_h1000\PPO_1,PPO_1,1081344,3,Devi,1.0
runs\ppo_items200_h800\PPO_1,PPO_1,1081344,3,Devi,5.0
runs\ppo_items500_h1000\PPO_1,PPO_1,1081344,3,Devi,0.0
runs\ppo_items200_h1000\PPO_1,PPO_1,1100000,3,Devi,2.0
runs\ppo_items200_h800\PPO_1,PPO_1,1100000,3,Devi,7.0
runs\ppo_items500_h1000\PPO_1,PPO_1,1100000,3,Devi,1.0
runs\ppo_items200_h1000\PPO_1,PPO_1,1114112,3,Devi,2.0
runs\ppo_items200_h800\PPO_1,PPO_1,1114112,3,Devi,0.0
runs\ppo_items500_h1000\PPO_1,PPO_1,1114112,3,Devi,1.0
runs\ppo_items200_h1000\PPO_1,PPO_1,1125000,3,Devi,5.0
runs\ppo_items200_h800\PPO_1,PPO_1,1125000,3,Devi,5.0
runs\ppo_items500_h1000\PPO_1,PPO_1,1125000,3,Devi,3.0
runs\ppo_items200_h1000\PPO_1,PPO_1,1146880,3,Devi,1.0
runs\ppo_items200_h800\PPO_1,PPO_1,1146880,3,Devi,1.0
runs\ppo_items500_h1000\PPO_1,PPO_1,1146880,3,Devi,0.0
runs\ppo_items200_h1000\PPO_1,PPO_1,1150000,3,Devi,5.0
runs\ppo_items200_h800\PPO_1,PPO_1,1150000,3,Devi,4.0
runs\ppo_items500_h1000\PPO_1,PPO_1,1150000,3,Devi,2.0
runs\ppo_items200_h1000\PPO_1,PPO_1,1175000,3,Devi,4.0
runs\ppo_items200_h800\PPO_1,PPO_1,1175000,3,Devi,3.0
runs\ppo_items500_h1000\PPO_1,PPO_1,1175000,3,Devi,4.0
runs\ppo_items200_h1000\PPO_1,PPO_1,1179648,3,Devi,4.0
runs\ppo_items200_h800\PPO_1,PPO_1,1179648,3,Devi,3.0
runs\ppo_items500_h1000\PPO_1,PPO_1,1179648,3,Devi,3.0
runs\ppo_items200_h1000\PPO_1,PPO_1,1200000,3,Devi,7.0
runs\ppo_items200_h800\PPO_1,PPO_1,1200000,3,Devi,5.0
runs\ppo_items500_h1000\PPO_1,PPO_1,1200000,3,Devi,5.0
runs\ppo_items200_h1000\PPO_1,PPO_1,1212416,3,Devi,3.0
runs\ppo_items200_h800\PPO_1,PPO_1,1212416,3,Devi,5.0
runs\ppo_items500_h1000\PPO_1,PPO_1,1212416,3,Devi,5.0
runs\ppo_items200_h1000\PPO_1,PPO_1,1225000,3,Devi,0.0
runs\ppo_items500_h1000\PPO_1,PPO_1,1225000,3,Devi,1.0
runs\ppo_items200_h1000\PPO_1,PPO_1,1245184,3,Devi,5.0
runs\ppo_items500_h1000\PPO_1,PPO_1,1245184,3,Devi,3.0
runs\ppo_items200_h1000\PPO_1,PPO_1,1250000,3,Devi,1.0
runs\ppo_items500_h1000\PPO_1,PPO_1,1250000,3,Devi,1.0
runs\ppo_items200_h1000\PPO_1,PPO_1,1275000,3,Devi,3.0
runs\ppo_items500_h1000\PPO_1,PPO_1,1275000,3,Devi,0.0
runs\ppo_items200_h1000\PPO_1,PPO_1,1277952,3,Devi,6.0
runs\ppo_items500_h1000\PPO_1,PPO_1,1277952,3,Devi,5.0
runs\ppo_items200_h1000\PPO_1,PPO_1,1300000,3,Devi,4.0
runs\ppo_items500_h1000\PPO_1,PPO_1,1300000,3,Devi,4.0
runs\ppo_items200_h1000\PPO_1,PPO_1,1310720,3,Devi,8.0
runs\ppo_items500_h1000\PPO_1,PPO_1,1310720,3,Devi,3.0
runs\ppo_items200_h1000\PPO_1,PPO_1,1325000,3,Devi,4.0
runs\ppo_items500_h1000\PPO_1,PPO_1,1325000,3,Devi,5.0
runs\ppo_items200_h1000\PPO_1,PPO_1,1343488,3,Devi,5.0
runs\ppo_items500_h1000\PPO_1,PPO_1,1343488,3,Devi,3.0
runs\ppo_items200_h1000\PPO_1,PPO_1,1350000,3,Devi,7.0
runs\ppo_items500_h1000\PPO_1,PPO_1,1350000,3,Devi,3.0
runs\ppo_items200_h1000\PPO_1,PPO_1,1375000,3,Devi,6.0
runs\ppo_items500_h1000\PPO_1,PPO_1,1375000,3,Devi,5.0
runs\ppo_items200_h1000\PPO_1,PPO_1,1376256,3,Devi,0.0
runs\ppo_items500_h1000\PPO_1,PPO_1,1376256,3,Devi,0.0
runs\ppo_items200_h1000\PPO_1,PPO_1,1400000,3,Devi,7.0
runs\ppo_items500_h1000\PPO_1,PPO_1,1400000,3,Devi,6.0
runs\ppo_items200_h1000\PPO_1,PPO_1,1409024,3,Devi,0.0
runs\ppo_items500_h1000\PPO_1,PPO_1,1409024,3,Devi,0.0
runs\ppo_items200_h1000\PPO_1,PPO_1,1425000,3,Devi,1.0
runs\ppo_items500_h1000\PPO_1,PPO_1,1425000,3,Devi,1.0
runs\ppo_items200_h1000\PPO_1,PPO_1,1441792,3,Devi,1.0
runs\ppo_items500_h1000\PPO_1,PPO_1,1441792,3,Devi,1.0
runs\ppo_items200_h1000\PPO_1,PPO_1,1450000,3,Devi,1.0
runs\ppo_items500_h1000\PPO_1,PPO_1,1450000,3,Devi,2.0
runs\ppo_items200_h1000\PPO_1,PPO_1,1474560,3,Devi,1.0
runs\ppo_items500_h1000\PPO_1,PPO_1,1474560,3,Devi,1.0
runs\ppo_items200_h1000\PPO_1,PPO_1,1475000,3,Devi,1.0
runs\ppo_items500_h1000\PPO_1,PPO_1,1475000,3,Devi,4.0
runs\ppo_items200_h1000\PPO_1,PPO_1,1500000,3,Devi,2.0
runs\ppo_items500_h1000\PPO_1,PPO_1,1500000,3,Devi,3.0
runs\ppo_items200_h1000\PPO_1,PPO_1,1507328,3,Devi,3.0
runs\ppo_items500_h1000\PPO_1,PPO_1,1507328,3,Devi,2.0
runs\ppo_items200_h1000\PPO_1,PPO_1,1525000,3,Devi,4.0
runs\ppo_items500_h1000\PPO_1,PPO_1,1525000,3,Devi,4.0
runs\ppo_items200_h1000\PPO_1,PPO_1,1540096,3,Devi,3.0
runs\ppo_items500_h1000\PPO_1,PPO_1,1540096,3,Devi,4.0
runs\ppo_items200_h1000\PPO_1,PPO_1,1550000,3,Devi,6.0
runs\ppo_items500_h1000\PPO_1,PPO_1,1550000,3,Devi,4.0
runs\ppo_items200_h1000\PPO_1,PPO_1,1572864,3,Devi,3.0
runs\ppo_items500_h1000\PPO_1,PPO_1,1572864,3,Devi,6.0
runs\ppo_items200_h1000\PPO_1,PPO_1,1575000,3,Devi,6.0
runs\ppo_items500_h1000\PPO_1,PPO_1,1575000,3,Devi,6.0
runs\ppo_items200_h1000\PPO_1,PPO_1,1600000,3,Devi,8.0
runs\ppo_items500_h1000\PPO_1,PPO_1,1600000,3,Devi,3.0
runs\ppo_items200_h1000\PPO_1,PPO_1,1605632,3,Devi,5.0
runs\ppo_items500_h1000\PPO_1,PPO_1,1605632,3,Devi,4.0
runs\ppo_items500_h1000\PPO_1,PPO_1,1625000,3,Devi,1.0
runs\ppo_items500_h1000\PPO_1,PPO_1,1638400,3,Devi,6.0
runs\ppo_items500_h1000\PPO_1,PPO_1,1650000,3,Devi,2.0
runs\ppo_items500_h1000\PPO_1,PPO_1,1671168,3,Devi,7.0
runs\ppo_items500_h1000\PPO_1,PPO_1,1675000,3,Devi,3.0
runs\ppo_items500_h1000\PPO_1,PPO_1,1700000,3,Devi,3.0
runs\ppo_items500_h1000\PPO_1,PPO_1,1703936,3,Devi,6.0
runs\ppo_items500_h1000\PPO_1,PPO_1,1725000,3,Devi,5.0
runs\ppo_items500_h1000\PPO_1,PPO_1,1736704,3,Devi,0.0
runs\ppo_items500_h1000\PPO_1,PPO_1,1750000,3,Devi,5.0
runs\ppo_items500_h1000\PPO_1,PPO_1,1769472,3,Devi,2.0
runs\ppo_items500_h1000\PPO_1,PPO_1,1775000,3,Devi,6.0
runs\ppo_items500_h1000\PPO_1,PPO_1,1800000,3,Devi,6.0
runs\ppo_items500_h1000\PPO_1,PPO_1,1802240,3,Devi,2.0
runs\ppo_items500_h1000\PPO_1,PPO_1,1825000,3,Devi,1.0
runs\ppo_items500_h1000\PPO_1,PPO_1,1835008,3,Devi,4.0
runs\ppo_items500_h1000\PPO_1,PPO_1,1850000,3,Devi,2.0
runs\ppo_items500_h1000\PPO_1,PPO_1,1867776,3,Devi,4.0
runs\ppo_items500_h1000\PPO_1,PPO_1,1875000,3,Devi,4.0
runs\ppo_items500_h1000\PPO_1,PPO_1,1900000,3,Devi,5.0
runs\ppo_items500_h1000\PPO_1,PPO_1,1900544,3,Devi,4.0
runs\ppo_items500_h1000\PPO_1,PPO_1,1925000,3,Devi,5.0
runs\ppo_items500_h1000\PPO_1,PPO_1,1933312,3,Devi,4.0
runs\ppo_items500_h1000\PPO_1,PPO_1,1950000,3,Devi,6.0
runs\ppo_items500_h1000\PPO_1,PPO_1,1966080,3,Devi,6.0
runs\ppo_items500_h1000\PPO_1,PPO_1,1975000,3,Devi,8.0
runs\ppo_items500_h1000\PPO_1,PPO_1,1998848,3,Devi,4.0
runs\ppo_items500_h1000\PPO_1,PPO_1,2000000,3,Devi,8.0
runs\ppo_items500_h1000\PPO_1,PPO_1,2025000,3,Devi,1.0
runs\ppo_items500_h1000\PPO_1,PPO_1,2031616,3,Devi,8.0
runs\ab_balanced_items200_h1000\PPO_1,PPO_1,25000,4,Eden,0.0
runs\ab_penalty1_items200_h1200\PPO_1,PPO_1,25000,4,Eden,1.0
runs\ppo_items200_h1000\PPO_1,PPO_1,25000,4,Eden,0.0
runs\ppo_items200_h800\PPO_1,PPO_1,25000,4,Eden,1.0
runs\ppo_items500_h1000\PPO_1,PPO_1,25000,4,Eden,0.0
runs\ppo_tutor_multi_items100\PPO_1,PPO_1,25000,4,Eden,0.0
runs\ppo_tutor_multi_stage2\PPO_1,PPO_1,25000,4,Eden,1.0
runs\ppo_tutor_multi_stage3_bonus2\PPO_1,PPO_1,25000,4,Eden,0.0
runs\ppo_tutor_multi_stage3_transition_bonus\PPO_1,PPO_1,25000,4,Eden,0.0
runs\ppo_tutor_multi_stage4\PPO_1,PPO_1,25000,4,Eden,0.0
runs\ppo_tutor_multi_v6\PPO_1,PPO_1,25000,4,Eden,0.0
runs\ab_balanced_items200_h1000\PPO_1,PPO_1,32768,4,Eden,0.0
runs\ab_penalty1_items200_h1200\PPO_1,PPO_1,32768,4,Eden,1.0
runs\ppo_items200_h1000\PPO_1,PPO_1,32768,4,Eden,0.0
runs\ppo_items200_h800\PPO_1,PPO_1,32768,4,Eden,0.0
runs\ppo_items500_h1000\PPO_1,PPO_1,32768,4,Eden,0.0
runs\ppo_tutor_multi_items100\PPO_1,PPO_1,32768,4,Eden,0.0
runs\ppo_tutor_multi_stage2\PPO_1,PPO_1,32768,4,Eden,0.0
runs\ppo_tutor_multi_stage3_bonus2\PPO_1,PPO_1,32768,4,Eden,0.0
runs\ppo_tutor_multi_stage3_transition_bonus\PPO_1,PPO_1,32768,4,Eden,0.0
runs\ppo_tutor_multi_stage4\PPO_1,PPO_1,32768,4,Eden,0.0
runs\ppo_tutor_multi_v6\PPO_1,PPO_1,32768,4,Eden,0.0
runs\ab_penalty1_items200_h1200\PPO_1,PPO_1,50000,4,Eden,0.0
runs\ppo_items200_h1000\PPO_1,PPO_1,50000,4,Eden,0.0
runs\ppo_items200_h800\PPO_1,PPO_1,50000,4,Eden,1.0
runs\ppo_items500_h1000\PPO_1,PPO_1,50000,4,Eden,0.0
runs\ppo_tutor_multi_items100\PPO_1,PPO_1,50000,4,Eden,1.0
runs\ppo_tutor_multi_stage2\PPO_1,PPO_1,50000,4,Eden,0.0
runs\ppo_tutor_multi_stage3_bonus2\PPO_1,PPO_1,50000,4,Eden,0.0
runs\ppo_tutor_multi_stage3_transition_bonus\PPO_1,PPO_1,50000,4,Eden,0.0
runs\ppo_tutor_multi_stage4\PPO_1,PPO_1,50000,4,Eden,0.0
runs\ppo_tutor_multi_v6\PPO_1,PPO_1,50000,4,Eden,2.0
runs\ab_penalty1_items200_h1200\PPO_1,PPO_1,65536,4,Eden,6.0
runs\ppo_items200_h1000\PPO_1,PPO_1,65536,4,Eden,0.0
runs\ppo_items200_h800\PPO_1,PPO_1,65536,4,Eden,0.0
runs\ppo_items500_h1000\PPO_1,PPO_1,65536,4,Eden,0.0
runs\ppo_tutor_multi_items100\PPO_1,PPO_1,65536,4,Eden,0.0
runs\ppo_tutor_multi_stage2\PPO_1,PPO_1,65536,4,Eden,0.0
runs\ppo_tutor_multi_stage3_bonus2\PPO_1,PPO_1,65536,4,Eden,0.0
runs\ppo_tutor_multi_stage3_transition_bonus\PPO_1,PPO_1,65536,4,Eden,0.0
runs\ppo_tutor_multi_stage4\PPO_1,PPO_1,65536,4,Eden,0.0
runs\ppo_tutor_multi_v6\PPO_1,PPO_1,65536,4,Eden,0.0
runs\ab_penalty1_items200_h1200\PPO_1,PPO_1,75000,4,Eden,6.0
runs\ppo_items200_h1000\PPO_1,PPO_1,75000,4,Eden,0.0
runs\ppo_items200_h800\PPO_1,PPO_1,75000,4,Eden,1.0
runs\ppo_items500_h1000\PPO_1,PPO_1,75000,4,Eden,0.0
runs\ppo_tutor_multi_items100\PPO_1,PPO_1,75000,4,Eden,1.0
runs\ppo_tutor_multi_stage2\PPO_1,PPO_1,75000,4,Eden,0.0
runs\ppo_tutor_multi_stage3_bonus2\PPO_1,PPO_1,75000,4,Eden,0.0
runs\ppo_tutor_multi_stage3_transition_bonus\PPO_1,PPO_1,75000,4,Eden,0.0
runs\ppo_tutor_multi_stage4\PPO_1,PPO_1,75000,4,Eden,0.0
runs\ppo_tutor_multi_v6\PPO_1,PPO_1,75000,4,Eden,0.0
runs\ppo_items200_h1000\PPO_1,PPO_1,98304,4,Eden,0.0
runs\ppo_items200_h800\PPO_1,PPO_1,98304,4,Eden,0.0
runs\ppo_items500_h1000\PPO_1,PPO_1,98304,4,Eden,0.0
runs\ppo_tutor_multi_items100\PPO_1,PPO_1,98304,4,Eden,0.0
runs\ppo_tutor_multi_stage2\PPO_1,PPO_1,98304,4,Eden,0.0
runs\ppo_tutor_multi_stage3_bonus2\PPO_1,PPO_1,98304,4,Eden,0.0
runs\ppo_tutor_multi_stage3_transition_bonus\PPO_1,PPO_1,98304,4,Eden,0.0
runs\ppo_tutor_multi_stage4\PPO_1,PPO_1,98304,4,Eden,0.0
runs\ppo_tutor_multi_v6\PPO_1,PPO_1,98304,4,Eden,3.0
runs\ppo_items200_h1000\PPO_1,PPO_1,100000,4,Eden,2.0
runs\ppo_items200_h800\PPO_1,PPO_1,100000,4,Eden,1.0
runs\ppo_items500_h1000\PPO_1,PPO_1,100000,4,Eden,0.0
runs\ppo_tutor_multi_items100\PPO_1,PPO_1,100000,4,Eden,4.0
runs\ppo_tutor_multi_stage2\PPO_1,PPO_1,100000,4,Eden,1.0
runs\ppo_tutor_multi_stage3_bonus2\PPO_1,PPO_1,100000,4,Eden,1.0
runs\ppo_tutor_multi_stage3_transition_bonus\PPO_1,PPO_1,100000,4,Eden,1.0
runs\ppo_tutor_multi_stage4\PPO_1,PPO_1,100000,4,Eden,0.0
runs\ppo_tutor_multi_v6\PPO_1,PPO_1,100000,4,Eden,1.0
runs\ppo_items200_h1000\PPO_1,PPO_1,125000,4,Eden,3.0
runs\ppo_items200_h800\PPO_1,PPO_1,125000,4,Eden,2.0
runs\ppo_items500_h1000\PPO_1,PPO_1,125000,4,Eden,0.0
runs\ppo_tutor_multi_items100\PPO_1,PPO_1,125000,4,Eden,0.0
runs\ppo_tutor_multi_stage2\PPO_1,PPO_1,125000,4,Eden,0.0
runs\ppo_tutor_multi_stage3_bonus2\PPO_1,PPO_1,125000,4,Eden,0.0
runs\ppo_tutor_multi_stage3_transition_bonus\PPO_1,PPO_1,125000,4,Eden,0.0
runs\ppo_tutor_multi_stage4\PPO_1,PPO_1,125000,4,Eden,0.0
runs\ppo_tutor_multi_v6\PPO_1,PPO_1,125000,4,Eden,0.0
runs\ppo_items200_h1000\PPO_1,PPO_1,131072,4,Eden,1.0
runs\ppo_items200_h800\PPO_1,PPO_1,131072,4,Eden,1.0
runs\ppo_items500_h1000\PPO_1,PPO_1,131072,4,Eden,0.0
runs\ppo_tutor_multi_items100\PPO_1,PPO_1,131072,4,Eden,1.0
runs\ppo_tutor_multi_stage2\PPO_1,PPO_1,131072,4,Eden,0.0
runs\ppo_tutor_multi_stage3_bonus2\PPO_1,PPO_1,131072,4,Eden,1.0
runs\ppo_tutor_multi_stage3_transition_bonus\PPO_1,PPO_1,131072,4,Eden,1.0
runs\ppo_tutor_multi_stage4\PPO_1,PPO_1,131072,4,Eden,0.0
runs\ppo_tutor_multi_v6\PPO_1,PPO_1,131072,4,Eden,2.0
runs\ppo_items200_h1000\PPO_1,PPO_1,150000,4,Eden,0.0
runs\ppo_items200_h800\PPO_1,PPO_1,150000,4,Eden,0.0
runs\ppo_items500_h1000\PPO_1,PPO_1,150000,4,Eden,2.0
runs\ppo_tutor_multi_items100\PPO_1,PPO_1,150000,4,Eden,1.0
runs\ppo_tutor_multi_stage2\PPO_1,PPO_1,150000,4,Eden,2.0
runs\ppo_tutor_multi_stage3_bonus2\PPO_1,PPO_1,150000,4,Eden,0.0
runs\ppo_tutor_multi_stage3_transition_bonus\PPO_1,PPO_1,150000,4,Eden,0.0
runs\ppo_tutor_multi_stage4\PPO_1,PPO_1,150000,4,Eden,0.0
runs\ppo_tutor_multi_v6\PPO_1,PPO_1,150000,4,Eden,0.0
runs\ppo_items200_h1000\PPO_1,PPO_1,163840,4,Eden,0.0
runs\ppo_items200_h800\PPO_1,PPO_1,163840,4,Eden,1.0
runs\ppo_items500_h1000\PPO_1,PPO_1,163840,4,Eden,0.0
runs\ppo_tutor_multi_items100\PPO_1,PPO_1,163840,4,Eden,4.0
runs\ppo_tutor_multi_stage2\PPO_1,PPO_1,163840,4,Eden,0.0
runs\ppo_tutor_multi_stage3_bonus2\PPO_1,PPO_1,163840,4,Eden,2.0
runs\ppo_tutor_multi_stage3_transition_bonus\PPO_1,PPO_1,163840,4,Eden,1.0
runs\ppo_tutor_multi_stage4\PPO_1,PPO_1,163840,4,Eden,0.0
runs\ppo_tutor_multi_v6\PPO_1,PPO_1,163840,4,Eden,0.0
runs\ppo_items200_h1000\PPO_1,PPO_1,175000,4,Eden,2.0
runs\ppo_items200_h800\PPO_1,PPO_1,175000,4,Eden,1.0
runs\ppo_items500_h1000\PPO_1,PPO_1,175000,4,Eden,1.0
runs\ppo_tutor_multi_items100\PPO_1,PPO_1,175000,4,Eden,4.0
runs\ppo_tutor_multi_stage2\PPO_1,PPO_1,175000,4,Eden,1.0
runs\ppo_tutor_multi_stage3_bonus2\PPO_1,PPO_1,175000,4,Eden,0.0
runs\ppo_tutor_multi_stage3_transition_bonus\PPO_1,PPO_1,175000,4,Eden,0.0
runs\ppo_tutor_multi_stage4\PPO_1,PPO_1,175000,4,Eden,0.0
runs\ppo_tutor_multi_v6\PPO_1,PPO_1,175000,4,Eden,0.0
runs\ppo_items200_h1000\PPO_1,PPO_1,196608,4,Eden,2.0
runs\ppo_items200_h800\PPO_1,PPO_1,196608,4,Eden,2.0
runs\ppo_items500_h1000\PPO_1,PPO_1,196608,4,Eden,0.0
runs\ppo_tutor_multi_items100\PPO_1,PPO_1,196608,4,Eden,1.0
runs\ppo_tutor_multi_stage2\PPO_1,PPO_1,196608,4,Eden,0.0
runs\ppo_tutor_multi_stage3_bonus2\PPO_1,PPO_1,196608,4,Eden,0.0
runs\ppo_tutor_multi_stage3_transition_bonus\PPO_1,PPO_1,196608,4,Eden,0.0
runs\ppo_tutor_multi_stage4\PPO_1,PPO_1,196608,4,Eden,0.0
runs\ppo_tutor_multi_v6\PPO_1,PPO_1,196608,4,Eden,1.0
runs\ppo_items200_h1000\PPO_1,PPO_1,200000,4,Eden,4.0
runs\ppo_items200_h800\PPO_1,PPO_1,200000,4,Eden,0.0
runs\ppo_items500_h1000\PPO_1,PPO_1,200000,4,Eden,0.0
runs\ppo_tutor_multi_items100\PPO_1,PPO_1,200000,4,Eden,6.0
runs\ppo_tutor_multi_stage2\PPO_1,PPO_1,200000,4,Eden,0.0
runs\ppo_tutor_multi_stage3_bonus2\PPO_1,PPO_1,200000,4,Eden,0.0
runs\ppo_tutor_multi_stage3_transition_bonus\PPO_1,PPO_1,200000,4,Eden,0.0
runs\ppo_tutor_multi_stage4\PPO_1,PPO_1,200000,4,Eden,1.0
runs\ppo_tutor_multi_v6\PPO_1,PPO_1,200000,4,Eden,0.0
runs\ppo_items200_h1000\PPO_1,PPO_1,225000,4,Eden,0.0
runs\ppo_items200_h800\PPO_1,PPO_1,225000,4,Eden,0.0
runs\ppo_items500_h1000\PPO_1,PPO_1,225000,4,Eden,0.0
runs\ppo_tutor_multi_items100\PPO_1,PPO_1,225000,4,Eden,0.0
runs\ppo_tutor_multi_stage2\PPO_1,PPO_1,225000,4,Eden,0.0
runs\ppo_tutor_multi_stage3_bonus2\PPO_1,PPO_1,225000,4,Eden,0.0
runs\ppo_tutor_multi_stage3_transition_bonus\PPO_1,PPO_1,225000,4,Eden,0.0
runs\ppo_tutor_multi_stage4\PPO_1,PPO_1,225000,4,Eden,1.0
runs\ppo_tutor_multi_v6\PPO_1,PPO_1,225000,4,Eden,0.0
runs\ppo_items200_h1000\PPO_1,PPO_1,229376,4,Eden,2.0
runs\ppo_items200_h800\PPO_1,PPO_1,229376,4,Eden,0.0
runs\ppo_items500_h1000\PPO_1,PPO_1,229376,4,Eden,0.0
runs\ppo_tutor_multi_items100\PPO_1,PPO_1,229376,4,Eden,0.0
runs\ppo_tutor_multi_stage2\PPO_1,PPO_1,229376,4,Eden,0.0
runs\ppo_tutor_multi_stage3_bonus2\PPO_1,PPO_1,229376,4,Eden,0.0
runs\ppo_tutor_multi_stage3_transition_bonus\PPO_1,PPO_1,229376,4,Eden,0.0
runs\ppo_tutor_multi_stage4\PPO_1,PPO_1,229376,4,Eden,0.0
runs\ppo_tutor_multi_v6\PPO_1,PPO_1,229376,4,Eden,0.0
runs\ppo_items200_h1000\PPO_1,PPO_1,250000,4,Eden,0.0
runs\ppo_items200_h800\PPO_1,PPO_1,250000,4,Eden,0.0
runs\ppo_items500_h1000\PPO_1,PPO_1,250000,4,Eden,0.0
runs\ppo_tutor_multi_items100\PPO_1,PPO_1,250000,4,Eden,1.0
runs\ppo_tutor_multi_stage2\PPO_1,PPO_1,250000,4,Eden,0.0
runs\ppo_tutor_multi_stage3_bonus2\PPO_1,PPO_1,250000,4,Eden,0.0
runs\ppo_tutor_multi_stage3_transition_bonus\PPO_1,PPO_1,250000,4,Eden,0.0
runs\ppo_tutor_multi_stage4\PPO_1,PPO_1,250000,4,Eden,0.0
runs\ppo_tutor_multi_v6\PPO_1,PPO_1,250000,4,Eden,0.0
runs\ppo_items200_h1000\PPO_1,PPO_1,262144,4,Eden,1.0
runs\ppo_items200_h800\PPO_1,PPO_1,262144,4,Eden,2.0
runs\ppo_items500_h1000\PPO_1,PPO_1,262144,4,Eden,2.0
runs\ppo_tutor_multi_items100\PPO_1,PPO_1,262144,4,Eden,1.0
runs\ppo_tutor_multi_stage2\PPO_1,PPO_1,262144,4,Eden,1.0
runs\ppo_tutor_multi_stage3_bonus2\PPO_1,PPO_1,262144,4,Eden,0.0
runs\ppo_tutor_multi_stage3_transition_bonus\PPO_1,PPO_1,262144,4,Eden,0.0
runs\ppo_tutor_multi_stage4\PPO_1,PPO_1,262144,4,Eden,0.0
runs\ppo_tutor_multi_v6\PPO_1,PPO_1,262144,4,Eden,1.0
runs\ppo_items200_h1000\PPO_1,PPO_1,275000,4,Eden,2.0
runs\ppo_items200_h800\PPO_1,PPO_1,275000,4,Eden,0.0
runs\ppo_items500_h1000\PPO_1,PPO_1,275000,4,Eden,0.0
runs\ppo_tutor_multi_items100\PPO_1,PPO_1,275000,4,Eden,1.0
runs\ppo_tutor_multi_stage2\PPO_1,PPO_1,275000,4,Eden,1.0
runs\ppo_tutor_multi_stage3_bonus2\PPO_1,PPO_1,275000,4,Eden,2.0
runs\ppo_tutor_multi_stage3_transition_bonus\PPO_1,PPO_1,275000,4,Eden,2.0
runs\ppo_tutor_multi_stage4\PPO_1,PPO_1,275000,4,Eden,0.0
runs\ppo_tutor_multi_v6\PPO_1,PPO_1,275000,4,Eden,3.0
runs\ppo_items200_h1000\PPO_1,PPO_1,294912,4,Eden,0.0
runs\ppo_items200_h800\PPO_1,PPO_1,294912,4,Eden,0.0
runs\ppo_items500_h1000\PPO_1,PPO_1,294912,4,Eden,0.0
runs\ppo_tutor_multi_items100\PPO_1,PPO_1,294912,4,Eden,0.0
runs\ppo_tutor_multi_stage2\PPO_1,PPO_1,294912,4,Eden,0.0
runs\ppo_tutor_multi_stage3_bonus2\PPO_1,PPO_1,294912,4,Eden,1.0
runs\ppo_tutor_multi_stage3_transition_bonus\PPO_1,PPO_1,294912,4,Eden,0.0
runs\ppo_tutor_multi_stage4\PPO_1,PPO_1,294912,4,Eden,0.0
runs\ppo_tutor_multi_v6\PPO_1,PPO_1,294912,4,Eden,1.0
runs\ppo_items200_h1000\PPO_1,PPO_1,300000,4,Eden,1.0
runs\ppo_items200_h800\PPO_1,PPO_1,300000,4,Eden,4.0
runs\ppo_items500_h1000\PPO_1,PPO_1,300000,4,Eden,0.0
runs\ppo_tutor_multi_items100\PPO_1,PPO_1,300000,4,Eden,7.0
runs\ppo_tutor_multi_stage2\PPO_1,PPO_1,300000,4,Eden,3.0
runs\ppo_tutor_multi_stage3_bonus2\PPO_1,PPO_1,300000,4,Eden,0.0
runs\ppo_tutor_multi_stage3_transition_bonus\PPO_1,PPO_1,300000,4,Eden,2.0
runs\ppo_tutor_multi_stage4\PPO_1,PPO_1,300000,4,Eden,0.0
runs\ppo_tutor_multi_v6\PPO_1,PPO_1,300000,4,Eden,4.0
runs\ppo_items200_h1000\PPO_1,PPO_1,325000,4,Eden,0.0
runs\ppo_items200_h800\PPO_1,PPO_1,325000,4,Eden,0.0
runs\ppo_items500_h1000\PPO_1,PPO_1,325000,4,Eden,0.0
runs\ppo_tutor_multi_items100\PPO_1,PPO_1,325000,4,Eden,0.0
runs\ppo_tutor_multi_stage2\PPO_1,PPO_1,325000,4,Eden,0.0
runs\ppo_tutor_multi_stage3_bonus2\PPO_1,PPO_1,325000,4,Eden,0.0
runs\ppo_tutor_multi_stage3_transition_bonus\PPO_1,PPO_1,325000,4,Eden,0.0
runs\ppo_tutor_multi_stage4\PPO_1,PPO_1,325000,4,Eden,0.0
runs\ppo_tutor_multi_v6\PPO_1,PPO_1,325000,4,Eden,0.0
runs\ppo_items200_h1000\PPO_1,PPO_1,327680,4,Eden,4.0
runs\ppo_items200_h800\PPO_1,PPO_1,327680,4,Eden,0.0
runs\ppo_items500_h1000\PPO_1,PPO_1,327680,4,Eden,1.0
runs\ppo_tutor_multi_items100\PPO_1,PPO_1,327680,4,Eden,4.0
runs\ppo_tutor_multi_stage2\PPO_1,PPO_1,327680,4,Eden,0.0
runs\ppo_tutor_multi_stage3_bonus2\PPO_1,PPO_1,327680,4,Eden,1.0
runs\ppo_tutor_multi_stage3_transition_bonus\PPO_1,PPO_1,327680,4,Eden,1.0
runs\ppo_tutor_multi_stage4\PPO_1,PPO_1,327680,4,Eden,0.0
runs\ppo_tutor_multi_v6\PPO_1,PPO_1,327680,4,Eden,1.0
runs\ppo_items200_h1000\PPO_1,PPO_1,350000,4,Eden,4.0
runs\ppo_items200_h800\PPO_1,PPO_1,350000,4,Eden,0.0
runs\ppo_items500_h1000\PPO_1,PPO_1,350000,4,Eden,0.0
runs\ppo_tutor_multi_items100\PPO_1,PPO_1,350000,4,Eden,0.0
runs\ppo_tutor_multi_stage2\PPO_1,PPO_1,350000,4,Eden,0.0
runs\ppo_tutor_multi_stage3_bonus2\PPO_1,PPO_1,350000,4,Eden,0.0
runs\ppo_tutor_multi_stage3_transition_bonus\PPO_1,PPO_1,350000,4,Eden,0.0
runs\ppo_tutor_multi_stage4\PPO_1,PPO_1,350000,4,Eden,1.0
runs\ppo_items200_h1000\PPO_1,PPO_1,360448,4,Eden,0.0
runs\ppo_items200_h800\PPO_1,PPO_1,360448,4,Eden,0.0
runs\ppo_items500_h1000\PPO_1,PPO_1,360448,4,Eden,0.0
runs\ppo_tutor_multi_items100\PPO_1,PPO_1,360448,4,Eden,0.0
runs\ppo_tutor_multi_stage2\PPO_1,PPO_1,360448,4,Eden,0.0
runs\ppo_tutor_multi_stage3_bonus2\PPO_1,PPO_1,360448,4,Eden,0.0
runs\ppo_tutor_multi_stage3_transition_bonus\PPO_1,PPO_1,360448,4,Eden,0.0
runs\ppo_tutor_multi_stage4\PPO_1,PPO_1,360448,4,Eden,0.0
runs\ppo_items200_h1000\PPO_1,PPO_1,375000,4,Eden,8.0
runs\ppo_items200_h800\PPO_1,PPO_1,375000,4,Eden,0.0
runs\ppo_items500_h1000\PPO_1,PPO_1,375000,4,Eden,0.0
runs\ppo_tutor_multi_items100\PPO_1,PPO_1,375000,4,Eden,2.0
runs\ppo_tutor_multi_stage2\PPO_1,PPO_1,375000,4,Eden,0.0
runs\ppo_tutor_multi_stage3_bonus2\PPO_1,PPO_1,375000,4,Eden,0.0
runs\ppo_tutor_multi_stage3_transition_bonus\PPO_1,PPO_1,375000,4,Eden,0.0
runs\ppo_tutor_multi_stage4\PPO_1,PPO_1,375000,4,Eden,0.0
runs\ppo_items200_h1000\PPO_1,PPO_1,393216,4,Eden,0.0
runs\ppo_items200_h800\PPO_1,PPO_1,393216,4,Eden,0.0
runs\ppo_items500_h1000\PPO_1,PPO_1,393216,4,Eden,0.0
runs\ppo_tutor_multi_items100\PPO_1,PPO_1,393216,4,Eden,0.0
runs\ppo_tutor_multi_stage2\PPO_1,PPO_1,393216,4,Eden,1.0
runs\ppo_tutor_multi_stage3_bonus2\PPO_1,PPO_1,393216,4,Eden,0.0
runs\ppo_tutor_multi_stage3_transition_bonus\PPO_1,PPO_1,393216,4,Eden,0.0
runs\ppo_tutor_multi_stage4\PPO_1,PPO_1,393216,4,Eden,0.0
runs\ppo_items200_h1000\PPO_1,PPO_1,400000,4,Eden,4.0
runs\ppo_items200_h800\PPO_1,PPO_1,400000,4,Eden,0.0
runs\ppo_items500_h1000\PPO_1,PPO_1,400000,4,Eden,1.0
runs\ppo_tutor_multi_items100\PPO_1,PPO_1,400000,4,Eden,5.0
runs\ppo_tutor_multi_stage2\PPO_1,PPO_1,400000,4,Eden,0.0
runs\ppo_tutor_multi_stage3_bonus2\PPO_1,PPO_1,400000,4,Eden,0.0
runs\ppo_tutor_multi_stage3_transition_bonus\PPO_1,PPO_1,400000,4,Eden,2.0
runs\ppo_tutor_multi_stage4\PPO_1,PPO_1,400000,4,Eden,0.0
runs\ppo_items200_h1000\PPO_1,PPO_1,425000,4,Eden,0.0
runs\ppo_items200_h800\PPO_1,PPO_1,425000,4,Eden,0.0
runs\ppo_items500_h1000\PPO_1,PPO_1,425000,4,Eden,0.0
runs\ppo_tutor_multi_items100\PPO_1,PPO_1,425000,4,Eden,0.0
runs\ppo_tutor_multi_stage2\PPO_1,PPO_1,425000,4,Eden,0.0
runs\ppo_tutor_multi_stage3_bonus2\PPO_1,PPO_1,425000,4,Eden,0.0
runs\ppo_tutor_multi_stage3_transition_bonus\PPO_1,PPO_1,425000,4,Eden,0.0
runs\ppo_tutor_multi_stage4\PPO_1,PPO_1,425000,4,Eden,0.0
runs\ppo_items200_h1000\PPO_1,PPO_1,425984,4,Eden,0.0
runs\ppo_items200_h800\PPO_1,PPO_1,425984,4,Eden,2.0
runs\ppo_items500_h1000\PPO_1,PPO_1,425984,4,Eden,0.0
runs\ppo_tutor_multi_items100\PPO_1,PPO_1,425984,4,Eden,0.0
runs\ppo_tutor_multi_stage2\PPO_1,PPO_1,425984,4,Eden,0.0
runs\ppo_tutor_multi_stage3_bonus2\PPO_1,PPO_1,425984,4,Eden,0.0
runs\ppo_tutor_multi_stage3_transition_bonus\PPO_1,PPO_1,425984,4,Eden,0.0
runs\ppo_tutor_multi_stage4\PPO_1,PPO_1,425984,4,Eden,0.0
runs\ppo_items200_h1000\PPO_1,PPO_1,450000,4,Eden,0.0
runs\ppo_items200_h800\PPO_1,PPO_1,450000,4,Eden,0.0
runs\ppo_items500_h1000\PPO_1,PPO_1,450000,4,Eden,0.0
runs\ppo_tutor_multi_items100\PPO_1,PPO_1,450000,4,Eden,0.0
runs\ppo_tutor_multi_stage2\PPO_1,PPO_1,450000,4,Eden,0.0
runs\ppo_tutor_multi_stage3_bonus2\PPO_1,PPO_1,450000,4,Eden,0.0
runs\ppo_tutor_multi_stage3_transition_bonus\PPO_1,PPO_1,450000,4,Eden,0.0
runs\ppo_tutor_multi_stage4\PPO_1,PPO_1,450000,4,Eden,0.0
runs\ppo_items200_h1000\PPO_1,PPO_1,458752,4,Eden,0.0
runs\ppo_items200_h800\PPO_1,PPO_1,458752,4,Eden,1.0
runs\ppo_items500_h1000\PPO_1,PPO_1,458752,4,Eden,0.0
runs\ppo_tutor_multi_items100\PPO_1,PPO_1,458752,4,Eden,0.0
runs\ppo_tutor_multi_stage2\PPO_1,PPO_1,458752,4,Eden,0.0
runs\ppo_tutor_multi_stage3_bonus2\PPO_1,PPO_1,458752,4,Eden,0.0
runs\ppo_tutor_multi_stage3_transition_bonus\PPO_1,PPO_1,458752,4,Eden,0.0
runs\ppo_tutor_multi_stage4\PPO_1,PPO_1,458752,4,Eden,0.0
runs\ppo_items200_h1000\PPO_1,PPO_1,475000,4,Eden,1.0
runs\ppo_items200_h800\PPO_1,PPO_1,475000,4,Eden,0.0
runs\ppo_items500_h1000\PPO_1,PPO_1,475000,4,Eden,1.0
runs\ppo_tutor_multi_items100\PPO_1,PPO_1,475000,4,Eden,0.0
runs\ppo_tutor_multi_stage2\PPO_1,PPO_1,475000,4,Eden,0.0
runs\ppo_tutor_multi_stage3_bonus2\PPO_1,PPO_1,475000,4,Eden,1.0
runs\ppo_tutor_multi_stage3_transition_bonus\PPO_1,PPO_1,475000,4,Eden,1.0
runs\ppo_tutor_multi_stage4\PPO_1,PPO_1,475000,4,Eden,0.0
runs\ppo_items200_h1000\PPO_1,PPO_1,491520,4,Eden,1.0
runs\ppo_items200_h800\PPO_1,PPO_1,491520,4,Eden,0.0
runs\ppo_items500_h1000\PPO_1,PPO_1,491520,4,Eden,0.0
runs\ppo_tutor_multi_items100\PPO_1,PPO_1,491520,4,Eden,1.0
runs\ppo_tutor_multi_stage2\PPO_1,PPO_1,491520,4,Eden,0.0
runs\ppo_tutor_multi_stage3_bonus2\PPO_1,PPO_1,491520,4,Eden,0.0
runs\ppo_tutor_multi_stage3_transition_bonus\PPO_1,PPO_1,491520,4,Eden,0.0
runs\ppo_tutor_multi_stage4\PPO_1,PPO_1,491520,4,Eden,0.0
runs\ppo_items200_h1000\PPO_1,PPO_1,500000,4,Eden,0.0
runs\ppo_items200_h800\PPO_1,PPO_1,500000,4,Eden,0.0
runs\ppo_items500_h1000\PPO_1,PPO_1,500000,4,Eden,0.0
runs\ppo_tutor_multi_items100\PPO_1,PPO_1,500000,4,Eden,1.0
runs\ppo_tutor_multi_stage2\PPO_1,PPO_1,500000,4,Eden,0.0
runs\ppo_tutor_multi_stage3_bonus2\PPO_1,PPO_1,500000,4,Eden,0.0
runs\ppo_tutor_multi_stage3_transition_bonus\PPO_1,PPO_1,500000,4,Eden,0.0
runs\ppo_tutor_multi_stage4\PPO_1,PPO_1,500000,4,Eden,0.0
runs\ppo_items200_h1000\PPO_1,PPO_1,524288,4,Eden,2.0
runs\ppo_items200_h800\PPO_1,PPO_1,524288,4,Eden,2.0
runs\ppo_items500_h1000\PPO_1,PPO_1,524288,4,Eden,0.0
runs\ppo_tutor_multi_items100\PPO_1,PPO_1,524288,4,Eden,0.0
runs\ppo_tutor_multi_stage2\PPO_1,PPO_1,524288,4,Eden,0.0
runs\ppo_tutor_multi_stage3_bonus2\PPO_1,PPO_1,524288,4,Eden,0.0
runs\ppo_tutor_multi_stage3_transition_bonus\PPO_1,PPO_1,524288,4,Eden,0.0
runs\ppo_tutor_multi_stage4\PPO_1,PPO_1,524288,4,Eden,0.0
runs\ppo_items200_h1000\PPO_1,PPO_1,525000,4,Eden,2.0
runs\ppo_items200_h800\PPO_1,PPO_1,525000,4,Eden,0.0
runs\ppo_items500_h1000\PPO_1,PPO_1,525000,4,Eden,1.0
runs\ppo_tutor_multi_items100\PPO_1,PPO_1,525000,4,Eden,1.0
runs\ppo_tutor_multi_stage3_bonus2\PPO_1,PPO_1,525000,4,Eden,0.0
runs\ppo_tutor_multi_stage3_transition_bonus\PPO_1,PPO_1,525000,4,Eden,0.0
runs\ppo_tutor_multi_stage4\PPO_1,PPO_1,525000,4,Eden,0.0
runs\ppo_items200_h1000\PPO_1,PPO_1,550000,4,Eden,3.0
runs\ppo_items200_h800\PPO_1,PPO_1,550000,4,Eden,6.0
runs\ppo_items500_h1000\PPO_1,PPO_1,550000,4,Eden,1.0
runs\ppo_tutor_multi_items100\PPO_1,PPO_1,550000,4,Eden,1.0
runs\ppo_tutor_multi_stage3_bonus2\PPO_1,PPO_1,550000,4,Eden,1.0
runs\ppo_tutor_multi_stage4\PPO_1,PPO_1,550000,4,Eden,0.0
runs\ppo_items200_h1000\PPO_1,PPO_1,557056,4,Eden,3.0
runs\ppo_items200_h800\PPO_1,PPO_1,557056,4,Eden,0.0
runs\ppo_items500_h1000\PPO_1,PPO_1,557056,4,Eden,0.0
runs\ppo_tutor_multi_items100\PPO_1,PPO_1,557056,4,Eden,1.0
runs\ppo_tutor_multi_stage3_bonus2\PPO_1,PPO_1,557056,4,Eden,0.0
runs\ppo_tutor_multi_stage4\PPO_1,PPO_1,557056,4,Eden,0.0
runs\ppo_items200_h1000\PPO_1,PPO_1,575000,4,Eden,6.0
runs\ppo_items200_h800\PPO_1,PPO_1,575000,4,Eden,2.0
runs\ppo_items500_h1000\PPO_1,PPO_1,575000,4,Eden,0.0
runs\ppo_tutor_multi_items100\PPO_1,PPO_1,575000,4,Eden,2.0
runs\ppo_tutor_multi_stage3_bonus2\PPO_1,PPO_1,575000,4,Eden,0.0
runs\ppo_tutor_multi_stage4\PPO_1,PPO_1,575000,4,Eden,0.0
runs\ppo_items200_h1000\PPO_1,PPO_1,589824,4,Eden,3.0
runs\ppo_items200_h800\PPO_1,PPO_1,589824,4,Eden,0.0
runs\ppo_items500_h1000\PPO_1,PPO_1,589824,4,Eden,0.0
runs\ppo_tutor_multi_items100\PPO_1,PPO_1,589824,4,Eden,0.0
runs\ppo_tutor_multi_stage3_bonus2\PPO_1,PPO_1,589824,4,Eden,0.0
runs\ppo_tutor_multi_stage4\PPO_1,PPO_1,589824,4,Eden,0.0
runs\ppo_items200_h1000\PPO_1,PPO_1,600000,4,Eden,6.0
runs\ppo_items200_h800\PPO_1,PPO_1,600000,4,Eden,1.0
runs\ppo_items500_h1000\PPO_1,PPO_1,600000,4,Eden,0.0
runs\ppo_tutor_multi_items100\PPO_1,PPO_1,600000,4,Eden,2.0
runs\ppo_tutor_multi_stage3_bonus2\PPO_1,PPO_1,600000,4,Eden,0.0
runs\ppo_tutor_multi_stage4\PPO_1,PPO_1,600000,4,Eden,0.0
runs\ppo_items200_h1000\PPO_1,PPO_1,622592,4,Eden,5.0
runs\ppo_items200_h800\PPO_1,PPO_1,622592,4,Eden,0.0
runs\ppo_items500_h1000\PPO_1,PPO_1,622592,4,Eden,2.0
runs\ppo_tutor_multi_items100\PPO_1,PPO_1,622592,4,Eden,0.0
runs\ppo_tutor_multi_stage3_bonus2\PPO_1,PPO_1,622592,4,Eden,0.0
runs\ppo_tutor_multi_stage4\PPO_1,PPO_1,622592,4,Eden,0.0
runs\ppo_items200_h1000\PPO_1,PPO_1,625000,4,Eden,0.0
runs\ppo_items200_h800\PPO_1,PPO_1,625000,4,Eden,1.0
runs\ppo_items500_h1000\PPO_1,PPO_1,625000,4,Eden,0.0
runs\ppo_tutor_multi_items100\PPO_1,PPO_1,625000,4,Eden,1.0
runs\ppo_tutor_multi_stage3_bonus2\PPO_1,PPO_1,625000,4,Eden,0.0
runs\ppo_tutor_multi_stage4\PPO_1,PPO_1,625000,4,Eden,0.0
runs\ppo_items200_h1000\PPO_1,PPO_1,650000,4,Eden,0.0
runs\ppo_items200_h800\PPO_1,PPO_1,650000,4,Eden,2.0
runs\ppo_items500_h1000\PPO_1,PPO_1,650000,4,Eden,0.0
runs\ppo_tutor_multi_items100\PPO_1,PPO_1,650000,4,Eden,0.0
runs\ppo_tutor_multi_stage3_bonus2\PPO_1,PPO_1,650000,4,Eden,0.0
runs\ppo_tutor_multi_stage4\PPO_1,PPO_1,650000,4,Eden,0.0
runs\ppo_items200_h1000\PPO_1,PPO_1,655360,4,Eden,5.0
runs\ppo_items200_h800\PPO_1,PPO_1,655360,4,Eden,1.0
runs\ppo_items500_h1000\PPO_1,PPO_1,655360,4,Eden,1.0
runs\ppo_tutor_multi_items100\PPO_1,PPO_1,655360,4,Eden,2.0
runs\ppo_tutor_multi_stage3_bonus2\PPO_1,PPO_1,655360,4,Eden,0.0
runs\ppo_tutor_multi_stage4\PPO_1,PPO_1,655360,4,Eden,0.0
runs\ppo_items200_h1000\PPO_1,PPO_1,675000,4,Eden,3.0
runs\ppo_items200_h800\PPO_1,PPO_1,675000,4,Eden,1.0
runs\ppo_items500_h1000\PPO_1,PPO_1,675000,4,Eden,0.0
runs\ppo_tutor_multi_items100\PPO_1,PPO_1,675000,4,Eden,2.0
runs\ppo_tutor_multi_stage3_bonus2\PPO_1,PPO_1,675000,4,Eden,1.0
runs\ppo_tutor_multi_stage4\PPO_1,PPO_1,675000,4,Eden,0.0
runs\ppo_items200_h1000\PPO_1,PPO_1,688128,4,Eden,0.0
runs\ppo_items200_h800\PPO_1,PPO_1,688128,4,Eden,0.0
runs\ppo_items500_h1000\PPO_1,PPO_1,688128,4,Eden,0.0
runs\ppo_tutor_multi_items100\PPO_1,PPO_1,688128,4,Eden,0.0
runs\ppo_tutor_multi_stage3_bonus2\PPO_1,PPO_1,688128,4,Eden,0.0
runs\ppo_tutor_multi_stage4\PPO_1,PPO_1,688128,4,Eden,0.0
runs\ppo_items200_h1000\PPO_1,PPO_1,700000,4,Eden,0.0
runs\ppo_items200_h800\PPO_1,PPO_1,700000,4,Eden,0.0
runs\ppo_items500_h1000\PPO_1,PPO_1,700000,4,Eden,0.0
runs\ppo_tutor_multi_items100\PPO_1,PPO_1,700000,4,Eden,2.0
runs\ppo_tutor_multi_stage3_bonus2\PPO_1,PPO_1,700000,4,Eden,0.0
runs\ppo_tutor_multi_stage4\PPO_1,PPO_1,700000,4,Eden,1.0
runs\ppo_items200_h1000\PPO_1,PPO_1,720896,4,Eden,0.0
runs\ppo_items200_h800\PPO_1,PPO_1,720896,4,Eden,0.0
runs\ppo_items500_h1000\PPO_1,PPO_1,720896,4,Eden,0.0
runs\ppo_tutor_multi_items100\PPO_1,PPO_1,720896,4,Eden,0.0
runs\ppo_tutor_multi_stage3_bonus2\PPO_1,PPO_1,720896,4,Eden,0.0
runs\ppo_tutor_multi_stage4\PPO_1,PPO_1,720896,4,Eden,0.0
runs\ppo_items200_h1000\PPO_1,PPO_1,725000,4,Eden,3.0
runs\ppo_items200_h800\PPO_1,PPO_1,725000,4,Eden,0.0
runs\ppo_items500_h1000\PPO_1,PPO_1,725000,4,Eden,1.0
runs\ppo_tutor_multi_items100\PPO_1,PPO_1,725000,4,Eden,1.0
runs\ppo_tutor_multi_stage3_bonus2\PPO_1,PPO_1,725000,4,Eden,0.0
runs\ppo_tutor_multi_stage4\PPO_1,PPO_1,725000,4,Eden,0.0
runs\ppo_items200_h1000\PPO_1,PPO_1,750000,4,Eden,4.0
runs\ppo_items200_h800\PPO_1,PPO_1,750000,4,Eden,0.0
runs\ppo_items500_h1000\PPO_1,PPO_1,750000,4,Eden,0.0
runs\ppo_tutor_multi_items100\PPO_1,PPO_1,750000,4,Eden,1.0
runs\ppo_tutor_multi_stage3_bonus2\PPO_1,PPO_1,750000,4,Eden,0.0
runs\ppo_tutor_multi_stage4\PPO_1,PPO_1,750000,4,Eden,0.0
runs\ppo_items200_h1000\PPO_1,PPO_1,753664,4,Eden,1.0
runs\ppo_items200_h800\PPO_1,PPO_1,753664,4,Eden,2.0
runs\ppo_items500_h1000\PPO_1,PPO_1,753664,4,Eden,0.0
runs\ppo_tutor_multi_items100\PPO_1,PPO_1,753664,4,Eden,2.0
runs\ppo_tutor_multi_stage3_bonus2\PPO_1,PPO_1,753664,4,Eden,0.0
runs\ppo_tutor_multi_stage4\PPO_1,PPO_1,753664,4,Eden,0.0
runs\ppo_items200_h1000\PPO_1,PPO_1,775000,4,Eden,6.0
runs\ppo_items200_h800\PPO_1,PPO_1,775000,4,Eden,0.0
runs\ppo_items500_h1000\PPO_1,PPO_1,775000,4,Eden,1.0
runs\ppo_tutor_multi_items100\PPO_1,PPO_1,775000,4,Eden,2.0
runs\ppo_tutor_multi_stage3_bonus2\PPO_1,PPO_1,775000,4,Eden,0.0
runs\ppo_tutor_multi_stage4\PPO_1,PPO_1,775000,4,Eden,1.0
runs\ppo_items200_h1000\PPO_1,PPO_1,786432,4,Eden,2.0
runs\ppo_items200_h800\PPO_1,PPO_1,786432,4,Eden,1.0
runs\ppo_items500_h1000\PPO_1,PPO_1,786432,4,Eden,0.0
runs\ppo_tutor_multi_items100\PPO_1,PPO_1,786432,4,Eden,2.0
runs\ppo_tutor_multi_stage3_bonus2\PPO_1,PPO_1,786432,4,Eden,0.0
runs\ppo_tutor_multi_stage4\PPO_1,PPO_1,786432,4,Eden,0.0
runs\ppo_items200_h1000\PPO_1,PPO_1,800000,4,Eden,9.0
runs\ppo_items200_h800\PPO_1,PPO_1,800000,4,Eden,2.0
runs\ppo_items500_h1000\PPO_1,PPO_1,800000,4,Eden,2.0
runs\ppo_tutor_multi_items100\PPO_1,PPO_1,800000,4,Eden,4.0
runs\ppo_tutor_multi_stage3_bonus2\PPO_1,PPO_1,800000,4,Eden,0.0
runs\ppo_tutor_multi_stage4\PPO_1,PPO_1,800000,4,Eden,1.0
runs\ppo_items200_h1000\PPO_1,PPO_1,819200,4,Eden,2.0
runs\ppo_items200_h800\PPO_1,PPO_1,819200,4,Eden,3.0
runs\ppo_items500_h1000\PPO_1,PPO_1,819200,4,Eden,1.0
runs\ppo_tutor_multi_items100\PPO_1,PPO_1,819200,4,Eden,3.0
runs\ppo_tutor_multi_stage3_bonus2\PPO_1,PPO_1,819200,4,Eden,2.0
runs\ppo_tutor_multi_stage4\PPO_1,PPO_1,819200,4,Eden,1.0
runs\ppo_items200_h1000\PPO_1,PPO_1,825000,4,Eden,0.0
runs\ppo_items200_h800\PPO_1,PPO_1,825000,4,Eden,3.0
runs\ppo_items500_h1000\PPO_1,PPO_1,825000,4,Eden,0.0
runs\ppo_tutor_multi_stage4\PPO_1,PPO_1,825000,4,Eden,0.0
runs\ppo_items200_h1000\PPO_1,PPO_1,850000,4,Eden,0.0
runs\ppo_items200_h800\PPO_1,PPO_1,850000,4,Eden,2.0
runs\ppo_items500_h1000\PPO_1,PPO_1,850000,4,Eden,0.0
runs\ppo_items200_h1000\PPO_1,PPO_1,851968,4,Eden,3.0
runs\ppo_items200_h800\PPO_1,PPO_1,851968,4,Eden,0.0
runs\ppo_items500_h1000\PPO_1,PPO_1,851968,4,Eden,0.0
runs\ppo_items200_h1000\PPO_1,PPO_1,875000,4,Eden,0.0
runs\ppo_items200_h800\PPO_1,PPO_1,875000,4,Eden,1.0
runs\ppo_items500_h1000\PPO_1,PPO_1,875000,4,Eden,0.0
runs\ppo_items200_h1000\PPO_1,PPO_1,884736,4,Eden,5.0
runs\ppo_items200_h800\PPO_1,PPO_1,884736,4,Eden,0.0
runs\ppo_items500_h1000\PPO_1,PPO_1,884736,4,Eden,1.0
runs\ppo_items200_h1000\PPO_1,PPO_1,900000,4,Eden,1.0
runs\ppo_items200_h800\PPO_1,PPO_1,900000,4,Eden,1.0
runs\ppo_items500_h1000\PPO_1,PPO_1,900000,4,Eden,0.0
runs\ppo_items200_h1000\PPO_1,PPO_1,917504,4,Eden,0.0
runs\ppo_items200_h800\PPO_1,PPO_1,917504,4,Eden,0.0
runs\ppo_items500_h1000\PPO_1,PPO_1,917504,4,Eden,3.0
runs\ppo_items200_h1000\PPO_1,PPO_1,925000,4,Eden,6.0
runs\ppo_items200_h800\PPO_1,PPO_1,925000,4,Eden,1.0
runs\ppo_items500_h1000\PPO_1,PPO_1,925000,4,Eden,0.0
runs\ppo_items200_h1000\PPO_1,PPO_1,950000,4,Eden,4.0
runs\ppo_items200_h800\PPO_1,PPO_1,950000,4,Eden,1.0
runs\ppo_items500_h1000\PPO_1,PPO_1,950000,4,Eden,2.0
runs\ppo_items200_h1000\PPO_1,PPO_1,950272,4,Eden,5.0
runs\ppo_items200_h800\PPO_1,PPO_1,950272,4,Eden,0.0
runs\ppo_items500_h1000\PPO_1,PPO_1,950272,4,Eden,0.0
runs\ppo_items200_h1000\PPO_1,PPO_1,975000,4,Eden,14.0
runs\ppo_items200_h800\PPO_1,PPO_1,975000,4,Eden,1.0
runs\ppo_items500_h1000\PPO_1,PPO_1,975000,4,Eden,3.0
runs\ppo_items200_h1000\PPO_1,PPO_1,983040,4,Eden,12.0
runs\ppo_items200_h800\PPO_1,PPO_1,983040,4,Eden,1.0
runs\ppo_items500_h1000\PPO_1,PPO_1,983040,4,Eden,2.0
runs\ppo_items200_h1000\PPO_1,PPO_1,1000000,4,Eden,12.0
runs\ppo_items200_h800\PPO_1,PPO_1,1000000,4,Eden,0.0
runs\ppo_items500_h1000\PPO_1,PPO_1,1000000,4,Eden,3.0
runs\ppo_items200_h1000\PPO_1,PPO_1,1015808,4,Eden,11.0
runs\ppo_items200_h800\PPO_1,PPO_1,1015808,4,Eden,1.0
runs\ppo_items500_h1000\PPO_1,PPO_1,1015808,4,Eden,2.0
runs\ppo_items200_h1000\PPO_1,PPO_1,1025000,4,Eden,0.0
runs\ppo_items200_h800\PPO_1,PPO_1,1025000,4,Eden,0.0
runs\ppo_items500_h1000\PPO_1,PPO_1,1025000,4,Eden,0.0
runs\ppo_items200_h1000\PPO_1,PPO_1,1048576,4,Eden,0.0
runs\ppo_items200_h800\PPO_1,PPO_1,1048576,4,Eden,1.0
runs\ppo_items500_h1000\PPO_1,PPO_1,1048576,4,Eden,0.0
runs\ppo_items200_h1000\PPO_1,PPO_1,1050000,4,Eden,1.0
runs\ppo_items200_h800\PPO_1,PPO_1,1050000,4,Eden,0.0
runs\ppo_items500_h1000\PPO_1,PPO_1,1050000,4,Eden,0.0
runs\ppo_items200_h1000\PPO_1,PPO_1,1075000,4,Eden,2.0
runs\ppo_items200_h800\PPO_1,PPO_1,1075000,4,Eden,0.0
runs\ppo_items500_h1000\PPO_1,PPO_1,1075000,4,Eden,0.0
runs\ppo_items200_h1000\PPO_1,PPO_1,1081344,4,Eden,0.0
runs\ppo_items200_h800\PPO_1,PPO_1,1081344,4,Eden,2.0
runs\ppo_items500_h1000\PPO_1,PPO_1,1081344,4,Eden,0.0
runs\ppo_items200_h1000\PPO_1,PPO_1,1100000,4,Eden,5.0
runs\ppo_items200_h800\PPO_1,PPO_1,1100000,4,Eden,3.0
runs\ppo_items500_h1000\PPO_1,PPO_1,1100000,4,Eden,0.0
runs\ppo_items200_h1000\PPO_1,PPO_1,1114112,4,Eden,2.0
runs\ppo_items200_h800\PPO_1,PPO_1,1114112,4,Eden,0.0
runs\ppo_items500_h1000\PPO_1,PPO_1,1114112,4,Eden,0.0
runs\ppo_items200_h1000\PPO_1,PPO_1,1125000,4,Eden,8.0
runs\ppo_items200_h800\PPO_1,PPO_1,1125000,4,Eden,1.0
runs\ppo_items500_h1000\PPO_1,PPO_1,1125000,4,Eden,3.0
runs\ppo_items200_h1000\PPO_1,PPO_1,1146880,4,Eden,5.0
runs\ppo_items200_h800\PPO_1,PPO_1,1146880,4,Eden,0.0
runs\ppo_items500_h1000\PPO_1,PPO_1,1146880,4,Eden,1.0
runs\ppo_items200_h1000\PPO_1,PPO_1,1150000,4,Eden,9.0
runs\ppo_items200_h800\PPO_1,PPO_1,1150000,4,Eden,0.0
runs\ppo_items500_h1000\PPO_1,PPO_1,1150000,4,Eden,3.0
runs\ppo_items200_h1000\PPO_1,PPO_1,1175000,4,Eden,12.0
runs\ppo_items200_h800\PPO_1,PPO_1,1175000,4,Eden,1.0
runs\ppo_items500_h1000\PPO_1,PPO_1,1175000,4,Eden,2.0
runs\ppo_items200_h1000\PPO_1,PPO_1,1179648,4,Eden,6.0
runs\ppo_items200_h800\PPO_1,PPO_1,1179648,4,Eden,0.0
runs\ppo_items500_h1000\PPO_1,PPO_1,1179648,4,Eden,1.0
runs\ppo_items200_h1000\PPO_1,PPO_1,1200000,4,Eden,15.0
runs\ppo_items200_h800\PPO_1,PPO_1,1200000,4,Eden,1.0
runs\ppo_items500_h1000\PPO_1,PPO_1,1200000,4,Eden,2.0
runs\ppo_items200_h1000\PPO_1,PPO_1,1212416,4,Eden,3.0
runs\ppo_items200_h800\PPO_1,PPO_1,1212416,4,Eden,0.0
runs\ppo_items500_h1000\PPO_1,PPO_1,1212416,4,Eden,2.0
runs\ppo_items200_h1000\PPO_1,PPO_1,1225000,4,Eden,0.0
runs\ppo_items500_h1000\PPO_1,PPO_1,1225000,4,Eden,0.0
runs\ppo_items200_h1000\PPO_1,PPO_1,1245184,4,Eden,10.0
runs\ppo_items500_h1000\PPO_1,PPO_1,1245184,4,Eden,1.0
runs\ppo_items200_h1000\PPO_1,PPO_1,1250000,4,Eden,1.0
runs\ppo_items500_h1000\PPO_1,PPO_1,1250000,4,Eden,0.0
runs\ppo_items200_h1000\PPO_1,PPO_1,1275000,4,Eden,2.0
runs\ppo_items500_h1000\PPO_1,PPO_1,1275000,4,Eden,1.0
runs\ppo_items200_h1000\PPO_1,PPO_1,1277952,4,Eden,13.0
runs\ppo_items500_h1000\PPO_1,PPO_1,1277952,4,Eden,4.0
runs\ppo_items200_h1000\PPO_1,PPO_1,1300000,4,Eden,8.0
runs\ppo_items500_h1000\PPO_1,PPO_1,1300000,4,Eden,1.0
runs\ppo_items200_h1000\PPO_1,PPO_1,1310720,4,Eden,12.0
runs\ppo_items500_h1000\PPO_1,PPO_1,1310720,4,Eden,2.0
runs\ppo_items200_h1000\PPO_1,PPO_1,1325000,4,Eden,6.0
runs\ppo_items500_h1000\PPO_1,PPO_1,1325000,4,Eden,3.0
runs\ppo_items200_h1000\PPO_1,PPO_1,1343488,4,Eden,12.0
runs\ppo_items500_h1000\PPO_1,PPO_1,1343488,4,Eden,4.0
runs\ppo_items200_h1000\PPO_1,PPO_1,1350000,4,Eden,13.0
runs\ppo_items500_h1000\PPO_1,PPO_1,1350000,4,Eden,3.0
runs\ppo_items200_h1000\PPO_1,PPO_1,1375000,4,Eden,11.0
runs\ppo_items500_h1000\PPO_1,PPO_1,1375000,4,Eden,4.0
runs\ppo_items200_h1000\PPO_1,PPO_1,1376256,4,Eden,0.0
runs\ppo_items500_h1000\PPO_1,PPO_1,1376256,4,Eden,0.0
runs\ppo_items200_h1000\PPO_1,PPO_1,1400000,4,Eden,15.0
runs\ppo_items500_h1000\PPO_1,PPO_1,1400000,4,Eden,4.0
runs\ppo_items200_h1000\PPO_1,PPO_1,1409024,4,Eden,1.0
runs\ppo_items500_h1000\PPO_1,PPO_1,1409024,4,Eden,0.0
runs\ppo_items200_h1000\PPO_1,PPO_1,1425000,4,Eden,2.0
runs\ppo_items500_h1000\PPO_1,PPO_1,1425000,4,Eden,0.0
runs\ppo_items200_h1000\PPO_1,PPO_1,1441792,4,Eden,3.0
runs\ppo_items500_h1000\PPO_1,PPO_1,1441792,4,Eden,0.0
runs\ppo_items200_h1000\PPO_1,PPO_1,1450000,4,Eden,5.0
runs\ppo_items500_h1000\PPO_1,PPO_1,1450000,4,Eden,2.0
runs\ppo_items200_h1000\PPO_1,PPO_1,1474560,4,Eden,5.0
runs\ppo_items500_h1000\PPO_1,PPO_1,1474560,4,Eden,0.0
runs\ppo_items200_h1000\PPO_1,PPO_1,1475000,4,Eden,7.0
runs\ppo_items500_h1000\PPO_1,PPO_1,1475000,4,Eden,2.0
runs\ppo_items200_h1000\PPO_1,PPO_1,1500000,4,Eden,8.0
runs\ppo_items500_h1000\PPO_1,PPO_1,1500000,4,Eden,3.0
runs\ppo_items200_h1000\PPO_1,PPO_1,1507328,4,Eden,9.0
runs\ppo_items500_h1000\PPO_1,PPO_1,1507328,4,Eden,1.0
runs\ppo_items200_h1000\PPO_1,PPO_1,1525000,4,Eden,11.0
runs\ppo_items500_h1000\PPO_1,PPO_1,1525000,4,Eden,4.0
runs\ppo_items200_h1000\PPO_1,PPO_1,1540096,4,Eden,9.0
runs\ppo_items500_h1000\PPO_1,PPO_1,1540096,4,Eden,1.0
runs\ppo_items200_h1000\PPO_1,PPO_1,1550000,4,Eden,11.0
runs\ppo_items500_h1000\PPO_1,PPO_1,1550000,4,Eden,3.0
runs\ppo_items200_h1000\PPO_1,PPO_1,1572864,4,Eden,9.0
runs\ppo_items500_h1000\PPO_1,PPO_1,1572864,4,Eden,3.0
runs\ppo_items200_h1000\PPO_1,PPO_1,1575000,4,Eden,15.0
runs\ppo_items500_h1000\PPO_1,PPO_1,1575000,4,Eden,5.0
runs\ppo_items200_h1000\PPO_1,PPO_1,1600000,4,Eden,15.0
runs\ppo_items500_h1000\PPO_1,PPO_1,1600000,4,Eden,6.0
runs\ppo_items200_h1000\PPO_1,PPO_1,1605632,4,Eden,12.0
runs\ppo_items500_h1000\PPO_1,PPO_1,1605632,4,Eden,4.0
runs\ppo_items500_h1000\PPO_1,PPO_1,1625000,4,Eden,0.0
runs\ppo_items500_h1000\PPO_1,PPO_1,1638400,4,Eden,3.0
runs\ppo_items500_h1000\PPO_1,PPO_1,1650000,4,Eden,1.0
runs\ppo_items500_h1000\PPO_1,PPO_1,1671168,4,Eden,5.0
runs\ppo_items500_h1000\PPO_1,PPO_1,1675000,4,Eden,1.0
runs\ppo_items500_h1000\PPO_1,PPO_1,1700000,4,Eden,2.0
runs\ppo_items500_h1000\PPO_1,PPO_1,1703936,4,Eden,5.0
runs\ppo_items500_h1000\PPO_1,PPO_1,1725000,4,Eden,4.0
runs\ppo_items500_h1000\PPO_1,PPO_1,1736704,4,Eden,0.0
runs\ppo_items500_h1000\PPO_1,PPO_1,1750000,4,Eden,5.0
runs\ppo_items500_h1000\PPO_1,PPO_1,1769472,4,Eden,0.0
runs\ppo_items500_h1000\PPO_1,PPO_1,1775000,4,Eden,6.0
runs\ppo_items500_h1000\PPO_1,PPO_1,1800000,4,Eden,8.0
runs\ppo_items500_h1000\PPO_1,PPO_1,1802240,4,Eden,3.0
runs\ppo_items500_h1000\PPO_1,PPO_1,1825000,4,Eden,0.0
runs\ppo_items500_h1000\PPO_1,PPO_1,1835008,4,Eden,1.0
runs\ppo_items500_h1000\PPO_1,PPO_1,1850000,4,Eden,0.0
runs\ppo_items500_h1000\PPO_1,PPO_1,1867776,4,Eden,3.0
runs\ppo_items500_h1000\PPO_1,PPO_1,1875000,4,Eden,1.0
runs\ppo_items500_h1000\PPO_1,PPO_1,1900000,4,Eden,4.0
runs\ppo_items500_h1000\PPO_1,PPO_1,1900544,4,Eden,5.0
runs\ppo_items500_h1000\PPO_1,PPO_1,1925000,4,Eden,4.0
runs\ppo_items500_h1000\PPO_1,PPO_1,1933312,4,Eden,4.0
runs\ppo_items500_h1000\PPO_1,PPO_1,1950000,4,Eden,6.0
runs\ppo_items500_h1000\PPO_1,PPO_1,1966080,4,Eden,6.0
runs\ppo_items500_h1000\PPO_1,PPO_1,1975000,4,Eden,5.0
runs\ppo_items500_h1000\PPO_1,PPO_1,1998848,4,Eden,6.0
runs\ppo_items500_h1000\PPO_1,PPO_1,2000000,4,Eden,7.0
runs\ppo_items500_h1000\PPO_1,PPO_1,2025000,4,Eden,1.0
runs\ppo_items500_h1000\PPO_1,PPO_1,2031616,4,Eden,6.0
runs\ab_balanced_items200_h1000\PPO_1,PPO_1,25000,5,Finley,0.0
runs\ab_penalty1_items200_h1200\PPO_1,PPO_1,25000,5,Finley,0.0
runs\ppo_items200_h1000\PPO_1,PPO_1,25000,5,Finley,0.0
runs\ppo_items200_h800\PPO_1,PPO_1,25000,5,Finley,6.0
runs\ppo_items500_h1000\PPO_1,PPO_1,25000,5,Finley,0.0
runs\ppo_tutor_multi_items100\PPO_1,PPO_1,25000,5,Finley,0.0
runs\ppo_tutor_multi_stage2\PPO_1,PPO_1,25000,5,Finley,0.0
runs\ppo_tutor_multi_stage3_bonus2\PPO_1,PPO_1,25000,5,Finley,0.0
runs\ppo_tutor_multi_stage3_transition_bonus\PPO_1,PPO_1,25000,5,Finley,0.0
runs\ppo_tutor_multi_stage4\PPO_1,PPO_1,25000,5,Finley,0.0
runs\ppo_tutor_multi_v6\PPO_1,PPO_1,25000,5,Finley,1.0
runs\ab_balanced_items200_h1000\PPO_1,PPO_1,32768,5,Finley,0.0
runs\ab_penalty1_items200_h1200\PPO_1,PPO_1,32768,5,Finley,1.0
runs\ppo_items200_h1000\PPO_1,PPO_1,32768,5,Finley,0.0
runs\ppo_items200_h800\PPO_1,PPO_1,32768,5,Finley,0.0
runs\ppo_items500_h1000\PPO_1,PPO_1,32768,5,Finley,0.0
runs\ppo_tutor_multi_items100\PPO_1,PPO_1,32768,5,Finley,0.0
runs\ppo_tutor_multi_stage2\PPO_1,PPO_1,32768,5,Finley,0.0
runs\ppo_tutor_multi_stage3_bonus2\PPO_1,PPO_1,32768,5,Finley,0.0
runs\ppo_tutor_multi_stage3_transition_bonus\PPO_1,PPO_1,32768,5,Finley,0.0
runs\ppo_tutor_multi_stage4\PPO_1,PPO_1,32768,5,Finley,0.0
runs\ppo_tutor_multi_v6\PPO_1,PPO_1,32768,5,Finley,1.0
runs\ab_penalty1_items200_h1200\PPO_1,PPO_1,50000,5,Finley,0.0
runs\ppo_items200_h1000\PPO_1,PPO_1,50000,5,Finley,0.0
runs\ppo_items200_h800\PPO_1,PPO_1,50000,5,Finley,0.0
runs\ppo_items500_h1000\PPO_1,PPO_1,50000,5,Finley,0.0
runs\ppo_tutor_multi_items100\PPO_1,PPO_1,50000,5,Finley,0.0
runs\ppo_tutor_multi_stage2\PPO_1,PPO_1,50000,5,Finley,0.0
runs\ppo_tutor_multi_stage3_bonus2\PPO_1,PPO_1,50000,5,Finley,0.0
runs\ppo_tutor_multi_stage3_transition_bonus\PPO_1,PPO_1,50000,5,Finley,0.0
runs\ppo_tutor_multi_stage4\PPO_1,PPO_1,50000,5,Finley,0.0
runs\ppo_tutor_multi_v6\PPO_1,PPO_1,50000,5,Finley,1.0
runs\ab_penalty1_items200_h1200\PPO_1,PPO_1,65536,5,Finley,7.0
runs\ppo_items200_h1000\PPO_1,PPO_1,65536,5,Finley,0.0
runs\ppo_items200_h800\PPO_1,PPO_1,65536,5,Finley,0.0
runs\ppo_items500_h1000\PPO_1,PPO_1,65536,5,Finley,0.0
runs\ppo_tutor_multi_items100\PPO_1,PPO_1,65536,5,Finley,0.0
runs\ppo_tutor_multi_stage2\PPO_1,PPO_1,65536,5,Finley,0.0
runs\ppo_tutor_multi_stage3_bonus2\PPO_1,PPO_1,65536,5,Finley,0.0
runs\ppo_tutor_multi_stage3_transition_bonus\PPO_1,PPO_1,65536,5,Finley,0.0
runs\ppo_tutor_multi_stage4\PPO_1,PPO_1,65536,5,Finley,0.0
runs\ppo_tutor_multi_v6\PPO_1,PPO_1,65536,5,Finley,0.0
runs\ab_penalty1_items200_h1200\PPO_1,PPO_1,75000,5,Finley,3.0
runs\ppo_items200_h1000\PPO_1,PPO_1,75000,5,Finley,0.0
runs\ppo_items200_h800\PPO_1,PPO_1,75000,5,Finley,2.0
runs\ppo_items500_h1000\PPO_1,PPO_1,75000,5,Finley,0.0
runs\ppo_tutor_multi_items100\PPO_1,PPO_1,75000,5,Finley,2.0
runs\ppo_tutor_multi_stage2\PPO_1,PPO_1,75000,5,Finley,0.0
runs\ppo_tutor_multi_stage3_bonus2\PPO_1,PPO_1,75000,5,Finley,1.0
runs\ppo_tutor_multi_stage3_transition_bonus\PPO_1,PPO_1,75000,5,Finley,0.0
runs\ppo_tutor_multi_stage4\PPO_1,PPO_1,75000,5,Finley,1.0
runs\ppo_tutor_multi_v6\PPO_1,PPO_1,75000,5,Finley,0.0
runs\ppo_items200_h1000\PPO_1,PPO_1,98304,5,Finley,0.0
runs\ppo_items200_h800\PPO_1,PPO_1,98304,5,Finley,0.0
runs\ppo_items500_h1000\PPO_1,PPO_1,98304,5,Finley,0.0
runs\ppo_tutor_multi_items100\PPO_1,PPO_1,98304,5,Finley,0.0
runs\ppo_tutor_multi_stage2\PPO_1,PPO_1,98304,5,Finley,0.0
runs\ppo_tutor_multi_stage3_bonus2\PPO_1,PPO_1,98304,5,Finley,0.0
runs\ppo_tutor_multi_stage3_transition_bonus\PPO_1,PPO_1,98304,5,Finley,0.0
runs\ppo_tutor_multi_stage4\PPO_1,PPO_1,98304,5,Finley,0.0
runs\ppo_tutor_multi_v6\PPO_1,PPO_1,98304,5,Finley,1.0
runs\ppo_items200_h1000\PPO_1,PPO_1,100000,5,Finley,0.0
runs\ppo_items200_h800\PPO_1,PPO_1,100000,5,Finley,0.0
runs\ppo_items500_h1000\PPO_1,PPO_1,100000,5,Finley,0.0
runs\ppo_tutor_multi_items100\PPO_1,PPO_1,100000,5,Finley,4.0
runs\ppo_tutor_multi_stage2\PPO_1,PPO_1,100000,5,Finley,0.0
runs\ppo_tutor_multi_stage3_bonus2\PPO_1,PPO_1,100000,5,Finley,0.0
runs\ppo_tutor_multi_stage3_transition_bonus\PPO_1,PPO_1,100000,5,Finley,0.0
runs\ppo_tutor_multi_stage4\PPO_1,PPO_1,100000,5,Finley,0.0
runs\ppo_tutor_multi_v6\PPO_1,PPO_1,100000,5,Finley,0.0
runs\ppo_items200_h1000\PPO_1,PPO_1,125000,5,Finley,2.0
runs\ppo_items200_h800\PPO_1,PPO_1,125000,5,Finley,1.0
runs\ppo_items500_h1000\PPO_1,PPO_1,125000,5,Finley,0.0
runs\ppo_tutor_multi_items100\PPO_1,PPO_1,125000,5,Finley,0.0
runs\ppo_tutor_multi_stage2\PPO_1,PPO_1,125000,5,Finley,0.0
runs\ppo_tutor_multi_stage3_bonus2\PPO_1,PPO_1,125000,5,Finley,0.0
runs\ppo_tutor_multi_stage3_transition_bonus\PPO_1,PPO_1,125000,5,Finley,0.0
runs\ppo_tutor_multi_stage4\PPO_1,PPO_1,125000,5,Finley,0.0
runs\ppo_tutor_multi_v6\PPO_1,PPO_1,125000,5,Finley,0.0
runs\ppo_items200_h1000\PPO_1,PPO_1,131072,5,Finley,0.0
runs\ppo_items200_h800\PPO_1,PPO_1,131072,5,Finley,0.0
runs\ppo_items500_h1000\PPO_1,PPO_1,131072,5,Finley,0.0
runs\ppo_tutor_multi_items100\PPO_1,PPO_1,131072,5,Finley,3.0
runs\ppo_tutor_multi_stage2\PPO_1,PPO_1,131072,5,Finley,1.0
runs\ppo_tutor_multi_stage3_bonus2\PPO_1,PPO_1,131072,5,Finley,0.0
runs\ppo_tutor_multi_stage3_transition_bonus\PPO_1,PPO_1,131072,5,Finley,0.0
runs\ppo_tutor_multi_stage4\PPO_1,PPO_1,131072,5,Finley,0.0
runs\ppo_tutor_multi_v6\PPO_1,PPO_1,131072,5,Finley,0.0
runs\ppo_items200_h1000\PPO_1,PPO_1,150000,5,Finley,1.0
runs\ppo_items200_h800\PPO_1,PPO_1,150000,5,Finley,0.0
runs\ppo_items500_h1000\PPO_1,PPO_1,150000,5,Finley,2.0
runs\ppo_tutor_multi_items100\PPO_1,PPO_1,150000,5,Finley,0.0
runs\ppo_tutor_multi_stage2\PPO_1,PPO_1,150000,5,Finley,3.0
runs\ppo_tutor_multi_stage3_bonus2\PPO_1,PPO_1,150000,5,Finley,0.0
runs\ppo_tutor_multi_stage3_transition_bonus\PPO_1,PPO_1,150000,5,Finley,0.0
runs\ppo_tutor_multi_stage4\PPO_1,PPO_1,150000,5,Finley,0.0
runs\ppo_tutor_multi_v6\PPO_1,PPO_1,150000,5,Finley,1.0
runs\ppo_items200_h1000\PPO_1,PPO_1,163840,5,Finley,1.0
runs\ppo_items200_h800\PPO_1,PPO_1,163840,5,Finley,1.0
runs\ppo_items500_h1000\PPO_1,PPO_1,163840,5,Finley,0.0
runs\ppo_tutor_multi_items100\PPO_1,PPO_1,163840,5,Finley,3.0
runs\ppo_tutor_multi_stage2\PPO_1,PPO_1,163840,5,Finley,0.0
runs\ppo_tutor_multi_stage3_bonus2\PPO_1,PPO_1,163840,5,Finley,1.0
runs\ppo_tutor_multi_stage3_transition_bonus\PPO_1,PPO_1,163840,5,Finley,1.0
runs\ppo_tutor_multi_stage4\PPO_1,PPO_1,163840,5,Finley,0.0
runs\ppo_tutor_multi_v6\PPO_1,PPO_1,163840,5,Finley,0.0
runs\ppo_items200_h1000\PPO_1,PPO_1,175000,5,Finley,2.0
runs\ppo_items200_h800\PPO_1,PPO_1,175000,5,Finley,0.0
runs\ppo_items500_h1000\PPO_1,PPO_1,175000,5,Finley,0.0
runs\ppo_tutor_multi_items100\PPO_1,PPO_1,175000,5,Finley,2.0
runs\ppo_tutor_multi_stage2\PPO_1,PPO_1,175000,5,Finley,2.0
runs\ppo_tutor_multi_stage3_bonus2\PPO_1,PPO_1,175000,5,Finley,0.0
runs\ppo_tutor_multi_stage3_transition_bonus\PPO_1,PPO_1,175000,5,Finley,0.0
runs\ppo_tutor_multi_stage4\PPO_1,PPO_1,175000,5,Finley,0.0
runs\ppo_tutor_multi_v6\PPO_1,PPO_1,175000,5,Finley,1.0
runs\ppo_items200_h1000\PPO_1,PPO_1,196608,5,Finley,1.0
runs\ppo_items200_h800\PPO_1,PPO_1,196608,5,Finley,0.0
runs\ppo_items500_h1000\PPO_1,PPO_1,196608,5,Finley,0.0
runs\ppo_tutor_multi_items100\PPO_1,PPO_1,196608,5,Finley,0.0
runs\ppo_tutor_multi_stage2\PPO_1,PPO_1,196608,5,Finley,0.0
runs\ppo_tutor_multi_stage3_bonus2\PPO_1,PPO_1,196608,5,Finley,0.0
runs\ppo_tutor_multi_stage3_transition_bonus\PPO_1,PPO_1,196608,5,Finley,0.0
runs\ppo_tutor_multi_stage4\PPO_1,PPO_1,196608,5,Finley,0.0
runs\ppo_tutor_multi_v6\PPO_1,PPO_1,196608,5,Finley,4.0
runs\ppo_items200_h1000\PPO_1,PPO_1,200000,5,Finley,4.0
runs\ppo_items200_h800\PPO_1,PPO_1,200000,5,Finley,0.0
runs\ppo_items500_h1000\PPO_1,PPO_1,200000,5,Finley,0.0
runs\ppo_tutor_multi_items100\PPO_1,PPO_1,200000,5,Finley,4.0
runs\ppo_tutor_multi_stage2\PPO_1,PPO_1,200000,5,Finley,0.0
runs\ppo_tutor_multi_stage3_bonus2\PPO_1,PPO_1,200000,5,Finley,1.0
runs\ppo_tutor_multi_stage3_transition_bonus\PPO_1,PPO_1,200000,5,Finley,0.0
runs\ppo_tutor_multi_stage4\PPO_1,PPO_1,200000,5,Finley,0.0
runs\ppo_tutor_multi_v6\PPO_1,PPO_1,200000,5,Finley,0.0
runs\ppo_items200_h1000\PPO_1,PPO_1,225000,5,Finley,0.0
runs\ppo_items200_h800\PPO_1,PPO_1,225000,5,Finley,0.0
runs\ppo_items500_h1000\PPO_1,PPO_1,225000,5,Finley,0.0
runs\ppo_tutor_multi_items100\PPO_1,PPO_1,225000,5,Finley,0.0
runs\ppo_tutor_multi_stage2\PPO_1,PPO_1,225000,5,Finley,1.0
runs\ppo_tutor_multi_stage3_bonus2\PPO_1,PPO_1,225000,5,Finley,0.0
runs\ppo_tutor_multi_stage3_transition_bonus\PPO_1,PPO_1,225000,5,Finley,0.0
runs\ppo_tutor_multi_stage4\PPO_1,PPO_1,225000,5,Finley,1.0
runs\ppo_tutor_multi_v6\PPO_1,PPO_1,225000,5,Finley,0.0
runs\ppo_items200_h1000\PPO_1,PPO_1,229376,5,Finley,2.0
runs\ppo_items200_h800\PPO_1,PPO_1,229376,5,Finley,2.0
runs\ppo_items500_h1000\PPO_1,PPO_1,229376,5,Finley,0.0
runs\ppo_tutor_multi_items100\PPO_1,PPO_1,229376,5,Finley,0.0
runs\ppo_tutor_multi_stage2\PPO_1,PPO_1,229376,5,Finley,0.0
runs\ppo_tutor_multi_stage3_bonus2\PPO_1,PPO_1,229376,5,Finley,0.0
runs\ppo_tutor_multi_stage3_transition_bonus\PPO_1,PPO_1,229376,5,Finley,0.0
runs\ppo_tutor_multi_stage4\PPO_1,PPO_1,229376,5,Finley,0.0
runs\ppo_tutor_multi_v6\PPO_1,PPO_1,229376,5,Finley,0.0
runs\ppo_items200_h1000\PPO_1,PPO_1,250000,5,Finley,0.0
runs\ppo_items200_h800\PPO_1,PPO_1,250000,5,Finley,0.0
runs\ppo_items500_h1000\PPO_1,PPO_1,250000,5,Finley,0.0
runs\ppo_tutor_multi_items100\PPO_1,PPO_1,250000,5,Finley,0.0
runs\ppo_tutor_multi_stage2\PPO_1,PPO_1,250000,5,Finley,0.0
runs\ppo_tutor_multi_stage3_bonus2\PPO_1,PPO_1,250000,5,Finley,0.0
runs\ppo_tutor_multi_stage3_transition_bonus\PPO_1,PPO_1,250000,5,Finley,0.0
runs\ppo_tutor_multi_stage4\PPO_1,PPO_1,250000,5,Finley,0.0
runs\ppo_tutor_multi_v6\PPO_1,PPO_1,250000,5,Finley,0.0
runs\ppo_items200_h1000\PPO_1,PPO_1,262144,5,Finley,2.0
runs\ppo_items200_h800\PPO_1,PPO_1,262144,5,Finley,1.0
runs\ppo_items500_h1000\PPO_1,PPO_1,262144,5,Finley,2.0
runs\ppo_tutor_multi_items100\PPO_1,PPO_1,262144,5,Finley,0.0
runs\ppo_tutor_multi_stage2\PPO_1,PPO_1,262144,5,Finley,1.0
runs\ppo_tutor_multi_stage3_bonus2\PPO_1,PPO_1,262144,5,Finley,1.0
runs\ppo_tutor_multi_stage3_transition_bonus\PPO_1,PPO_1,262144,5,Finley,1.0
runs\ppo_tutor_multi_stage4\PPO_1,PPO_1,262144,5,Finley,0.0
runs\ppo_tutor_multi_v6\PPO_1,PPO_1,262144,5,Finley,0.0
runs\ppo_items200_h1000\PPO_1,PPO_1,275000,5,Finley,0.0
runs\ppo_items200_h800\PPO_1,PPO_1,275000,5,Finley,4.0
runs\ppo_items500_h1000\PPO_1,PPO_1,275000,5,Finley,0.0
runs\ppo_tutor_multi_items100\PPO_1,PPO_1,275000,5,Finley,1.0
runs\ppo_tutor_multi_stage2\PPO_1,PPO_1,275000,5,Finley,0.0
runs\ppo_tutor_multi_stage3_bonus2\PPO_1,PPO_1,275000,5,Finley,0.0
runs\ppo_tutor_multi_stage3_transition_bonus\PPO_1,PPO_1,275000,5,Finley,0.0
runs\ppo_tutor_multi_stage4\PPO_1,PPO_1,275000,5,Finley,0.0
runs\ppo_tutor_multi_v6\PPO_1,PPO_1,275000,5,Finley,2.0
runs\ppo_items200_h1000\PPO_1,PPO_1,294912,5,Finley,3.0
runs\ppo_items200_h800\PPO_1,PPO_1,294912,5,Finley,0.0
runs\ppo_items500_h1000\PPO_1,PPO_1,294912,5,Finley,2.0
runs\ppo_tutor_multi_items100\PPO_1,PPO_1,294912,5,Finley,2.0
runs\ppo_tutor_multi_stage2\PPO_1,PPO_1,294912,5,Finley,0.0
runs\ppo_tutor_multi_stage3_bonus2\PPO_1,PPO_1,294912,5,Finley,0.0
runs\ppo_tutor_multi_stage3_transition_bonus\PPO_1,PPO_1,294912,5,Finley,0.0
runs\ppo_tutor_multi_stage4\PPO_1,PPO_1,294912,5,Finley,2.0
runs\ppo_tutor_multi_v6\PPO_1,PPO_1,294912,5,Finley,2.0
runs\ppo_items200_h1000\PPO_1,PPO_1,300000,5,Finley,0.0
runs\ppo_items200_h800\PPO_1,PPO_1,300000,5,Finley,0.0
runs\ppo_items500_h1000\PPO_1,PPO_1,300000,5,Finley,1.0
runs\ppo_tutor_multi_items100\PPO_1,PPO_1,300000,5,Finley,4.0
runs\ppo_tutor_multi_stage2\PPO_1,PPO_1,300000,5,Finley,2.0
runs\ppo_tutor_multi_stage3_bonus2\PPO_1,PPO_1,300000,5,Finley,0.0
runs\ppo_tutor_multi_stage3_transition_bonus\PPO_1,PPO_1,300000,5,Finley,0.0
runs\ppo_tutor_multi_stage4\PPO_1,PPO_1,300000,5,Finley,0.0
runs\ppo_tutor_multi_v6\PPO_1,PPO_1,300000,5,Finley,2.0
runs\ppo_items200_h1000\PPO_1,PPO_1,325000,5,Finley,1.0
runs\ppo_items200_h800\PPO_1,PPO_1,325000,5,Finley,1.0
runs\ppo_items500_h1000\PPO_1,PPO_1,325000,5,Finley,0.0
runs\ppo_tutor_multi_items100\PPO_1,PPO_1,325000,5,Finley,0.0
runs\ppo_tutor_multi_stage2\PPO_1,PPO_1,325000,5,Finley,0.0
runs\ppo_tutor_multi_stage3_bonus2\PPO_1,PPO_1,325000,5,Finley,0.0
runs\ppo_tutor_multi_stage3_transition_bonus\PPO_1,PPO_1,325000,5,Finley,0.0
runs\ppo_tutor_multi_stage4\PPO_1,PPO_1,325000,5,Finley,0.0
runs\ppo_tutor_multi_v6\PPO_1,PPO_1,325000,5,Finley,0.0
runs\ppo_items200_h1000\PPO_1,PPO_1,327680,5,Finley,1.0
runs\ppo_items200_h800\PPO_1,PPO_1,327680,5,Finley,0.0
runs\ppo_items500_h1000\PPO_1,PPO_1,327680,5,Finley,5.0
runs\ppo_tutor_multi_items100\PPO_1,PPO_1,327680,5,Finley,1.0
runs\ppo_tutor_multi_stage2\PPO_1,PPO_1,327680,5,Finley,0.0
runs\ppo_tutor_multi_stage3_bonus2\PPO_1,PPO_1,327680,5,Finley,1.0
runs\ppo_tutor_multi_stage3_transition_bonus\PPO_1,PPO_1,327680,5,Finley,0.0
runs\ppo_tutor_multi_stage4\PPO_1,PPO_1,327680,5,Finley,0.0
runs\ppo_tutor_multi_v6\PPO_1,PPO_1,327680,5,Finley,0.0
runs\ppo_items200_h1000\PPO_1,PPO_1,350000,5,Finley,1.0
runs\ppo_items200_h800\PPO_1,PPO_1,350000,5,Finley,1.0
runs\ppo_items500_h1000\PPO_1,PPO_1,350000,5,Finley,0.0
runs\ppo_tutor_multi_items100\PPO_1,PPO_1,350000,5,Finley,0.0
runs\ppo_tutor_multi_stage2\PPO_1,PPO_1,350000,5,Finley,0.0
runs\ppo_tutor_multi_stage3_bonus2\PPO_1,PPO_1,350000,5,Finley,0.0
runs\ppo_tutor_multi_stage3_transition_bonus\PPO_1,PPO_1,350000,5,Finley,0.0
runs\ppo_tutor_multi_stage4\PPO_1,PPO_1,350000,5,Finley,0.0
runs\ppo_items200_h1000\PPO_1,PPO_1,360448,5,Finley,0.0
runs\ppo_items200_h800\PPO_1,PPO_1,360448,5,Finley,0.0
runs\ppo_items500_h1000\PPO_1,PPO_1,360448,5,Finley,0.0
runs\ppo_tutor_multi_items100\PPO_1,PPO_1,360448,5,Finley,0.0
runs\ppo_tutor_multi_stage2\PPO_1,PPO_1,360448,5,Finley,0.0
runs\ppo_tutor_multi_stage3_bonus2\PPO_1,PPO_1,360448,5,Finley,0.0
runs\ppo_tutor_multi_stage3_transition_bonus\PPO_1,PPO_1,360448,5,Finley,0.0
runs\ppo_tutor_multi_stage4\PPO_1,PPO_1,360448,5,Finley,0.0
runs\ppo_items200_h1000\PPO_1,PPO_1,375000,5,Finley,2.0
runs\ppo_items200_h800\PPO_1,PPO_1,375000,5,Finley,0.0
runs\ppo_items500_h1000\PPO_1,PPO_1,375000,5,Finley,0.0
runs\ppo_tutor_multi_items100\PPO_1,PPO_1,375000,5,Finley,0.0
runs\ppo_tutor_multi_stage2\PPO_1,PPO_1,375000,5,Finley,0.0
runs\ppo_tutor_multi_stage3_bonus2\PPO_1,PPO_1,375000,5,Finley,0.0
runs\ppo_tutor_multi_stage3_transition_bonus\PPO_1,PPO_1,375000,5,Finley,0.0
runs\ppo_tutor_multi_stage4\PPO_1,PPO_1,375000,5,Finley,0.0
runs\ppo_items200_h1000\PPO_1,PPO_1,393216,5,Finley,0.0
runs\ppo_items200_h800\PPO_1,PPO_1,393216,5,Finley,0.0
runs\ppo_items500_h1000\PPO_1,PPO_1,393216,5,Finley,0.0
runs\ppo_tutor_multi_items100\PPO_1,PPO_1,393216,5,Finley,0.0
runs\ppo_tutor_multi_stage2\PPO_1,PPO_1,393216,5,Finley,2.0
runs\ppo_tutor_multi_stage3_bonus2\PPO_1,PPO_1,393216,5,Finley,0.0
runs\ppo_tutor_multi_stage3_transition_bonus\PPO_1,PPO_1,393216,5,Finley,0.0
runs\ppo_tutor_multi_stage4\PPO_1,PPO_1,393216,5,Finley,0.0
runs\ppo_items200_h1000\PPO_1,PPO_1,400000,5,Finley,4.0
runs\ppo_items200_h800\PPO_1,PPO_1,400000,5,Finley,1.0
runs\ppo_items500_h1000\PPO_1,PPO_1,400000,5,Finley,1.0
runs\ppo_tutor_multi_items100\PPO_1,PPO_1,400000,5,Finley,6.0
runs\ppo_tutor_multi_stage2\PPO_1,PPO_1,400000,5,Finley,3.0
runs\ppo_tutor_multi_stage3_bonus2\PPO_1,PPO_1,400000,5,Finley,0.0
runs\ppo_tutor_multi_stage3_transition_bonus\PPO_1,PPO_1,400000,5,Finley,0.0
runs\ppo_tutor_multi_stage4\PPO_1,PPO_1,400000,5,Finley,0.0
runs\ppo_items200_h1000\PPO_1,PPO_1,425000,5,Finley,0.0
runs\ppo_items200_h800\PPO_1,PPO_1,425000,5,Finley,0.0
runs\ppo_items500_h1000\PPO_1,PPO_1,425000,5,Finley,0.0
runs\ppo_tutor_multi_items100\PPO_1,PPO_1,425000,5,Finley,0.0
runs\ppo_tutor_multi_stage2\PPO_1,PPO_1,425000,5,Finley,1.0
runs\ppo_tutor_multi_stage3_bonus2\PPO_1,PPO_1,425000,5,Finley,0.0
runs\ppo_tutor_multi_stage3_transition_bonus\PPO_1,PPO_1,425000,5,Finley,0.0
runs\ppo_tutor_multi_stage4\PPO_1,PPO_1,425000,5,Finley,1.0
runs\ppo_items200_h1000\PPO_1,PPO_1,425984,5,Finley,0.0
runs\ppo_items200_h800\PPO_1,PPO_1,425984,5,Finley,1.0
runs\ppo_items500_h1000\PPO_1,PPO_1,425984,5,Finley,0.0
runs\ppo_tutor_multi_items100\PPO_1,PPO_1,425984,5,Finley,0.0
runs\ppo_tutor_multi_stage2\PPO_1,PPO_1,425984,5,Finley,0.0
runs\ppo_tutor_multi_stage3_bonus2\PPO_1,PPO_1,425984,5,Finley,0.0
runs\ppo_tutor_multi_stage3_transition_bonus\PPO_1,PPO_1,425984,5,Finley,0.0
runs\ppo_tutor_multi_stage4\PPO_1,PPO_1,425984,5,Finley,0.0
runs\ppo_items200_h1000\PPO_1,PPO_1,450000,5,Finley,0.0
runs\ppo_items200_h800\PPO_1,PPO_1,450000,5,Finley,0.0
runs\ppo_items500_h1000\PPO_1,PPO_1,450000,5,Finley,0.0
runs\ppo_tutor_multi_items100\PPO_1,PPO_1,450000,5,Finley,1.0
runs\ppo_tutor_multi_stage2\PPO_1,PPO_1,450000,5,Finley,0.0
runs\ppo_tutor_multi_stage3_bonus2\PPO_1,PPO_1,450000,5,Finley,0.0
runs\ppo_tutor_multi_stage3_transition_bonus\PPO_1,PPO_1,450000,5,Finley,0.0
runs\ppo_tutor_multi_stage4\PPO_1,PPO_1,450000,5,Finley,0.0
runs\ppo_items200_h1000\PPO_1,PPO_1,458752,5,Finley,0.0
runs\ppo_items200_h800\PPO_1,PPO_1,458752,5,Finley,1.0
runs\ppo_items500_h1000\PPO_1,PPO_1,458752,5,Finley,0.0
runs\ppo_tutor_multi_items100\PPO_1,PPO_1,458752,5,Finley,0.0
runs\ppo_tutor_multi_stage2\PPO_1,PPO_1,458752,5,Finley,0.0
runs\ppo_tutor_multi_stage3_bonus2\PPO_1,PPO_1,458752,5,Finley,0.0
runs\ppo_tutor_multi_stage3_transition_bonus\PPO_1,PPO_1,458752,5,Finley,1.0
runs\ppo_tutor_multi_stage4\PPO_1,PPO_1,458752,5,Finley,0.0
runs\ppo_items200_h1000\PPO_1,PPO_1,475000,5,Finley,1.0
runs\ppo_items200_h800\PPO_1,PPO_1,475000,5,Finley,0.0
runs\ppo_items500_h1000\PPO_1,PPO_1,475000,5,Finley,0.0
runs\ppo_tutor_multi_items100\PPO_1,PPO_1,475000,5,Finley,0.0
runs\ppo_tutor_multi_stage2\PPO_1,PPO_1,475000,5,Finley,0.0
runs\ppo_tutor_multi_stage3_bonus2\PPO_1,PPO_1,475000,5,Finley,0.0
runs\ppo_tutor_multi_stage3_transition_bonus\PPO_1,PPO_1,475000,5,Finley,1.0
runs\ppo_tutor_multi_stage4\PPO_1,PPO_1,475000,5,Finley,1.0
runs\ppo_items200_h1000\PPO_1,PPO_1,491520,5,Finley,0.0
runs\ppo_items200_h800\PPO_1,PPO_1,491520,5,Finley,0.0
runs\ppo_items500_h1000\PPO_1,PPO_1,491520,5,Finley,0.0
runs\ppo_tutor_multi_items100\PPO_1,PPO_1,491520,5,Finley,3.0
runs\ppo_tutor_multi_stage2\PPO_1,PPO_1,491520,5,Finley,1.0
runs\ppo_tutor_multi_stage3_bonus2\PPO_1,PPO_1,491520,5,Finley,0.0
runs\ppo_tutor_multi_stage3_transition_bonus\PPO_1,PPO_1,491520,5,Finley,0.0
runs\ppo_tutor_multi_stage4\PPO_1,PPO_1,491520,5,Finley,0.0
runs\ppo_items200_h1000\PPO_1,PPO_1,500000,5,Finley,1.0
runs\ppo_items200_h800\PPO_1,PPO_1,500000,5,Finley,0.0
runs\ppo_items500_h1000\PPO_1,PPO_1,500000,5,Finley,0.0
runs\ppo_tutor_multi_items100\PPO_1,PPO_1,500000,5,Finley,6.0
runs\ppo_tutor_multi_stage2\PPO_1,PPO_1,500000,5,Finley,0.0
runs\ppo_tutor_multi_stage3_bonus2\PPO_1,PPO_1,500000,5,Finley,0.0
runs\ppo_tutor_multi_stage3_transition_bonus\PPO_1,PPO_1,500000,5,Finley,0.0
runs\ppo_tutor_multi_stage4\PPO_1,PPO_1,500000,5,Finley,1.0
runs\ppo_items200_h1000\PPO_1,PPO_1,524288,5,Finley,0.0
runs\ppo_items200_h800\PPO_1,PPO_1,524288,5,Finley,1.0
runs\ppo_items500_h1000\PPO_1,PPO_1,524288,5,Finley,0.0
runs\ppo_tutor_multi_items100\PPO_1,PPO_1,524288,5,Finley,0.0
runs\ppo_tutor_multi_stage2\PPO_1,PPO_1,524288,5,Finley,1.0
runs\ppo_tutor_multi_stage3_bonus2\PPO_1,PPO_1,524288,5,Finley,0.0
runs\ppo_tutor_multi_stage3_transition_bonus\PPO_1,PPO_1,524288,5,Finley,0.0
runs\ppo_tutor_multi_stage4\PPO_1,PPO_1,524288,5,Finley,0.0
runs\ppo_items200_h1000\PPO_1,PPO_1,525000,5,Finley,2.0
runs\ppo_items200_h800\PPO_1,PPO_1,525000,5,Finley,0.0
runs\ppo_items500_h1000\PPO_1,PPO_1,525000,5,Finley,0.0
runs\ppo_tutor_multi_items100\PPO_1,PPO_1,525000,5,Finley,0.0
runs\ppo_tutor_multi_stage3_bonus2\PPO_1,PPO_1,525000,5,Finley,0.0
runs\ppo_tutor_multi_stage3_transition_bonus\PPO_1,PPO_1,525000,5,Finley,0.0
runs\ppo_tutor_multi_stage4\PPO_1,PPO_1,525000,5,Finley,0.0
runs\ppo_items200_h1000\PPO_1,PPO_1,550000,5,Finley,2.0
runs\ppo_items200_h800\PPO_1,PPO_1,550000,5,Finley,2.0
runs\ppo_items500_h1000\PPO_1,PPO_1,550000,5,Finley,0.0
runs\ppo_tutor_multi_items100\PPO_1,PPO_1,550000,5,Finley,0.0
runs\ppo_tutor_multi_stage3_bonus2\PPO_1,PPO_1,550000,5,Finley,0.0
runs\ppo_tutor_multi_stage4\PPO_1,PPO_1,550000,5,Finley,1.0
runs\ppo_items200_h1000\PPO_1,PPO_1,557056,5,Finley,2.0
runs\ppo_items200_h800\PPO_1,PPO_1,557056,5,Finley,0.0
runs\ppo_items500_h1000\PPO_1,PPO_1,557056,5,Finley,0.0
runs\ppo_tutor_multi_items100\PPO_1,PPO_1,557056,5,Finley,0.0
runs\ppo_tutor_multi_stage3_bonus2\PPO_1,PPO_1,557056,5,Finley,0.0
runs\ppo_tutor_multi_stage4\PPO_1,PPO_1,557056,5,Finley,0.0
runs\ppo_items200_h1000\PPO_1,PPO_1,575000,5,Finley,3.0
runs\ppo_items200_h800\PPO_1,PPO_1,575000,5,Finley,0.0
runs\ppo_items500_h1000\PPO_1,PPO_1,575000,5,Finley,5.0
runs\ppo_tutor_multi_items100\PPO_1,PPO_1,575000,5,Finley,3.0
runs\ppo_tutor_multi_stage3_bonus2\PPO_1,PPO_1,575000,5,Finley,1.0
runs\ppo_tutor_multi_stage4\PPO_1,PPO_1,575000,5,Finley,0.0
runs\ppo_items200_h1000\PPO_1,PPO_1,589824,5,Finley,2.0
runs\ppo_items200_h800\PPO_1,PPO_1,589824,5,Finley,0.0
runs\ppo_items500_h1000\PPO_1,PPO_1,589824,5,Finley,0.0
runs\ppo_tutor_multi_items100\PPO_1,PPO_1,589824,5,Finley,0.0
runs\ppo_tutor_multi_stage3_bonus2\PPO_1,PPO_1,589824,5,Finley,0.0
runs\ppo_tutor_multi_stage4\PPO_1,PPO_1,589824,5,Finley,0.0
runs\ppo_items200_h1000\PPO_1,PPO_1,600000,5,Finley,3.0
runs\ppo_items200_h800\PPO_1,PPO_1,600000,5,Finley,0.0
runs\ppo_items500_h1000\PPO_1,PPO_1,600000,5,Finley,3.0
runs\ppo_tutor_multi_items100\PPO_1,PPO_1,600000,5,Finley,6.0
runs\ppo_tutor_multi_stage3_bonus2\PPO_1,PPO_1,600000,5,Finley,0.0
runs\ppo_tutor_multi_stage4\PPO_1,PPO_1,600000,5,Finley,0.0
runs\ppo_items200_h1000\PPO_1,PPO_1,622592,5,Finley,3.0
runs\ppo_items200_h800\PPO_1,PPO_1,622592,5,Finley,1.0
runs\ppo_items500_h1000\PPO_1,PPO_1,622592,5,Finley,3.0
runs\ppo_tutor_multi_items100\PPO_1,PPO_1,622592,5,Finley,2.0
runs\ppo_tutor_multi_stage3_bonus2\PPO_1,PPO_1,622592,5,Finley,2.0
runs\ppo_tutor_multi_stage4\PPO_1,PPO_1,622592,5,Finley,1.0
runs\ppo_items200_h1000\PPO_1,PPO_1,625000,5,Finley,0.0
runs\ppo_items200_h800\PPO_1,PPO_1,625000,5,Finley,3.0
runs\ppo_items500_h1000\PPO_1,PPO_1,625000,5,Finley,0.0
runs\ppo_tutor_multi_items100\PPO_1,PPO_1,625000,5,Finley,0.0
runs\ppo_tutor_multi_stage3_bonus2\PPO_1,PPO_1,625000,5,Finley,0.0
runs\ppo_tutor_multi_stage4\PPO_1,PPO_1,625000,5,Finley,0.0
runs\ppo_items200_h1000\PPO_1,PPO_1,650000,5,Finley,0.0
runs\ppo_items200_h800\PPO_1,PPO_1,650000,5,Finley,0.0
runs\ppo_items500_h1000\PPO_1,PPO_1,650000,5,Finley,0.0
runs\ppo_tutor_multi_items100\PPO_1,PPO_1,650000,5,Finley,2.0
runs\ppo_tutor_multi_stage3_bonus2\PPO_1,PPO_1,650000,5,Finley,1.0
runs\ppo_tutor_multi_stage4\PPO_1,PPO_1,650000,5,Finley,0.0
runs\ppo_items200_h1000\PPO_1,PPO_1,655360,5,Finley,1.0
runs\ppo_items200_h800\PPO_1,PPO_1,655360,5,Finley,0.0
runs\ppo_items500_h1000\PPO_1,PPO_1,655360,5,Finley,1.0
runs\ppo_tutor_multi_items100\PPO_1,PPO_1,655360,5,Finley,3.0
runs\ppo_tutor_multi_stage3_bonus2\PPO_1,PPO_1,655360,5,Finley,0.0
runs\ppo_tutor_multi_stage4\PPO_1,PPO_1,655360,5,Finley,1.0
runs\ppo_items200_h1000\PPO_1,PPO_1,675000,5,Finley,0.0
runs\ppo_items200_h800\PPO_1,PPO_1,675000,5,Finley,2.0
runs\ppo_items500_h1000\PPO_1,PPO_1,675000,5,Finley,1.0
runs\ppo_tutor_multi_items100\PPO_1,PPO_1,675000,5,Finley,3.0
runs\ppo_tutor_multi_stage3_bonus2\PPO_1,PPO_1,675000,5,Finley,0.0
runs\ppo_tutor_multi_stage4\PPO_1,PPO_1,675000,5,Finley,0.0
runs\ppo_items200_h1000\PPO_1,PPO_1,688128,5,Finley,0.0
runs\ppo_items200_h800\PPO_1,PPO_1,688128,5,Finley,3.0
runs\ppo_items500_h1000\PPO_1,PPO_1,688128,5,Finley,0.0
runs\ppo_tutor_multi_items100\PPO_1,PPO_1,688128,5,Finley,0.0
runs\ppo_tutor_multi_stage3_bonus2\PPO_1,PPO_1,688128,5,Finley,0.0
runs\ppo_tutor_multi_stage4\PPO_1,PPO_1,688128,5,Finley,0.0
runs\ppo_items200_h1000\PPO_1,PPO_1,700000,5,Finley,0.0
runs\ppo_items200_h800\PPO_1,PPO_1,700000,5,Finley,0.0
runs\ppo_items500_h1000\PPO_1,PPO_1,700000,5,Finley,0.0
runs\ppo_tutor_multi_items100\PPO_1,PPO_1,700000,5,Finley,2.0
runs\ppo_tutor_multi_stage3_bonus2\PPO_1,PPO_1,700000,5,Finley,1.0
runs\ppo_tutor_multi_stage4\PPO_1,PPO_1,700000,5,Finley,0.0
runs\ppo_items200_h1000\PPO_1,PPO_1,720896,5,Finley,0.0
runs\ppo_items200_h800\PPO_1,PPO_1,720896,5,Finley,1.0
runs\ppo_items500_h1000\PPO_1,PPO_1,720896,5,Finley,0.0
runs\ppo_tutor_multi_items100\PPO_1,PPO_1,720896,5,Finley,0.0
runs\ppo_tutor_multi_stage3_bonus2\PPO_1,PPO_1,720896,5,Finley,0.0
runs\ppo_tutor_multi_stage4\PPO_1,PPO_1,720896,5,Finley,0.0
runs\ppo_items200_h1000\PPO_1,PPO_1,725000,5,Finley,1.0
runs\ppo_items200_h800\PPO_1,PPO_1,725000,5,Finley,0.0
runs\ppo_items500_h1000\PPO_1,PPO_1,725000,5,Finley,1.0
runs\ppo_tutor_multi_items100\PPO_1,PPO_1,725000,5,Finley,0.0
runs\ppo_tutor_multi_stage3_bonus2\PPO_1,PPO_1,725000,5,Finley,1.0
runs\ppo_tutor_multi_stage4\PPO_1,PPO_1,725000,5,Finley,0.0
runs\ppo_items200_h1000\PPO_1,PPO_1,750000,5,Finley,3.0
runs\ppo_items200_h800\PPO_1,PPO_1,750000,5,Finley,0.0
runs\ppo_items500_h1000\PPO_1,PPO_1,750000,5,Finley,0.0
runs\ppo_tutor_multi_items100\PPO_1,PPO_1,750000,5,Finley,2.0
runs\ppo_tutor_multi_stage3_bonus2\PPO_1,PPO_1,750000,5,Finley,0.0
runs\ppo_tutor_multi_stage4\PPO_1,PPO_1,750000,5,Finley,1.0
runs\ppo_items200_h1000\PPO_1,PPO_1,753664,5,Finley,0.0
runs\ppo_items200_h800\PPO_1,PPO_1,753664,5,Finley,1.0
runs\ppo_items500_h1000\PPO_1,PPO_1,753664,5,Finley,0.0
runs\ppo_tutor_multi_items100\PPO_1,PPO_1,753664,5,Finley,1.0
runs\ppo_tutor_multi_stage3_bonus2\PPO_1,PPO_1,753664,5,Finley,0.0
runs\ppo_tutor_multi_stage4\PPO_1,PPO_1,753664,5,Finley,0.0
runs\ppo_items200_h1000\PPO_1,PPO_1,775000,5,Finley,3.0
runs\ppo_items200_h800\PPO_1,PPO_1,775000,5,Finley,0.0
runs\ppo_items500_h1000\PPO_1,PPO_1,775000,5,Finley,2.0
runs\ppo_tutor_multi_items100\PPO_1,PPO_1,775000,5,Finley,1.0
runs\ppo_tutor_multi_stage3_bonus2\PPO_1,PPO_1,775000,5,Finley,0.0
runs\ppo_tutor_multi_stage4\PPO_1,PPO_1,775000,5,Finley,0.0
runs\ppo_items200_h1000\PPO_1,PPO_1,786432,5,Finley,1.0
runs\ppo_items200_h800\PPO_1,PPO_1,786432,5,Finley,2.0
runs\ppo_items500_h1000\PPO_1,PPO_1,786432,5,Finley,0.0
runs\ppo_tutor_multi_items100\PPO_1,PPO_1,786432,5,Finley,2.0
runs\ppo_tutor_multi_stage3_bonus2\PPO_1,PPO_1,786432,5,Finley,0.0
runs\ppo_tutor_multi_stage4\PPO_1,PPO_1,786432,5,Finley,0.0
runs\ppo_items200_h1000\PPO_1,PPO_1,800000,5,Finley,1.0
runs\ppo_items200_h800\PPO_1,PPO_1,800000,5,Finley,4.0
runs\ppo_items500_h1000\PPO_1,PPO_1,800000,5,Finley,1.0
runs\ppo_tutor_multi_items100\PPO_1,PPO_1,800000,5,Finley,3.0
runs\ppo_tutor_multi_stage3_bonus2\PPO_1,PPO_1,800000,5,Finley,0.0
runs\ppo_tutor_multi_stage4\PPO_1,PPO_1,800000,5,Finley,0.0
runs\ppo_items200_h1000\PPO_1,PPO_1,819200,5,Finley,0.0
runs\ppo_items200_h800\PPO_1,PPO_1,819200,5,Finley,3.0
runs\ppo_items500_h1000\PPO_1,PPO_1,819200,5,Finley,2.0
runs\ppo_tutor_multi_items100\PPO_1,PPO_1,819200,5,Finley,2.0
runs\ppo_tutor_multi_stage3_bonus2\PPO_1,PPO_1,819200,5,Finley,1.0
runs\ppo_tutor_multi_stage4\PPO_1,PPO_1,819200,5,Finley,1.0
runs\ppo_items200_h1000\PPO_1,PPO_1,825000,5,Finley,0.0
runs\ppo_items200_h800\PPO_1,PPO_1,825000,5,Finley,1.0
runs\ppo_items500_h1000\PPO_1,PPO_1,825000,5,Finley,0.0
runs\ppo_tutor_multi_stage4\PPO_1,PPO_1,825000,5,Finley,0.0
runs\ppo_items200_h1000\PPO_1,PPO_1,850000,5,Finley,0.0
runs\ppo_items200_h800\PPO_1,PPO_1,850000,5,Finley,1.0
runs\ppo_items500_h1000\PPO_1,PPO_1,850000,5,Finley,1.0
runs\ppo_items200_h1000\PPO_1,PPO_1,851968,5,Finley,2.0
runs\ppo_items200_h800\PPO_1,PPO_1,851968,5,Finley,0.0
runs\ppo_items500_h1000\PPO_1,PPO_1,851968,5,Finley,0.0
runs\ppo_items200_h1000\PPO_1,PPO_1,875000,5,Finley,1.0
runs\ppo_items200_h800\PPO_1,PPO_1,875000,5,Finley,0.0
runs\ppo_items500_h1000\PPO_1,PPO_1,875000,5,Finley,2.0
runs\ppo_items200_h1000\PPO_1,PPO_1,884736,5,Finley,1.0
runs\ppo_items200_h800\PPO_1,PPO_1,884736,5,Finley,0.0
runs\ppo_items500_h1000\PPO_1,PPO_1,884736,5,Finley,2.0
runs\ppo_items200_h1000\PPO_1,PPO_1,900000,5,Finley,2.0
runs\ppo_items200_h800\PPO_1,PPO_1,900000,5,Finley,2.0
runs\ppo_items500_h1000\PPO_1,PPO_1,900000,5,Finley,2.0
runs\ppo_items200_h1000\PPO_1,PPO_1,917504,5,Finley,3.0
runs\ppo_items200_h800\PPO_1,PPO_1,917504,5,Finley,0.0
runs\ppo_items500_h1000\PPO_1,PPO_1,917504,5,Finley,2.0
runs\ppo_items200_h1000\PPO_1,PPO_1,925000,5,Finley,1.0
runs\ppo_items200_h800\PPO_1,PPO_1,925000,5,Finley,0.0
runs\ppo_items500_h1000\PPO_1,PPO_1,925000,5,Finley,3.0
runs\ppo_items200_h1000\PPO_1,PPO_1,950000,5,Finley,2.0
runs\ppo_items200_h800\PPO_1,PPO_1,950000,5,Finley,0.0
runs\ppo_items500_h1000\PPO_1,PPO_1,950000,5,Finley,3.0
runs\ppo_items200_h1000\PPO_1,PPO_1,950272,5,Finley,3.0
runs\ppo_items200_h800\PPO_1,PPO_1,950272,5,Finley,0.0
runs\ppo_items500_h1000\PPO_1,PPO_1,950272,5,Finley,3.0
runs\ppo_items200_h1000\PPO_1,PPO_1,975000,5,Finley,2.0
runs\ppo_items200_h800\PPO_1,PPO_1,975000,5,Finley,0.0
runs\ppo_items500_h1000\PPO_1,PPO_1,975000,5,Finley,5.0
runs\ppo_items200_h1000\PPO_1,PPO_1,983040,5,Finley,5.0
runs\ppo_items200_h800\PPO_1,PPO_1,983040,5,Finley,1.0
runs\ppo_items500_h1000\PPO_1,PPO_1,983040,5,Finley,5.0
runs\ppo_items200_h1000\PPO_1,PPO_1,1000000,5,Finley,6.0
runs\ppo_items200_h800\PPO_1,PPO_1,1000000,5,Finley,0.0
runs\ppo_items500_h1000\PPO_1,PPO_1,1000000,5,Finley,4.0
runs\ppo_items200_h1000\PPO_1,PPO_1,1015808,5,Finley,1.0
runs\ppo_items200_h800\PPO_1,PPO_1,1015808,5,Finley,0.0
runs\ppo_items500_h1000\PPO_1,PPO_1,1015808,5,Finley,3.0
runs\ppo_items200_h1000\PPO_1,PPO_1,1025000,5,Finley,0.0
runs\ppo_items200_h800\PPO_1,PPO_1,1025000,5,Finley,0.0
runs\ppo_items500_h1000\PPO_1,PPO_1,1025000,5,Finley,1.0
runs\ppo_items200_h1000\PPO_1,PPO_1,1048576,5,Finley,0.0
runs\ppo_items200_h800\PPO_1,PPO_1,1048576,5,Finley,2.0
runs\ppo_items500_h1000\PPO_1,PPO_1,1048576,5,Finley,0.0
runs\ppo_items200_h1000\PPO_1,PPO_1,1050000,5,Finley,0.0
runs\ppo_items200_h800\PPO_1,PPO_1,1050000,5,Finley,0.0
runs\ppo_items500_h1000\PPO_1,PPO_1,1050000,5,Finley,2.0
runs\ppo_items200_h1000\PPO_1,PPO_1,1075000,5,Finley,1.0
runs\ppo_items200_h800\PPO_1,PPO_1,1075000,5,Finley,3.0
runs\ppo_items500_h1000\PPO_1,PPO_1,1075000,5,Finley,2.0
runs\ppo_items200_h1000\PPO_1,PPO_1,1081344,5,Finley,0.0
runs\ppo_items200_h800\PPO_1,PPO_1,1081344,5,Finley,2.0
runs\ppo_items500_h1000\PPO_1,PPO_1,1081344,5,Finley,0.0
runs\ppo_items200_h1000\PPO_1,PPO_1,1100000,5,Finley,0.0
runs\ppo_items200_h800\PPO_1,PPO_1,1100000,5,Finley,1.0
runs\ppo_items500_h1000\PPO_1,PPO_1,1100000,5,Finley,5.0
runs\ppo_items200_h1000\PPO_1,PPO_1,1114112,5,Finley,0.0
runs\ppo_items200_h800\PPO_1,PPO_1,1114112,5,Finley,0.0
runs\ppo_items500_h1000\PPO_1,PPO_1,1114112,5,Finley,2.0
runs\ppo_items200_h1000\PPO_1,PPO_1,1125000,5,Finley,1.0
runs\ppo_items200_h800\PPO_1,PPO_1,1125000,5,Finley,1.0
runs\ppo_items500_h1000\PPO_1,PPO_1,1125000,5,Finley,8.0
runs\ppo_items200_h1000\PPO_1,PPO_1,1146880,5,Finley,0.0
runs\ppo_items200_h800\PPO_1,PPO_1,1146880,5,Finley,0.0
runs\ppo_items500_h1000\PPO_1,PPO_1,1146880,5,Finley,1.0
runs\ppo_items200_h1000\PPO_1,PPO_1,1150000,5,Finley,2.0
runs\ppo_items200_h800\PPO_1,PPO_1,1150000,5,Finley,0.0
runs\ppo_items500_h1000\PPO_1,PPO_1,1150000,5,Finley,8.0
runs\ppo_items200_h1000\PPO_1,PPO_1,1175000,5,Finley,2.0
runs\ppo_items200_h800\PPO_1,PPO_1,1175000,5,Finley,3.0
runs\ppo_items500_h1000\PPO_1,PPO_1,1175000,5,Finley,12.0
runs\ppo_items200_h1000\PPO_1,PPO_1,1179648,5,Finley,2.0
runs\ppo_items200_h800\PPO_1,PPO_1,1179648,5,Finley,0.0
runs\ppo_items500_h1000\PPO_1,PPO_1,1179648,5,Finley,4.0
runs\ppo_items200_h1000\PPO_1,PPO_1,1200000,5,Finley,4.0
runs\ppo_items200_h800\PPO_1,PPO_1,1200000,5,Finley,1.0
runs\ppo_items500_h1000\PPO_1,PPO_1,1200000,5,Finley,9.0
runs\ppo_items200_h1000\PPO_1,PPO_1,1212416,5,Finley,2.0
runs\ppo_items200_h800\PPO_1,PPO_1,1212416,5,Finley,0.0
runs\ppo_items500_h1000\PPO_1,PPO_1,1212416,5,Finley,5.0
runs\ppo_items200_h1000\PPO_1,PPO_1,1225000,5,Finley,0.0
runs\ppo_items500_h1000\PPO_1,PPO_1,1225000,5,Finley,0.0
runs\ppo_items200_h1000\PPO_1,PPO_1,1245184,5,Finley,3.0
runs\ppo_items500_h1000\PPO_1,PPO_1,1245184,5,Finley,8.0
runs\ppo_items200_h1000\PPO_1,PPO_1,1250000,5,Finley,0.0
runs\ppo_items500_h1000\PPO_1,PPO_1,1250000,5,Finley,5.0
runs\ppo_items200_h1000\PPO_1,PPO_1,1275000,5,Finley,0.0
runs\ppo_items500_h1000\PPO_1,PPO_1,1275000,5,Finley,6.0
runs\ppo_items200_h1000\PPO_1,PPO_1,1277952,5,Finley,3.0
runs\ppo_items500_h1000\PPO_1,PPO_1,1277952,5,Finley,10.0
runs\ppo_items200_h1000\PPO_1,PPO_1,1300000,5,Finley,1.0
runs\ppo_items500_h1000\PPO_1,PPO_1,1300000,5,Finley,8.0
runs\ppo_items200_h1000\PPO_1,PPO_1,1310720,5,Finley,1.0
runs\ppo_items500_h1000\PPO_1,PPO_1,1310720,5,Finley,12.0
runs\ppo_items200_h1000\PPO_1,PPO_1,1325000,5,Finley,1.0
runs\ppo_items500_h1000\PPO_1,PPO_1,1325000,5,Finley,7.0
runs\ppo_items200_h1000\PPO_1,PPO_1,1343488,5,Finley,4.0
runs\ppo_items500_h1000\PPO_1,PPO_1,1343488,5,Finley,10.0
runs\ppo_items200_h1000\PPO_1,PPO_1,1350000,5,Finley,3.0
runs\ppo_items500_h1000\PPO_1,PPO_1,1350000,5,Finley,9.0
runs\ppo_items200_h1000\PPO_1,PPO_1,1375000,5,Finley,2.0
runs\ppo_items500_h1000\PPO_1,PPO_1,1375000,5,Finley,13.0
runs\ppo_items200_h1000\PPO_1,PPO_1,1376256,5,Finley,0.0
runs\ppo_items500_h1000\PPO_1,PPO_1,1376256,5,Finley,0.0
runs\ppo_items200_h1000\PPO_1,PPO_1,1400000,5,Finley,5.0
runs\ppo_items500_h1000\PPO_1,PPO_1,1400000,5,Finley,14.0
runs\ppo_items200_h1000\PPO_1,PPO_1,1409024,5,Finley,0.0
runs\ppo_items500_h1000\PPO_1,PPO_1,1409024,5,Finley,0.0
runs\ppo_items200_h1000\PPO_1,PPO_1,1425000,5,Finley,0.0
runs\ppo_items500_h1000\PPO_1,PPO_1,1425000,5,Finley,4.0
runs\ppo_items200_h1000\PPO_1,PPO_1,1441792,5,Finley,0.0
runs\ppo_items500_h1000\PPO_1,PPO_1,1441792,5,Finley,7.0
runs\ppo_items200_h1000\PPO_1,PPO_1,1450000,5,Finley,1.0
runs\ppo_items500_h1000\PPO_1,PPO_1,1450000,5,Finley,7.0
runs\ppo_items200_h1000\PPO_1,PPO_1,1474560,5,Finley,0.0
runs\ppo_items500_h1000\PPO_1,PPO_1,1474560,5,Finley,7.0
runs\ppo_items200_h1000\PPO_1,PPO_1,1475000,5,Finley,1.0
runs\ppo_items500_h1000\PPO_1,PPO_1,1475000,5,Finley,9.0
runs\ppo_items200_h1000\PPO_1,PPO_1,1500000,5,Finley,2.0
runs\ppo_items500_h1000\PPO_1,PPO_1,1500000,5,Finley,9.0
runs\ppo_items200_h1000\PPO_1,PPO_1,1507328,5,Finley,1.0
runs\ppo_items500_h1000\PPO_1,PPO_1,1507328,5,Finley,9.0
runs\ppo_items200_h1000\PPO_1,PPO_1,1525000,5,Finley,2.0
runs\ppo_items500_h1000\PPO_1,PPO_1,1525000,5,Finley,15.0
runs\ppo_items200_h1000\PPO_1,PPO_1,1540096,5,Finley,4.0
runs\ppo_items500_h1000\PPO_1,PPO_1,1540096,5,Finley,12.0
runs\ppo_items200_h1000\PPO_1,PPO_1,1550000,5,Finley,3.0
runs\ppo_items500_h1000\PPO_1,PPO_1,1550000,5,Finley,17.0
runs\ppo_items200_h1000\PPO_1,PPO_1,1572864,5,Finley,2.0
runs\ppo_items500_h1000\PPO_1,PPO_1,1572864,5,Finley,13.0
runs\ppo_items200_h1000\PPO_1,PPO_1,1575000,5,Finley,4.0
runs\ppo_items500_h1000\PPO_1,PPO_1,1575000,5,Finley,14.0
runs\ppo_items200_h1000\PPO_1,PPO_1,1600000,5,Finley,3.0
runs\ppo_items500_h1000\PPO_1,PPO_1,1600000,5,Finley,15.0
runs\ppo_items200_h1000\PPO_1,PPO_1,1605632,5,Finley,3.0
runs\ppo_items500_h1000\PPO_1,PPO_1,1605632,5,Finley,12.0
runs\ppo_items500_h1000\PPO_1,PPO_1,1625000,5,Finley,4.0
runs\ppo_items500_h1000\PPO_1,PPO_1,1638400,5,Finley,17.0
runs\ppo_items500_h1000\PPO_1,PPO_1,1650000,5,Finley,9.0
runs\ppo_items500_h1000\PPO_1,PPO_1,1671168,5,Finley,16.0
runs\ppo_items500_h1000\PPO_1,PPO_1,1675000,5,Finley,11.0
runs\ppo_items500_h1000\PPO_1,PPO_1,1700000,5,Finley,13.0
runs\ppo_items500_h1000\PPO_1,PPO_1,1703936,5,Finley,16.0
runs\ppo_items500_h1000\PPO_1,PPO_1,1725000,5,Finley,14.0
runs\ppo_items500_h1000\PPO_1,PPO_1,1736704,5,Finley,2.0
runs\ppo_items500_h1000\PPO_1,PPO_1,1750000,5,Finley,16.0
runs\ppo_items500_h1000\PPO_1,PPO_1,1769472,5,Finley,9.0
runs\ppo_items500_h1000\PPO_1,PPO_1,1775000,5,Finley,17.0
runs\ppo_items500_h1000\PPO_1,PPO_1,1800000,5,Finley,16.0
runs\ppo_items500_h1000\PPO_1,PPO_1,1802240,5,Finley,8.0
runs\ppo_items500_h1000\PPO_1,PPO_1,1825000,5,Finley,5.0
runs\ppo_items500_h1000\PPO_1,PPO_1,1835008,5,Finley,15.0
runs\ppo_items500_h1000\PPO_1,PPO_1,1850000,5,Finley,10.0
runs\ppo_items500_h1000\PPO_1,PPO_1,1867776,5,Finley,16.0
runs\ppo_items500_h1000\PPO_1,PPO_1,1875000,5,Finley,13.0
runs\ppo_items500_h1000\PPO_1,PPO_1,1900000,5,Finley,15.0
runs\ppo_items500_h1000\PPO_1,PPO_1,1900544,5,Finley,16.0
runs\ppo_items500_h1000\PPO_1,PPO_1,1925000,5,Finley,16.0
runs\ppo_items500_h1000\PPO_1,PPO_1,1933312,5,Finley,17.0
runs\ppo_items500_h1000\PPO_1,PPO_1,1950000,5,Finley,15.0
runs\ppo_items500_h1000\PPO_1,PPO_1,1966080,5,Finley,17.0
runs\ppo_items500_h1000\PPO_1,PPO_1,1975000,5,Finley,17.0
runs\ppo_items500_h1000\PPO_1,PPO_1,1998848,5,Finley,18.0
runs\ppo_items500_h1000\PPO_1,PPO_1,2000000,5,Finley,19.0
runs\ppo_items500_h1000\PPO_1,PPO_1,2025000,5,Finley,2.0
runs\ppo_items500_h1000\PPO_1,PPO_1,2031616,5,Finley,19.0
runs\ab_balanced_items200_h1000\PPO_1,PPO_1,25000,6,Gray,0.0
runs\ab_penalty1_items200_h1200\PPO_1,PPO_1,25000,6,Gray,2.0
runs\ppo_items200_h1000\PPO_1,PPO_1,25000,6,Gray,0.0
runs\ppo_items200_h800\PPO_1,PPO_1,25000,6,Gray,2.0
runs\ppo_items500_h1000\PPO_1,PPO_1,25000,6,Gray,0.0
runs\ppo_tutor_multi_items100\PPO_1,PPO_1,25000,6,Gray,0.0
runs\ppo_tutor_multi_stage2\PPO_1,PPO_1,25000,6,Gray,0.0
runs\ppo_tutor_multi_stage3_bonus2\PPO_1,PPO_1,25000,6,Gray,0.0
runs\ppo_tutor_multi_stage3_transition_bonus\PPO_1,PPO_1,25000,6,Gray,0.0
runs\ppo_tutor_multi_stage4\PPO_1,PPO_1,25000,6,Gray,0.0
runs\ppo_tutor_multi_v6\PPO_1,PPO_1,25000,6,Gray,0.0
runs\ab_balanced_items200_h1000\PPO_1,PPO_1,32768,6,Gray,0.0
runs\ab_penalty1_items200_h1200\PPO_1,PPO_1,32768,6,Gray,1.0
runs\ppo_items200_h1000\PPO_1,PPO_1,32768,6,Gray,0.0
runs\ppo_items200_h800\PPO_1,PPO_1,32768,6,Gray,0.0
runs\ppo_items500_h1000\PPO_1,PPO_1,32768,6,Gray,0.0
runs\ppo_tutor_multi_items100\PPO_1,PPO_1,32768,6,Gray,0.0
runs\ppo_tutor_multi_stage2\PPO_1,PPO_1,32768,6,Gray,0.0
runs\ppo_tutor_multi_stage3_bonus2\PPO_1,PPO_1,32768,6,Gray,0.0
runs\ppo_tutor_multi_stage3_transition_bonus\PPO_1,PPO_1,32768,6,Gray,0.0
runs\ppo_tutor_multi_stage4\PPO_1,PPO_1,32768,6,Gray,0.0
runs\ppo_tutor_multi_v6\PPO_1,PPO_1,32768,6,Gray,0.0
runs\ab_penalty1_items200_h1200\PPO_1,PPO_1,50000,6,Gray,1.0
runs\ppo_items200_h1000\PPO_1,PPO_1,50000,6,Gray,1.0
runs\ppo_items200_h800\PPO_1,PPO_1,50000,6,Gray,2.0
runs\ppo_items500_h1000\PPO_1,PPO_1,50000,6,Gray,0.0
runs\ppo_tutor_multi_items100\PPO_1,PPO_1,50000,6,Gray,1.0
runs\ppo_tutor_multi_stage2\PPO_1,PPO_1,50000,6,Gray,1.0
runs\ppo_tutor_multi_stage3_bonus2\PPO_1,PPO_1,50000,6,Gray,0.0
runs\ppo_tutor_multi_stage3_transition_bonus\PPO_1,PPO_1,50000,6,Gray,0.0
runs\ppo_tutor_multi_stage4\PPO_1,PPO_1,50000,6,Gray,0.0
runs\ppo_tutor_multi_v6\PPO_1,PPO_1,50000,6,Gray,1.0
runs\ab_penalty1_items200_h1200\PPO_1,PPO_1,65536,6,Gray,7.0
runs\ppo_items200_h1000\PPO_1,PPO_1,65536,6,Gray,0.0
runs\ppo_items200_h800\PPO_1,PPO_1,65536,6,Gray,0.0
runs\ppo_items500_h1000\PPO_1,PPO_1,65536,6,Gray,0.0
runs\ppo_tutor_multi_items100\PPO_1,PPO_1,65536,6,Gray,0.0
runs\ppo_tutor_multi_stage2\PPO_1,PPO_1,65536,6,Gray,0.0
runs\ppo_tutor_multi_stage3_bonus2\PPO_1,PPO_1,65536,6,Gray,0.0
runs\ppo_tutor_multi_stage3_transition_bonus\PPO_1,PPO_1,65536,6,Gray,0.0
runs\ppo_tutor_multi_stage4\PPO_1,PPO_1,65536,6,Gray,0.0
runs\ppo_tutor_multi_v6\PPO_1,PPO_1,65536,6,Gray,0.0
runs\ab_penalty1_items200_h1200\PPO_1,PPO_1,75000,6,Gray,9.0
runs\ppo_items200_h1000\PPO_1,PPO_1,75000,6,Gray,0.0
runs\ppo_items200_h800\PPO_1,PPO_1,75000,6,Gray,1.0
runs\ppo_items500_h1000\PPO_1,PPO_1,75000,6,Gray,0.0
runs\ppo_tutor_multi_items100\PPO_1,PPO_1,75000,6,Gray,0.0
runs\ppo_tutor_multi_stage2\PPO_1,PPO_1,75000,6,Gray,0.0
runs\ppo_tutor_multi_stage3_bonus2\PPO_1,PPO_1,75000,6,Gray,0.0
runs\ppo_tutor_multi_stage3_transition_bonus\PPO_1,PPO_1,75000,6,Gray,0.0
runs\ppo_tutor_multi_stage4\PPO_1,PPO_1,75000,6,Gray,0.0
runs\ppo_tutor_multi_v6\PPO_1,PPO_1,75000,6,Gray,0.0
runs\ppo_items200_h1000\PPO_1,PPO_1,98304,6,Gray,0.0
runs\ppo_items200_h800\PPO_1,PPO_1,98304,6,Gray,0.0
runs\ppo_items500_h1000\PPO_1,PPO_1,98304,6,Gray,1.0
runs\ppo_tutor_multi_items100\PPO_1,PPO_1,98304,6,Gray,0.0
runs\ppo_tutor_multi_stage2\PPO_1,PPO_1,98304,6,Gray,0.0
runs\ppo_tutor_multi_stage3_bonus2\PPO_1,PPO_1,98304,6,Gray,0.0
runs\ppo_tutor_multi_stage3_transition_bonus\PPO_1,PPO_1,98304,6,Gray,0.0
runs\ppo_tutor_multi_stage4\PPO_1,PPO_1,98304,6,Gray,1.0
runs\ppo_tutor_multi_v6\PPO_1,PPO_1,98304,6,Gray,2.0
runs\ppo_items200_h1000\PPO_1,PPO_1,100000,6,Gray,0.0
runs\ppo_items200_h800\PPO_1,PPO_1,100000,6,Gray,3.0
runs\ppo_items500_h1000\PPO_1,PPO_1,100000,6,Gray,0.0
runs\ppo_tutor_multi_items100\PPO_1,PPO_1,100000,6,Gray,4.0
runs\ppo_tutor_multi_stage2\PPO_1,PPO_1,100000,6,Gray,0.0
runs\ppo_tutor_multi_stage3_bonus2\PPO_1,PPO_1,100000,6,Gray,1.0
runs\ppo_tutor_multi_stage3_transition_bonus\PPO_1,PPO_1,100000,6,Gray,1.0
runs\ppo_tutor_multi_stage4\PPO_1,PPO_1,100000,6,Gray,0.0
runs\ppo_tutor_multi_v6\PPO_1,PPO_1,100000,6,Gray,0.0
runs\ppo_items200_h1000\PPO_1,PPO_1,125000,6,Gray,1.0
runs\ppo_items200_h800\PPO_1,PPO_1,125000,6,Gray,0.0
runs\ppo_items500_h1000\PPO_1,PPO_1,125000,6,Gray,1.0
runs\ppo_tutor_multi_items100\PPO_1,PPO_1,125000,6,Gray,0.0
runs\ppo_tutor_multi_stage2\PPO_1,PPO_1,125000,6,Gray,0.0
runs\ppo_tutor_multi_stage3_bonus2\PPO_1,PPO_1,125000,6,Gray,0.0
runs\ppo_tutor_multi_stage3_transition_bonus\PPO_1,PPO_1,125000,6,Gray,0.0
runs\ppo_tutor_multi_stage4\PPO_1,PPO_1,125000,6,Gray,0.0
runs\ppo_tutor_multi_v6\PPO_1,PPO_1,125000,6,Gray,0.0
runs\ppo_items200_h1000\PPO_1,PPO_1,131072,6,Gray,2.0
runs\ppo_items200_h800\PPO_1,PPO_1,131072,6,Gray,0.0
runs\ppo_items500_h1000\PPO_1,PPO_1,131072,6,Gray,0.0
runs\ppo_tutor_multi_items100\PPO_1,PPO_1,131072,6,Gray,2.0
runs\ppo_tutor_multi_stage2\PPO_1,PPO_1,131072,6,Gray,1.0
runs\ppo_tutor_multi_stage3_bonus2\PPO_1,PPO_1,131072,6,Gray,0.0
runs\ppo_tutor_multi_stage3_transition_bonus\PPO_1,PPO_1,131072,6,Gray,0.0
runs\ppo_tutor_multi_stage4\PPO_1,PPO_1,131072,6,Gray,0.0
runs\ppo_tutor_multi_v6\PPO_1,PPO_1,131072,6,Gray,2.0
runs\ppo_items200_h1000\PPO_1,PPO_1,150000,6,Gray,5.0
runs\ppo_items200_h800\PPO_1,PPO_1,150000,6,Gray,0.0
runs\ppo_items500_h1000\PPO_1,PPO_1,150000,6,Gray,0.0
runs\ppo_tutor_multi_items100\PPO_1,PPO_1,150000,6,Gray,0.0
runs\ppo_tutor_multi_stage2\PPO_1,PPO_1,150000,6,Gray,0.0
runs\ppo_tutor_multi_stage3_bonus2\PPO_1,PPO_1,150000,6,Gray,0.0
runs\ppo_tutor_multi_stage3_transition_bonus\PPO_1,PPO_1,150000,6,Gray,0.0
runs\ppo_tutor_multi_stage4\PPO_1,PPO_1,150000,6,Gray,0.0
runs\ppo_tutor_multi_v6\PPO_1,PPO_1,150000,6,Gray,0.0
runs\ppo_items200_h1000\PPO_1,PPO_1,163840,6,Gray,0.0
runs\ppo_items200_h800\PPO_1,PPO_1,163840,6,Gray,0.0
runs\ppo_items500_h1000\PPO_1,PPO_1,163840,6,Gray,0.0
runs\ppo_tutor_multi_items100\PPO_1,PPO_1,163840,6,Gray,1.0
runs\ppo_tutor_multi_stage2\PPO_1,PPO_1,163840,6,Gray,0.0
runs\ppo_tutor_multi_stage3_bonus2\PPO_1,PPO_1,163840,6,Gray,2.0
runs\ppo_tutor_multi_stage3_transition_bonus\PPO_1,PPO_1,163840,6,Gray,1.0
runs\ppo_tutor_multi_stage4\PPO_1,PPO_1,163840,6,Gray,0.0
runs\ppo_tutor_multi_v6\PPO_1,PPO_1,163840,6,Gray,0.0
runs\ppo_items200_h1000\PPO_1,PPO_1,175000,6,Gray,1.0
runs\ppo_items200_h800\PPO_1,PPO_1,175000,6,Gray,0.0
runs\ppo_items500_h1000\PPO_1,PPO_1,175000,6,Gray,3.0
runs\ppo_tutor_multi_items100\PPO_1,PPO_1,175000,6,Gray,3.0
runs\ppo_tutor_multi_stage2\PPO_1,PPO_1,175000,6,Gray,1.0
runs\ppo_tutor_multi_stage3_bonus2\PPO_1,PPO_1,175000,6,Gray,1.0
runs\ppo_tutor_multi_stage3_transition_bonus\PPO_1,PPO_1,175000,6,Gray,1.0
runs\ppo_tutor_multi_stage4\PPO_1,PPO_1,175000,6,Gray,0.0
runs\ppo_tutor_multi_v6\PPO_1,PPO_1,175000,6,Gray,0.0
runs\ppo_items200_h1000\PPO_1,PPO_1,196608,6,Gray,1.0
runs\ppo_items200_h800\PPO_1,PPO_1,196608,6,Gray,2.0
runs\ppo_items500_h1000\PPO_1,PPO_1,196608,6,Gray,0.0
runs\ppo_tutor_multi_items100\PPO_1,PPO_1,196608,6,Gray,0.0
runs\ppo_tutor_multi_stage2\PPO_1,PPO_1,196608,6,Gray,0.0
runs\ppo_tutor_multi_stage3_bonus2\PPO_1,PPO_1,196608,6,Gray,0.0
runs\ppo_tutor_multi_stage3_transition_bonus\PPO_1,PPO_1,196608,6,Gray,0.0
runs\ppo_tutor_multi_stage4\PPO_1,PPO_1,196608,6,Gray,0.0
runs\ppo_tutor_multi_v6\PPO_1,PPO_1,196608,6,Gray,2.0
runs\ppo_items200_h1000\PPO_1,PPO_1,200000,6,Gray,5.0
runs\ppo_items200_h800\PPO_1,PPO_1,200000,6,Gray,0.0
runs\ppo_items500_h1000\PPO_1,PPO_1,200000,6,Gray,3.0
runs\ppo_tutor_multi_items100\PPO_1,PPO_1,200000,6,Gray,1.0
runs\ppo_tutor_multi_stage2\PPO_1,PPO_1,200000,6,Gray,0.0
runs\ppo_tutor_multi_stage3_bonus2\PPO_1,PPO_1,200000,6,Gray,0.0
runs\ppo_tutor_multi_stage3_transition_bonus\PPO_1,PPO_1,200000,6,Gray,0.0
runs\ppo_tutor_multi_stage4\PPO_1,PPO_1,200000,6,Gray,1.0
runs\ppo_tutor_multi_v6\PPO_1,PPO_1,200000,6,Gray,0.0
runs\ppo_items200_h1000\PPO_1,PPO_1,225000,6,Gray,0.0
runs\ppo_items200_h800\PPO_1,PPO_1,225000,6,Gray,0.0
runs\ppo_items500_h1000\PPO_1,PPO_1,225000,6,Gray,0.0
runs\ppo_tutor_multi_items100\PPO_1,PPO_1,225000,6,Gray,0.0
runs\ppo_tutor_multi_stage2\PPO_1,PPO_1,225000,6,Gray,0.0
runs\ppo_tutor_multi_stage3_bonus2\PPO_1,PPO_1,225000,6,Gray,0.0
runs\ppo_tutor_multi_stage3_transition_bonus\PPO_1,PPO_1,225000,6,Gray,0.0
runs\ppo_tutor_multi_stage4\PPO_1,PPO_1,225000,6,Gray,1.0
runs\ppo_tutor_multi_v6\PPO_1,PPO_1,225000,6,Gray,2.0
runs\ppo_items200_h1000\PPO_1,PPO_1,229376,6,Gray,4.0
runs\ppo_items200_h800\PPO_1,PPO_1,229376,6,Gray,4.0
runs\ppo_items500_h1000\PPO_1,PPO_1,229376,6,Gray,1.0
runs\ppo_tutor_multi_items100\PPO_1,PPO_1,229376,6,Gray,1.0
runs\ppo_tutor_multi_stage2\PPO_1,PPO_1,229376,6,Gray,1.0
runs\ppo_tutor_multi_stage3_bonus2\PPO_1,PPO_1,229376,6,Gray,0.0
runs\ppo_tutor_multi_stage3_transition_bonus\PPO_1,PPO_1,229376,6,Gray,0.0
runs\ppo_tutor_multi_stage4\PPO_1,PPO_1,229376,6,Gray,0.0
runs\ppo_tutor_multi_v6\PPO_1,PPO_1,229376,6,Gray,3.0
runs\ppo_items200_h1000\PPO_1,PPO_1,250000,6,Gray,0.0
runs\ppo_items200_h800\PPO_1,PPO_1,250000,6,Gray,0.0
runs\ppo_items500_h1000\PPO_1,PPO_1,250000,6,Gray,0.0
runs\ppo_tutor_multi_items100\PPO_1,PPO_1,250000,6,Gray,0.0
runs\ppo_tutor_multi_stage2\PPO_1,PPO_1,250000,6,Gray,0.0
runs\ppo_tutor_multi_stage3_bonus2\PPO_1,PPO_1,250000,6,Gray,0.0
runs\ppo_tutor_multi_stage3_transition_bonus\PPO_1,PPO_1,250000,6,Gray,1.0
runs\ppo_tutor_multi_stage4\PPO_1,PPO_1,250000,6,Gray,0.0
runs\ppo_tutor_multi_v6\PPO_1,PPO_1,250000,6,Gray,0.0
runs\ppo_items200_h1000\PPO_1,PPO_1,262144,6,Gray,3.0
runs\ppo_items200_h800\PPO_1,PPO_1,262144,6,Gray,2.0
runs\ppo_items500_h1000\PPO_1,PPO_1,262144,6,Gray,3.0
runs\ppo_tutor_multi_items100\PPO_1,PPO_1,262144,6,Gray,0.0
runs\ppo_tutor_multi_stage2\PPO_1,PPO_1,262144,6,Gray,1.0
runs\ppo_tutor_multi_stage3_bonus2\PPO_1,PPO_1,262144,6,Gray,0.0
runs\ppo_tutor_multi_stage3_transition_bonus\PPO_1,PPO_1,262144,6,Gray,0.0
runs\ppo_tutor_multi_stage4\PPO_1,PPO_1,262144,6,Gray,0.0
runs\ppo_tutor_multi_v6\PPO_1,PPO_1,262144,6,Gray,0.0
runs\ppo_items200_h1000\PPO_1,PPO_1,275000,6,Gray,0.0
runs\ppo_items200_h800\PPO_1,PPO_1,275000,6,Gray,5.0
runs\ppo_items500_h1000\PPO_1,PPO_1,275000,6,Gray,0.0
runs\ppo_tutor_multi_items100\PPO_1,PPO_1,275000,6,Gray,2.0
runs\ppo_tutor_multi_stage2\PPO_1,PPO_1,275000,6,Gray,1.0
runs\ppo_tutor_multi_stage3_bonus2\PPO_1,PPO_1,275000,6,Gray,0.0
runs\ppo_tutor_multi_stage3_transition_bonus\PPO_1,PPO_1,275000,6,Gray,1.0
runs\ppo_tutor_multi_stage4\PPO_1,PPO_1,275000,6,Gray,0.0
runs\ppo_tutor_multi_v6\PPO_1,PPO_1,275000,6,Gray,1.0
runs\ppo_items200_h1000\PPO_1,PPO_1,294912,6,Gray,2.0
runs\ppo_items200_h800\PPO_1,PPO_1,294912,6,Gray,0.0
runs\ppo_items500_h1000\PPO_1,PPO_1,294912,6,Gray,0.0
runs\ppo_tutor_multi_items100\PPO_1,PPO_1,294912,6,Gray,4.0
runs\ppo_tutor_multi_stage2\PPO_1,PPO_1,294912,6,Gray,0.0
runs\ppo_tutor_multi_stage3_bonus2\PPO_1,PPO_1,294912,6,Gray,0.0
runs\ppo_tutor_multi_stage3_transition_bonus\PPO_1,PPO_1,294912,6,Gray,0.0
runs\ppo_tutor_multi_stage4\PPO_1,PPO_1,294912,6,Gray,0.0
runs\ppo_tutor_multi_v6\PPO_1,PPO_1,294912,6,Gray,6.0
runs\ppo_items200_h1000\PPO_1,PPO_1,300000,6,Gray,1.0
runs\ppo_items200_h800\PPO_1,PPO_1,300000,6,Gray,5.0
runs\ppo_items500_h1000\PPO_1,PPO_1,300000,6,Gray,0.0
runs\ppo_tutor_multi_items100\PPO_1,PPO_1,300000,6,Gray,3.0
runs\ppo_tutor_multi_stage2\PPO_1,PPO_1,300000,6,Gray,0.0
runs\ppo_tutor_multi_stage3_bonus2\PPO_1,PPO_1,300000,6,Gray,0.0
runs\ppo_tutor_multi_stage3_transition_bonus\PPO_1,PPO_1,300000,6,Gray,0.0
runs\ppo_tutor_multi_stage4\PPO_1,PPO_1,300000,6,Gray,0.0
runs\ppo_tutor_multi_v6\PPO_1,PPO_1,300000,6,Gray,4.0
runs\ppo_items200_h1000\PPO_1,PPO_1,325000,6,Gray,1.0
runs\ppo_items200_h800\PPO_1,PPO_1,325000,6,Gray,3.0
runs\ppo_items500_h1000\PPO_1,PPO_1,325000,6,Gray,0.0
runs\ppo_tutor_multi_items100\PPO_1,PPO_1,325000,6,Gray,0.0
runs\ppo_tutor_multi_stage2\PPO_1,PPO_1,325000,6,Gray,0.0
runs\ppo_tutor_multi_stage3_bonus2\PPO_1,PPO_1,325000,6,Gray,0.0
runs\ppo_tutor_multi_stage3_transition_bonus\PPO_1,PPO_1,325000,6,Gray,0.0
runs\ppo_tutor_multi_stage4\PPO_1,PPO_1,325000,6,Gray,0.0
runs\ppo_tutor_multi_v6\PPO_1,PPO_1,325000,6,Gray,0.0
runs\ppo_items200_h1000\PPO_1,PPO_1,327680,6,Gray,7.0
runs\ppo_items200_h800\PPO_1,PPO_1,327680,6,Gray,0.0
runs\ppo_items500_h1000\PPO_1,PPO_1,327680,6,Gray,2.0
runs\ppo_tutor_multi_items100\PPO_1,PPO_1,327680,6,Gray,1.0
runs\ppo_tutor_multi_stage2\PPO_1,PPO_1,327680,6,Gray,0.0
runs\ppo_tutor_multi_stage3_bonus2\PPO_1,PPO_1,327680,6,Gray,1.0
runs\ppo_tutor_multi_stage3_transition_bonus\PPO_1,PPO_1,327680,6,Gray,0.0
runs\ppo_tutor_multi_stage4\PPO_1,PPO_1,327680,6,Gray,0.0
runs\ppo_tutor_multi_v6\PPO_1,PPO_1,327680,6,Gray,1.0
runs\ppo_items200_h1000\PPO_1,PPO_1,350000,6,Gray,5.0
runs\ppo_items200_h800\PPO_1,PPO_1,350000,6,Gray,2.0
runs\ppo_items500_h1000\PPO_1,PPO_1,350000,6,Gray,0.0
runs\ppo_tutor_multi_items100\PPO_1,PPO_1,350000,6,Gray,1.0
runs\ppo_tutor_multi_stage2\PPO_1,PPO_1,350000,6,Gray,0.0
runs\ppo_tutor_multi_stage3_bonus2\PPO_1,PPO_1,350000,6,Gray,0.0
runs\ppo_tutor_multi_stage3_transition_bonus\PPO_1,PPO_1,350000,6,Gray,0.0
runs\ppo_tutor_multi_stage4\PPO_1,PPO_1,350000,6,Gray,0.0
runs\ppo_items200_h1000\PPO_1,PPO_1,360448,6,Gray,0.0
runs\ppo_items200_h800\PPO_1,PPO_1,360448,6,Gray,0.0
runs\ppo_items500_h1000\PPO_1,PPO_1,360448,6,Gray,0.0
runs\ppo_tutor_multi_items100\PPO_1,PPO_1,360448,6,Gray,0.0
runs\ppo_tutor_multi_stage2\PPO_1,PPO_1,360448,6,Gray,0.0
runs\ppo_tutor_multi_stage3_bonus2\PPO_1,PPO_1,360448,6,Gray,0.0
runs\ppo_tutor_multi_stage3_transition_bonus\PPO_1,PPO_1,360448,6,Gray,0.0
runs\ppo_tutor_multi_stage4\PPO_1,PPO_1,360448,6,Gray,0.0
runs\ppo_items200_h1000\PPO_1,PPO_1,375000,6,Gray,4.0
runs\ppo_items200_h800\PPO_1,PPO_1,375000,6,Gray,0.0
runs\ppo_items500_h1000\PPO_1,PPO_1,375000,6,Gray,2.0
runs\ppo_tutor_multi_items100\PPO_1,PPO_1,375000,6,Gray,1.0
runs\ppo_tutor_multi_stage2\PPO_1,PPO_1,375000,6,Gray,1.0
runs\ppo_tutor_multi_stage3_bonus2\PPO_1,PPO_1,375000,6,Gray,1.0
runs\ppo_tutor_multi_stage3_transition_bonus\PPO_1,PPO_1,375000,6,Gray,1.0
runs\ppo_tutor_multi_stage4\PPO_1,PPO_1,375000,6,Gray,0.0
runs\ppo_items200_h1000\PPO_1,PPO_1,393216,6,Gray,0.0
runs\ppo_items200_h800\PPO_1,PPO_1,393216,6,Gray,0.0
runs\ppo_items500_h1000\PPO_1,PPO_1,393216,6,Gray,0.0
runs\ppo_tutor_multi_items100\PPO_1,PPO_1,393216,6,Gray,0.0
runs\ppo_tutor_multi_stage2\PPO_1,PPO_1,393216,6,Gray,0.0
runs\ppo_tutor_multi_stage3_bonus2\PPO_1,PPO_1,393216,6,Gray,1.0
runs\ppo_tutor_multi_stage3_transition_bonus\PPO_1,PPO_1,393216,6,Gray,0.0
runs\ppo_tutor_multi_stage4\PPO_1,PPO_1,393216,6,Gray,0.0
runs\ppo_items200_h1000\PPO_1,PPO_1,400000,6,Gray,8.0
runs\ppo_items200_h800\PPO_1,PPO_1,400000,6,Gray,0.0
runs\ppo_items500_h1000\PPO_1,PPO_1,400000,6,Gray,0.0
runs\ppo_tutor_multi_items100\PPO_1,PPO_1,400000,6,Gray,3.0
runs\ppo_tutor_multi_stage2\PPO_1,PPO_1,400000,6,Gray,2.0
runs\ppo_tutor_multi_stage3_bonus2\PPO_1,PPO_1,400000,6,Gray,0.0
runs\ppo_tutor_multi_stage3_transition_bonus\PPO_1,PPO_1,400000,6,Gray,1.0
runs\ppo_tutor_multi_stage4\PPO_1,PPO_1,400000,6,Gray,0.0
runs\ppo_items200_h1000\PPO_1,PPO_1,425000,6,Gray,0.0
runs\ppo_items200_h800\PPO_1,PPO_1,425000,6,Gray,0.0
runs\ppo_items500_h1000\PPO_1,PPO_1,425000,6,Gray,0.0
runs\ppo_tutor_multi_items100\PPO_1,PPO_1,425000,6,Gray,1.0
runs\ppo_tutor_multi_stage2\PPO_1,PPO_1,425000,6,Gray,3.0
runs\ppo_tutor_multi_stage3_bonus2\PPO_1,PPO_1,425000,6,Gray,0.0
runs\ppo_tutor_multi_stage3_transition_bonus\PPO_1,PPO_1,425000,6,Gray,0.0
runs\ppo_tutor_multi_stage4\PPO_1,PPO_1,425000,6,Gray,0.0
runs\ppo_items200_h1000\PPO_1,PPO_1,425984,6,Gray,0.0
runs\ppo_items200_h800\PPO_1,PPO_1,425984,6,Gray,1.0
runs\ppo_items500_h1000\PPO_1,PPO_1,425984,6,Gray,0.0
runs\ppo_tutor_multi_items100\PPO_1,PPO_1,425984,6,Gray,0.0
runs\ppo_tutor_multi_stage2\PPO_1,PPO_1,425984,6,Gray,0.0
runs\ppo_tutor_multi_stage3_bonus2\PPO_1,PPO_1,425984,6,Gray,0.0
runs\ppo_tutor_multi_stage3_transition_bonus\PPO_1,PPO_1,425984,6,Gray,0.0
runs\ppo_tutor_multi_stage4\PPO_1,PPO_1,425984,6,Gray,0.0
runs\ppo_items200_h1000\PPO_1,PPO_1,450000,6,Gray,0.0
runs\ppo_items200_h800\PPO_1,PPO_1,450000,6,Gray,0.0
runs\ppo_items500_h1000\PPO_1,PPO_1,450000,6,Gray,1.0
runs\ppo_tutor_multi_items100\PPO_1,PPO_1,450000,6,Gray,0.0
runs\ppo_tutor_multi_stage2\PPO_1,PPO_1,450000,6,Gray,1.0
runs\ppo_tutor_multi_stage3_bonus2\PPO_1,PPO_1,450000,6,Gray,0.0
runs\ppo_tutor_multi_stage3_transition_bonus\PPO_1,PPO_1,450000,6,Gray,0.0
runs\ppo_tutor_multi_stage4\PPO_1,PPO_1,450000,6,Gray,1.0
runs\ppo_items200_h1000\PPO_1,PPO_1,458752,6,Gray,2.0
runs\ppo_items200_h800\PPO_1,PPO_1,458752,6,Gray,2.0
runs\ppo_items500_h1000\PPO_1,PPO_1,458752,6,Gray,0.0
runs\ppo_tutor_multi_items100\PPO_1,PPO_1,458752,6,Gray,3.0
runs\ppo_tutor_multi_stage2\PPO_1,PPO_1,458752,6,Gray,0.0
runs\ppo_tutor_multi_stage3_bonus2\PPO_1,PPO_1,458752,6,Gray,0.0
runs\ppo_tutor_multi_stage3_transition_bonus\PPO_1,PPO_1,458752,6,Gray,0.0
runs\ppo_tutor_multi_stage4\PPO_1,PPO_1,458752,6,Gray,1.0
runs\ppo_items200_h1000\PPO_1,PPO_1,475000,6,Gray,0.0
runs\ppo_items200_h800\PPO_1,PPO_1,475000,6,Gray,1.0
runs\ppo_items500_h1000\PPO_1,PPO_1,475000,6,Gray,1.0
runs\ppo_tutor_multi_items100\PPO_1,PPO_1,475000,6,Gray,3.0
runs\ppo_tutor_multi_stage2\PPO_1,PPO_1,475000,6,Gray,0.0
runs\ppo_tutor_multi_stage3_bonus2\PPO_1,PPO_1,475000,6,Gray,0.0
runs\ppo_tutor_multi_stage3_transition_bonus\PPO_1,PPO_1,475000,6,Gray,1.0
runs\ppo_tutor_multi_stage4\PPO_1,PPO_1,475000,6,Gray,0.0
runs\ppo_items200_h1000\PPO_1,PPO_1,491520,6,Gray,3.0
runs\ppo_items200_h800\PPO_1,PPO_1,491520,6,Gray,6.0
runs\ppo_items500_h1000\PPO_1,PPO_1,491520,6,Gray,0.0
runs\ppo_tutor_multi_items100\PPO_1,PPO_1,491520,6,Gray,2.0
runs\ppo_tutor_multi_stage2\PPO_1,PPO_1,491520,6,Gray,0.0
runs\ppo_tutor_multi_stage3_bonus2\PPO_1,PPO_1,491520,6,Gray,1.0
runs\ppo_tutor_multi_stage3_transition_bonus\PPO_1,PPO_1,491520,6,Gray,0.0
runs\ppo_tutor_multi_stage4\PPO_1,PPO_1,491520,6,Gray,0.0
runs\ppo_items200_h1000\PPO_1,PPO_1,500000,6,Gray,3.0
runs\ppo_items200_h800\PPO_1,PPO_1,500000,6,Gray,0.0
runs\ppo_items500_h1000\PPO_1,PPO_1,500000,6,Gray,0.0
runs\ppo_tutor_multi_items100\PPO_1,PPO_1,500000,6,Gray,3.0
runs\ppo_tutor_multi_stage2\PPO_1,PPO_1,500000,6,Gray,0.0
runs\ppo_tutor_multi_stage3_bonus2\PPO_1,PPO_1,500000,6,Gray,0.0
runs\ppo_tutor_multi_stage3_transition_bonus\PPO_1,PPO_1,500000,6,Gray,2.0
runs\ppo_tutor_multi_stage4\PPO_1,PPO_1,500000,6,Gray,0.0
runs\ppo_items200_h1000\PPO_1,PPO_1,524288,6,Gray,2.0
runs\ppo_items200_h800\PPO_1,PPO_1,524288,6,Gray,5.0
runs\ppo_items500_h1000\PPO_1,PPO_1,524288,6,Gray,1.0
runs\ppo_tutor_multi_items100\PPO_1,PPO_1,524288,6,Gray,0.0
runs\ppo_tutor_multi_stage2\PPO_1,PPO_1,524288,6,Gray,0.0
runs\ppo_tutor_multi_stage3_bonus2\PPO_1,PPO_1,524288,6,Gray,0.0
runs\ppo_tutor_multi_stage3_transition_bonus\PPO_1,PPO_1,524288,6,Gray,0.0
runs\ppo_tutor_multi_stage4\PPO_1,PPO_1,524288,6,Gray,0.0
runs\ppo_items200_h1000\PPO_1,PPO_1,525000,6,Gray,3.0
runs\ppo_items200_h800\PPO_1,PPO_1,525000,6,Gray,0.0
runs\ppo_items500_h1000\PPO_1,PPO_1,525000,6,Gray,1.0
runs\ppo_tutor_multi_items100\PPO_1,PPO_1,525000,6,Gray,0.0
runs\ppo_tutor_multi_stage3_bonus2\PPO_1,PPO_1,525000,6,Gray,0.0
runs\ppo_tutor_multi_stage3_transition_bonus\PPO_1,PPO_1,525000,6,Gray,0.0
runs\ppo_tutor_multi_stage4\PPO_1,PPO_1,525000,6,Gray,0.0
runs\ppo_items200_h1000\PPO_1,PPO_1,550000,6,Gray,9.0
runs\ppo_items200_h800\PPO_1,PPO_1,550000,6,Gray,5.0
runs\ppo_items500_h1000\PPO_1,PPO_1,550000,6,Gray,2.0
runs\ppo_tutor_multi_items100\PPO_1,PPO_1,550000,6,Gray,0.0
runs\ppo_tutor_multi_stage3_bonus2\PPO_1,PPO_1,550000,6,Gray,0.0
runs\ppo_tutor_multi_stage4\PPO_1,PPO_1,550000,6,Gray,0.0
runs\ppo_items200_h1000\PPO_1,PPO_1,557056,6,Gray,5.0
runs\ppo_items200_h800\PPO_1,PPO_1,557056,6,Gray,0.0
runs\ppo_items500_h1000\PPO_1,PPO_1,557056,6,Gray,0.0
runs\ppo_tutor_multi_items100\PPO_1,PPO_1,557056,6,Gray,1.0
runs\ppo_tutor_multi_stage3_bonus2\PPO_1,PPO_1,557056,6,Gray,0.0
runs\ppo_tutor_multi_stage4\PPO_1,PPO_1,557056,6,Gray,0.0
runs\ppo_items200_h1000\PPO_1,PPO_1,575000,6,Gray,3.0
runs\ppo_items200_h800\PPO_1,PPO_1,575000,6,Gray,3.0
runs\ppo_items500_h1000\PPO_1,PPO_1,575000,6,Gray,1.0
runs\ppo_tutor_multi_items100\PPO_1,PPO_1,575000,6,Gray,2.0
runs\ppo_tutor_multi_stage3_bonus2\PPO_1,PPO_1,575000,6,Gray,2.0
runs\ppo_tutor_multi_stage4\PPO_1,PPO_1,575000,6,Gray,2.0
runs\ppo_items200_h1000\PPO_1,PPO_1,589824,6,Gray,5.0
runs\ppo_items200_h800\PPO_1,PPO_1,589824,6,Gray,1.0
runs\ppo_items500_h1000\PPO_1,PPO_1,589824,6,Gray,3.0
runs\ppo_tutor_multi_items100\PPO_1,PPO_1,589824,6,Gray,1.0
runs\ppo_tutor_multi_stage3_bonus2\PPO_1,PPO_1,589824,6,Gray,1.0
runs\ppo_tutor_multi_stage4\PPO_1,PPO_1,589824,6,Gray,2.0
runs\ppo_items200_h1000\PPO_1,PPO_1,600000,6,Gray,9.0
runs\ppo_items200_h800\PPO_1,PPO_1,600000,6,Gray,3.0
runs\ppo_items500_h1000\PPO_1,PPO_1,600000,6,Gray,4.0
runs\ppo_tutor_multi_items100\PPO_1,PPO_1,600000,6,Gray,2.0
runs\ppo_tutor_multi_stage3_bonus2\PPO_1,PPO_1,600000,6,Gray,0.0
runs\ppo_tutor_multi_stage4\PPO_1,PPO_1,600000,6,Gray,1.0
runs\ppo_items200_h1000\PPO_1,PPO_1,622592,6,Gray,6.0
runs\ppo_items200_h800\PPO_1,PPO_1,622592,6,Gray,0.0
runs\ppo_items500_h1000\PPO_1,PPO_1,622592,6,Gray,1.0
runs\ppo_tutor_multi_items100\PPO_1,PPO_1,622592,6,Gray,1.0
runs\ppo_tutor_multi_stage3_bonus2\PPO_1,PPO_1,622592,6,Gray,0.0
runs\ppo_tutor_multi_stage4\PPO_1,PPO_1,622592,6,Gray,0.0
runs\ppo_items200_h1000\PPO_1,PPO_1,625000,6,Gray,0.0
runs\ppo_items200_h800\PPO_1,PPO_1,625000,6,Gray,1.0
runs\ppo_items500_h1000\PPO_1,PPO_1,625000,6,Gray,0.0
runs\ppo_tutor_multi_items100\PPO_1,PPO_1,625000,6,Gray,1.0
runs\ppo_tutor_multi_stage3_bonus2\PPO_1,PPO_1,625000,6,Gray,0.0
runs\ppo_tutor_multi_stage4\PPO_1,PPO_1,625000,6,Gray,0.0
runs\ppo_items200_h1000\PPO_1,PPO_1,650000,6,Gray,0.0
runs\ppo_items200_h800\PPO_1,PPO_1,650000,6,Gray,3.0
runs\ppo_items500_h1000\PPO_1,PPO_1,650000,6,Gray,0.0
runs\ppo_tutor_multi_items100\PPO_1,PPO_1,650000,6,Gray,1.0
runs\ppo_tutor_multi_stage3_bonus2\PPO_1,PPO_1,650000,6,Gray,0.0
runs\ppo_tutor_multi_stage4\PPO_1,PPO_1,650000,6,Gray,0.0
runs\ppo_items200_h1000\PPO_1,PPO_1,655360,6,Gray,11.0
runs\ppo_items200_h800\PPO_1,PPO_1,655360,6,Gray,0.0
runs\ppo_items500_h1000\PPO_1,PPO_1,655360,6,Gray,1.0
runs\ppo_tutor_multi_items100\PPO_1,PPO_1,655360,6,Gray,1.0
runs\ppo_tutor_multi_stage3_bonus2\PPO_1,PPO_1,655360,6,Gray,2.0
runs\ppo_tutor_multi_stage4\PPO_1,PPO_1,655360,6,Gray,0.0
runs\ppo_items200_h1000\PPO_1,PPO_1,675000,6,Gray,3.0
runs\ppo_items200_h800\PPO_1,PPO_1,675000,6,Gray,3.0
runs\ppo_items500_h1000\PPO_1,PPO_1,675000,6,Gray,0.0
runs\ppo_tutor_multi_items100\PPO_1,PPO_1,675000,6,Gray,1.0
runs\ppo_tutor_multi_stage3_bonus2\PPO_1,PPO_1,675000,6,Gray,2.0
runs\ppo_tutor_multi_stage4\PPO_1,PPO_1,675000,6,Gray,1.0
runs\ppo_items200_h1000\PPO_1,PPO_1,688128,6,Gray,0.0
runs\ppo_items200_h800\PPO_1,PPO_1,688128,6,Gray,3.0
runs\ppo_items500_h1000\PPO_1,PPO_1,688128,6,Gray,0.0
runs\ppo_tutor_multi_items100\PPO_1,PPO_1,688128,6,Gray,0.0
runs\ppo_tutor_multi_stage3_bonus2\PPO_1,PPO_1,688128,6,Gray,0.0
runs\ppo_tutor_multi_stage4\PPO_1,PPO_1,688128,6,Gray,0.0
runs\ppo_items200_h1000\PPO_1,PPO_1,700000,6,Gray,4.0
runs\ppo_items200_h800\PPO_1,PPO_1,700000,6,Gray,4.0
runs\ppo_items500_h1000\PPO_1,PPO_1,700000,6,Gray,0.0
runs\ppo_tutor_multi_items100\PPO_1,PPO_1,700000,6,Gray,5.0
runs\ppo_tutor_multi_stage3_bonus2\PPO_1,PPO_1,700000,6,Gray,1.0
runs\ppo_tutor_multi_stage4\PPO_1,PPO_1,700000,6,Gray,1.0
runs\ppo_items200_h1000\PPO_1,PPO_1,720896,6,Gray,0.0
runs\ppo_items200_h800\PPO_1,PPO_1,720896,6,Gray,3.0
runs\ppo_items500_h1000\PPO_1,PPO_1,720896,6,Gray,0.0
runs\ppo_tutor_multi_items100\PPO_1,PPO_1,720896,6,Gray,1.0
runs\ppo_tutor_multi_stage3_bonus2\PPO_1,PPO_1,720896,6,Gray,0.0
runs\ppo_tutor_multi_stage4\PPO_1,PPO_1,720896,6,Gray,0.0
runs\ppo_items200_h1000\PPO_1,PPO_1,725000,6,Gray,5.0
runs\ppo_items200_h800\PPO_1,PPO_1,725000,6,Gray,0.0
runs\ppo_items500_h1000\PPO_1,PPO_1,725000,6,Gray,1.0
runs\ppo_tutor_multi_items100\PPO_1,PPO_1,725000,6,Gray,1.0
runs\ppo_tutor_multi_stage3_bonus2\PPO_1,PPO_1,725000,6,Gray,0.0
runs\ppo_tutor_multi_stage4\PPO_1,PPO_1,725000,6,Gray,0.0
runs\ppo_items200_h1000\PPO_1,PPO_1,750000,6,Gray,7.0
runs\ppo_items200_h800\PPO_1,PPO_1,750000,6,Gray,1.0
runs\ppo_items500_h1000\PPO_1,PPO_1,750000,6,Gray,1.0
runs\ppo_tutor_multi_items100\PPO_1,PPO_1,750000,6,Gray,1.0
runs\ppo_tutor_multi_stage3_bonus2\PPO_1,PPO_1,750000,6,Gray,2.0
runs\ppo_tutor_multi_stage4\PPO_1,PPO_1,750000,6,Gray,0.0
runs\ppo_items200_h1000\PPO_1,PPO_1,753664,6,Gray,0.0
runs\ppo_items200_h800\PPO_1,PPO_1,753664,6,Gray,5.0
runs\ppo_items500_h1000\PPO_1,PPO_1,753664,6,Gray,0.0
runs\ppo_tutor_multi_items100\PPO_1,PPO_1,753664,6,Gray,1.0
runs\ppo_tutor_multi_stage3_bonus2\PPO_1,PPO_1,753664,6,Gray,0.0
runs\ppo_tutor_multi_stage4\PPO_1,PPO_1,753664,6,Gray,0.0
runs\ppo_items200_h1000\PPO_1,PPO_1,775000,6,Gray,8.0
runs\ppo_items200_h800\PPO_1,PPO_1,775000,6,Gray,0.0
runs\ppo_items500_h1000\PPO_1,PPO_1,775000,6,Gray,1.0
runs\ppo_tutor_multi_items100\PPO_1,PPO_1,775000,6,Gray,1.0
runs\ppo_tutor_multi_stage3_bonus2\PPO_1,PPO_1,775000,6,Gray,3.0
runs\ppo_tutor_multi_stage4\PPO_1,PPO_1,775000,6,Gray,0.0
runs\ppo_items200_h1000\PPO_1,PPO_1,786432,6,Gray,1.0
runs\ppo_items200_h800\PPO_1,PPO_1,786432,6,Gray,3.0
runs\ppo_items500_h1000\PPO_1,PPO_1,786432,6,Gray,0.0
runs\ppo_tutor_multi_items100\PPO_1,PPO_1,786432,6,Gray,1.0
runs\ppo_tutor_multi_stage3_bonus2\PPO_1,PPO_1,786432,6,Gray,1.0
runs\ppo_tutor_multi_stage4\PPO_1,PPO_1,786432,6,Gray,1.0
runs\ppo_items200_h1000\PPO_1,PPO_1,800000,6,Gray,12.0
runs\ppo_items200_h800\PPO_1,PPO_1,800000,6,Gray,11.0
runs\ppo_items500_h1000\PPO_1,PPO_1,800000,6,Gray,0.0
runs\ppo_tutor_multi_items100\PPO_1,PPO_1,800000,6,Gray,2.0
runs\ppo_tutor_multi_stage3_bonus2\PPO_1,PPO_1,800000,6,Gray,2.0
runs\ppo_tutor_multi_stage4\PPO_1,PPO_1,800000,6,Gray,0.0
runs\ppo_items200_h1000\PPO_1,PPO_1,819200,6,Gray,2.0
runs\ppo_items200_h800\PPO_1,PPO_1,819200,6,Gray,12.0
runs\ppo_items500_h1000\PPO_1,PPO_1,819200,6,Gray,1.0
runs\ppo_tutor_multi_items100\PPO_1,PPO_1,819200,6,Gray,1.0
runs\ppo_tutor_multi_stage3_bonus2\PPO_1,PPO_1,819200,6,Gray,1.0
runs\ppo_tutor_multi_stage4\PPO_1,PPO_1,819200,6,Gray,0.0
runs\ppo_items200_h1000\PPO_1,PPO_1,825000,6,Gray,0.0
runs\ppo_items200_h800\PPO_1,PPO_1,825000,6,Gray,3.0
runs\ppo_items500_h1000\PPO_1,PPO_1,825000,6,Gray,0.0
runs\ppo_tutor_multi_stage4\PPO_1,PPO_1,825000,6,Gray,0.0
runs\ppo_items200_h1000\PPO_1,PPO_1,850000,6,Gray,1.0
runs\ppo_items200_h800\PPO_1,PPO_1,850000,6,Gray,6.0
runs\ppo_items500_h1000\PPO_1,PPO_1,850000,6,Gray,1.0
runs\ppo_items200_h1000\PPO_1,PPO_1,851968,6,Gray,7.0
runs\ppo_items200_h800\PPO_1,PPO_1,851968,6,Gray,0.0
runs\ppo_items500_h1000\PPO_1,PPO_1,851968,6,Gray,1.0
runs\ppo_items200_h1000\PPO_1,PPO_1,875000,6,Gray,5.0
runs\ppo_items200_h800\PPO_1,PPO_1,875000,6,Gray,5.0
runs\ppo_items500_h1000\PPO_1,PPO_1,875000,6,Gray,0.0
runs\ppo_items200_h1000\PPO_1,PPO_1,884736,6,Gray,8.0
runs\ppo_items200_h800\PPO_1,PPO_1,884736,6,Gray,1.0
runs\ppo_items500_h1000\PPO_1,PPO_1,884736,6,Gray,0.0
runs\ppo_items200_h1000\PPO_1,PPO_1,900000,6,Gray,5.0
runs\ppo_items200_h800\PPO_1,PPO_1,900000,6,Gray,3.0
runs\ppo_items500_h1000\PPO_1,PPO_1,900000,6,Gray,2.0
runs\ppo_items200_h1000\PPO_1,PPO_1,917504,6,Gray,9.0
runs\ppo_items200_h800\PPO_1,PPO_1,917504,6,Gray,4.0
runs\ppo_items500_h1000\PPO_1,PPO_1,917504,6,Gray,0.0
runs\ppo_items200_h1000\PPO_1,PPO_1,925000,6,Gray,4.0
runs\ppo_items200_h800\PPO_1,PPO_1,925000,6,Gray,7.0
runs\ppo_items500_h1000\PPO_1,PPO_1,925000,6,Gray,4.0
runs\ppo_items200_h1000\PPO_1,PPO_1,950000,6,Gray,11.0
runs\ppo_items200_h800\PPO_1,PPO_1,950000,6,Gray,4.0
runs\ppo_items500_h1000\PPO_1,PPO_1,950000,6,Gray,1.0
runs\ppo_items200_h1000\PPO_1,PPO_1,950272,6,Gray,11.0
runs\ppo_items200_h800\PPO_1,PPO_1,950272,6,Gray,6.0
runs\ppo_items500_h1000\PPO_1,PPO_1,950272,6,Gray,5.0
runs\ppo_items200_h1000\PPO_1,PPO_1,975000,6,Gray,14.0
runs\ppo_items200_h800\PPO_1,PPO_1,975000,6,Gray,1.0
runs\ppo_items500_h1000\PPO_1,PPO_1,975000,6,Gray,3.0
runs\ppo_items200_h1000\PPO_1,PPO_1,983040,6,Gray,11.0
runs\ppo_items200_h800\PPO_1,PPO_1,983040,6,Gray,3.0
runs\ppo_items500_h1000\PPO_1,PPO_1,983040,6,Gray,5.0
runs\ppo_items200_h1000\PPO_1,PPO_1,1000000,6,Gray,12.0
runs\ppo_items200_h800\PPO_1,PPO_1,1000000,6,Gray,1.0
runs\ppo_items500_h1000\PPO_1,PPO_1,1000000,6,Gray,3.0
runs\ppo_items200_h1000\PPO_1,PPO_1,1015808,6,Gray,19.0
runs\ppo_items200_h800\PPO_1,PPO_1,1015808,6,Gray,6.0
runs\ppo_items500_h1000\PPO_1,PPO_1,1015808,6,Gray,2.0
runs\ppo_items200_h1000\PPO_1,PPO_1,1025000,6,Gray,2.0
runs\ppo_items200_h800\PPO_1,PPO_1,1025000,6,Gray,1.0
runs\ppo_items500_h1000\PPO_1,PPO_1,1025000,6,Gray,0.0
runs\ppo_items200_h1000\PPO_1,PPO_1,1048576,6,Gray,1.0
runs\ppo_items200_h800\PPO_1,PPO_1,1048576,6,Gray,10.0
runs\ppo_items500_h1000\PPO_1,PPO_1,1048576,6,Gray,0.0
runs\ppo_items200_h1000\PPO_1,PPO_1,1050000,6,Gray,2.0
runs\ppo_items200_h800\PPO_1,PPO_1,1050000,6,Gray,0.0
runs\ppo_items500_h1000\PPO_1,PPO_1,1050000,6,Gray,0.0
runs\ppo_items200_h1000\PPO_1,PPO_1,1075000,6,Gray,8.0
runs\ppo_items200_h800\PPO_1,PPO_1,1075000,6,Gray,10.0
runs\ppo_items500_h1000\PPO_1,PPO_1,1075000,6,Gray,0.0
runs\ppo_items200_h1000\PPO_1,PPO_1,1081344,6,Gray,1.0
runs\ppo_items200_h800\PPO_1,PPO_1,1081344,6,Gray,11.0
runs\ppo_items500_h1000\PPO_1,PPO_1,1081344,6,Gray,0.0
runs\ppo_items200_h1000\PPO_1,PPO_1,1100000,6,Gray,7.0
runs\ppo_items200_h800\PPO_1,PPO_1,1100000,6,Gray,13.0
runs\ppo_items500_h1000\PPO_1,PPO_1,1100000,6,Gray,1.0
runs\ppo_items200_h1000\PPO_1,PPO_1,1114112,6,Gray,4.0
runs\ppo_items200_h800\PPO_1,PPO_1,1114112,6,Gray,0.0
runs\ppo_items500_h1000\PPO_1,PPO_1,1114112,6,Gray,1.0
runs\ppo_items200_h1000\PPO_1,PPO_1,1125000,6,Gray,10.0
runs\ppo_items200_h800\PPO_1,PPO_1,1125000,6,Gray,10.0
runs\ppo_items500_h1000\PPO_1,PPO_1,1125000,6,Gray,2.0
runs\ppo_items200_h1000\PPO_1,PPO_1,1146880,6,Gray,8.0
runs\ppo_items200_h800\PPO_1,PPO_1,1146880,6,Gray,2.0
runs\ppo_items500_h1000\PPO_1,PPO_1,1146880,6,Gray,1.0
runs\ppo_items200_h1000\PPO_1,PPO_1,1150000,6,Gray,12.0
runs\ppo_items200_h800\PPO_1,PPO_1,1150000,6,Gray,6.0
runs\ppo_items500_h1000\PPO_1,PPO_1,1150000,6,Gray,5.0
runs\ppo_items200_h1000\PPO_1,PPO_1,1175000,6,Gray,15.0
runs\ppo_items200_h800\PPO_1,PPO_1,1175000,6,Gray,10.0
runs\ppo_items500_h1000\PPO_1,PPO_1,1175000,6,Gray,3.0
runs\ppo_items200_h1000\PPO_1,PPO_1,1179648,6,Gray,7.0
runs\ppo_items200_h800\PPO_1,PPO_1,1179648,6,Gray,2.0
runs\ppo_items500_h1000\PPO_1,PPO_1,1179648,6,Gray,4.0
runs\ppo_items200_h1000\PPO_1,PPO_1,1200000,6,Gray,15.0
runs\ppo_items200_h800\PPO_1,PPO_1,1200000,6,Gray,2.0
runs\ppo_items500_h1000\PPO_1,PPO_1,1200000,6,Gray,4.0
runs\ppo_items200_h1000\PPO_1,PPO_1,1212416,6,Gray,10.0
runs\ppo_items200_h800\PPO_1,PPO_1,1212416,6,Gray,3.0
runs\ppo_items500_h1000\PPO_1,PPO_1,1212416,6,Gray,2.0
runs\ppo_items200_h1000\PPO_1,PPO_1,1225000,6,Gray,3.0
runs\ppo_items500_h1000\PPO_1,PPO_1,1225000,6,Gray,0.0
runs\ppo_items200_h1000\PPO_1,PPO_1,1245184,6,Gray,10.0
runs\ppo_items500_h1000\PPO_1,PPO_1,1245184,6,Gray,3.0
runs\ppo_items200_h1000\PPO_1,PPO_1,1250000,6,Gray,4.0
runs\ppo_items500_h1000\PPO_1,PPO_1,1250000,6,Gray,0.0
runs\ppo_items200_h1000\PPO_1,PPO_1,1275000,6,Gray,7.0
runs\ppo_items500_h1000\PPO_1,PPO_1,1275000,6,Gray,1.0
runs\ppo_items200_h1000\PPO_1,PPO_1,1277952,6,Gray,10.0
runs\ppo_items500_h1000\PPO_1,PPO_1,1277952,6,Gray,5.0
runs\ppo_items200_h1000\PPO_1,PPO_1,1300000,6,Gray,8.0
runs\ppo_items500_h1000\PPO_1,PPO_1,1300000,6,Gray,4.0
runs\ppo_items200_h1000\PPO_1,PPO_1,1310720,6,Gray,10.0
runs\ppo_items500_h1000\PPO_1,PPO_1,1310720,6,Gray,4.0
runs\ppo_items200_h1000\PPO_1,PPO_1,1325000,6,Gray,9.0
runs\ppo_items500_h1000\PPO_1,PPO_1,1325000,6,Gray,3.0
runs\ppo_items200_h1000\PPO_1,PPO_1,1343488,6,Gray,19.0
runs\ppo_items500_h1000\PPO_1,PPO_1,1343488,6,Gray,3.0
runs\ppo_items200_h1000\PPO_1,PPO_1,1350000,6,Gray,12.0
runs\ppo_items500_h1000\PPO_1,PPO_1,1350000,6,Gray,3.0
runs\ppo_items200_h1000\PPO_1,PPO_1,1375000,6,Gray,14.0
runs\ppo_items500_h1000\PPO_1,PPO_1,1375000,6,Gray,7.0
runs\ppo_items200_h1000\PPO_1,PPO_1,1376256,6,Gray,0.0
runs\ppo_items500_h1000\PPO_1,PPO_1,1376256,6,Gray,0.0
runs\ppo_items200_h1000\PPO_1,PPO_1,1400000,6,Gray,18.0
runs\ppo_items500_h1000\PPO_1,PPO_1,1400000,6,Gray,5.0
runs\ppo_items200_h1000\PPO_1,PPO_1,1409024,6,Gray,2.0
runs\ppo_items500_h1000\PPO_1,PPO_1,1409024,6,Gray,0.0
runs\ppo_items200_h1000\PPO_1,PPO_1,1425000,6,Gray,3.0
runs\ppo_items500_h1000\PPO_1,PPO_1,1425000,6,Gray,0.0
runs\ppo_items200_h1000\PPO_1,PPO_1,1441792,6,Gray,2.0
runs\ppo_items500_h1000\PPO_1,PPO_1,1441792,6,Gray,1.0
runs\ppo_items200_h1000\PPO_1,PPO_1,1450000,6,Gray,5.0
runs\ppo_items500_h1000\PPO_1,PPO_1,1450000,6,Gray,1.0
runs\ppo_items200_h1000\PPO_1,PPO_1,1474560,6,Gray,6.0
runs\ppo_items500_h1000\PPO_1,PPO_1,1474560,6,Gray,1.0
runs\ppo_items200_h1000\PPO_1,PPO_1,1475000,6,Gray,6.0
runs\ppo_items500_h1000\PPO_1,PPO_1,1475000,6,Gray,2.0
runs\ppo_items200_h1000\PPO_1,PPO_1,1500000,6,Gray,9.0
runs\ppo_items500_h1000\PPO_1,PPO_1,1500000,6,Gray,4.0
runs\ppo_items200_h1000\PPO_1,PPO_1,1507328,6,Gray,7.0
runs\ppo_items500_h1000\PPO_1,PPO_1,1507328,6,Gray,2.0
runs\ppo_items200_h1000\PPO_1,PPO_1,1525000,6,Gray,9.0
runs\ppo_items500_h1000\PPO_1,PPO_1,1525000,6,Gray,3.0
runs\ppo_items200_h1000\PPO_1,PPO_1,1540096,6,Gray,8.0
runs\ppo_items500_h1000\PPO_1,PPO_1,1540096,6,Gray,4.0
runs\ppo_items200_h1000\PPO_1,PPO_1,1550000,6,Gray,16.0
runs\ppo_items500_h1000\PPO_1,PPO_1,1550000,6,Gray,3.0
runs\ppo_items200_h1000\PPO_1,PPO_1,1572864,6,Gray,13.0
runs\ppo_items500_h1000\PPO_1,PPO_1,1572864,6,Gray,3.0
runs\ppo_items200_h1000\PPO_1,PPO_1,1575000,6,Gray,14.0
runs\ppo_items500_h1000\PPO_1,PPO_1,1575000,6,Gray,6.0
runs\ppo_items200_h1000\PPO_1,PPO_1,1600000,6,Gray,19.0
runs\ppo_items500_h1000\PPO_1,PPO_1,1600000,6,Gray,4.0
runs\ppo_items200_h1000\PPO_1,PPO_1,1605632,6,Gray,13.0
runs\ppo_items500_h1000\PPO_1,PPO_1,1605632,6,Gray,4.0
runs\ppo_items500_h1000\PPO_1,PPO_1,1625000,6,Gray,0.0
runs\ppo_items500_h1000\PPO_1,PPO_1,1638400,6,Gray,5.0
runs\ppo_items500_h1000\PPO_1,PPO_1,1650000,6,Gray,1.0
runs\ppo_items500_h1000\PPO_1,PPO_1,1671168,6,Gray,5.0
runs\ppo_items500_h1000\PPO_1,PPO_1,1675000,6,Gray,1.0
runs\ppo_items500_h1000\PPO_1,PPO_1,1700000,6,Gray,4.0
runs\ppo_items500_h1000\PPO_1,PPO_1,1703936,6,Gray,4.0
runs\ppo_items500_h1000\PPO_1,PPO_1,1725000,6,Gray,3.0
runs\ppo_items500_h1000\PPO_1,PPO_1,1736704,6,Gray,1.0
runs\ppo_items500_h1000\PPO_1,PPO_1,1750000,6,Gray,5.0
runs\ppo_items500_h1000\PPO_1,PPO_1,1769472,6,Gray,0.0
runs\ppo_items500_h1000\PPO_1,PPO_1,1775000,6,Gray,6.0
runs\ppo_items500_h1000\PPO_1,PPO_1,1800000,6,Gray,4.0
runs\ppo_items500_h1000\PPO_1,PPO_1,1802240,6,Gray,1.0
runs\ppo_items500_h1000\PPO_1,PPO_1,1825000,6,Gray,0.0
runs\ppo_items500_h1000\PPO_1,PPO_1,1835008,6,Gray,2.0
runs\ppo_items500_h1000\PPO_1,PPO_1,1850000,6,Gray,1.0
runs\ppo_items500_h1000\PPO_1,PPO_1,1867776,6,Gray,2.0
runs\ppo_items500_h1000\PPO_1,PPO_1,1875000,6,Gray,2.0
runs\ppo_items500_h1000\PPO_1,PPO_1,1900000,6,Gray,4.0
runs\ppo_items500_h1000\PPO_1,PPO_1,1900544,6,Gray,3.0
runs\ppo_items500_h1000\PPO_1,PPO_1,1925000,6,Gray,6.0
runs\ppo_items500_h1000\PPO_1,PPO_1,1933312,6,Gray,5.0
runs\ppo_items500_h1000\PPO_1,PPO_1,1950000,6,Gray,5.0
runs\ppo_items500_h1000\PPO_1,PPO_1,1966080,6,Gray,5.0
runs\ppo_items500_h1000\PPO_1,PPO_1,1975000,6,Gray,5.0
runs\ppo_items500_h1000\PPO_1,PPO_1,1998848,6,Gray,5.0
runs\ppo_items500_h1000\PPO_1,PPO_1,2000000,6,Gray,5.0
runs\ppo_items500_h1000\PPO_1,PPO_1,2025000,6,Gray,0.0
runs\ppo_items500_h1000\PPO_1,PPO_1,2031616,6,Gray,5.0
runs\ab_balanced_items200_h1000\PPO_1,PPO_1,25000,7,Harper,0.0
runs\ab_penalty1_items200_h1200\PPO_1,PPO_1,25000,7,Harper,1.0
runs\ppo_items200_h1000\PPO_1,PPO_1,25000,7,Harper,0.0
runs\ppo_items200_h800\PPO_1,PPO_1,25000,7,Harper,1.0
runs\ppo_items500_h1000\PPO_1,PPO_1,25000,7,Harper,0.0
runs\ppo_tutor_multi_items100\PPO_1,PPO_1,25000,7,Harper,0.0
runs\ppo_tutor_multi_stage2\PPO_1,PPO_1,25000,7,Harper,2.0
runs\ppo_tutor_multi_stage3_bonus2\PPO_1,PPO_1,25000,7,Harper,0.0
runs\ppo_tutor_multi_stage3_transition_bonus\PPO_1,PPO_1,25000,7,Harper,0.0
runs\ppo_tutor_multi_stage4\PPO_1,PPO_1,25000,7,Harper,0.0
runs\ppo_tutor_multi_v6\PPO_1,PPO_1,25000,7,Harper,0.0
runs\ab_balanced_items200_h1000\PPO_1,PPO_1,32768,7,Harper,0.0
runs\ab_penalty1_items200_h1200\PPO_1,PPO_1,32768,7,Harper,0.0
runs\ppo_items200_h1000\PPO_1,PPO_1,32768,7,Harper,0.0
runs\ppo_items200_h800\PPO_1,PPO_1,32768,7,Harper,0.0
runs\ppo_items500_h1000\PPO_1,PPO_1,32768,7,Harper,0.0
runs\ppo_tutor_multi_items100\PPO_1,PPO_1,32768,7,Harper,0.0
runs\ppo_tutor_multi_stage2\PPO_1,PPO_1,32768,7,Harper,0.0
runs\ppo_tutor_multi_stage3_bonus2\PPO_1,PPO_1,32768,7,Harper,0.0
runs\ppo_tutor_multi_stage3_transition_bonus\PPO_1,PPO_1,32768,7,Harper,0.0
runs\ppo_tutor_multi_stage4\PPO_1,PPO_1,32768,7,Harper,1.0
runs\ppo_tutor_multi_v6\PPO_1,PPO_1,32768,7,Harper,1.0
runs\ab_penalty1_items200_h1200\PPO_1,PPO_1,50000,7,Harper,0.0
runs\ppo_items200_h1000\PPO_1,PPO_1,50000,7,Harper,0.0
runs\ppo_items200_h800\PPO_1,PPO_1,50000,7,Harper,1.0
runs\ppo_items500_h1000\PPO_1,PPO_1,50000,7,Harper,0.0
runs\ppo_tutor_multi_items100\PPO_1,PPO_1,50000,7,Harper,1.0
runs\ppo_tutor_multi_stage2\PPO_1,PPO_1,50000,7,Harper,0.0
runs\ppo_tutor_multi_stage3_bonus2\PPO_1,PPO_1,50000,7,Harper,0.0
runs\ppo_tutor_multi_stage3_transition_bonus\PPO_1,PPO_1,50000,7,Harper,0.0
runs\ppo_tutor_multi_stage4\PPO_1,PPO_1,50000,7,Harper,0.0
runs\ppo_tutor_multi_v6\PPO_1,PPO_1,50000,7,Harper,0.0
runs\ab_penalty1_items200_h1200\PPO_1,PPO_1,65536,7,Harper,5.0
runs\ppo_items200_h1000\PPO_1,PPO_1,65536,7,Harper,0.0
runs\ppo_items200_h800\PPO_1,PPO_1,65536,7,Harper,0.0
runs\ppo_items500_h1000\PPO_1,PPO_1,65536,7,Harper,0.0
runs\ppo_tutor_multi_items100\PPO_1,PPO_1,65536,7,Harper,1.0
runs\ppo_tutor_multi_stage2\PPO_1,PPO_1,65536,7,Harper,1.0
runs\ppo_tutor_multi_stage3_bonus2\PPO_1,PPO_1,65536,7,Harper,0.0
runs\ppo_tutor_multi_stage3_transition_bonus\PPO_1,PPO_1,65536,7,Harper,0.0
runs\ppo_tutor_multi_stage4\PPO_1,PPO_1,65536,7,Harper,0.0
runs\ppo_tutor_multi_v6\PPO_1,PPO_1,65536,7,Harper,0.0
runs\ab_penalty1_items200_h1200\PPO_1,PPO_1,75000,7,Harper,2.0
runs\ppo_items200_h1000\PPO_1,PPO_1,75000,7,Harper,0.0
runs\ppo_items200_h800\PPO_1,PPO_1,75000,7,Harper,1.0
runs\ppo_items500_h1000\PPO_1,PPO_1,75000,7,Harper,0.0
runs\ppo_tutor_multi_items100\PPO_1,PPO_1,75000,7,Harper,3.0
runs\ppo_tutor_multi_stage2\PPO_1,PPO_1,75000,7,Harper,0.0
runs\ppo_tutor_multi_stage3_bonus2\PPO_1,PPO_1,75000,7,Harper,0.0
runs\ppo_tutor_multi_stage3_transition_bonus\PPO_1,PPO_1,75000,7,Harper,0.0
runs\ppo_tutor_multi_stage4\PPO_1,PPO_1,75000,7,Harper,0.0
runs\ppo_tutor_multi_v6\PPO_1,PPO_1,75000,7,Harper,0.0
runs\ppo_items200_h1000\PPO_1,PPO_1,98304,7,Harper,0.0
runs\ppo_items200_h800\PPO_1,PPO_1,98304,7,Harper,0.0
runs\ppo_items500_h1000\PPO_1,PPO_1,98304,7,Harper,0.0
runs\ppo_tutor_multi_items100\PPO_1,PPO_1,98304,7,Harper,1.0
runs\ppo_tutor_multi_stage2\PPO_1,PPO_1,98304,7,Harper,3.0
runs\ppo_tutor_multi_stage3_bonus2\PPO_1,PPO_1,98304,7,Harper,0.0
runs\ppo_tutor_multi_stage3_transition_bonus\PPO_1,PPO_1,98304,7,Harper,0.0
runs\ppo_tutor_multi_stage4\PPO_1,PPO_1,98304,7,Harper,0.0
runs\ppo_tutor_multi_v6\PPO_1,PPO_1,98304,7,Harper,4.0
runs\ppo_items200_h1000\PPO_1,PPO_1,100000,7,Harper,1.0
runs\ppo_items200_h800\PPO_1,PPO_1,100000,7,Harper,1.0
runs\ppo_items500_h1000\PPO_1,PPO_1,100000,7,Harper,0.0
runs\ppo_tutor_multi_items100\PPO_1,PPO_1,100000,7,Harper,1.0
runs\ppo_tutor_multi_stage2\PPO_1,PPO_1,100000,7,Harper,0.0
runs\ppo_tutor_multi_stage3_bonus2\PPO_1,PPO_1,100000,7,Harper,2.0
runs\ppo_tutor_multi_stage3_transition_bonus\PPO_1,PPO_1,100000,7,Harper,1.0
runs\ppo_tutor_multi_stage4\PPO_1,PPO_1,100000,7,Harper,0.0
runs\ppo_tutor_multi_v6\PPO_1,PPO_1,100000,7,Harper,0.0
runs\ppo_items200_h1000\PPO_1,PPO_1,125000,7,Harper,4.0
runs\ppo_items200_h800\PPO_1,PPO_1,125000,7,Harper,2.0
runs\ppo_items500_h1000\PPO_1,PPO_1,125000,7,Harper,0.0
runs\ppo_tutor_multi_items100\PPO_1,PPO_1,125000,7,Harper,0.0
runs\ppo_tutor_multi_stage2\PPO_1,PPO_1,125000,7,Harper,0.0
runs\ppo_tutor_multi_stage3_bonus2\PPO_1,PPO_1,125000,7,Harper,0.0
runs\ppo_tutor_multi_stage3_transition_bonus\PPO_1,PPO_1,125000,7,Harper,0.0
runs\ppo_tutor_multi_stage4\PPO_1,PPO_1,125000,7,Harper,0.0
runs\ppo_tutor_multi_v6\PPO_1,PPO_1,125000,7,Harper,0.0
runs\ppo_items200_h1000\PPO_1,PPO_1,131072,7,Harper,0.0
runs\ppo_items200_h800\PPO_1,PPO_1,131072,7,Harper,0.0
runs\ppo_items500_h1000\PPO_1,PPO_1,131072,7,Harper,0.0
runs\ppo_tutor_multi_items100\PPO_1,PPO_1,131072,7,Harper,1.0
runs\ppo_tutor_multi_stage2\PPO_1,PPO_1,131072,7,Harper,1.0
runs\ppo_tutor_multi_stage3_bonus2\PPO_1,PPO_1,131072,7,Harper,1.0
runs\ppo_tutor_multi_stage3_transition_bonus\PPO_1,PPO_1,131072,7,Harper,1.0
runs\ppo_tutor_multi_stage4\PPO_1,PPO_1,131072,7,Harper,0.0
runs\ppo_tutor_multi_v6\PPO_1,PPO_1,131072,7,Harper,0.0
runs\ppo_items200_h1000\PPO_1,PPO_1,150000,7,Harper,6.0
runs\ppo_items200_h800\PPO_1,PPO_1,150000,7,Harper,1.0
runs\ppo_items500_h1000\PPO_1,PPO_1,150000,7,Harper,0.0
runs\ppo_tutor_multi_items100\PPO_1,PPO_1,150000,7,Harper,3.0
runs\ppo_tutor_multi_stage2\PPO_1,PPO_1,150000,7,Harper,3.0
runs\ppo_tutor_multi_stage3_bonus2\PPO_1,PPO_1,150000,7,Harper,0.0
runs\ppo_tutor_multi_stage3_transition_bonus\PPO_1,PPO_1,150000,7,Harper,0.0
runs\ppo_tutor_multi_stage4\PPO_1,PPO_1,150000,7,Harper,0.0
runs\ppo_tutor_multi_v6\PPO_1,PPO_1,150000,7,Harper,1.0
runs\ppo_items200_h1000\PPO_1,PPO_1,163840,7,Harper,0.0
runs\ppo_items200_h800\PPO_1,PPO_1,163840,7,Harper,0.0
runs\ppo_items500_h1000\PPO_1,PPO_1,163840,7,Harper,1.0
runs\ppo_tutor_multi_items100\PPO_1,PPO_1,163840,7,Harper,3.0
runs\ppo_tutor_multi_stage2\PPO_1,PPO_1,163840,7,Harper,1.0
runs\ppo_tutor_multi_stage3_bonus2\PPO_1,PPO_1,163840,7,Harper,1.0
runs\ppo_tutor_multi_stage3_transition_bonus\PPO_1,PPO_1,163840,7,Harper,0.0
runs\ppo_tutor_multi_stage4\PPO_1,PPO_1,163840,7,Harper,0.0
runs\ppo_tutor_multi_v6\PPO_1,PPO_1,163840,7,Harper,0.0
runs\ppo_items200_h1000\PPO_1,PPO_1,175000,7,Harper,3.0
runs\ppo_items200_h800\PPO_1,PPO_1,175000,7,Harper,0.0
runs\ppo_items500_h1000\PPO_1,PPO_1,175000,7,Harper,2.0
runs\ppo_tutor_multi_items100\PPO_1,PPO_1,175000,7,Harper,1.0
runs\ppo_tutor_multi_stage2\PPO_1,PPO_1,175000,7,Harper,1.0
runs\ppo_tutor_multi_stage3_bonus2\PPO_1,PPO_1,175000,7,Harper,1.0
runs\ppo_tutor_multi_stage3_transition_bonus\PPO_1,PPO_1,175000,7,Harper,1.0
runs\ppo_tutor_multi_stage4\PPO_1,PPO_1,175000,7,Harper,0.0
runs\ppo_tutor_multi_v6\PPO_1,PPO_1,175000,7,Harper,1.0
runs\ppo_items200_h1000\PPO_1,PPO_1,196608,7,Harper,1.0
runs\ppo_items200_h800\PPO_1,PPO_1,196608,7,Harper,2.0
runs\ppo_items500_h1000\PPO_1,PPO_1,196608,7,Harper,1.0
runs\ppo_tutor_multi_items100\PPO_1,PPO_1,196608,7,Harper,0.0
runs\ppo_tutor_multi_stage2\PPO_1,PPO_1,196608,7,Harper,1.0
runs\ppo_tutor_multi_stage3_bonus2\PPO_1,PPO_1,196608,7,Harper,0.0
runs\ppo_tutor_multi_stage3_transition_bonus\PPO_1,PPO_1,196608,7,Harper,0.0
runs\ppo_tutor_multi_stage4\PPO_1,PPO_1,196608,7,Harper,0.0
runs\ppo_tutor_multi_v6\PPO_1,PPO_1,196608,7,Harper,1.0
runs\ppo_items200_h1000\PPO_1,PPO_1,200000,7,Harper,7.0
runs\ppo_items200_h800\PPO_1,PPO_1,200000,7,Harper,0.0
runs\ppo_items500_h1000\PPO_1,PPO_1,200000,7,Harper,0.0
runs\ppo_tutor_multi_items100\PPO_1,PPO_1,200000,7,Harper,4.0
runs\ppo_tutor_multi_stage2\PPO_1,PPO_1,200000,7,Harper,0.0
runs\ppo_tutor_multi_stage3_bonus2\PPO_1,PPO_1,200000,7,Harper,2.0
runs\ppo_tutor_multi_stage3_transition_bonus\PPO_1,PPO_1,200000,7,Harper,1.0
runs\ppo_tutor_multi_stage4\PPO_1,PPO_1,200000,7,Harper,0.0
runs\ppo_tutor_multi_v6\PPO_1,PPO_1,200000,7,Harper,1.0
runs\ppo_items200_h1000\PPO_1,PPO_1,225000,7,Harper,0.0
runs\ppo_items200_h800\PPO_1,PPO_1,225000,7,Harper,0.0
runs\ppo_items500_h1000\PPO_1,PPO_1,225000,7,Harper,0.0
runs\ppo_tutor_multi_items100\PPO_1,PPO_1,225000,7,Harper,0.0
runs\ppo_tutor_multi_stage2\PPO_1,PPO_1,225000,7,Harper,0.0
runs\ppo_tutor_multi_stage3_bonus2\PPO_1,PPO_1,225000,7,Harper,0.0
runs\ppo_tutor_multi_stage3_transition_bonus\PPO_1,PPO_1,225000,7,Harper,0.0
runs\ppo_tutor_multi_stage4\PPO_1,PPO_1,225000,7,Harper,1.0
runs\ppo_tutor_multi_v6\PPO_1,PPO_1,225000,7,Harper,1.0
runs\ppo_items200_h1000\PPO_1,PPO_1,229376,7,Harper,0.0
runs\ppo_items200_h800\PPO_1,PPO_1,229376,7,Harper,1.0
runs\ppo_items500_h1000\PPO_1,PPO_1,229376,7,Harper,1.0
runs\ppo_tutor_multi_items100\PPO_1,PPO_1,229376,7,Harper,1.0
runs\ppo_tutor_multi_stage2\PPO_1,PPO_1,229376,7,Harper,2.0
runs\ppo_tutor_multi_stage3_bonus2\PPO_1,PPO_1,229376,7,Harper,0.0
runs\ppo_tutor_multi_stage3_transition_bonus\PPO_1,PPO_1,229376,7,Harper,0.0
runs\ppo_tutor_multi_stage4\PPO_1,PPO_1,229376,7,Harper,2.0
runs\ppo_tutor_multi_v6\PPO_1,PPO_1,229376,7,Harper,1.0
runs\ppo_items200_h1000\PPO_1,PPO_1,250000,7,Harper,1.0
runs\ppo_items200_h800\PPO_1,PPO_1,250000,7,Harper,0.0
runs\ppo_items500_h1000\PPO_1,PPO_1,250000,7,Harper,0.0
runs\ppo_tutor_multi_items100\PPO_1,PPO_1,250000,7,Harper,1.0
runs\ppo_tutor_multi_stage2\PPO_1,PPO_1,250000,7,Harper,0.0
runs\ppo_tutor_multi_stage3_bonus2\PPO_1,PPO_1,250000,7,Harper,0.0
runs\ppo_tutor_multi_stage3_transition_bonus\PPO_1,PPO_1,250000,7,Harper,0.0
runs\ppo_tutor_multi_stage4\PPO_1,PPO_1,250000,7,Harper,0.0
runs\ppo_tutor_multi_v6\PPO_1,PPO_1,250000,7,Harper,0.0
runs\ppo_items200_h1000\PPO_1,PPO_1,262144,7,Harper,2.0
runs\ppo_items200_h800\PPO_1,PPO_1,262144,7,Harper,1.0
runs\ppo_items500_h1000\PPO_1,PPO_1,262144,7,Harper,2.0
runs\ppo_tutor_multi_items100\PPO_1,PPO_1,262144,7,Harper,2.0
runs\ppo_tutor_multi_stage2\PPO_1,PPO_1,262144,7,Harper,4.0
runs\ppo_tutor_multi_stage3_bonus2\PPO_1,PPO_1,262144,7,Harper,0.0
runs\ppo_tutor_multi_stage3_transition_bonus\PPO_1,PPO_1,262144,7,Harper,0.0
runs\ppo_tutor_multi_stage4\PPO_1,PPO_1,262144,7,Harper,0.0
runs\ppo_tutor_multi_v6\PPO_1,PPO_1,262144,7,Harper,0.0
runs\ppo_items200_h1000\PPO_1,PPO_1,275000,7,Harper,0.0
runs\ppo_items200_h800\PPO_1,PPO_1,275000,7,Harper,2.0
runs\ppo_items500_h1000\PPO_1,PPO_1,275000,7,Harper,0.0
runs\ppo_tutor_multi_items100\PPO_1,PPO_1,275000,7,Harper,4.0
runs\ppo_tutor_multi_stage2\PPO_1,PPO_1,275000,7,Harper,2.0
runs\ppo_tutor_multi_stage3_bonus2\PPO_1,PPO_1,275000,7,Harper,1.0
runs\ppo_tutor_multi_stage3_transition_bonus\PPO_1,PPO_1,275000,7,Harper,0.0
runs\ppo_tutor_multi_stage4\PPO_1,PPO_1,275000,7,Harper,0.0
runs\ppo_tutor_multi_v6\PPO_1,PPO_1,275000,7,Harper,0.0
runs\ppo_items200_h1000\PPO_1,PPO_1,294912,7,Harper,5.0
runs\ppo_items200_h800\PPO_1,PPO_1,294912,7,Harper,0.0
runs\ppo_items500_h1000\PPO_1,PPO_1,294912,7,Harper,4.0
runs\ppo_tutor_multi_items100\PPO_1,PPO_1,294912,7,Harper,2.0
runs\ppo_tutor_multi_stage2\PPO_1,PPO_1,294912,7,Harper,0.0
runs\ppo_tutor_multi_stage3_bonus2\PPO_1,PPO_1,294912,7,Harper,0.0
runs\ppo_tutor_multi_stage3_transition_bonus\PPO_1,PPO_1,294912,7,Harper,0.0
runs\ppo_tutor_multi_stage4\PPO_1,PPO_1,294912,7,Harper,0.0
runs\ppo_tutor_multi_v6\PPO_1,PPO_1,294912,7,Harper,1.0
runs\ppo_items200_h1000\PPO_1,PPO_1,300000,7,Harper,1.0
runs\ppo_items200_h800\PPO_1,PPO_1,300000,7,Harper,6.0
runs\ppo_items500_h1000\PPO_1,PPO_1,300000,7,Harper,0.0
runs\ppo_tutor_multi_items100\PPO_1,PPO_1,300000,7,Harper,6.0
runs\ppo_tutor_multi_stage2\PPO_1,PPO_1,300000,7,Harper,2.0
runs\ppo_tutor_multi_stage3_bonus2\PPO_1,PPO_1,300000,7,Harper,0.0
runs\ppo_tutor_multi_stage3_transition_bonus\PPO_1,PPO_1,300000,7,Harper,0.0
runs\ppo_tutor_multi_stage4\PPO_1,PPO_1,300000,7,Harper,0.0
runs\ppo_tutor_multi_v6\PPO_1,PPO_1,300000,7,Harper,2.0
runs\ppo_items200_h1000\PPO_1,PPO_1,325000,7,Harper,6.0
runs\ppo_items200_h800\PPO_1,PPO_1,325000,7,Harper,2.0
runs\ppo_items500_h1000\PPO_1,PPO_1,325000,7,Harper,0.0
runs\ppo_tutor_multi_items100\PPO_1,PPO_1,325000,7,Harper,0.0
runs\ppo_tutor_multi_stage2\PPO_1,PPO_1,325000,7,Harper,0.0
runs\ppo_tutor_multi_stage3_bonus2\PPO_1,PPO_1,325000,7,Harper,0.0
runs\ppo_tutor_multi_stage3_transition_bonus\PPO_1,PPO_1,325000,7,Harper,0.0
runs\ppo_tutor_multi_stage4\PPO_1,PPO_1,325000,7,Harper,0.0
runs\ppo_tutor_multi_v6\PPO_1,PPO_1,325000,7,Harper,0.0
runs\ppo_items200_h1000\PPO_1,PPO_1,327680,7,Harper,11.0
runs\ppo_items200_h800\PPO_1,PPO_1,327680,7,Harper,0.0
runs\ppo_items500_h1000\PPO_1,PPO_1,327680,7,Harper,0.0
runs\ppo_tutor_multi_items100\PPO_1,PPO_1,327680,7,Harper,4.0
runs\ppo_tutor_multi_stage2\PPO_1,PPO_1,327680,7,Harper,0.0
runs\ppo_tutor_multi_stage3_bonus2\PPO_1,PPO_1,327680,7,Harper,1.0
runs\ppo_tutor_multi_stage3_transition_bonus\PPO_1,PPO_1,327680,7,Harper,0.0
runs\ppo_tutor_multi_stage4\PPO_1,PPO_1,327680,7,Harper,0.0
runs\ppo_tutor_multi_v6\PPO_1,PPO_1,327680,7,Harper,0.0
runs\ppo_items200_h1000\PPO_1,PPO_1,350000,7,Harper,5.0
runs\ppo_items200_h800\PPO_1,PPO_1,350000,7,Harper,2.0
runs\ppo_items500_h1000\PPO_1,PPO_1,350000,7,Harper,0.0
runs\ppo_tutor_multi_items100\PPO_1,PPO_1,350000,7,Harper,1.0
runs\ppo_tutor_multi_stage2\PPO_1,PPO_1,350000,7,Harper,0.0
runs\ppo_tutor_multi_stage3_bonus2\PPO_1,PPO_1,350000,7,Harper,0.0
runs\ppo_tutor_multi_stage3_transition_bonus\PPO_1,PPO_1,350000,7,Harper,0.0
runs\ppo_tutor_multi_stage4\PPO_1,PPO_1,350000,7,Harper,0.0
runs\ppo_items200_h1000\PPO_1,PPO_1,360448,7,Harper,0.0
runs\ppo_items200_h800\PPO_1,PPO_1,360448,7,Harper,1.0
runs\ppo_items500_h1000\PPO_1,PPO_1,360448,7,Harper,0.0
runs\ppo_tutor_multi_items100\PPO_1,PPO_1,360448,7,Harper,0.0
runs\ppo_tutor_multi_stage2\PPO_1,PPO_1,360448,7,Harper,1.0
runs\ppo_tutor_multi_stage3_bonus2\PPO_1,PPO_1,360448,7,Harper,0.0
runs\ppo_tutor_multi_stage3_transition_bonus\PPO_1,PPO_1,360448,7,Harper,0.0
runs\ppo_tutor_multi_stage4\PPO_1,PPO_1,360448,7,Harper,0.0
runs\ppo_items200_h1000\PPO_1,PPO_1,375000,7,Harper,5.0
runs\ppo_items200_h800\PPO_1,PPO_1,375000,7,Harper,1.0
runs\ppo_items500_h1000\PPO_1,PPO_1,375000,7,Harper,2.0
runs\ppo_tutor_multi_items100\PPO_1,PPO_1,375000,7,Harper,8.0
runs\ppo_tutor_multi_stage2\PPO_1,PPO_1,375000,7,Harper,0.0
runs\ppo_tutor_multi_stage3_bonus2\PPO_1,PPO_1,375000,7,Harper,0.0
runs\ppo_tutor_multi_stage3_transition_bonus\PPO_1,PPO_1,375000,7,Harper,1.0
runs\ppo_tutor_multi_stage4\PPO_1,PPO_1,375000,7,Harper,0.0
runs\ppo_items200_h1000\PPO_1,PPO_1,393216,7,Harper,0.0
runs\ppo_items200_h800\PPO_1,PPO_1,393216,7,Harper,1.0
runs\ppo_items500_h1000\PPO_1,PPO_1,393216,7,Harper,0.0
runs\ppo_tutor_multi_items100\PPO_1,PPO_1,393216,7,Harper,1.0
runs\ppo_tutor_multi_stage2\PPO_1,PPO_1,393216,7,Harper,6.0
runs\ppo_tutor_multi_stage3_bonus2\PPO_1,PPO_1,393216,7,Harper,0.0
runs\ppo_tutor_multi_stage3_transition_bonus\PPO_1,PPO_1,393216,7,Harper,0.0
runs\ppo_tutor_multi_stage4\PPO_1,PPO_1,393216,7,Harper,0.0
runs\ppo_items200_h1000\PPO_1,PPO_1,400000,7,Harper,14.0
runs\ppo_items200_h800\PPO_1,PPO_1,400000,7,Harper,0.0
runs\ppo_items500_h1000\PPO_1,PPO_1,400000,7,Harper,4.0
runs\ppo_tutor_multi_items100\PPO_1,PPO_1,400000,7,Harper,6.0
runs\ppo_tutor_multi_stage2\PPO_1,PPO_1,400000,7,Harper,4.0
runs\ppo_tutor_multi_stage3_bonus2\PPO_1,PPO_1,400000,7,Harper,2.0
runs\ppo_tutor_multi_stage3_transition_bonus\PPO_1,PPO_1,400000,7,Harper,2.0
runs\ppo_tutor_multi_stage4\PPO_1,PPO_1,400000,7,Harper,0.0
runs\ppo_items200_h1000\PPO_1,PPO_1,425000,7,Harper,0.0
runs\ppo_items200_h800\PPO_1,PPO_1,425000,7,Harper,1.0
runs\ppo_items500_h1000\PPO_1,PPO_1,425000,7,Harper,0.0
runs\ppo_tutor_multi_items100\PPO_1,PPO_1,425000,7,Harper,1.0
runs\ppo_tutor_multi_stage2\PPO_1,PPO_1,425000,7,Harper,2.0
runs\ppo_tutor_multi_stage3_bonus2\PPO_1,PPO_1,425000,7,Harper,0.0
runs\ppo_tutor_multi_stage3_transition_bonus\PPO_1,PPO_1,425000,7,Harper,0.0
runs\ppo_tutor_multi_stage4\PPO_1,PPO_1,425000,7,Harper,0.0
runs\ppo_items200_h1000\PPO_1,PPO_1,425984,7,Harper,1.0
runs\ppo_items200_h800\PPO_1,PPO_1,425984,7,Harper,3.0
runs\ppo_items500_h1000\PPO_1,PPO_1,425984,7,Harper,0.0
runs\ppo_tutor_multi_items100\PPO_1,PPO_1,425984,7,Harper,4.0
runs\ppo_tutor_multi_stage2\PPO_1,PPO_1,425984,7,Harper,0.0
runs\ppo_tutor_multi_stage3_bonus2\PPO_1,PPO_1,425984,7,Harper,0.0
runs\ppo_tutor_multi_stage3_transition_bonus\PPO_1,PPO_1,425984,7,Harper,1.0
runs\ppo_tutor_multi_stage4\PPO_1,PPO_1,425984,7,Harper,0.0
runs\ppo_items200_h1000\PPO_1,PPO_1,450000,7,Harper,0.0
runs\ppo_items200_h800\PPO_1,PPO_1,450000,7,Harper,0.0
runs\ppo_items500_h1000\PPO_1,PPO_1,450000,7,Harper,0.0
runs\ppo_tutor_multi_items100\PPO_1,PPO_1,450000,7,Harper,7.0
runs\ppo_tutor_multi_stage2\PPO_1,PPO_1,450000,7,Harper,1.0
runs\ppo_tutor_multi_stage3_bonus2\PPO_1,PPO_1,450000,7,Harper,0.0
runs\ppo_tutor_multi_stage3_transition_bonus\PPO_1,PPO_1,450000,7,Harper,0.0
runs\ppo_tutor_multi_stage4\PPO_1,PPO_1,450000,7,Harper,0.0
runs\ppo_items200_h1000\PPO_1,PPO_1,458752,7,Harper,1.0
runs\ppo_items200_h800\PPO_1,PPO_1,458752,7,Harper,2.0
runs\ppo_items500_h1000\PPO_1,PPO_1,458752,7,Harper,0.0
runs\ppo_tutor_multi_items100\PPO_1,PPO_1,458752,7,Harper,9.0
runs\ppo_tutor_multi_stage2\PPO_1,PPO_1,458752,7,Harper,0.0
runs\ppo_tutor_multi_stage3_bonus2\PPO_1,PPO_1,458752,7,Harper,0.0
runs\ppo_tutor_multi_stage3_transition_bonus\PPO_1,PPO_1,458752,7,Harper,0.0
runs\ppo_tutor_multi_stage4\PPO_1,PPO_1,458752,7,Harper,0.0
runs\ppo_items200_h1000\PPO_1,PPO_1,475000,7,Harper,1.0
runs\ppo_items200_h800\PPO_1,PPO_1,475000,7,Harper,1.0
runs\ppo_items500_h1000\PPO_1,PPO_1,475000,7,Harper,0.0
runs\ppo_tutor_multi_items100\PPO_1,PPO_1,475000,7,Harper,7.0
runs\ppo_tutor_multi_stage2\PPO_1,PPO_1,475000,7,Harper,1.0
runs\ppo_tutor_multi_stage3_bonus2\PPO_1,PPO_1,475000,7,Harper,0.0
runs\ppo_tutor_multi_stage3_transition_bonus\PPO_1,PPO_1,475000,7,Harper,1.0
runs\ppo_tutor_multi_stage4\PPO_1,PPO_1,475000,7,Harper,1.0
runs\ppo_items200_h1000\PPO_1,PPO_1,491520,7,Harper,2.0
runs\ppo_items200_h800\PPO_1,PPO_1,491520,7,Harper,5.0
runs\ppo_items500_h1000\PPO_1,PPO_1,491520,7,Harper,1.0
runs\ppo_tutor_multi_items100\PPO_1,PPO_1,491520,7,Harper,7.0
runs\ppo_tutor_multi_stage2\PPO_1,PPO_1,491520,7,Harper,1.0
runs\ppo_tutor_multi_stage3_bonus2\PPO_1,PPO_1,491520,7,Harper,1.0
runs\ppo_tutor_multi_stage3_transition_bonus\PPO_1,PPO_1,491520,7,Harper,0.0
runs\ppo_tutor_multi_stage4\PPO_1,PPO_1,491520,7,Harper,0.0
runs\ppo_items200_h1000\PPO_1,PPO_1,500000,7,Harper,0.0
runs\ppo_items200_h800\PPO_1,PPO_1,500000,7,Harper,0.0
runs\ppo_items500_h1000\PPO_1,PPO_1,500000,7,Harper,0.0
runs\ppo_tutor_multi_items100\PPO_1,PPO_1,500000,7,Harper,10.0
runs\ppo_tutor_multi_stage2\PPO_1,PPO_1,500000,7,Harper,0.0
runs\ppo_tutor_multi_stage3_bonus2\PPO_1,PPO_1,500000,7,Harper,2.0
runs\ppo_tutor_multi_stage3_transition_bonus\PPO_1,PPO_1,500000,7,Harper,0.0
runs\ppo_tutor_multi_stage4\PPO_1,PPO_1,500000,7,Harper,0.0
runs\ppo_items200_h1000\PPO_1,PPO_1,524288,7,Harper,7.0
runs\ppo_items200_h800\PPO_1,PPO_1,524288,7,Harper,5.0
runs\ppo_items500_h1000\PPO_1,PPO_1,524288,7,Harper,0.0
runs\ppo_tutor_multi_items100\PPO_1,PPO_1,524288,7,Harper,0.0
runs\ppo_tutor_multi_stage2\PPO_1,PPO_1,524288,7,Harper,3.0
runs\ppo_tutor_multi_stage3_bonus2\PPO_1,PPO_1,524288,7,Harper,0.0
runs\ppo_tutor_multi_stage3_transition_bonus\PPO_1,PPO_1,524288,7,Harper,0.0
runs\ppo_tutor_multi_stage4\PPO_1,PPO_1,524288,7,Harper,0.0
runs\ppo_items200_h1000\PPO_1,PPO_1,525000,7,Harper,9.0
runs\ppo_items200_h800\PPO_1,PPO_1,525000,7,Harper,0.0
runs\ppo_items500_h1000\PPO_1,PPO_1,525000,7,Harper,0.0
runs\ppo_tutor_multi_items100\PPO_1,PPO_1,525000,7,Harper,1.0
runs\ppo_tutor_multi_stage3_bonus2\PPO_1,PPO_1,525000,7,Harper,1.0
runs\ppo_tutor_multi_stage3_transition_bonus\PPO_1,PPO_1,525000,7,Harper,1.0
runs\ppo_tutor_multi_stage4\PPO_1,PPO_1,525000,7,Harper,0.0
runs\ppo_items200_h1000\PPO_1,PPO_1,550000,7,Harper,8.0
runs\ppo_items200_h800\PPO_1,PPO_1,550000,7,Harper,2.0
runs\ppo_items500_h1000\PPO_1,PPO_1,550000,7,Harper,2.0
runs\ppo_tutor_multi_items100\PPO_1,PPO_1,550000,7,Harper,5.0
runs\ppo_tutor_multi_stage3_bonus2\PPO_1,PPO_1,550000,7,Harper,1.0
runs\ppo_tutor_multi_stage4\PPO_1,PPO_1,550000,7,Harper,0.0
runs\ppo_items200_h1000\PPO_1,PPO_1,557056,7,Harper,2.0
runs\ppo_items200_h800\PPO_1,PPO_1,557056,7,Harper,0.0
runs\ppo_items500_h1000\PPO_1,PPO_1,557056,7,Harper,2.0
runs\ppo_tutor_multi_items100\PPO_1,PPO_1,557056,7,Harper,3.0
runs\ppo_tutor_multi_stage3_bonus2\PPO_1,PPO_1,557056,7,Harper,0.0
runs\ppo_tutor_multi_stage4\PPO_1,PPO_1,557056,7,Harper,0.0
runs\ppo_items200_h1000\PPO_1,PPO_1,575000,7,Harper,8.0
runs\ppo_items200_h800\PPO_1,PPO_1,575000,7,Harper,5.0
runs\ppo_items500_h1000\PPO_1,PPO_1,575000,7,Harper,0.0
runs\ppo_tutor_multi_items100\PPO_1,PPO_1,575000,7,Harper,9.0
runs\ppo_tutor_multi_stage3_bonus2\PPO_1,PPO_1,575000,7,Harper,1.0
runs\ppo_tutor_multi_stage4\PPO_1,PPO_1,575000,7,Harper,0.0
runs\ppo_items200_h1000\PPO_1,PPO_1,589824,7,Harper,7.0
runs\ppo_items200_h800\PPO_1,PPO_1,589824,7,Harper,0.0
runs\ppo_items500_h1000\PPO_1,PPO_1,589824,7,Harper,2.0
runs\ppo_tutor_multi_items100\PPO_1,PPO_1,589824,7,Harper,4.0
runs\ppo_tutor_multi_stage3_bonus2\PPO_1,PPO_1,589824,7,Harper,1.0
runs\ppo_tutor_multi_stage4\PPO_1,PPO_1,589824,7,Harper,0.0
runs\ppo_items200_h1000\PPO_1,PPO_1,600000,7,Harper,10.0
runs\ppo_items200_h800\PPO_1,PPO_1,600000,7,Harper,2.0
runs\ppo_items500_h1000\PPO_1,PPO_1,600000,7,Harper,2.0
runs\ppo_tutor_multi_items100\PPO_1,PPO_1,600000,7,Harper,11.0
runs\ppo_tutor_multi_stage3_bonus2\PPO_1,PPO_1,600000,7,Harper,2.0
runs\ppo_tutor_multi_stage4\PPO_1,PPO_1,600000,7,Harper,0.0
runs\ppo_items200_h1000\PPO_1,PPO_1,622592,7,Harper,4.0
runs\ppo_items200_h800\PPO_1,PPO_1,622592,7,Harper,1.0
runs\ppo_items500_h1000\PPO_1,PPO_1,622592,7,Harper,4.0
runs\ppo_tutor_multi_items100\PPO_1,PPO_1,622592,7,Harper,5.0
runs\ppo_tutor_multi_stage3_bonus2\PPO_1,PPO_1,622592,7,Harper,0.0
runs\ppo_tutor_multi_stage4\PPO_1,PPO_1,622592,7,Harper,0.0
runs\ppo_items200_h1000\PPO_1,PPO_1,625000,7,Harper,0.0
runs\ppo_items200_h800\PPO_1,PPO_1,625000,7,Harper,2.0
runs\ppo_items500_h1000\PPO_1,PPO_1,625000,7,Harper,0.0
runs\ppo_tutor_multi_items100\PPO_1,PPO_1,625000,7,Harper,2.0
runs\ppo_tutor_multi_stage3_bonus2\PPO_1,PPO_1,625000,7,Harper,0.0
runs\ppo_tutor_multi_stage4\PPO_1,PPO_1,625000,7,Harper,0.0
runs\ppo_items200_h1000\PPO_1,PPO_1,650000,7,Harper,0.0
runs\ppo_items200_h800\PPO_1,PPO_1,650000,7,Harper,2.0
runs\ppo_items500_h1000\PPO_1,PPO_1,650000,7,Harper,1.0
runs\ppo_tutor_multi_items100\PPO_1,PPO_1,650000,7,Harper,4.0
runs\ppo_tutor_multi_stage3_bonus2\PPO_1,PPO_1,650000,7,Harper,0.0
runs\ppo_tutor_multi_stage4\PPO_1,PPO_1,650000,7,Harper,0.0
runs\ppo_items200_h1000\PPO_1,PPO_1,655360,7,Harper,11.0
runs\ppo_items200_h800\PPO_1,PPO_1,655360,7,Harper,3.0
runs\ppo_items500_h1000\PPO_1,PPO_1,655360,7,Harper,0.0
runs\ppo_tutor_multi_items100\PPO_1,PPO_1,655360,7,Harper,11.0
runs\ppo_tutor_multi_stage3_bonus2\PPO_1,PPO_1,655360,7,Harper,1.0
runs\ppo_tutor_multi_stage4\PPO_1,PPO_1,655360,7,Harper,1.0
runs\ppo_items200_h1000\PPO_1,PPO_1,675000,7,Harper,3.0
runs\ppo_items200_h800\PPO_1,PPO_1,675000,7,Harper,2.0
runs\ppo_items500_h1000\PPO_1,PPO_1,675000,7,Harper,0.0
runs\ppo_tutor_multi_items100\PPO_1,PPO_1,675000,7,Harper,9.0
runs\ppo_tutor_multi_stage3_bonus2\PPO_1,PPO_1,675000,7,Harper,1.0
runs\ppo_tutor_multi_stage4\PPO_1,PPO_1,675000,7,Harper,0.0
runs\ppo_items200_h1000\PPO_1,PPO_1,688128,7,Harper,0.0
runs\ppo_items200_h800\PPO_1,PPO_1,688128,7,Harper,2.0
runs\ppo_items500_h1000\PPO_1,PPO_1,688128,7,Harper,0.0
runs\ppo_tutor_multi_items100\PPO_1,PPO_1,688128,7,Harper,0.0
runs\ppo_tutor_multi_stage3_bonus2\PPO_1,PPO_1,688128,7,Harper,0.0
runs\ppo_tutor_multi_stage4\PPO_1,PPO_1,688128,7,Harper,0.0
runs\ppo_items200_h1000\PPO_1,PPO_1,700000,7,Harper,4.0
runs\ppo_items200_h800\PPO_1,PPO_1,700000,7,Harper,2.0
runs\ppo_items500_h1000\PPO_1,PPO_1,700000,7,Harper,0.0
runs\ppo_tutor_multi_items100\PPO_1,PPO_1,700000,7,Harper,18.0
runs\ppo_tutor_multi_stage3_bonus2\PPO_1,PPO_1,700000,7,Harper,3.0
runs\ppo_tutor_multi_stage4\PPO_1,PPO_1,700000,7,Harper,0.0
runs\ppo_items200_h1000\PPO_1,PPO_1,720896,7,Harper,0.0
runs\ppo_items200_h800\PPO_1,PPO_1,720896,7,Harper,3.0
runs\ppo_items500_h1000\PPO_1,PPO_1,720896,7,Harper,0.0
runs\ppo_tutor_multi_items100\PPO_1,PPO_1,720896,7,Harper,1.0
runs\ppo_tutor_multi_stage3_bonus2\PPO_1,PPO_1,720896,7,Harper,0.0
runs\ppo_tutor_multi_stage4\PPO_1,PPO_1,720896,7,Harper,0.0
runs\ppo_items200_h1000\PPO_1,PPO_1,725000,7,Harper,7.0
runs\ppo_items200_h800\PPO_1,PPO_1,725000,7,Harper,1.0
runs\ppo_items500_h1000\PPO_1,PPO_1,725000,7,Harper,0.0
runs\ppo_tutor_multi_items100\PPO_1,PPO_1,725000,7,Harper,4.0
runs\ppo_tutor_multi_stage3_bonus2\PPO_1,PPO_1,725000,7,Harper,0.0
runs\ppo_tutor_multi_stage4\PPO_1,PPO_1,725000,7,Harper,0.0
runs\ppo_items200_h1000\PPO_1,PPO_1,750000,7,Harper,10.0
runs\ppo_items200_h800\PPO_1,PPO_1,750000,7,Harper,0.0
runs\ppo_items500_h1000\PPO_1,PPO_1,750000,7,Harper,3.0
runs\ppo_tutor_multi_items100\PPO_1,PPO_1,750000,7,Harper,9.0
runs\ppo_tutor_multi_stage3_bonus2\PPO_1,PPO_1,750000,7,Harper,1.0
runs\ppo_tutor_multi_stage4\PPO_1,PPO_1,750000,7,Harper,0.0
runs\ppo_items200_h1000\PPO_1,PPO_1,753664,7,Harper,2.0
runs\ppo_items200_h800\PPO_1,PPO_1,753664,7,Harper,5.0
runs\ppo_items500_h1000\PPO_1,PPO_1,753664,7,Harper,0.0
runs\ppo_tutor_multi_items100\PPO_1,PPO_1,753664,7,Harper,5.0
runs\ppo_tutor_multi_stage3_bonus2\PPO_1,PPO_1,753664,7,Harper,0.0
runs\ppo_tutor_multi_stage4\PPO_1,PPO_1,753664,7,Harper,0.0
runs\ppo_items200_h1000\PPO_1,PPO_1,775000,7,Harper,16.0
runs\ppo_items200_h800\PPO_1,PPO_1,775000,7,Harper,0.0
runs\ppo_items500_h1000\PPO_1,PPO_1,775000,7,Harper,3.0
runs\ppo_tutor_multi_items100\PPO_1,PPO_1,775000,7,Harper,14.0
runs\ppo_tutor_multi_stage3_bonus2\PPO_1,PPO_1,775000,7,Harper,0.0
runs\ppo_tutor_multi_stage4\PPO_1,PPO_1,775000,7,Harper,0.0
runs\ppo_items200_h1000\PPO_1,PPO_1,786432,7,Harper,3.0
runs\ppo_items200_h800\PPO_1,PPO_1,786432,7,Harper,2.0
runs\ppo_items500_h1000\PPO_1,PPO_1,786432,7,Harper,0.0
runs\ppo_tutor_multi_items100\PPO_1,PPO_1,786432,7,Harper,10.0
runs\ppo_tutor_multi_stage3_bonus2\PPO_1,PPO_1,786432,7,Harper,1.0
runs\ppo_tutor_multi_stage4\PPO_1,PPO_1,786432,7,Harper,0.0
runs\ppo_items200_h1000\PPO_1,PPO_1,800000,7,Harper,14.0
runs\ppo_items200_h800\PPO_1,PPO_1,800000,7,Harper,3.0
runs\ppo_items500_h1000\PPO_1,PPO_1,800000,7,Harper,2.0
runs\ppo_tutor_multi_items100\PPO_1,PPO_1,800000,7,Harper,20.0
runs\ppo_tutor_multi_stage3_bonus2\PPO_1,PPO_1,800000,7,Harper,1.0
runs\ppo_tutor_multi_stage4\PPO_1,PPO_1,800000,7,Harper,1.0
runs\ppo_items200_h1000\PPO_1,PPO_1,819200,7,Harper,5.0
runs\ppo_items200_h800\PPO_1,PPO_1,819200,7,Harper,7.0
runs\ppo_items500_h1000\PPO_1,PPO_1,819200,7,Harper,0.0
runs\ppo_tutor_multi_items100\PPO_1,PPO_1,819200,7,Harper,15.0
runs\ppo_tutor_multi_stage3_bonus2\PPO_1,PPO_1,819200,7,Harper,1.0
runs\ppo_tutor_multi_stage4\PPO_1,PPO_1,819200,7,Harper,1.0
runs\ppo_items200_h1000\PPO_1,PPO_1,825000,7,Harper,0.0
runs\ppo_items200_h800\PPO_1,PPO_1,825000,7,Harper,3.0
runs\ppo_items500_h1000\PPO_1,PPO_1,825000,7,Harper,0.0
runs\ppo_tutor_multi_stage4\PPO_1,PPO_1,825000,7,Harper,0.0
runs\ppo_items200_h1000\PPO_1,PPO_1,850000,7,Harper,1.0
runs\ppo_items200_h800\PPO_1,PPO_1,850000,7,Harper,8.0
runs\ppo_items500_h1000\PPO_1,PPO_1,850000,7,Harper,1.0
runs\ppo_items200_h1000\PPO_1,PPO_1,851968,7,Harper,5.0
runs\ppo_items200_h800\PPO_1,PPO_1,851968,7,Harper,0.0
runs\ppo_items500_h1000\PPO_1,PPO_1,851968,7,Harper,1.0
runs\ppo_items200_h1000\PPO_1,PPO_1,875000,7,Harper,4.0
runs\ppo_items200_h800\PPO_1,PPO_1,875000,7,Harper,6.0
runs\ppo_items500_h1000\PPO_1,PPO_1,875000,7,Harper,0.0
runs\ppo_items200_h1000\PPO_1,PPO_1,884736,7,Harper,6.0
runs\ppo_items200_h800\PPO_1,PPO_1,884736,7,Harper,2.0
runs\ppo_items500_h1000\PPO_1,PPO_1,884736,7,Harper,0.0
runs\ppo_items200_h1000\PPO_1,PPO_1,900000,7,Harper,5.0
runs\ppo_items200_h800\PPO_1,PPO_1,900000,7,Harper,4.0
runs\ppo_items500_h1000\PPO_1,PPO_1,900000,7,Harper,2.0
runs\ppo_items200_h1000\PPO_1,PPO_1,917504,7,Harper,9.0
runs\ppo_items200_h800\PPO_1,PPO_1,917504,7,Harper,3.0
runs\ppo_items500_h1000\PPO_1,PPO_1,917504,7,Harper,0.0
runs\ppo_items200_h1000\PPO_1,PPO_1,925000,7,Harper,9.0
runs\ppo_items200_h800\PPO_1,PPO_1,925000,7,Harper,6.0
runs\ppo_items500_h1000\PPO_1,PPO_1,925000,7,Harper,2.0
runs\ppo_items200_h1000\PPO_1,PPO_1,950000,7,Harper,7.0
runs\ppo_items200_h800\PPO_1,PPO_1,950000,7,Harper,3.0
runs\ppo_items500_h1000\PPO_1,PPO_1,950000,7,Harper,2.0
runs\ppo_items200_h1000\PPO_1,PPO_1,950272,7,Harper,8.0
runs\ppo_items200_h800\PPO_1,PPO_1,950272,7,Harper,4.0
runs\ppo_items500_h1000\PPO_1,PPO_1,950272,7,Harper,2.0
runs\ppo_items200_h1000\PPO_1,PPO_1,975000,7,Harper,19.0
runs\ppo_items200_h800\PPO_1,PPO_1,975000,7,Harper,4.0
runs\ppo_items500_h1000\PPO_1,PPO_1,975000,7,Harper,1.0
runs\ppo_items200_h1000\PPO_1,PPO_1,983040,7,Harper,11.0
runs\ppo_items200_h800\PPO_1,PPO_1,983040,7,Harper,6.0
runs\ppo_items500_h1000\PPO_1,PPO_1,983040,7,Harper,4.0
runs\ppo_items200_h1000\PPO_1,PPO_1,1000000,7,Harper,19.0
runs\ppo_items200_h800\PPO_1,PPO_1,1000000,7,Harper,3.0
runs\ppo_items500_h1000\PPO_1,PPO_1,1000000,7,Harper,4.0
runs\ppo_items200_h1000\PPO_1,PPO_1,1015808,7,Harper,18.0
runs\ppo_items200_h800\PPO_1,PPO_1,1015808,7,Harper,7.0
runs\ppo_items500_h1000\PPO_1,PPO_1,1015808,7,Harper,1.0
runs\ppo_items200_h1000\PPO_1,PPO_1,1025000,7,Harper,0.0
runs\ppo_items200_h800\PPO_1,PPO_1,1025000,7,Harper,0.0
runs\ppo_items500_h1000\PPO_1,PPO_1,1025000,7,Harper,0.0
runs\ppo_items200_h1000\PPO_1,PPO_1,1048576,7,Harper,0.0
runs\ppo_items200_h800\PPO_1,PPO_1,1048576,7,Harper,6.0
runs\ppo_items500_h1000\PPO_1,PPO_1,1048576,7,Harper,0.0
runs\ppo_items200_h1000\PPO_1,PPO_1,1050000,7,Harper,4.0
runs\ppo_items200_h800\PPO_1,PPO_1,1050000,7,Harper,0.0
runs\ppo_items500_h1000\PPO_1,PPO_1,1050000,7,Harper,0.0
runs\ppo_items200_h1000\PPO_1,PPO_1,1075000,7,Harper,6.0
runs\ppo_items200_h800\PPO_1,PPO_1,1075000,7,Harper,9.0
runs\ppo_items500_h1000\PPO_1,PPO_1,1075000,7,Harper,0.0
runs\ppo_items200_h1000\PPO_1,PPO_1,1081344,7,Harper,2.0
runs\ppo_items200_h800\PPO_1,PPO_1,1081344,7,Harper,7.0
runs\ppo_items500_h1000\PPO_1,PPO_1,1081344,7,Harper,0.0
runs\ppo_items200_h1000\PPO_1,PPO_1,1100000,7,Harper,7.0
runs\ppo_items200_h800\PPO_1,PPO_1,1100000,7,Harper,10.0
runs\ppo_items500_h1000\PPO_1,PPO_1,1100000,7,Harper,0.0
runs\ppo_items200_h1000\PPO_1,PPO_1,1114112,7,Harper,2.0
runs\ppo_items200_h800\PPO_1,PPO_1,1114112,7,Harper,0.0
runs\ppo_items500_h1000\PPO_1,PPO_1,1114112,7,Harper,0.0
runs\ppo_items200_h1000\PPO_1,PPO_1,1125000,7,Harper,10.0
runs\ppo_items200_h800\PPO_1,PPO_1,1125000,7,Harper,8.0
runs\ppo_items500_h1000\PPO_1,PPO_1,1125000,7,Harper,0.0
runs\ppo_items200_h1000\PPO_1,PPO_1,1146880,7,Harper,5.0
runs\ppo_items200_h800\PPO_1,PPO_1,1146880,7,Harper,3.0
runs\ppo_items500_h1000\PPO_1,PPO_1,1146880,7,Harper,0.0
runs\ppo_items200_h1000\PPO_1,PPO_1,1150000,7,Harper,14.0
runs\ppo_items200_h800\PPO_1,PPO_1,1150000,7,Harper,9.0
runs\ppo_items500_h1000\PPO_1,PPO_1,1150000,7,Harper,1.0
runs\ppo_items200_h1000\PPO_1,PPO_1,1175000,7,Harper,15.0
runs\ppo_items200_h800\PPO_1,PPO_1,1175000,7,Harper,7.0
runs\ppo_items500_h1000\PPO_1,PPO_1,1175000,7,Harper,2.0
runs\ppo_items200_h1000\PPO_1,PPO_1,1179648,7,Harper,5.0
runs\ppo_items200_h800\PPO_1,PPO_1,1179648,7,Harper,4.0
runs\ppo_items500_h1000\PPO_1,PPO_1,1179648,7,Harper,1.0
runs\ppo_items200_h1000\PPO_1,PPO_1,1200000,7,Harper,18.0
runs\ppo_items200_h800\PPO_1,PPO_1,1200000,7,Harper,7.0
runs\ppo_items500_h1000\PPO_1,PPO_1,1200000,7,Harper,7.0
runs\ppo_items200_h1000\PPO_1,PPO_1,1212416,7,Harper,8.0
runs\ppo_items200_h800\PPO_1,PPO_1,1212416,7,Harper,6.0
runs\ppo_items500_h1000\PPO_1,PPO_1,1212416,7,Harper,2.0
runs\ppo_items200_h1000\PPO_1,PPO_1,1225000,7,Harper,3.0
runs\ppo_items500_h1000\PPO_1,PPO_1,1225000,7,Harper,1.0
runs\ppo_items200_h1000\PPO_1,PPO_1,1245184,7,Harper,11.0
runs\ppo_items500_h1000\PPO_1,PPO_1,1245184,7,Harper,5.0
runs\ppo_items200_h1000\PPO_1,PPO_1,1250000,7,Harper,1.0
runs\ppo_items500_h1000\PPO_1,PPO_1,1250000,7,Harper,0.0
runs\ppo_items200_h1000\PPO_1,PPO_1,1275000,7,Harper,6.0
runs\ppo_items500_h1000\PPO_1,PPO_1,1275000,7,Harper,1.0
runs\ppo_items200_h1000\PPO_1,PPO_1,1277952,7,Harper,15.0
runs\ppo_items500_h1000\PPO_1,PPO_1,1277952,7,Harper,4.0
runs\ppo_items200_h1000\PPO_1,PPO_1,1300000,7,Harper,7.0
runs\ppo_items500_h1000\PPO_1,PPO_1,1300000,7,Harper,2.0
runs\ppo_items200_h1000\PPO_1,PPO_1,1310720,7,Harper,15.0
runs\ppo_items500_h1000\PPO_1,PPO_1,1310720,7,Harper,9.0
runs\ppo_items200_h1000\PPO_1,PPO_1,1325000,7,Harper,10.0
runs\ppo_items500_h1000\PPO_1,PPO_1,1325000,7,Harper,2.0
runs\ppo_items200_h1000\PPO_1,PPO_1,1343488,7,Harper,15.0
runs\ppo_items500_h1000\PPO_1,PPO_1,1343488,7,Harper,7.0
runs\ppo_items200_h1000\PPO_1,PPO_1,1350000,7,Harper,17.0
runs\ppo_items500_h1000\PPO_1,PPO_1,1350000,7,Harper,6.0
runs\ppo_items200_h1000\PPO_1,PPO_1,1375000,7,Harper,22.0
runs\ppo_items500_h1000\PPO_1,PPO_1,1375000,7,Harper,5.0
runs\ppo_items200_h1000\PPO_1,PPO_1,1376256,7,Harper,0.0
runs\ppo_items500_h1000\PPO_1,PPO_1,1376256,7,Harper,0.0
runs\ppo_items200_h1000\PPO_1,PPO_1,1400000,7,Harper,17.0
runs\ppo_items500_h1000\PPO_1,PPO_1,1400000,7,Harper,4.0
runs\ppo_items200_h1000\PPO_1,PPO_1,1409024,7,Harper,2.0
runs\ppo_items500_h1000\PPO_1,PPO_1,1409024,7,Harper,0.0
runs\ppo_items200_h1000\PPO_1,PPO_1,1425000,7,Harper,0.0
runs\ppo_items500_h1000\PPO_1,PPO_1,1425000,7,Harper,0.0
runs\ppo_items200_h1000\PPO_1,PPO_1,1441792,7,Harper,2.0
runs\ppo_items500_h1000\PPO_1,PPO_1,1441792,7,Harper,0.0
runs\ppo_items200_h1000\PPO_1,PPO_1,1450000,7,Harper,3.0
runs\ppo_items500_h1000\PPO_1,PPO_1,1450000,7,Harper,1.0
runs\ppo_items200_h1000\PPO_1,PPO_1,1474560,7,Harper,5.0
runs\ppo_items500_h1000\PPO_1,PPO_1,1474560,7,Harper,1.0
runs\ppo_items200_h1000\PPO_1,PPO_1,1475000,7,Harper,5.0
runs\ppo_items500_h1000\PPO_1,PPO_1,1475000,7,Harper,0.0
runs\ppo_items200_h1000\PPO_1,PPO_1,1500000,7,Harper,8.0
runs\ppo_items500_h1000\PPO_1,PPO_1,1500000,7,Harper,4.0
runs\ppo_items200_h1000\PPO_1,PPO_1,1507328,7,Harper,7.0
runs\ppo_items500_h1000\PPO_1,PPO_1,1507328,7,Harper,1.0
runs\ppo_items200_h1000\PPO_1,PPO_1,1525000,7,Harper,11.0
runs\ppo_items500_h1000\PPO_1,PPO_1,1525000,7,Harper,6.0
runs\ppo_items200_h1000\PPO_1,PPO_1,1540096,7,Harper,8.0
runs\ppo_items500_h1000\PPO_1,PPO_1,1540096,7,Harper,3.0
runs\ppo_items200_h1000\PPO_1,PPO_1,1550000,7,Harper,12.0
runs\ppo_items500_h1000\PPO_1,PPO_1,1550000,7,Harper,5.0
runs\ppo_items200_h1000\PPO_1,PPO_1,1572864,7,Harper,11.0
runs\ppo_items500_h1000\PPO_1,PPO_1,1572864,7,Harper,4.0
runs\ppo_items200_h1000\PPO_1,PPO_1,1575000,7,Harper,13.0
runs\ppo_items500_h1000\PPO_1,PPO_1,1575000,7,Harper,5.0
runs\ppo_items200_h1000\PPO_1,PPO_1,1600000,7,Harper,19.0
runs\ppo_items500_h1000\PPO_1,PPO_1,1600000,7,Harper,5.0
runs\ppo_items200_h1000\PPO_1,PPO_1,1605632,7,Harper,15.0
runs\ppo_items500_h1000\PPO_1,PPO_1,1605632,7,Harper,5.0
runs\ppo_items500_h1000\PPO_1,PPO_1,1625000,7,Harper,0.0
runs\ppo_items500_h1000\PPO_1,PPO_1,1638400,7,Harper,4.0
runs\ppo_items500_h1000\PPO_1,PPO_1,1650000,7,Harper,1.0
runs\ppo_items500_h1000\PPO_1,PPO_1,1671168,7,Harper,3.0
runs\ppo_items500_h1000\PPO_1,PPO_1,1675000,7,Harper,3.0
runs\ppo_items500_h1000\PPO_1,PPO_1,1700000,7,Harper,3.0
runs\ppo_items500_h1000\PPO_1,PPO_1,1703936,7,Harper,4.0
runs\ppo_items500_h1000\PPO_1,PPO_1,1725000,7,Harper,3.0
runs\ppo_items500_h1000\PPO_1,PPO_1,1736704,7,Harper,0.0
runs\ppo_items500_h1000\PPO_1,PPO_1,1750000,7,Harper,3.0
runs\ppo_items500_h1000\PPO_1,PPO_1,1769472,7,Harper,1.0
runs\ppo_items500_h1000\PPO_1,PPO_1,1775000,7,Harper,4.0
runs\ppo_items500_h1000\PPO_1,PPO_1,1800000,7,Harper,4.0
runs\ppo_items500_h1000\PPO_1,PPO_1,1802240,7,Harper,0.0
runs\ppo_items500_h1000\PPO_1,PPO_1,1825000,7,Harper,0.0
runs\ppo_items500_h1000\PPO_1,PPO_1,1835008,7,Harper,3.0
runs\ppo_items500_h1000\PPO_1,PPO_1,1850000,7,Harper,0.0
runs\ppo_items500_h1000\PPO_1,PPO_1,1867776,7,Harper,4.0
runs\ppo_items500_h1000\PPO_1,PPO_1,1875000,7,Harper,2.0
runs\ppo_items500_h1000\PPO_1,PPO_1,1900000,7,Harper,3.0
runs\ppo_items500_h1000\PPO_1,PPO_1,1900544,7,Harper,3.0
runs\ppo_items500_h1000\PPO_1,PPO_1,1925000,7,Harper,4.0
runs\ppo_items500_h1000\PPO_1,PPO_1,1933312,7,Harper,4.0
runs\ppo_items500_h1000\PPO_1,PPO_1,1950000,7,Harper,6.0
runs\ppo_items500_h1000\PPO_1,PPO_1,1966080,7,Harper,6.0
runs\ppo_items500_h1000\PPO_1,PPO_1,1975000,7,Harper,7.0
runs\ppo_items500_h1000\PPO_1,PPO_1,1998848,7,Harper,6.0
runs\ppo_items500_h1000\PPO_1,PPO_1,2000000,7,Harper,7.0
runs\ppo_items500_h1000\PPO_1,PPO_1,2025000,7,Harper,1.0
runs\ppo_items500_h1000\PPO_1,PPO_1,2031616,7,Harper,4.0
runs\ab_balanced_items200_h1000\PPO_2,PPO_2,25000,0,Alex,0.0
runs\ab_penalty1_items200_h1200\PPO_2,PPO_2,25000,0,Alex,1.0
runs\ppo_tutor_multi_stage3_mask\PPO_2,PPO_2,25000,0,Alex,0.0
runs\ab_balanced_items200_h1000\PPO_2,PPO_2,32768,0,Alex,0.0
runs\ab_penalty1_items200_h1200\PPO_2,PPO_2,32768,0,Alex,0.0
runs\ppo_tutor_multi_stage3_mask\PPO_2,PPO_2,32768,0,Alex,0.0
runs\ab_balanced_items200_h1000\PPO_2,PPO_2,50000,0,Alex,1.0
runs\ab_penalty1_items200_h1200\PPO_2,PPO_2,50000,0,Alex,1.0
runs\ppo_tutor_multi_stage3_mask\PPO_2,PPO_2,50000,0,Alex,1.0
runs\ab_balanced_items200_h1000\PPO_2,PPO_2,65536,0,Alex,0.0
runs\ab_penalty1_items200_h1200\PPO_2,PPO_2,65536,0,Alex,3.0
runs\ppo_tutor_multi_stage3_mask\PPO_2,PPO_2,65536,0,Alex,0.0
runs\ab_balanced_items200_h1000\PPO_2,PPO_2,75000,0,Alex,0.0
runs\ab_penalty1_items200_h1200\PPO_2,PPO_2,75000,0,Alex,4.0
runs\ppo_tutor_multi_stage3_mask\PPO_2,PPO_2,75000,0,Alex,1.0
runs\ab_balanced_items200_h1000\PPO_2,PPO_2,98304,0,Alex,1.0
runs\ab_penalty1_items200_h1200\PPO_2,PPO_2,98304,0,Alex,1.0
runs\ppo_tutor_multi_stage3_mask\PPO_2,PPO_2,98304,0,Alex,1.0
runs\ab_penalty1_items200_h1200\PPO_2,PPO_2,100000,0,Alex,2.0
runs\ppo_tutor_multi_stage3_mask\PPO_2,PPO_2,100000,0,Alex,1.0
runs\ab_penalty1_items200_h1200\PPO_2,PPO_2,125000,0,Alex,0.0
runs\ppo_tutor_multi_stage3_mask\PPO_2,PPO_2,125000,0,Alex,0.0
runs\ab_penalty1_items200_h1200\PPO_2,PPO_2,131072,0,Alex,4.0
runs\ppo_tutor_multi_stage3_mask\PPO_2,PPO_2,131072,0,Alex,1.0
runs\ab_penalty1_items200_h1200\PPO_2,PPO_2,150000,0,Alex,3.0
runs\ppo_tutor_multi_stage3_mask\PPO_2,PPO_2,150000,0,Alex,0.0
runs\ab_penalty1_items200_h1200\PPO_2,PPO_2,163840,0,Alex,0.0
runs\ppo_tutor_multi_stage3_mask\PPO_2,PPO_2,163840,0,Alex,1.0
runs\ab_penalty1_items200_h1200\PPO_2,PPO_2,175000,0,Alex,1.0
runs\ppo_tutor_multi_stage3_mask\PPO_2,PPO_2,175000,0,Alex,0.0
runs\ab_penalty1_items200_h1200\PPO_2,PPO_2,196608,0,Alex,0.0
runs\ppo_tutor_multi_stage3_mask\PPO_2,PPO_2,196608,0,Alex,0.0
runs\ab_penalty1_items200_h1200\PPO_2,PPO_2,200000,0,Alex,3.0
runs\ppo_tutor_multi_stage3_mask\PPO_2,PPO_2,200000,0,Alex,2.0
runs\ab_penalty1_items200_h1200\PPO_2,PPO_2,225000,0,Alex,0.0
runs\ppo_tutor_multi_stage3_mask\PPO_2,PPO_2,225000,0,Alex,0.0
runs\ab_penalty1_items200_h1200\PPO_2,PPO_2,229376,0,Alex,6.0
runs\ppo_tutor_multi_stage3_mask\PPO_2,PPO_2,229376,0,Alex,0.0
runs\ab_penalty1_items200_h1200\PPO_2,PPO_2,250000,0,Alex,0.0
runs\ppo_tutor_multi_stage3_mask\PPO_2,PPO_2,250000,0,Alex,1.0
runs\ab_penalty1_items200_h1200\PPO_2,PPO_2,262144,0,Alex,1.0
runs\ppo_tutor_multi_stage3_mask\PPO_2,PPO_2,262144,0,Alex,1.0
runs\ab_penalty1_items200_h1200\PPO_2,PPO_2,275000,0,Alex,6.0
runs\ppo_tutor_multi_stage3_mask\PPO_2,PPO_2,275000,0,Alex,0.0
runs\ab_penalty1_items200_h1200\PPO_2,PPO_2,294912,0,Alex,5.0
runs\ppo_tutor_multi_stage3_mask\PPO_2,PPO_2,294912,0,Alex,0.0
runs\ab_penalty1_items200_h1200\PPO_2,PPO_2,300000,0,Alex,0.0
runs\ppo_tutor_multi_stage3_mask\PPO_2,PPO_2,300000,0,Alex,1.0
runs\ab_penalty1_items200_h1200\PPO_2,PPO_2,325000,0,Alex,7.0
runs\ppo_tutor_multi_stage3_mask\PPO_2,PPO_2,325000,0,Alex,0.0
runs\ab_penalty1_items200_h1200\PPO_2,PPO_2,327680,0,Alex,0.0
runs\ppo_tutor_multi_stage3_mask\PPO_2,PPO_2,327680,0,Alex,0.0
runs\ab_penalty1_items200_h1200\PPO_2,PPO_2,350000,0,Alex,2.0
runs\ppo_tutor_multi_stage3_mask\PPO_2,PPO_2,350000,0,Alex,0.0
runs\ab_penalty1_items200_h1200\PPO_2,PPO_2,360448,0,Alex,4.0
runs\ppo_tutor_multi_stage3_mask\PPO_2,PPO_2,360448,0,Alex,0.0
runs\ab_penalty1_items200_h1200\PPO_2,PPO_2,375000,0,Alex,0.0
runs\ppo_tutor_multi_stage3_mask\PPO_2,PPO_2,375000,0,Alex,0.0
runs\ab_penalty1_items200_h1200\PPO_2,PPO_2,393216,0,Alex,6.0
runs\ppo_tutor_multi_stage3_mask\PPO_2,PPO_2,393216,0,Alex,0.0
runs\ab_penalty1_items200_h1200\PPO_2,PPO_2,400000,0,Alex,7.0
runs\ppo_tutor_multi_stage3_mask\PPO_2,PPO_2,400000,0,Alex,0.0
runs\ab_penalty1_items200_h1200\PPO_2,PPO_2,425000,0,Alex,1.0
runs\ppo_tutor_multi_stage3_mask\PPO_2,PPO_2,425000,0,Alex,0.0
runs\ab_penalty1_items200_h1200\PPO_2,PPO_2,425984,0,Alex,1.0
runs\ppo_tutor_multi_stage3_mask\PPO_2,PPO_2,425984,0,Alex,0.0
runs\ab_penalty1_items200_h1200\PPO_2,PPO_2,450000,0,Alex,6.0
runs\ppo_tutor_multi_stage3_mask\PPO_2,PPO_2,450000,0,Alex,0.0
runs\ab_penalty1_items200_h1200\PPO_2,PPO_2,458752,0,Alex,8.0
runs\ppo_tutor_multi_stage3_mask\PPO_2,PPO_2,458752,0,Alex,0.0
runs\ab_penalty1_items200_h1200\PPO_2,PPO_2,475000,0,Alex,3.0
runs\ppo_tutor_multi_stage3_mask\PPO_2,PPO_2,475000,0,Alex,1.0
runs\ab_penalty1_items200_h1200\PPO_2,PPO_2,491520,0,Alex,1.0
runs\ppo_tutor_multi_stage3_mask\PPO_2,PPO_2,491520,0,Alex,0.0
runs\ab_penalty1_items200_h1200\PPO_2,PPO_2,500000,0,Alex,0.0
runs\ppo_tutor_multi_stage3_mask\PPO_2,PPO_2,500000,0,Alex,0.0
runs\ab_penalty1_items200_h1200\PPO_2,PPO_2,524288,0,Alex,6.0
runs\ppo_tutor_multi_stage3_mask\PPO_2,PPO_2,524288,0,Alex,0.0
runs\ab_penalty1_items200_h1200\PPO_2,PPO_2,525000,0,Alex,7.0
runs\ppo_tutor_multi_stage3_mask\PPO_2,PPO_2,525000,0,Alex,0.0
runs\ab_penalty1_items200_h1200\PPO_2,PPO_2,550000,0,Alex,2.0
runs\ppo_tutor_multi_stage3_mask\PPO_2,PPO_2,550000,0,Alex,0.0
runs\ab_penalty1_items200_h1200\PPO_2,PPO_2,557056,0,Alex,0.0
runs\ppo_tutor_multi_stage3_mask\PPO_2,PPO_2,557056,0,Alex,0.0
runs\ab_penalty1_items200_h1200\PPO_2,PPO_2,575000,0,Alex,7.0
runs\ppo_tutor_multi_stage3_mask\PPO_2,PPO_2,575000,0,Alex,0.0
runs\ab_penalty1_items200_h1200\PPO_2,PPO_2,589824,0,Alex,3.0
runs\ppo_tutor_multi_stage3_mask\PPO_2,PPO_2,589824,0,Alex,0.0
runs\ab_penalty1_items200_h1200\PPO_2,PPO_2,600000,0,Alex,7.0
runs\ppo_tutor_multi_stage3_mask\PPO_2,PPO_2,600000,0,Alex,1.0
runs\ab_penalty1_items200_h1200\PPO_2,PPO_2,622592,0,Alex,13.0
runs\ppo_tutor_multi_stage3_mask\PPO_2,PPO_2,622592,0,Alex,0.0
runs\ab_penalty1_items200_h1200\PPO_2,PPO_2,625000,0,Alex,0.0
runs\ppo_tutor_multi_stage3_mask\PPO_2,PPO_2,625000,0,Alex,1.0
runs\ab_penalty1_items200_h1200\PPO_2,PPO_2,650000,0,Alex,9.0
runs\ppo_tutor_multi_stage3_mask\PPO_2,PPO_2,650000,0,Alex,0.0
runs\ab_penalty1_items200_h1200\PPO_2,PPO_2,655360,0,Alex,0.0
runs\ppo_tutor_multi_stage3_mask\PPO_2,PPO_2,655360,0,Alex,1.0
runs\ab_penalty1_items200_h1200\PPO_2,PPO_2,675000,0,Alex,4.0
runs\ppo_tutor_multi_stage3_mask\PPO_2,PPO_2,675000,0,Alex,0.0
runs\ab_penalty1_items200_h1200\PPO_2,PPO_2,688128,0,Alex,14.0
runs\ppo_tutor_multi_stage3_mask\PPO_2,PPO_2,688128,0,Alex,0.0
runs\ab_penalty1_items200_h1200\PPO_2,PPO_2,700000,0,Alex,11.0
runs\ppo_tutor_multi_stage3_mask\PPO_2,PPO_2,700000,0,Alex,5.0
runs\ab_penalty1_items200_h1200\PPO_2,PPO_2,720896,0,Alex,1.0
runs\ppo_tutor_multi_stage3_mask\PPO_2,PPO_2,720896,0,Alex,0.0
runs\ab_penalty1_items200_h1200\PPO_2,PPO_2,725000,0,Alex,10.0
runs\ppo_tutor_multi_stage3_mask\PPO_2,PPO_2,725000,0,Alex,0.0
runs\ab_penalty1_items200_h1200\PPO_2,PPO_2,750000,0,Alex,2.0
runs\ppo_tutor_multi_stage3_mask\PPO_2,PPO_2,750000,0,Alex,0.0
runs\ab_penalty1_items200_h1200\PPO_2,PPO_2,753664,0,Alex,9.0
runs\ppo_tutor_multi_stage3_mask\PPO_2,PPO_2,753664,0,Alex,0.0
runs\ab_penalty1_items200_h1200\PPO_2,PPO_2,775000,0,Alex,11.0
runs\ppo_tutor_multi_stage3_mask\PPO_2,PPO_2,775000,0,Alex,0.0
runs\ab_penalty1_items200_h1200\PPO_2,PPO_2,786432,0,Alex,15.0
runs\ppo_tutor_multi_stage3_mask\PPO_2,PPO_2,786432,0,Alex,0.0
runs\ab_penalty1_items200_h1200\PPO_2,PPO_2,800000,0,Alex,6.0
runs\ppo_tutor_multi_stage3_mask\PPO_2,PPO_2,800000,0,Alex,0.0
runs\ab_penalty1_items200_h1200\PPO_2,PPO_2,819200,0,Alex,6.0
runs\ppo_tutor_multi_stage3_mask\PPO_2,PPO_2,819200,0,Alex,1.0
runs\ab_penalty1_items200_h1200\PPO_2,PPO_2,825000,0,Alex,20.0
runs\ab_penalty1_items200_h1200\PPO_2,PPO_2,850000,0,Alex,10.0
runs\ab_penalty1_items200_h1200\PPO_2,PPO_2,851968,0,Alex,13.0
runs\ab_penalty1_items200_h1200\PPO_2,PPO_2,875000,0,Alex,2.0
runs\ab_penalty1_items200_h1200\PPO_2,PPO_2,884736,0,Alex,4.0
runs\ab_penalty1_items200_h1200\PPO_2,PPO_2,900000,0,Alex,16.0
runs\ab_penalty1_items200_h1200\PPO_2,PPO_2,917504,0,Alex,11.0
runs\ab_penalty1_items200_h1200\PPO_2,PPO_2,925000,0,Alex,6.0
runs\ab_penalty1_items200_h1200\PPO_2,PPO_2,950000,0,Alex,20.0
runs\ab_penalty1_items200_h1200\PPO_2,PPO_2,950272,0,Alex,20.0
runs\ab_penalty1_items200_h1200\PPO_2,PPO_2,975000,0,Alex,12.0
runs\ab_penalty1_items200_h1200\PPO_2,PPO_2,983040,0,Alex,9.0
runs\ab_penalty1_items200_h1200\PPO_2,PPO_2,1000000,0,Alex,3.0
runs\ab_penalty1_items200_h1200\PPO_2,PPO_2,1015808,0,Alex,15.0
runs\ab_penalty1_items200_h1200\PPO_2,PPO_2,1025000,0,Alex,18.0
runs\ab_penalty1_items200_h1200\PPO_2,PPO_2,1048576,0,Alex,4.0
runs\ab_penalty1_items200_h1200\PPO_2,PPO_2,1050000,0,Alex,11.0
runs\ab_penalty1_items200_h1200\PPO_2,PPO_2,1075000,0,Alex,18.0
runs\ab_penalty1_items200_h1200\PPO_2,PPO_2,1081344,0,Alex,12.0
runs\ab_penalty1_items200_h1200\PPO_2,PPO_2,1100000,0,Alex,13.0
runs\ab_penalty1_items200_h1200\PPO_2,PPO_2,1114112,0,Alex,0.0
runs\ab_penalty1_items200_h1200\PPO_2,PPO_2,1125000,0,Alex,4.0
runs\ab_penalty1_items200_h1200\PPO_2,PPO_2,1146880,0,Alex,11.0
runs\ab_penalty1_items200_h1200\PPO_2,PPO_2,1150000,0,Alex,16.0
runs\ab_penalty1_items200_h1200\PPO_2,PPO_2,1175000,0,Alex,12.0
runs\ab_penalty1_items200_h1200\PPO_2,PPO_2,1179648,0,Alex,20.0
runs\ab_penalty1_items200_h1200\PPO_2,PPO_2,1200000,0,Alex,21.0
runs\ab_penalty1_items200_h1200\PPO_2,PPO_2,1212416,0,Alex,8.0
runs\ab_penalty1_items200_h1200\PPO_2,PPO_2,1225000,0,Alex,15.0
runs\ab_penalty1_items200_h1200\PPO_2,PPO_2,1245184,0,Alex,15.0
runs\ab_penalty1_items200_h1200\PPO_2,PPO_2,1250000,0,Alex,3.0
runs\ab_penalty1_items200_h1200\PPO_2,PPO_2,1275000,0,Alex,17.0
runs\ab_penalty1_items200_h1200\PPO_2,PPO_2,1277952,0,Alex,4.0
runs\ab_penalty1_items200_h1200\PPO_2,PPO_2,1300000,0,Alex,12.0
runs\ab_penalty1_items200_h1200\PPO_2,PPO_2,1310720,0,Alex,11.0
runs\ab_penalty1_items200_h1200\PPO_2,PPO_2,1325000,0,Alex,0.0
runs\ab_penalty1_items200_h1200\PPO_2,PPO_2,1343488,0,Alex,19.0
runs\ab_penalty1_items200_h1200\PPO_2,PPO_2,1350000,0,Alex,14.0
runs\ab_penalty1_items200_h1200\PPO_2,PPO_2,1375000,0,Alex,6.0
runs\ab_penalty1_items200_h1200\PPO_2,PPO_2,1376256,0,Alex,9.0
runs\ab_penalty1_items200_h1200\PPO_2,PPO_2,1400000,0,Alex,21.0
runs\ab_penalty1_items200_h1200\PPO_2,PPO_2,1409024,0,Alex,15.0
runs\ab_penalty1_items200_h1200\PPO_2,PPO_2,1425000,0,Alex,12.0
runs\ab_penalty1_items200_h1200\PPO_2,PPO_2,1441792,0,Alex,4.0
runs\ab_penalty1_items200_h1200\PPO_2,PPO_2,1450000,0,Alex,0.0
runs\ab_penalty1_items200_h1200\PPO_2,PPO_2,1474560,0,Alex,14.0
runs\ab_penalty1_items200_h1200\PPO_2,PPO_2,1475000,0,Alex,10.0
runs\ab_penalty1_items200_h1200\PPO_2,PPO_2,1500000,0,Alex,5.0
runs\ab_penalty1_items200_h1200\PPO_2,PPO_2,1507328,0,Alex,0.0
runs\ab_penalty1_items200_h1200\PPO_2,PPO_2,1525000,0,Alex,21.0
runs\ab_penalty1_items200_h1200\PPO_2,PPO_2,1540096,0,Alex,14.0
runs\ab_penalty1_items200_h1200\PPO_2,PPO_2,1550000,0,Alex,14.0
runs\ab_penalty1_items200_h1200\PPO_2,PPO_2,1572864,0,Alex,19.0
runs\ab_penalty1_items200_h1200\PPO_2,PPO_2,1575000,0,Alex,2.0
runs\ab_penalty1_items200_h1200\PPO_2,PPO_2,1600000,0,Alex,14.0
runs\ab_penalty1_items200_h1200\PPO_2,PPO_2,1605632,0,Alex,9.0
runs\ab_penalty1_items200_h1200\PPO_2,PPO_2,1625000,0,Alex,7.0
runs\ab_penalty1_items200_h1200\PPO_2,PPO_2,1638400,0,Alex,16.0
runs\ab_penalty1_items200_h1200\PPO_2,PPO_2,1650000,0,Alex,20.0
runs\ab_penalty1_items200_h1200\PPO_2,PPO_2,1671168,0,Alex,4.0
runs\ab_penalty1_items200_h1200\PPO_2,PPO_2,1675000,0,Alex,12.0
runs\ab_penalty1_items200_h1200\PPO_2,PPO_2,1700000,0,Alex,1.0
runs\ab_penalty1_items200_h1200\PPO_2,PPO_2,1703936,0,Alex,13.0
runs\ab_penalty1_items200_h1200\PPO_2,PPO_2,1725000,0,Alex,17.0
runs\ab_penalty1_items200_h1200\PPO_2,PPO_2,1736704,0,Alex,20.0
runs\ab_penalty1_items200_h1200\PPO_2,PPO_2,1750000,0,Alex,9.0
runs\ab_penalty1_items200_h1200\PPO_2,PPO_2,1769472,0,Alex,11.0
runs\ab_penalty1_items200_h1200\PPO_2,PPO_2,1775000,0,Alex,24.0
runs\ab_penalty1_items200_h1200\PPO_2,PPO_2,1800000,0,Alex,15.0
runs\ab_penalty1_items200_h1200\PPO_2,PPO_2,1802240,0,Alex,17.0
runs\ab_balanced_items200_h1000\PPO_2,PPO_2,25000,1,Bailey,0.0
runs\ab_penalty1_items200_h1200\PPO_2,PPO_2,25000,1,Bailey,2.0
runs\ppo_tutor_multi_stage3_mask\PPO_2,PPO_2,25000,1,Bailey,0.0
runs\ab_balanced_items200_h1000\PPO_2,PPO_2,32768,1,Bailey,0.0
runs\ab_penalty1_items200_h1200\PPO_2,PPO_2,32768,1,Bailey,0.0
runs\ppo_tutor_multi_stage3_mask\PPO_2,PPO_2,32768,1,Bailey,0.0
runs\ab_balanced_items200_h1000\PPO_2,PPO_2,50000,1,Bailey,0.0
runs\ab_penalty1_items200_h1200\PPO_2,PPO_2,50000,1,Bailey,0.0
runs\ppo_tutor_multi_stage3_mask\PPO_2,PPO_2,50000,1,Bailey,0.0
runs\ab_balanced_items200_h1000\PPO_2,PPO_2,65536,1,Bailey,0.0
runs\ab_penalty1_items200_h1200\PPO_2,PPO_2,65536,1,Bailey,5.0
runs\ppo_tutor_multi_stage3_mask\PPO_2,PPO_2,65536,1,Bailey,0.0
runs\ab_balanced_items200_h1000\PPO_2,PPO_2,75000,1,Bailey,0.0
runs\ab_penalty1_items200_h1200\PPO_2,PPO_2,75000,1,Bailey,12.0
runs\ppo_tutor_multi_stage3_mask\PPO_2,PPO_2,75000,1,Bailey,2.0
runs\ab_balanced_items200_h1000\PPO_2,PPO_2,98304,1,Bailey,0.0
runs\ab_penalty1_items200_h1200\PPO_2,PPO_2,98304,1,Bailey,0.0
runs\ppo_tutor_multi_stage3_mask\PPO_2,PPO_2,98304,1,Bailey,0.0
runs\ab_penalty1_items200_h1200\PPO_2,PPO_2,100000,1,Bailey,2.0
runs\ppo_tutor_multi_stage3_mask\PPO_2,PPO_2,100000,1,Bailey,1.0
runs\ab_penalty1_items200_h1200\PPO_2,PPO_2,125000,1,Bailey,0.0
runs\ppo_tutor_multi_stage3_mask\PPO_2,PPO_2,125000,1,Bailey,0.0
runs\ab_penalty1_items200_h1200\PPO_2,PPO_2,131072,1,Bailey,6.0
runs\ppo_tutor_multi_stage3_mask\PPO_2,PPO_2,131072,1,Bailey,1.0
runs\ab_penalty1_items200_h1200\PPO_2,PPO_2,150000,1,Bailey,4.0
runs\ppo_tutor_multi_stage3_mask\PPO_2,PPO_2,150000,1,Bailey,0.0
runs\ab_penalty1_items200_h1200\PPO_2,PPO_2,163840,1,Bailey,0.0
runs\ppo_tutor_multi_stage3_mask\PPO_2,PPO_2,163840,1,Bailey,2.0
runs\ab_penalty1_items200_h1200\PPO_2,PPO_2,175000,1,Bailey,0.0
runs\ppo_tutor_multi_stage3_mask\PPO_2,PPO_2,175000,1,Bailey,0.0
runs\ab_penalty1_items200_h1200\PPO_2,PPO_2,196608,1,Bailey,1.0
runs\ppo_tutor_multi_stage3_mask\PPO_2,PPO_2,196608,1,Bailey,0.0
runs\ab_penalty1_items200_h1200\PPO_2,PPO_2,200000,1,Bailey,6.0
runs\ppo_tutor_multi_stage3_mask\PPO_2,PPO_2,200000,1,Bailey,0.0
runs\ab_penalty1_items200_h1200\PPO_2,PPO_2,225000,1,Bailey,3.0
runs\ppo_tutor_multi_stage3_mask\PPO_2,PPO_2,225000,1,Bailey,0.0
runs\ab_penalty1_items200_h1200\PPO_2,PPO_2,229376,1,Bailey,7.0
runs\ppo_tutor_multi_stage3_mask\PPO_2,PPO_2,229376,1,Bailey,0.0
runs\ab_penalty1_items200_h1200\PPO_2,PPO_2,250000,1,Bailey,0.0
runs\ppo_tutor_multi_stage3_mask\PPO_2,PPO_2,250000,1,Bailey,0.0
runs\ab_penalty1_items200_h1200\PPO_2,PPO_2,262144,1,Bailey,1.0
runs\ppo_tutor_multi_stage3_mask\PPO_2,PPO_2,262144,1,Bailey,0.0
runs\ab_penalty1_items200_h1200\PPO_2,PPO_2,275000,1,Bailey,6.0
runs\ppo_tutor_multi_stage3_mask\PPO_2,PPO_2,275000,1,Bailey,2.0
runs\ab_penalty1_items200_h1200\PPO_2,PPO_2,294912,1,Bailey,4.0
runs\ppo_tutor_multi_stage3_mask\PPO_2,PPO_2,294912,1,Bailey,0.0
runs\ab_penalty1_items200_h1200\PPO_2,PPO_2,300000,1,Bailey,0.0
runs\ppo_tutor_multi_stage3_mask\PPO_2,PPO_2,300000,1,Bailey,2.0
runs\ab_penalty1_items200_h1200\PPO_2,PPO_2,325000,1,Bailey,12.0
runs\ppo_tutor_multi_stage3_mask\PPO_2,PPO_2,325000,1,Bailey,0.0
runs\ab_penalty1_items200_h1200\PPO_2,PPO_2,327680,1,Bailey,0.0
runs\ppo_tutor_multi_stage3_mask\PPO_2,PPO_2,327680,1,Bailey,3.0
runs\ab_penalty1_items200_h1200\PPO_2,PPO_2,350000,1,Bailey,2.0
runs\ppo_tutor_multi_stage3_mask\PPO_2,PPO_2,350000,1,Bailey,0.0
runs\ab_penalty1_items200_h1200\PPO_2,PPO_2,360448,1,Bailey,6.0
runs\ppo_tutor_multi_stage3_mask\PPO_2,PPO_2,360448,1,Bailey,0.0
runs\ab_penalty1_items200_h1200\PPO_2,PPO_2,375000,1,Bailey,0.0
runs\ppo_tutor_multi_stage3_mask\PPO_2,PPO_2,375000,1,Bailey,1.0
runs\ab_penalty1_items200_h1200\PPO_2,PPO_2,393216,1,Bailey,11.0
runs\ppo_tutor_multi_stage3_mask\PPO_2,PPO_2,393216,1,Bailey,1.0
runs\ab_penalty1_items200_h1200\PPO_2,PPO_2,400000,1,Bailey,6.0
runs\ppo_tutor_multi_stage3_mask\PPO_2,PPO_2,400000,1,Bailey,0.0
runs\ab_penalty1_items200_h1200\PPO_2,PPO_2,425000,1,Bailey,1.0
runs\ppo_tutor_multi_stage3_mask\PPO_2,PPO_2,425000,1,Bailey,0.0
runs\ab_penalty1_items200_h1200\PPO_2,PPO_2,425984,1,Bailey,1.0
runs\ppo_tutor_multi_stage3_mask\PPO_2,PPO_2,425984,1,Bailey,0.0
runs\ab_penalty1_items200_h1200\PPO_2,PPO_2,450000,1,Bailey,10.0
runs\ppo_tutor_multi_stage3_mask\PPO_2,PPO_2,450000,1,Bailey,1.0
runs\ab_penalty1_items200_h1200\PPO_2,PPO_2,458752,1,Bailey,12.0
runs\ppo_tutor_multi_stage3_mask\PPO_2,PPO_2,458752,1,Bailey,2.0
runs\ab_penalty1_items200_h1200\PPO_2,PPO_2,475000,1,Bailey,4.0
runs\ppo_tutor_multi_stage3_mask\PPO_2,PPO_2,475000,1,Bailey,2.0
runs\ab_penalty1_items200_h1200\PPO_2,PPO_2,491520,1,Bailey,0.0
runs\ppo_tutor_multi_stage3_mask\PPO_2,PPO_2,491520,1,Bailey,1.0
runs\ab_penalty1_items200_h1200\PPO_2,PPO_2,500000,1,Bailey,0.0
runs\ppo_tutor_multi_stage3_mask\PPO_2,PPO_2,500000,1,Bailey,2.0
runs\ab_penalty1_items200_h1200\PPO_2,PPO_2,524288,1,Bailey,6.0
runs\ppo_tutor_multi_stage3_mask\PPO_2,PPO_2,524288,1,Bailey,0.0
runs\ab_penalty1_items200_h1200\PPO_2,PPO_2,525000,1,Bailey,13.0
runs\ppo_tutor_multi_stage3_mask\PPO_2,PPO_2,525000,1,Bailey,1.0
runs\ab_penalty1_items200_h1200\PPO_2,PPO_2,550000,1,Bailey,1.0
runs\ppo_tutor_multi_stage3_mask\PPO_2,PPO_2,550000,1,Bailey,0.0
runs\ab_penalty1_items200_h1200\PPO_2,PPO_2,557056,1,Bailey,0.0
runs\ppo_tutor_multi_stage3_mask\PPO_2,PPO_2,557056,1,Bailey,0.0
runs\ab_penalty1_items200_h1200\PPO_2,PPO_2,575000,1,Bailey,12.0
runs\ppo_tutor_multi_stage3_mask\PPO_2,PPO_2,575000,1,Bailey,0.0
runs\ab_penalty1_items200_h1200\PPO_2,PPO_2,589824,1,Bailey,5.0
runs\ppo_tutor_multi_stage3_mask\PPO_2,PPO_2,589824,1,Bailey,1.0
runs\ab_penalty1_items200_h1200\PPO_2,PPO_2,600000,1,Bailey,5.0
runs\ppo_tutor_multi_stage3_mask\PPO_2,PPO_2,600000,1,Bailey,2.0
runs\ab_penalty1_items200_h1200\PPO_2,PPO_2,622592,1,Bailey,13.0
runs\ppo_tutor_multi_stage3_mask\PPO_2,PPO_2,622592,1,Bailey,0.0
runs\ab_penalty1_items200_h1200\PPO_2,PPO_2,625000,1,Bailey,0.0
runs\ppo_tutor_multi_stage3_mask\PPO_2,PPO_2,625000,1,Bailey,0.0
runs\ab_penalty1_items200_h1200\PPO_2,PPO_2,650000,1,Bailey,11.0
runs\ppo_tutor_multi_stage3_mask\PPO_2,PPO_2,650000,1,Bailey,0.0
runs\ab_penalty1_items200_h1200\PPO_2,PPO_2,655360,1,Bailey,2.0
runs\ppo_tutor_multi_stage3_mask\PPO_2,PPO_2,655360,1,Bailey,0.0
runs\ab_penalty1_items200_h1200\PPO_2,PPO_2,675000,1,Bailey,4.0
runs\ppo_tutor_multi_stage3_mask\PPO_2,PPO_2,675000,1,Bailey,1.0
runs\ab_penalty1_items200_h1200\PPO_2,PPO_2,688128,1,Bailey,13.0
runs\ppo_tutor_multi_stage3_mask\PPO_2,PPO_2,688128,1,Bailey,0.0
runs\ab_penalty1_items200_h1200\PPO_2,PPO_2,700000,1,Bailey,23.0
runs\ppo_tutor_multi_stage3_mask\PPO_2,PPO_2,700000,1,Bailey,1.0
runs\ab_penalty1_items200_h1200\PPO_2,PPO_2,720896,1,Bailey,0.0
runs\ppo_tutor_multi_stage3_mask\PPO_2,PPO_2,720896,1,Bailey,1.0
runs\ab_penalty1_items200_h1200\PPO_2,PPO_2,725000,1,Bailey,8.0
runs\ppo_tutor_multi_stage3_mask\PPO_2,PPO_2,725000,1,Bailey,0.0
runs\ab_penalty1_items200_h1200\PPO_2,PPO_2,750000,1,Bailey,1.0
runs\ppo_tutor_multi_stage3_mask\PPO_2,PPO_2,750000,1,Bailey,1.0
runs\ab_penalty1_items200_h1200\PPO_2,PPO_2,753664,1,Bailey,9.0
runs\ppo_tutor_multi_stage3_mask\PPO_2,PPO_2,753664,1,Bailey,0.0
runs\ab_penalty1_items200_h1200\PPO_2,PPO_2,775000,1,Bailey,18.0
runs\ppo_tutor_multi_stage3_mask\PPO_2,PPO_2,775000,1,Bailey,0.0
runs\ab_penalty1_items200_h1200\PPO_2,PPO_2,786432,1,Bailey,25.0
runs\ppo_tutor_multi_stage3_mask\PPO_2,PPO_2,786432,1,Bailey,0.0
runs\ab_penalty1_items200_h1200\PPO_2,PPO_2,800000,1,Bailey,8.0
runs\ppo_tutor_multi_stage3_mask\PPO_2,PPO_2,800000,1,Bailey,1.0
runs\ab_penalty1_items200_h1200\PPO_2,PPO_2,819200,1,Bailey,4.0
runs\ppo_tutor_multi_stage3_mask\PPO_2,PPO_2,819200,1,Bailey,2.0
runs\ab_penalty1_items200_h1200\PPO_2,PPO_2,825000,1,Bailey,17.0
runs\ab_penalty1_items200_h1200\PPO_2,PPO_2,850000,1,Bailey,12.0
runs\ab_penalty1_items200_h1200\PPO_2,PPO_2,851968,1,Bailey,14.0
runs\ab_penalty1_items200_h1200\PPO_2,PPO_2,875000,1,Bailey,1.0
runs\ab_penalty1_items200_h1200\PPO_2,PPO_2,884736,1,Bailey,1.0
runs\ab_penalty1_items200_h1200\PPO_2,PPO_2,900000,1,Bailey,17.0
runs\ab_penalty1_items200_h1200\PPO_2,PPO_2,917504,1,Bailey,13.0
runs\ab_penalty1_items200_h1200\PPO_2,PPO_2,925000,1,Bailey,9.0
runs\ab_penalty1_items200_h1200\PPO_2,PPO_2,950000,1,Bailey,23.0
runs\ab_penalty1_items200_h1200\PPO_2,PPO_2,950272,1,Bailey,23.0
runs\ab_penalty1_items200_h1200\PPO_2,PPO_2,975000,1,Bailey,14.0
runs\ab_penalty1_items200_h1200\PPO_2,PPO_2,983040,1,Bailey,7.0
runs\ab_penalty1_items200_h1200\PPO_2,PPO_2,1000000,1,Bailey,3.0
runs\ab_penalty1_items200_h1200\PPO_2,PPO_2,1015808,1,Bailey,22.0
runs\ab_penalty1_items200_h1200\PPO_2,PPO_2,1025000,1,Bailey,17.0
runs\ab_penalty1_items200_h1200\PPO_2,PPO_2,1048576,1,Bailey,6.0
runs\ab_penalty1_items200_h1200\PPO_2,PPO_2,1050000,1,Bailey,12.0
runs\ab_penalty1_items200_h1200\PPO_2,PPO_2,1075000,1,Bailey,26.0
runs\ab_penalty1_items200_h1200\PPO_2,PPO_2,1081344,1,Bailey,20.0
runs\ab_penalty1_items200_h1200\PPO_2,PPO_2,1100000,1,Bailey,15.0
runs\ab_penalty1_items200_h1200\PPO_2,PPO_2,1114112,1,Bailey,1.0
runs\ab_penalty1_items200_h1200\PPO_2,PPO_2,1125000,1,Bailey,5.0
runs\ab_penalty1_items200_h1200\PPO_2,PPO_2,1146880,1,Bailey,12.0
runs\ab_penalty1_items200_h1200\PPO_2,PPO_2,1150000,1,Bailey,22.0
runs\ab_penalty1_items200_h1200\PPO_2,PPO_2,1175000,1,Bailey,10.0
runs\ab_penalty1_items200_h1200\PPO_2,PPO_2,1179648,1,Bailey,28.0
runs\ab_penalty1_items200_h1200\PPO_2,PPO_2,1200000,1,Bailey,28.0
runs\ab_penalty1_items200_h1200\PPO_2,PPO_2,1212416,1,Bailey,7.0
runs\ab_penalty1_items200_h1200\PPO_2,PPO_2,1225000,1,Bailey,14.0
runs\ab_penalty1_items200_h1200\PPO_2,PPO_2,1245184,1,Bailey,18.0
runs\ab_penalty1_items200_h1200\PPO_2,PPO_2,1250000,1,Bailey,6.0
runs\ab_penalty1_items200_h1200\PPO_2,PPO_2,1275000,1,Bailey,20.0
runs\ab_penalty1_items200_h1200\PPO_2,PPO_2,1277952,1,Bailey,3.0
runs\ab_penalty1_items200_h1200\PPO_2,PPO_2,1300000,1,Bailey,10.0
runs\ab_penalty1_items200_h1200\PPO_2,PPO_2,1310720,1,Bailey,13.0
runs\ab_penalty1_items200_h1200\PPO_2,PPO_2,1325000,1,Bailey,0.0
runs\ab_penalty1_items200_h1200\PPO_2,PPO_2,1343488,1,Bailey,31.0
runs\ab_penalty1_items200_h1200\PPO_2,PPO_2,1350000,1,Bailey,18.0
runs\ab_penalty1_items200_h1200\PPO_2,PPO_2,1375000,1,Bailey,7.0
runs\ab_penalty1_items200_h1200\PPO_2,PPO_2,1376256,1,Bailey,9.0
runs\ab_penalty1_items200_h1200\PPO_2,PPO_2,1400000,1,Bailey,24.0
runs\ab_penalty1_items200_h1200\PPO_2,PPO_2,1409024,1,Bailey,20.0
runs\ab_penalty1_items200_h1200\PPO_2,PPO_2,1425000,1,Bailey,12.0
runs\ab_penalty1_items200_h1200\PPO_2,PPO_2,1441792,1,Bailey,4.0
runs\ab_penalty1_items200_h1200\PPO_2,PPO_2,1450000,1,Bailey,0.0
runs\ab_penalty1_items200_h1200\PPO_2,PPO_2,1474560,1,Bailey,14.0
runs\ab_penalty1_items200_h1200\PPO_2,PPO_2,1475000,1,Bailey,18.0
runs\ab_penalty1_items200_h1200\PPO_2,PPO_2,1500000,1,Bailey,7.0
runs\ab_penalty1_items200_h1200\PPO_2,PPO_2,1507328,1,Bailey,0.0
runs\ab_penalty1_items200_h1200\PPO_2,PPO_2,1525000,1,Bailey,21.0
runs\ab_penalty1_items200_h1200\PPO_2,PPO_2,1540096,1,Bailey,12.0
runs\ab_penalty1_items200_h1200\PPO_2,PPO_2,1550000,1,Bailey,13.0
runs\ab_penalty1_items200_h1200\PPO_2,PPO_2,1572864,1,Bailey,21.0
runs\ab_penalty1_items200_h1200\PPO_2,PPO_2,1575000,1,Bailey,2.0
runs\ab_penalty1_items200_h1200\PPO_2,PPO_2,1600000,1,Bailey,17.0
runs\ab_penalty1_items200_h1200\PPO_2,PPO_2,1605632,1,Bailey,8.0
runs\ab_penalty1_items200_h1200\PPO_2,PPO_2,1625000,1,Bailey,9.0
runs\ab_penalty1_items200_h1200\PPO_2,PPO_2,1638400,1,Bailey,17.0
runs\ab_penalty1_items200_h1200\PPO_2,PPO_2,1650000,1,Bailey,25.0
runs\ab_penalty1_items200_h1200\PPO_2,PPO_2,1671168,1,Bailey,2.0
runs\ab_penalty1_items200_h1200\PPO_2,PPO_2,1675000,1,Bailey,15.0
runs\ab_penalty1_items200_h1200\PPO_2,PPO_2,1700000,1,Bailey,3.0
runs\ab_penalty1_items200_h1200\PPO_2,PPO_2,1703936,1,Bailey,14.0
runs\ab_penalty1_items200_h1200\PPO_2,PPO_2,1725000,1,Bailey,20.0
runs\ab_penalty1_items200_h1200\PPO_2,PPO_2,1736704,1,Bailey,30.0
runs\ab_penalty1_items200_h1200\PPO_2,PPO_2,1750000,1,Bailey,8.0
runs\ab_penalty1_items200_h1200\PPO_2,PPO_2,1769472,1,Bailey,9.0
runs\ab_penalty1_items200_h1200\PPO_2,PPO_2,1775000,1,Bailey,23.0
runs\ab_penalty1_items200_h1200\PPO_2,PPO_2,1800000,1,Bailey,17.0
runs\ab_penalty1_items200_h1200\PPO_2,PPO_2,1802240,1,Bailey,22.0
runs\ab_balanced_items200_h1000\PPO_2,PPO_2,25000,2,Casey,0.0
runs\ab_penalty1_items200_h1200\PPO_2,PPO_2,25000,2,Casey,3.0
runs\ppo_tutor_multi_stage3_mask\PPO_2,PPO_2,25000,2,Casey,0.0
runs\ab_balanced_items200_h1000\PPO_2,PPO_2,32768,2,Casey,0.0
runs\ab_penalty1_items200_h1200\PPO_2,PPO_2,32768,2,Casey,1.0
runs\ppo_tutor_multi_stage3_mask\PPO_2,PPO_2,32768,2,Casey,0.0
runs\ab_balanced_items200_h1000\PPO_2,PPO_2,50000,2,Casey,0.0
runs\ab_penalty1_items200_h1200\PPO_2,PPO_2,50000,2,Casey,0.0
runs\ppo_tutor_multi_stage3_mask\PPO_2,PPO_2,50000,2,Casey,0.0
runs\ab_balanced_items200_h1000\PPO_2,PPO_2,65536,2,Casey,0.0
runs\ab_penalty1_items200_h1200\PPO_2,PPO_2,65536,2,Casey,5.0
runs\ppo_tutor_multi_stage3_mask\PPO_2,PPO_2,65536,2,Casey,0.0
runs\ab_balanced_items200_h1000\PPO_2,PPO_2,75000,2,Casey,0.0
runs\ab_penalty1_items200_h1200\PPO_2,PPO_2,75000,2,Casey,5.0
runs\ppo_tutor_multi_stage3_mask\PPO_2,PPO_2,75000,2,Casey,0.0
runs\ab_balanced_items200_h1000\PPO_2,PPO_2,98304,2,Casey,0.0
runs\ab_penalty1_items200_h1200\PPO_2,PPO_2,98304,2,Casey,1.0
runs\ppo_tutor_multi_stage3_mask\PPO_2,PPO_2,98304,2,Casey,1.0
runs\ab_penalty1_items200_h1200\PPO_2,PPO_2,100000,2,Casey,0.0
runs\ppo_tutor_multi_stage3_mask\PPO_2,PPO_2,100000,2,Casey,1.0
runs\ab_penalty1_items200_h1200\PPO_2,PPO_2,125000,2,Casey,0.0
runs\ppo_tutor_multi_stage3_mask\PPO_2,PPO_2,125000,2,Casey,0.0
runs\ab_penalty1_items200_h1200\PPO_2,PPO_2,131072,2,Casey,4.0
runs\ppo_tutor_multi_stage3_mask\PPO_2,PPO_2,131072,2,Casey,2.0
runs\ab_penalty1_items200_h1200\PPO_2,PPO_2,150000,2,Casey,3.0
runs\ppo_tutor_multi_stage3_mask\PPO_2,PPO_2,150000,2,Casey,1.0
runs\ab_penalty1_items200_h1200\PPO_2,PPO_2,163840,2,Casey,0.0
runs\ppo_tutor_multi_stage3_mask\PPO_2,PPO_2,163840,2,Casey,0.0
runs\ab_penalty1_items200_h1200\PPO_2,PPO_2,175000,2,Casey,0.0
runs\ppo_tutor_multi_stage3_mask\PPO_2,PPO_2,175000,2,Casey,0.0
runs\ab_penalty1_items200_h1200\PPO_2,PPO_2,196608,2,Casey,2.0
runs\ppo_tutor_multi_stage3_mask\PPO_2,PPO_2,196608,2,Casey,0.0
runs\ab_penalty1_items200_h1200\PPO_2,PPO_2,200000,2,Casey,7.0
runs\ppo_tutor_multi_stage3_mask\PPO_2,PPO_2,200000,2,Casey,0.0
runs\ab_penalty1_items200_h1200\PPO_2,PPO_2,225000,2,Casey,1.0
runs\ppo_tutor_multi_stage3_mask\PPO_2,PPO_2,225000,2,Casey,0.0
runs\ab_penalty1_items200_h1200\PPO_2,PPO_2,229376,2,Casey,7.0
runs\ppo_tutor_multi_stage3_mask\PPO_2,PPO_2,229376,2,Casey,0.0
runs\ab_penalty1_items200_h1200\PPO_2,PPO_2,250000,2,Casey,0.0
runs\ppo_tutor_multi_stage3_mask\PPO_2,PPO_2,250000,2,Casey,2.0
runs\ab_penalty1_items200_h1200\PPO_2,PPO_2,262144,2,Casey,0.0
runs\ppo_tutor_multi_stage3_mask\PPO_2,PPO_2,262144,2,Casey,0.0
runs\ab_penalty1_items200_h1200\PPO_2,PPO_2,275000,2,Casey,6.0
runs\ppo_tutor_multi_stage3_mask\PPO_2,PPO_2,275000,2,Casey,0.0
runs\ab_penalty1_items200_h1200\PPO_2,PPO_2,294912,2,Casey,6.0
runs\ppo_tutor_multi_stage3_mask\PPO_2,PPO_2,294912,2,Casey,0.0
runs\ab_penalty1_items200_h1200\PPO_2,PPO_2,300000,2,Casey,0.0
runs\ppo_tutor_multi_stage3_mask\PPO_2,PPO_2,300000,2,Casey,1.0
runs\ab_penalty1_items200_h1200\PPO_2,PPO_2,325000,2,Casey,6.0
runs\ppo_tutor_multi_stage3_mask\PPO_2,PPO_2,325000,2,Casey,0.0
runs\ab_penalty1_items200_h1200\PPO_2,PPO_2,327680,2,Casey,0.0
runs\ppo_tutor_multi_stage3_mask\PPO_2,PPO_2,327680,2,Casey,1.0
runs\ab_penalty1_items200_h1200\PPO_2,PPO_2,350000,2,Casey,0.0
runs\ppo_tutor_multi_stage3_mask\PPO_2,PPO_2,350000,2,Casey,0.0
runs\ab_penalty1_items200_h1200\PPO_2,PPO_2,360448,2,Casey,1.0
runs\ppo_tutor_multi_stage3_mask\PPO_2,PPO_2,360448,2,Casey,0.0
runs\ab_penalty1_items200_h1200\PPO_2,PPO_2,375000,2,Casey,0.0
runs\ppo_tutor_multi_stage3_mask\PPO_2,PPO_2,375000,2,Casey,0.0
runs\ab_penalty1_items200_h1200\PPO_2,PPO_2,393216,2,Casey,13.0
runs\ppo_tutor_multi_stage3_mask\PPO_2,PPO_2,393216,2,Casey,0.0
runs\ab_penalty1_items200_h1200\PPO_2,PPO_2,400000,2,Casey,6.0
runs\ppo_tutor_multi_stage3_mask\PPO_2,PPO_2,400000,2,Casey,0.0
runs\ab_penalty1_items200_h1200\PPO_2,PPO_2,425000,2,Casey,0.0
runs\ppo_tutor_multi_stage3_mask\PPO_2,PPO_2,425000,2,Casey,0.0
runs\ab_penalty1_items200_h1200\PPO_2,PPO_2,425984,2,Casey,3.0
runs\ppo_tutor_multi_stage3_mask\PPO_2,PPO_2,425984,2,Casey,1.0
runs\ab_penalty1_items200_h1200\PPO_2,PPO_2,450000,2,Casey,9.0
runs\ppo_tutor_multi_stage3_mask\PPO_2,PPO_2,450000,2,Casey,0.0
runs\ab_penalty1_items200_h1200\PPO_2,PPO_2,458752,2,Casey,3.0
runs\ppo_tutor_multi_stage3_mask\PPO_2,PPO_2,458752,2,Casey,0.0
runs\ab_penalty1_items200_h1200\PPO_2,PPO_2,475000,2,Casey,3.0
runs\ppo_tutor_multi_stage3_mask\PPO_2,PPO_2,475000,2,Casey,1.0
runs\ab_penalty1_items200_h1200\PPO_2,PPO_2,491520,2,Casey,1.0
runs\ppo_tutor_multi_stage3_mask\PPO_2,PPO_2,491520,2,Casey,1.0
runs\ab_penalty1_items200_h1200\PPO_2,PPO_2,500000,2,Casey,0.0
runs\ppo_tutor_multi_stage3_mask\PPO_2,PPO_2,500000,2,Casey,1.0
runs\ab_penalty1_items200_h1200\PPO_2,PPO_2,524288,2,Casey,7.0
runs\ppo_tutor_multi_stage3_mask\PPO_2,PPO_2,524288,2,Casey,0.0
runs\ab_penalty1_items200_h1200\PPO_2,PPO_2,525000,2,Casey,5.0
runs\ppo_tutor_multi_stage3_mask\PPO_2,PPO_2,525000,2,Casey,0.0
runs\ab_penalty1_items200_h1200\PPO_2,PPO_2,550000,2,Casey,0.0
runs\ppo_tutor_multi_stage3_mask\PPO_2,PPO_2,550000,2,Casey,0.0
runs\ab_penalty1_items200_h1200\PPO_2,PPO_2,557056,2,Casey,0.0
runs\ppo_tutor_multi_stage3_mask\PPO_2,PPO_2,557056,2,Casey,1.0
runs\ab_penalty1_items200_h1200\PPO_2,PPO_2,575000,2,Casey,8.0
runs\ppo_tutor_multi_stage3_mask\PPO_2,PPO_2,575000,2,Casey,0.0
runs\ab_penalty1_items200_h1200\PPO_2,PPO_2,589824,2,Casey,5.0
runs\ppo_tutor_multi_stage3_mask\PPO_2,PPO_2,589824,2,Casey,0.0
runs\ab_penalty1_items200_h1200\PPO_2,PPO_2,600000,2,Casey,6.0
runs\ppo_tutor_multi_stage3_mask\PPO_2,PPO_2,600000,2,Casey,4.0
runs\ab_penalty1_items200_h1200\PPO_2,PPO_2,622592,2,Casey,11.0
runs\ppo_tutor_multi_stage3_mask\PPO_2,PPO_2,622592,2,Casey,1.0
runs\ab_penalty1_items200_h1200\PPO_2,PPO_2,625000,2,Casey,0.0
runs\ppo_tutor_multi_stage3_mask\PPO_2,PPO_2,625000,2,Casey,0.0
runs\ab_penalty1_items200_h1200\PPO_2,PPO_2,650000,2,Casey,14.0
runs\ppo_tutor_multi_stage3_mask\PPO_2,PPO_2,650000,2,Casey,0.0
runs\ab_penalty1_items200_h1200\PPO_2,PPO_2,655360,2,Casey,0.0
runs\ppo_tutor_multi_stage3_mask\PPO_2,PPO_2,655360,2,Casey,0.0
runs\ab_penalty1_items200_h1200\PPO_2,PPO_2,675000,2,Casey,2.0
runs\ppo_tutor_multi_stage3_mask\PPO_2,PPO_2,675000,2,Casey,0.0
runs\ab_penalty1_items200_h1200\PPO_2,PPO_2,688128,2,Casey,10.0
runs\ppo_tutor_multi_stage3_mask\PPO_2,PPO_2,688128,2,Casey,0.0
runs\ab_penalty1_items200_h1200\PPO_2,PPO_2,700000,2,Casey,21.0
runs\ppo_tutor_multi_stage3_mask\PPO_2,PPO_2,700000,2,Casey,1.0
runs\ab_penalty1_items200_h1200\PPO_2,PPO_2,720896,2,Casey,0.0
runs\ppo_tutor_multi_stage3_mask\PPO_2,PPO_2,720896,2,Casey,0.0
runs\ab_penalty1_items200_h1200\PPO_2,PPO_2,725000,2,Casey,7.0
runs\ppo_tutor_multi_stage3_mask\PPO_2,PPO_2,725000,2,Casey,0.0
runs\ab_penalty1_items200_h1200\PPO_2,PPO_2,750000,2,Casey,1.0
runs\ppo_tutor_multi_stage3_mask\PPO_2,PPO_2,750000,2,Casey,0.0
runs\ab_penalty1_items200_h1200\PPO_2,PPO_2,753664,2,Casey,8.0
runs\ppo_tutor_multi_stage3_mask\PPO_2,PPO_2,753664,2,Casey,0.0
runs\ab_penalty1_items200_h1200\PPO_2,PPO_2,775000,2,Casey,12.0
runs\ppo_tutor_multi_stage3_mask\PPO_2,PPO_2,775000,2,Casey,0.0
runs\ab_penalty1_items200_h1200\PPO_2,PPO_2,786432,2,Casey,21.0
runs\ppo_tutor_multi_stage3_mask\PPO_2,PPO_2,786432,2,Casey,0.0
runs\ab_penalty1_items200_h1200\PPO_2,PPO_2,800000,2,Casey,2.0
runs\ppo_tutor_multi_stage3_mask\PPO_2,PPO_2,800000,2,Casey,3.0
runs\ab_penalty1_items200_h1200\PPO_2,PPO_2,819200,2,Casey,6.0
runs\ppo_tutor_multi_stage3_mask\PPO_2,PPO_2,819200,2,Casey,0.0
runs\ab_penalty1_items200_h1200\PPO_2,PPO_2,825000,2,Casey,15.0
runs\ab_penalty1_items200_h1200\PPO_2,PPO_2,850000,2,Casey,8.0
runs\ab_penalty1_items200_h1200\PPO_2,PPO_2,851968,2,Casey,16.0
runs\ab_penalty1_items200_h1200\PPO_2,PPO_2,875000,2,Casey,1.0
runs\ab_penalty1_items200_h1200\PPO_2,PPO_2,884736,2,Casey,2.0
runs\ab_penalty1_items200_h1200\PPO_2,PPO_2,900000,2,Casey,19.0
runs\ab_penalty1_items200_h1200\PPO_2,PPO_2,917504,2,Casey,12.0
runs\ab_penalty1_items200_h1200\PPO_2,PPO_2,925000,2,Casey,7.0
runs\ab_penalty1_items200_h1200\PPO_2,PPO_2,950000,2,Casey,27.0
runs\ab_penalty1_items200_h1200\PPO_2,PPO_2,950272,2,Casey,17.0
runs\ab_penalty1_items200_h1200\PPO_2,PPO_2,975000,2,Casey,11.0
runs\ab_penalty1_items200_h1200\PPO_2,PPO_2,983040,2,Casey,9.0
runs\ab_penalty1_items200_h1200\PPO_2,PPO_2,1000000,2,Casey,3.0
runs\ab_penalty1_items200_h1200\PPO_2,PPO_2,1015808,2,Casey,18.0
runs\ab_penalty1_items200_h1200\PPO_2,PPO_2,1025000,2,Casey,15.0
runs\ab_penalty1_items200_h1200\PPO_2,PPO_2,1048576,2,Casey,5.0
runs\ab_penalty1_items200_h1200\PPO_2,PPO_2,1050000,2,Casey,11.0
runs\ab_penalty1_items200_h1200\PPO_2,PPO_2,1075000,2,Casey,19.0
runs\ab_penalty1_items200_h1200\PPO_2,PPO_2,1081344,2,Casey,14.0
runs\ab_penalty1_items200_h1200\PPO_2,PPO_2,1100000,2,Casey,14.0
runs\ab_penalty1_items200_h1200\PPO_2,PPO_2,1114112,2,Casey,1.0
runs\ab_penalty1_items200_h1200\PPO_2,PPO_2,1125000,2,Casey,6.0
runs\ab_penalty1_items200_h1200\PPO_2,PPO_2,1146880,2,Casey,15.0
runs\ab_penalty1_items200_h1200\PPO_2,PPO_2,1150000,2,Casey,22.0
runs\ab_penalty1_items200_h1200\PPO_2,PPO_2,1175000,2,Casey,10.0
runs\ab_penalty1_items200_h1200\PPO_2,PPO_2,1179648,2,Casey,21.0
runs\ab_penalty1_items200_h1200\PPO_2,PPO_2,1200000,2,Casey,28.0
runs\ab_penalty1_items200_h1200\PPO_2,PPO_2,1212416,2,Casey,9.0
runs\ab_penalty1_items200_h1200\PPO_2,PPO_2,1225000,2,Casey,15.0
runs\ab_penalty1_items200_h1200\PPO_2,PPO_2,1245184,2,Casey,16.0
runs\ab_penalty1_items200_h1200\PPO_2,PPO_2,1250000,2,Casey,4.0
runs\ab_penalty1_items200_h1200\PPO_2,PPO_2,1275000,2,Casey,19.0
runs\ab_penalty1_items200_h1200\PPO_2,PPO_2,1277952,2,Casey,3.0
runs\ab_penalty1_items200_h1200\PPO_2,PPO_2,1300000,2,Casey,8.0
runs\ab_penalty1_items200_h1200\PPO_2,PPO_2,1310720,2,Casey,15.0
runs\ab_penalty1_items200_h1200\PPO_2,PPO_2,1325000,2,Casey,0.0
runs\ab_penalty1_items200_h1200\PPO_2,PPO_2,1343488,2,Casey,24.0
runs\ab_penalty1_items200_h1200\PPO_2,PPO_2,1350000,2,Casey,19.0
runs\ab_penalty1_items200_h1200\PPO_2,PPO_2,1375000,2,Casey,5.0
runs\ab_penalty1_items200_h1200\PPO_2,PPO_2,1376256,2,Casey,9.0
runs\ab_penalty1_items200_h1200\PPO_2,PPO_2,1400000,2,Casey,21.0
runs\ab_penalty1_items200_h1200\PPO_2,PPO_2,1409024,2,Casey,15.0
runs\ab_penalty1_items200_h1200\PPO_2,PPO_2,1425000,2,Casey,13.0
runs\ab_penalty1_items200_h1200\PPO_2,PPO_2,1441792,2,Casey,7.0
runs\ab_penalty1_items200_h1200\PPO_2,PPO_2,1450000,2,Casey,1.0
runs\ab_penalty1_items200_h1200\PPO_2,PPO_2,1474560,2,Casey,15.0
runs\ab_penalty1_items200_h1200\PPO_2,PPO_2,1475000,2,Casey,17.0
runs\ab_penalty1_items200_h1200\PPO_2,PPO_2,1500000,2,Casey,6.0
runs\ab_penalty1_items200_h1200\PPO_2,PPO_2,1507328,2,Casey,0.0
runs\ab_penalty1_items200_h1200\PPO_2,PPO_2,1525000,2,Casey,27.0
runs\ab_penalty1_items200_h1200\PPO_2,PPO_2,1540096,2,Casey,11.0
runs\ab_penalty1_items200_h1200\PPO_2,PPO_2,1550000,2,Casey,10.0
runs\ab_penalty1_items200_h1200\PPO_2,PPO_2,1572864,2,Casey,20.0
runs\ab_penalty1_items200_h1200\PPO_2,PPO_2,1575000,2,Casey,0.0
runs\ab_penalty1_items200_h1200\PPO_2,PPO_2,1600000,2,Casey,15.0
runs\ab_penalty1_items200_h1200\PPO_2,PPO_2,1605632,2,Casey,9.0
runs\ab_penalty1_items200_h1200\PPO_2,PPO_2,1625000,2,Casey,8.0
runs\ab_penalty1_items200_h1200\PPO_2,PPO_2,1638400,2,Casey,17.0
runs\ab_penalty1_items200_h1200\PPO_2,PPO_2,1650000,2,Casey,25.0
runs\ab_penalty1_items200_h1200\PPO_2,PPO_2,1671168,2,Casey,1.0
runs\ab_penalty1_items200_h1200\PPO_2,PPO_2,1675000,2,Casey,11.0
runs\ab_penalty1_items200_h1200\PPO_2,PPO_2,1700000,2,Casey,3.0
runs\ab_penalty1_items200_h1200\PPO_2,PPO_2,1703936,2,Casey,14.0
runs\ab_penalty1_items200_h1200\PPO_2,PPO_2,1725000,2,Casey,19.0
runs\ab_penalty1_items200_h1200\PPO_2,PPO_2,1736704,2,Casey,23.0
runs\ab_penalty1_items200_h1200\PPO_2,PPO_2,1750000,2,Casey,11.0
runs\ab_penalty1_items200_h1200\PPO_2,PPO_2,1769472,2,Casey,12.0
runs\ab_penalty1_items200_h1200\PPO_2,PPO_2,1775000,2,Casey,26.0
runs\ab_penalty1_items200_h1200\PPO_2,PPO_2,1800000,2,Casey,15.0
runs\ab_penalty1_items200_h1200\PPO_2,PPO_2,1802240,2,Casey,21.0
runs\ab_balanced_items200_h1000\PPO_2,PPO_2,25000,3,Devi,0.0
runs\ab_penalty1_items200_h1200\PPO_2,PPO_2,25000,3,Devi,0.0
runs\ppo_tutor_multi_stage3_mask\PPO_2,PPO_2,25000,3,Devi,0.0
runs\ab_balanced_items200_h1000\PPO_2,PPO_2,32768,3,Devi,0.0
runs\ab_penalty1_items200_h1200\PPO_2,PPO_2,32768,3,Devi,1.0
runs\ppo_tutor_multi_stage3_mask\PPO_2,PPO_2,32768,3,Devi,0.0
runs\ab_balanced_items200_h1000\PPO_2,PPO_2,50000,3,Devi,0.0
runs\ab_penalty1_items200_h1200\PPO_2,PPO_2,50000,3,Devi,0.0
runs\ppo_tutor_multi_stage3_mask\PPO_2,PPO_2,50000,3,Devi,0.0
runs\ab_balanced_items200_h1000\PPO_2,PPO_2,65536,3,Devi,0.0
runs\ab_penalty1_items200_h1200\PPO_2,PPO_2,65536,3,Devi,3.0
runs\ppo_tutor_multi_stage3_mask\PPO_2,PPO_2,65536,3,Devi,0.0
runs\ab_balanced_items200_h1000\PPO_2,PPO_2,75000,3,Devi,0.0
runs\ab_penalty1_items200_h1200\PPO_2,PPO_2,75000,3,Devi,9.0
runs\ppo_tutor_multi_stage3_mask\PPO_2,PPO_2,75000,3,Devi,0.0
runs\ab_balanced_items200_h1000\PPO_2,PPO_2,98304,3,Devi,1.0
runs\ab_penalty1_items200_h1200\PPO_2,PPO_2,98304,3,Devi,1.0
runs\ppo_tutor_multi_stage3_mask\PPO_2,PPO_2,98304,3,Devi,1.0
runs\ab_penalty1_items200_h1200\PPO_2,PPO_2,100000,3,Devi,1.0
runs\ppo_tutor_multi_stage3_mask\PPO_2,PPO_2,100000,3,Devi,2.0
runs\ab_penalty1_items200_h1200\PPO_2,PPO_2,125000,3,Devi,0.0
runs\ppo_tutor_multi_stage3_mask\PPO_2,PPO_2,125000,3,Devi,0.0
runs\ab_penalty1_items200_h1200\PPO_2,PPO_2,131072,3,Devi,2.0
runs\ppo_tutor_multi_stage3_mask\PPO_2,PPO_2,131072,3,Devi,1.0
runs\ab_penalty1_items200_h1200\PPO_2,PPO_2,150000,3,Devi,1.0
runs\ppo_tutor_multi_stage3_mask\PPO_2,PPO_2,150000,3,Devi,0.0
runs\ab_penalty1_items200_h1200\PPO_2,PPO_2,163840,3,Devi,0.0
runs\ppo_tutor_multi_stage3_mask\PPO_2,PPO_2,163840,3,Devi,0.0
runs\ab_penalty1_items200_h1200\PPO_2,PPO_2,175000,3,Devi,0.0
runs\ppo_tutor_multi_stage3_mask\PPO_2,PPO_2,175000,3,Devi,0.0
runs\ab_penalty1_items200_h1200\PPO_2,PPO_2,196608,3,Devi,1.0
runs\ppo_tutor_multi_stage3_mask\PPO_2,PPO_2,196608,3,Devi,0.0
runs\ab_penalty1_items200_h1200\PPO_2,PPO_2,200000,3,Devi,6.0
runs\ppo_tutor_multi_stage3_mask\PPO_2,PPO_2,200000,3,Devi,1.0
runs\ab_penalty1_items200_h1200\PPO_2,PPO_2,225000,3,Devi,1.0
runs\ppo_tutor_multi_stage3_mask\PPO_2,PPO_2,225000,3,Devi,0.0
runs\ab_penalty1_items200_h1200\PPO_2,PPO_2,229376,3,Devi,6.0
runs\ppo_tutor_multi_stage3_mask\PPO_2,PPO_2,229376,3,Devi,0.0
runs\ab_penalty1_items200_h1200\PPO_2,PPO_2,250000,3,Devi,0.0
runs\ppo_tutor_multi_stage3_mask\PPO_2,PPO_2,250000,3,Devi,0.0
runs\ab_penalty1_items200_h1200\PPO_2,PPO_2,262144,3,Devi,0.0
runs\ppo_tutor_multi_stage3_mask\PPO_2,PPO_2,262144,3,Devi,0.0
runs\ab_penalty1_items200_h1200\PPO_2,PPO_2,275000,3,Devi,1.0
runs\ppo_tutor_multi_stage3_mask\PPO_2,PPO_2,275000,3,Devi,0.0
runs\ab_penalty1_items200_h1200\PPO_2,PPO_2,294912,3,Devi,6.0
runs\ppo_tutor_multi_stage3_mask\PPO_2,PPO_2,294912,3,Devi,0.0
runs\ab_penalty1_items200_h1200\PPO_2,PPO_2,300000,3,Devi,0.0
runs\ppo_tutor_multi_stage3_mask\PPO_2,PPO_2,300000,3,Devi,0.0
runs\ab_penalty1_items200_h1200\PPO_2,PPO_2,325000,3,Devi,7.0
runs\ppo_tutor_multi_stage3_mask\PPO_2,PPO_2,325000,3,Devi,0.0
runs\ab_penalty1_items200_h1200\PPO_2,PPO_2,327680,3,Devi,0.0
runs\ppo_tutor_multi_stage3_mask\PPO_2,PPO_2,327680,3,Devi,1.0
runs\ab_penalty1_items200_h1200\PPO_2,PPO_2,350000,3,Devi,1.0
runs\ppo_tutor_multi_stage3_mask\PPO_2,PPO_2,350000,3,Devi,0.0
runs\ab_penalty1_items200_h1200\PPO_2,PPO_2,360448,3,Devi,2.0
runs\ppo_tutor_multi_stage3_mask\PPO_2,PPO_2,360448,3,Devi,0.0
runs\ab_penalty1_items200_h1200\PPO_2,PPO_2,375000,3,Devi,0.0
runs\ppo_tutor_multi_stage3_mask\PPO_2,PPO_2,375000,3,Devi,0.0
runs\ab_penalty1_items200_h1200\PPO_2,PPO_2,393216,3,Devi,9.0
runs\ppo_tutor_multi_stage3_mask\PPO_2,PPO_2,393216,3,Devi,0.0
runs\ab_penalty1_items200_h1200\PPO_2,PPO_2,400000,3,Devi,2.0
runs\ppo_tutor_multi_stage3_mask\PPO_2,PPO_2,400000,3,Devi,1.0
runs\ab_penalty1_items200_h1200\PPO_2,PPO_2,425000,3,Devi,0.0
runs\ppo_tutor_multi_stage3_mask\PPO_2,PPO_2,425000,3,Devi,0.0
runs\ab_penalty1_items200_h1200\PPO_2,PPO_2,425984,3,Devi,1.0
runs\ppo_tutor_multi_stage3_mask\PPO_2,PPO_2,425984,3,Devi,0.0
runs\ab_penalty1_items200_h1200\PPO_2,PPO_2,450000,3,Devi,7.0
runs\ppo_tutor_multi_stage3_mask\PPO_2,PPO_2,450000,3,Devi,0.0
runs\ab_penalty1_items200_h1200\PPO_2,PPO_2,458752,3,Devi,6.0
runs\ppo_tutor_multi_stage3_mask\PPO_2,PPO_2,458752,3,Devi,0.0
runs\ab_penalty1_items200_h1200\PPO_2,PPO_2,475000,3,Devi,2.0
runs\ppo_tutor_multi_stage3_mask\PPO_2,PPO_2,475000,3,Devi,0.0
runs\ab_penalty1_items200_h1200\PPO_2,PPO_2,491520,3,Devi,0.0
runs\ppo_tutor_multi_stage3_mask\PPO_2,PPO_2,491520,3,Devi,2.0
runs\ab_penalty1_items200_h1200\PPO_2,PPO_2,500000,3,Devi,0.0
runs\ppo_tutor_multi_stage3_mask\PPO_2,PPO_2,500000,3,Devi,2.0
runs\ab_penalty1_items200_h1200\PPO_2,PPO_2,524288,3,Devi,7.0
runs\ppo_tutor_multi_stage3_mask\PPO_2,PPO_2,524288,3,Devi,0.0
runs\ab_penalty1_items200_h1200\PPO_2,PPO_2,525000,3,Devi,2.0
runs\ppo_tutor_multi_stage3_mask\PPO_2,PPO_2,525000,3,Devi,0.0
runs\ab_penalty1_items200_h1200\PPO_2,PPO_2,550000,3,Devi,2.0
runs\ppo_tutor_multi_stage3_mask\PPO_2,PPO_2,550000,3,Devi,0.0
runs\ab_penalty1_items200_h1200\PPO_2,PPO_2,557056,3,Devi,0.0
runs\ppo_tutor_multi_stage3_mask\PPO_2,PPO_2,557056,3,Devi,0.0
runs\ab_penalty1_items200_h1200\PPO_2,PPO_2,575000,3,Devi,9.0
runs\ppo_tutor_multi_stage3_mask\PPO_2,PPO_2,575000,3,Devi,0.0
runs\ab_penalty1_items200_h1200\PPO_2,PPO_2,589824,3,Devi,1.0
runs\ppo_tutor_multi_stage3_mask\PPO_2,PPO_2,589824,3,Devi,0.0
runs\ab_penalty1_items200_h1200\PPO_2,PPO_2,600000,3,Devi,3.0
runs\ppo_tutor_multi_stage3_mask\PPO_2,PPO_2,600000,3,Devi,1.0
runs\ab_penalty1_items200_h1200\PPO_2,PPO_2,622592,3,Devi,8.0
runs\ppo_tutor_multi_stage3_mask\PPO_2,PPO_2,622592,3,Devi,0.0
runs\ab_penalty1_items200_h1200\PPO_2,PPO_2,625000,3,Devi,0.0
runs\ppo_tutor_multi_stage3_mask\PPO_2,PPO_2,625000,3,Devi,0.0
runs\ab_penalty1_items200_h1200\PPO_2,PPO_2,650000,3,Devi,8.0
runs\ppo_tutor_multi_stage3_mask\PPO_2,PPO_2,650000,3,Devi,0.0
runs\ab_penalty1_items200_h1200\PPO_2,PPO_2,655360,3,Devi,0.0
runs\ppo_tutor_multi_stage3_mask\PPO_2,PPO_2,655360,3,Devi,1.0
runs\ab_penalty1_items200_h1200\PPO_2,PPO_2,675000,3,Devi,0.0
runs\ppo_tutor_multi_stage3_mask\PPO_2,PPO_2,675000,3,Devi,0.0
runs\ab_penalty1_items200_h1200\PPO_2,PPO_2,688128,3,Devi,4.0
runs\ppo_tutor_multi_stage3_mask\PPO_2,PPO_2,688128,3,Devi,0.0
runs\ab_penalty1_items200_h1200\PPO_2,PPO_2,700000,3,Devi,9.0
runs\ppo_tutor_multi_stage3_mask\PPO_2,PPO_2,700000,3,Devi,0.0
runs\ab_penalty1_items200_h1200\PPO_2,PPO_2,720896,3,Devi,0.0
runs\ppo_tutor_multi_stage3_mask\PPO_2,PPO_2,720896,3,Devi,0.0
runs\ab_penalty1_items200_h1200\PPO_2,PPO_2,725000,3,Devi,3.0
runs\ppo_tutor_multi_stage3_mask\PPO_2,PPO_2,725000,3,Devi,0.0
runs\ab_penalty1_items200_h1200\PPO_2,PPO_2,750000,3,Devi,1.0
runs\ppo_tutor_multi_stage3_mask\PPO_2,PPO_2,750000,3,Devi,0.0
runs\ab_penalty1_items200_h1200\PPO_2,PPO_2,753664,3,Devi,2.0
runs\ppo_tutor_multi_stage3_mask\PPO_2,PPO_2,753664,3,Devi,0.0
runs\ab_penalty1_items200_h1200\PPO_2,PPO_2,775000,3,Devi,6.0
runs\ppo_tutor_multi_stage3_mask\PPO_2,PPO_2,775000,3,Devi,0.0
runs\ab_penalty1_items200_h1200\PPO_2,PPO_2,786432,3,Devi,13.0
runs\ppo_tutor_multi_stage3_mask\PPO_2,PPO_2,786432,3,Devi,1.0
runs\ab_penalty1_items200_h1200\PPO_2,PPO_2,800000,3,Devi,1.0
runs\ppo_tutor_multi_stage3_mask\PPO_2,PPO_2,800000,3,Devi,1.0
runs\ab_penalty1_items200_h1200\PPO_2,PPO_2,819200,3,Devi,2.0
runs\ppo_tutor_multi_stage3_mask\PPO_2,PPO_2,819200,3,Devi,0.0
runs\ab_penalty1_items200_h1200\PPO_2,PPO_2,825000,3,Devi,9.0
runs\ab_penalty1_items200_h1200\PPO_2,PPO_2,850000,3,Devi,4.0
runs\ab_penalty1_items200_h1200\PPO_2,PPO_2,851968,3,Devi,10.0
runs\ab_penalty1_items200_h1200\PPO_2,PPO_2,875000,3,Devi,0.0
runs\ab_penalty1_items200_h1200\PPO_2,PPO_2,884736,3,Devi,0.0
runs\ab_penalty1_items200_h1200\PPO_2,PPO_2,900000,3,Devi,7.0
runs\ab_penalty1_items200_h1200\PPO_2,PPO_2,917504,3,Devi,4.0
runs\ab_penalty1_items200_h1200\PPO_2,PPO_2,925000,3,Devi,1.0
runs\ab_penalty1_items200_h1200\PPO_2,PPO_2,950000,3,Devi,12.0
runs\ab_penalty1_items200_h1200\PPO_2,PPO_2,950272,3,Devi,12.0
runs\ab_penalty1_items200_h1200\PPO_2,PPO_2,975000,3,Devi,4.0
runs\ab_penalty1_items200_h1200\PPO_2,PPO_2,983040,3,Devi,3.0
runs\ab_penalty1_items200_h1200\PPO_2,PPO_2,1000000,3,Devi,0.0
runs\ab_penalty1_items200_h1200\PPO_2,PPO_2,1015808,3,Devi,5.0
runs\ab_penalty1_items200_h1200\PPO_2,PPO_2,1025000,3,Devi,10.0
runs\ab_penalty1_items200_h1200\PPO_2,PPO_2,1048576,3,Devi,0.0
runs\ab_penalty1_items200_h1200\PPO_2,PPO_2,1050000,3,Devi,1.0
runs\ab_penalty1_items200_h1200\PPO_2,PPO_2,1075000,3,Devi,10.0
runs\ab_penalty1_items200_h1200\PPO_2,PPO_2,1081344,3,Devi,6.0
runs\ab_penalty1_items200_h1200\PPO_2,PPO_2,1100000,3,Devi,7.0
runs\ab_penalty1_items200_h1200\PPO_2,PPO_2,1114112,3,Devi,0.0
runs\ab_penalty1_items200_h1200\PPO_2,PPO_2,1125000,3,Devi,0.0
runs\ab_penalty1_items200_h1200\PPO_2,PPO_2,1146880,3,Devi,5.0
runs\ab_penalty1_items200_h1200\PPO_2,PPO_2,1150000,3,Devi,5.0
runs\ab_penalty1_items200_h1200\PPO_2,PPO_2,1175000,3,Devi,1.0
runs\ab_penalty1_items200_h1200\PPO_2,PPO_2,1179648,3,Devi,5.0
runs\ab_penalty1_items200_h1200\PPO_2,PPO_2,1200000,3,Devi,10.0
runs\ab_penalty1_items200_h1200\PPO_2,PPO_2,1212416,3,Devi,0.0
runs\ab_penalty1_items200_h1200\PPO_2,PPO_2,1225000,3,Devi,8.0
runs\ab_penalty1_items200_h1200\PPO_2,PPO_2,1245184,3,Devi,8.0
runs\ab_penalty1_items200_h1200\PPO_2,PPO_2,1250000,3,Devi,1.0
runs\ab_penalty1_items200_h1200\PPO_2,PPO_2,1275000,3,Devi,8.0
runs\ab_penalty1_items200_h1200\PPO_2,PPO_2,1277952,3,Devi,0.0
runs\ab_penalty1_items200_h1200\PPO_2,PPO_2,1300000,3,Devi,3.0
runs\ab_penalty1_items200_h1200\PPO_2,PPO_2,1310720,3,Devi,7.0
runs\ab_penalty1_items200_h1200\PPO_2,PPO_2,1325000,3,Devi,0.0
runs\ab_penalty1_items200_h1200\PPO_2,PPO_2,1343488,3,Devi,13.0
runs\ab_penalty1_items200_h1200\PPO_2,PPO_2,1350000,3,Devi,7.0
runs\ab_penalty1_items200_h1200\PPO_2,PPO_2,1375000,3,Devi,0.0
runs\ab_penalty1_items200_h1200\PPO_2,PPO_2,1376256,3,Devi,3.0
runs\ab_penalty1_items200_h1200\PPO_2,PPO_2,1400000,3,Devi,7.0
runs\ab_penalty1_items200_h1200\PPO_2,PPO_2,1409024,3,Devi,12.0
runs\ab_penalty1_items200_h1200\PPO_2,PPO_2,1425000,3,Devi,5.0
runs\ab_penalty1_items200_h1200\PPO_2,PPO_2,1441792,3,Devi,0.0
runs\ab_penalty1_items200_h1200\PPO_2,PPO_2,1450000,3,Devi,0.0
runs\ab_penalty1_items200_h1200\PPO_2,PPO_2,1474560,3,Devi,6.0
runs\ab_penalty1_items200_h1200\PPO_2,PPO_2,1475000,3,Devi,7.0
runs\ab_penalty1_items200_h1200\PPO_2,PPO_2,1500000,3,Devi,2.0
runs\ab_penalty1_items200_h1200\PPO_2,PPO_2,1507328,3,Devi,0.0
runs\ab_penalty1_items200_h1200\PPO_2,PPO_2,1525000,3,Devi,13.0
runs\ab_penalty1_items200_h1200\PPO_2,PPO_2,1540096,3,Devi,5.0
runs\ab_penalty1_items200_h1200\PPO_2,PPO_2,1550000,3,Devi,5.0
runs\ab_penalty1_items200_h1200\PPO_2,PPO_2,1572864,3,Devi,13.0
runs\ab_penalty1_items200_h1200\PPO_2,PPO_2,1575000,3,Devi,0.0
runs\ab_penalty1_items200_h1200\PPO_2,PPO_2,1600000,3,Devi,11.0
runs\ab_penalty1_items200_h1200\PPO_2,PPO_2,1605632,3,Devi,1.0
runs\ab_penalty1_items200_h1200\PPO_2,PPO_2,1625000,3,Devi,1.0
runs\ab_penalty1_items200_h1200\PPO_2,PPO_2,1638400,3,Devi,10.0
runs\ab_penalty1_items200_h1200\PPO_2,PPO_2,1650000,3,Devi,9.0
runs\ab_penalty1_items200_h1200\PPO_2,PPO_2,1671168,3,Devi,0.0
runs\ab_penalty1_items200_h1200\PPO_2,PPO_2,1675000,3,Devi,5.0
runs\ab_penalty1_items200_h1200\PPO_2,PPO_2,1700000,3,Devi,0.0
runs\ab_penalty1_items200_h1200\PPO_2,PPO_2,1703936,3,Devi,8.0
runs\ab_penalty1_items200_h1200\PPO_2,PPO_2,1725000,3,Devi,12.0
runs\ab_penalty1_items200_h1200\PPO_2,PPO_2,1736704,3,Devi,13.0
runs\ab_penalty1_items200_h1200\PPO_2,PPO_2,1750000,3,Devi,2.0
runs\ab_penalty1_items200_h1200\PPO_2,PPO_2,1769472,3,Devi,1.0
runs\ab_penalty1_items200_h1200\PPO_2,PPO_2,1775000,3,Devi,10.0
runs\ab_penalty1_items200_h1200\PPO_2,PPO_2,1800000,3,Devi,7.0
runs\ab_penalty1_items200_h1200\PPO_2,PPO_2,1802240,3,Devi,9.0
runs\ab_balanced_items200_h1000\PPO_2,PPO_2,25000,4,Eden,0.0
runs\ab_penalty1_items200_h1200\PPO_2,PPO_2,25000,4,Eden,1.0
runs\ppo_tutor_multi_stage3_mask\PPO_2,PPO_2,25000,4,Eden,0.0
runs\ab_balanced_items200_h1000\PPO_2,PPO_2,32768,4,Eden,0.0
runs\ab_penalty1_items200_h1200\PPO_2,PPO_2,32768,4,Eden,1.0
runs\ppo_tutor_multi_stage3_mask\PPO_2,PPO_2,32768,4,Eden,0.0
runs\ab_balanced_items200_h1000\PPO_2,PPO_2,50000,4,Eden,0.0
runs\ab_penalty1_items200_h1200\PPO_2,PPO_2,50000,4,Eden,0.0
runs\ppo_tutor_multi_stage3_mask\PPO_2,PPO_2,50000,4,Eden,0.0
runs\ab_balanced_items200_h1000\PPO_2,PPO_2,65536,4,Eden,0.0
runs\ab_penalty1_items200_h1200\PPO_2,PPO_2,65536,4,Eden,6.0
runs\ppo_tutor_multi_stage3_mask\PPO_2,PPO_2,65536,4,Eden,0.0
runs\ab_balanced_items200_h1000\PPO_2,PPO_2,75000,4,Eden,0.0
runs\ab_penalty1_items200_h1200\PPO_2,PPO_2,75000,4,Eden,6.0
runs\ppo_tutor_multi_stage3_mask\PPO_2,PPO_2,75000,4,Eden,0.0
runs\ab_balanced_items200_h1000\PPO_2,PPO_2,98304,4,Eden,0.0
runs\ab_penalty1_items200_h1200\PPO_2,PPO_2,98304,4,Eden,0.0
runs\ppo_tutor_multi_stage3_mask\PPO_2,PPO_2,98304,4,Eden,0.0
runs\ab_penalty1_items200_h1200\PPO_2,PPO_2,100000,4,Eden,2.0
runs\ppo_tutor_multi_stage3_mask\PPO_2,PPO_2,100000,4,Eden,0.0
runs\ab_penalty1_items200_h1200\PPO_2,PPO_2,125000,4,Eden,0.0
runs\ppo_tutor_multi_stage3_mask\PPO_2,PPO_2,125000,4,Eden,0.0
runs\ab_penalty1_items200_h1200\PPO_2,PPO_2,131072,4,Eden,2.0
runs\ppo_tutor_multi_stage3_mask\PPO_2,PPO_2,131072,4,Eden,0.0
runs\ab_penalty1_items200_h1200\PPO_2,PPO_2,150000,4,Eden,3.0
runs\ppo_tutor_multi_stage3_mask\PPO_2,PPO_2,150000,4,Eden,0.0
runs\ab_penalty1_items200_h1200\PPO_2,PPO_2,163840,4,Eden,0.0
runs\ppo_tutor_multi_stage3_mask\PPO_2,PPO_2,163840,4,Eden,1.0
runs\ab_penalty1_items200_h1200\PPO_2,PPO_2,175000,4,Eden,0.0
runs\ppo_tutor_multi_stage3_mask\PPO_2,PPO_2,175000,4,Eden,0.0
runs\ab_penalty1_items200_h1200\PPO_2,PPO_2,196608,4,Eden,0.0
runs\ppo_tutor_multi_stage3_mask\PPO_2,PPO_2,196608,4,Eden,0.0
runs\ab_penalty1_items200_h1200\PPO_2,PPO_2,200000,4,Eden,8.0
runs\ppo_tutor_multi_stage3_mask\PPO_2,PPO_2,200000,4,Eden,0.0
runs\ab_penalty1_items200_h1200\PPO_2,PPO_2,225000,4,Eden,2.0
runs\ppo_tutor_multi_stage3_mask\PPO_2,PPO_2,225000,4,Eden,0.0
runs\ab_penalty1_items200_h1200\PPO_2,PPO_2,229376,4,Eden,4.0
runs\ppo_tutor_multi_stage3_mask\PPO_2,PPO_2,229376,4,Eden,0.0
runs\ab_penalty1_items200_h1200\PPO_2,PPO_2,250000,4,Eden,0.0
runs\ppo_tutor_multi_stage3_mask\PPO_2,PPO_2,250000,4,Eden,0.0
runs\ab_penalty1_items200_h1200\PPO_2,PPO_2,262144,4,Eden,0.0
runs\ppo_tutor_multi_stage3_mask\PPO_2,PPO_2,262144,4,Eden,0.0
runs\ab_penalty1_items200_h1200\PPO_2,PPO_2,275000,4,Eden,4.0
runs\ppo_tutor_multi_stage3_mask\PPO_2,PPO_2,275000,4,Eden,3.0
runs\ab_penalty1_items200_h1200\PPO_2,PPO_2,294912,4,Eden,4.0
runs\ppo_tutor_multi_stage3_mask\PPO_2,PPO_2,294912,4,Eden,0.0
runs\ab_penalty1_items200_h1200\PPO_2,PPO_2,300000,4,Eden,0.0
runs\ppo_tutor_multi_stage3_mask\PPO_2,PPO_2,300000,4,Eden,0.0
runs\ab_penalty1_items200_h1200\PPO_2,PPO_2,325000,4,Eden,2.0
runs\ppo_tutor_multi_stage3_mask\PPO_2,PPO_2,325000,4,Eden,0.0
runs\ab_penalty1_items200_h1200\PPO_2,PPO_2,327680,4,Eden,1.0
runs\ppo_tutor_multi_stage3_mask\PPO_2,PPO_2,327680,4,Eden,1.0
runs\ab_penalty1_items200_h1200\PPO_2,PPO_2,350000,4,Eden,0.0
runs\ppo_tutor_multi_stage3_mask\PPO_2,PPO_2,350000,4,Eden,0.0
runs\ab_penalty1_items200_h1200\PPO_2,PPO_2,360448,4,Eden,1.0
runs\ppo_tutor_multi_stage3_mask\PPO_2,PPO_2,360448,4,Eden,0.0
runs\ab_penalty1_items200_h1200\PPO_2,PPO_2,375000,4,Eden,0.0
runs\ppo_tutor_multi_stage3_mask\PPO_2,PPO_2,375000,4,Eden,0.0
runs\ab_penalty1_items200_h1200\PPO_2,PPO_2,393216,4,Eden,6.0
runs\ppo_tutor_multi_stage3_mask\PPO_2,PPO_2,393216,4,Eden,0.0
runs\ab_penalty1_items200_h1200\PPO_2,PPO_2,400000,4,Eden,2.0
runs\ppo_tutor_multi_stage3_mask\PPO_2,PPO_2,400000,4,Eden,0.0
runs\ab_penalty1_items200_h1200\PPO_2,PPO_2,425000,4,Eden,0.0
runs\ppo_tutor_multi_stage3_mask\PPO_2,PPO_2,425000,4,Eden,0.0
runs\ab_penalty1_items200_h1200\PPO_2,PPO_2,425984,4,Eden,0.0
runs\ppo_tutor_multi_stage3_mask\PPO_2,PPO_2,425984,4,Eden,0.0
runs\ab_penalty1_items200_h1200\PPO_2,PPO_2,450000,4,Eden,7.0
runs\ppo_tutor_multi_stage3_mask\PPO_2,PPO_2,450000,4,Eden,0.0
runs\ab_penalty1_items200_h1200\PPO_2,PPO_2,458752,4,Eden,6.0
runs\ppo_tutor_multi_stage3_mask\PPO_2,PPO_2,458752,4,Eden,1.0
runs\ab_penalty1_items200_h1200\PPO_2,PPO_2,475000,4,Eden,1.0
runs\ppo_tutor_multi_stage3_mask\PPO_2,PPO_2,475000,4,Eden,0.0
runs\ab_penalty1_items200_h1200\PPO_2,PPO_2,491520,4,Eden,0.0
runs\ppo_tutor_multi_stage3_mask\PPO_2,PPO_2,491520,4,Eden,0.0
runs\ab_penalty1_items200_h1200\PPO_2,PPO_2,500000,4,Eden,0.0
runs\ppo_tutor_multi_stage3_mask\PPO_2,PPO_2,500000,4,Eden,0.0
runs\ab_penalty1_items200_h1200\PPO_2,PPO_2,524288,4,Eden,1.0
runs\ppo_tutor_multi_stage3_mask\PPO_2,PPO_2,524288,4,Eden,0.0
runs\ab_penalty1_items200_h1200\PPO_2,PPO_2,525000,4,Eden,5.0
runs\ppo_tutor_multi_stage3_mask\PPO_2,PPO_2,525000,4,Eden,0.0
runs\ab_penalty1_items200_h1200\PPO_2,PPO_2,550000,4,Eden,1.0
runs\ppo_tutor_multi_stage3_mask\PPO_2,PPO_2,550000,4,Eden,0.0
runs\ab_penalty1_items200_h1200\PPO_2,PPO_2,557056,4,Eden,0.0
runs\ppo_tutor_multi_stage3_mask\PPO_2,PPO_2,557056,4,Eden,0.0
runs\ab_penalty1_items200_h1200\PPO_2,PPO_2,575000,4,Eden,4.0
runs\ppo_tutor_multi_stage3_mask\PPO_2,PPO_2,575000,4,Eden,0.0
runs\ab_penalty1_items200_h1200\PPO_2,PPO_2,589824,4,Eden,3.0
runs\ppo_tutor_multi_stage3_mask\PPO_2,PPO_2,589824,4,Eden,0.0
runs\ab_penalty1_items200_h1200\PPO_2,PPO_2,600000,4,Eden,1.0
runs\ppo_tutor_multi_stage3_mask\PPO_2,PPO_2,600000,4,Eden,0.0
runs\ab_penalty1_items200_h1200\PPO_2,PPO_2,622592,4,Eden,6.0
runs\ppo_tutor_multi_stage3_mask\PPO_2,PPO_2,622592,4,Eden,0.0
runs\ab_penalty1_items200_h1200\PPO_2,PPO_2,625000,4,Eden,0.0
runs\ppo_tutor_multi_stage3_mask\PPO_2,PPO_2,625000,4,Eden,0.0
runs\ab_penalty1_items200_h1200\PPO_2,PPO_2,650000,4,Eden,5.0
runs\ppo_tutor_multi_stage3_mask\PPO_2,PPO_2,650000,4,Eden,0.0
runs\ab_penalty1_items200_h1200\PPO_2,PPO_2,655360,4,Eden,1.0
runs\ppo_tutor_multi_stage3_mask\PPO_2,PPO_2,655360,4,Eden,0.0
runs\ab_penalty1_items200_h1200\PPO_2,PPO_2,675000,4,Eden,0.0
runs\ppo_tutor_multi_stage3_mask\PPO_2,PPO_2,675000,4,Eden,1.0
runs\ab_penalty1_items200_h1200\PPO_2,PPO_2,688128,4,Eden,7.0
runs\ppo_tutor_multi_stage3_mask\PPO_2,PPO_2,688128,4,Eden,0.0
runs\ab_penalty1_items200_h1200\PPO_2,PPO_2,700000,4,Eden,9.0
runs\ppo_tutor_multi_stage3_mask\PPO_2,PPO_2,700000,4,Eden,0.0
runs\ab_penalty1_items200_h1200\PPO_2,PPO_2,720896,4,Eden,0.0
runs\ppo_tutor_multi_stage3_mask\PPO_2,PPO_2,720896,4,Eden,0.0
runs\ab_penalty1_items200_h1200\PPO_2,PPO_2,725000,4,Eden,5.0
runs\ppo_tutor_multi_stage3_mask\PPO_2,PPO_2,725000,4,Eden,0.0
runs\ab_penalty1_items200_h1200\PPO_2,PPO_2,750000,4,Eden,0.0
runs\ppo_tutor_multi_stage3_mask\PPO_2,PPO_2,750000,4,Eden,0.0
runs\ab_penalty1_items200_h1200\PPO_2,PPO_2,753664,4,Eden,3.0
runs\ppo_tutor_multi_stage3_mask\PPO_2,PPO_2,753664,4,Eden,0.0
runs\ab_penalty1_items200_h1200\PPO_2,PPO_2,775000,4,Eden,3.0
runs\ppo_tutor_multi_stage3_mask\PPO_2,PPO_2,775000,4,Eden,0.0
runs\ab_penalty1_items200_h1200\PPO_2,PPO_2,786432,4,Eden,9.0
runs\ppo_tutor_multi_stage3_mask\PPO_2,PPO_2,786432,4,Eden,1.0
runs\ab_penalty1_items200_h1200\PPO_2,PPO_2,800000,4,Eden,0.0
runs\ppo_tutor_multi_stage3_mask\PPO_2,PPO_2,800000,4,Eden,0.0
runs\ab_penalty1_items200_h1200\PPO_2,PPO_2,819200,4,Eden,0.0
runs\ppo_tutor_multi_stage3_mask\PPO_2,PPO_2,819200,4,Eden,2.0
runs\ab_penalty1_items200_h1200\PPO_2,PPO_2,825000,4,Eden,10.0
runs\ab_penalty1_items200_h1200\PPO_2,PPO_2,850000,4,Eden,6.0
runs\ab_penalty1_items200_h1200\PPO_2,PPO_2,851968,4,Eden,7.0
runs\ab_penalty1_items200_h1200\PPO_2,PPO_2,875000,4,Eden,1.0
runs\ab_penalty1_items200_h1200\PPO_2,PPO_2,884736,4,Eden,0.0
runs\ab_penalty1_items200_h1200\PPO_2,PPO_2,900000,4,Eden,6.0
runs\ab_penalty1_items200_h1200\PPO_2,PPO_2,917504,4,Eden,6.0
runs\ab_penalty1_items200_h1200\PPO_2,PPO_2,925000,4,Eden,2.0
runs\ab_penalty1_items200_h1200\PPO_2,PPO_2,950000,4,Eden,10.0
runs\ab_penalty1_items200_h1200\PPO_2,PPO_2,950272,4,Eden,11.0
runs\ab_penalty1_items200_h1200\PPO_2,PPO_2,975000,4,Eden,3.0
runs\ab_penalty1_items200_h1200\PPO_2,PPO_2,983040,4,Eden,2.0
runs\ab_penalty1_items200_h1200\PPO_2,PPO_2,1000000,4,Eden,2.0
runs\ab_penalty1_items200_h1200\PPO_2,PPO_2,1015808,4,Eden,7.0
runs\ab_penalty1_items200_h1200\PPO_2,PPO_2,1025000,4,Eden,5.0
runs\ab_penalty1_items200_h1200\PPO_2,PPO_2,1048576,4,Eden,0.0
runs\ab_penalty1_items200_h1200\PPO_2,PPO_2,1050000,4,Eden,1.0
runs\ab_penalty1_items200_h1200\PPO_2,PPO_2,1075000,4,Eden,6.0
runs\ab_penalty1_items200_h1200\PPO_2,PPO_2,1081344,4,Eden,7.0
runs\ab_penalty1_items200_h1200\PPO_2,PPO_2,1100000,4,Eden,5.0
runs\ab_penalty1_items200_h1200\PPO_2,PPO_2,1114112,4,Eden,0.0
runs\ab_penalty1_items200_h1200\PPO_2,PPO_2,1125000,4,Eden,0.0
runs\ab_penalty1_items200_h1200\PPO_2,PPO_2,1146880,4,Eden,4.0
runs\ab_penalty1_items200_h1200\PPO_2,PPO_2,1150000,4,Eden,8.0
runs\ab_penalty1_items200_h1200\PPO_2,PPO_2,1175000,4,Eden,2.0
runs\ab_penalty1_items200_h1200\PPO_2,PPO_2,1179648,4,Eden,8.0
runs\ab_penalty1_items200_h1200\PPO_2,PPO_2,1200000,4,Eden,10.0
runs\ab_penalty1_items200_h1200\PPO_2,PPO_2,1212416,4,Eden,1.0
runs\ab_penalty1_items200_h1200\PPO_2,PPO_2,1225000,4,Eden,4.0
runs\ab_penalty1_items200_h1200\PPO_2,PPO_2,1245184,4,Eden,6.0
runs\ab_penalty1_items200_h1200\PPO_2,PPO_2,1250000,4,Eden,1.0
runs\ab_penalty1_items200_h1200\PPO_2,PPO_2,1275000,4,Eden,8.0
runs\ab_penalty1_items200_h1200\PPO_2,PPO_2,1277952,4,Eden,1.0
runs\ab_penalty1_items200_h1200\PPO_2,PPO_2,1300000,4,Eden,4.0
runs\ab_penalty1_items200_h1200\PPO_2,PPO_2,1310720,4,Eden,3.0
runs\ab_penalty1_items200_h1200\PPO_2,PPO_2,1325000,4,Eden,0.0
runs\ab_penalty1_items200_h1200\PPO_2,PPO_2,1343488,4,Eden,9.0
runs\ab_penalty1_items200_h1200\PPO_2,PPO_2,1350000,4,Eden,5.0
runs\ab_penalty1_items200_h1200\PPO_2,PPO_2,1375000,4,Eden,1.0
runs\ab_penalty1_items200_h1200\PPO_2,PPO_2,1376256,4,Eden,1.0
runs\ab_penalty1_items200_h1200\PPO_2,PPO_2,1400000,4,Eden,6.0
runs\ab_penalty1_items200_h1200\PPO_2,PPO_2,1409024,4,Eden,6.0
runs\ab_penalty1_items200_h1200\PPO_2,PPO_2,1425000,4,Eden,3.0
runs\ab_penalty1_items200_h1200\PPO_2,PPO_2,1441792,4,Eden,1.0
runs\ab_penalty1_items200_h1200\PPO_2,PPO_2,1450000,4,Eden,0.0
runs\ab_penalty1_items200_h1200\PPO_2,PPO_2,1474560,4,Eden,5.0
runs\ab_penalty1_items200_h1200\PPO_2,PPO_2,1475000,4,Eden,5.0
runs\ab_penalty1_items200_h1200\PPO_2,PPO_2,1500000,4,Eden,0.0
runs\ab_penalty1_items200_h1200\PPO_2,PPO_2,1507328,4,Eden,0.0
runs\ab_penalty1_items200_h1200\PPO_2,PPO_2,1525000,4,Eden,5.0
runs\ab_penalty1_items200_h1200\PPO_2,PPO_2,1540096,4,Eden,6.0
runs\ab_penalty1_items200_h1200\PPO_2,PPO_2,1550000,4,Eden,4.0
runs\ab_penalty1_items200_h1200\PPO_2,PPO_2,1572864,4,Eden,5.0
runs\ab_penalty1_items200_h1200\PPO_2,PPO_2,1575000,4,Eden,0.0
runs\ab_penalty1_items200_h1200\PPO_2,PPO_2,1600000,4,Eden,3.0
runs\ab_penalty1_items200_h1200\PPO_2,PPO_2,1605632,4,Eden,2.0
runs\ab_penalty1_items200_h1200\PPO_2,PPO_2,1625000,4,Eden,2.0
runs\ab_penalty1_items200_h1200\PPO_2,PPO_2,1638400,4,Eden,7.0
runs\ab_penalty1_items200_h1200\PPO_2,PPO_2,1650000,4,Eden,8.0
runs\ab_penalty1_items200_h1200\PPO_2,PPO_2,1671168,4,Eden,1.0
runs\ab_penalty1_items200_h1200\PPO_2,PPO_2,1675000,4,Eden,6.0
runs\ab_penalty1_items200_h1200\PPO_2,PPO_2,1700000,4,Eden,0.0
runs\ab_penalty1_items200_h1200\PPO_2,PPO_2,1703936,4,Eden,2.0
runs\ab_penalty1_items200_h1200\PPO_2,PPO_2,1725000,4,Eden,6.0
runs\ab_penalty1_items200_h1200\PPO_2,PPO_2,1736704,4,Eden,8.0
runs\ab_penalty1_items200_h1200\PPO_2,PPO_2,1750000,4,Eden,2.0
runs\ab_penalty1_items200_h1200\PPO_2,PPO_2,1769472,4,Eden,2.0
runs\ab_penalty1_items200_h1200\PPO_2,PPO_2,1775000,4,Eden,8.0
runs\ab_penalty1_items200_h1200\PPO_2,PPO_2,1800000,4,Eden,6.0
runs\ab_penalty1_items200_h1200\PPO_2,PPO_2,1802240,4,Eden,7.0
runs\ab_balanced_items200_h1000\PPO_2,PPO_2,25000,5,Finley,0.0
runs\ab_penalty1_items200_h1200\PPO_2,PPO_2,25000,5,Finley,0.0
runs\ppo_tutor_multi_stage3_mask\PPO_2,PPO_2,25000,5,Finley,0.0
runs\ab_balanced_items200_h1000\PPO_2,PPO_2,32768,5,Finley,0.0
runs\ab_penalty1_items200_h1200\PPO_2,PPO_2,32768,5,Finley,1.0
runs\ppo_tutor_multi_stage3_mask\PPO_2,PPO_2,32768,5,Finley,0.0
runs\ab_balanced_items200_h1000\PPO_2,PPO_2,50000,5,Finley,0.0
runs\ab_penalty1_items200_h1200\PPO_2,PPO_2,50000,5,Finley,0.0
runs\ppo_tutor_multi_stage3_mask\PPO_2,PPO_2,50000,5,Finley,0.0
runs\ab_balanced_items200_h1000\PPO_2,PPO_2,65536,5,Finley,0.0
runs\ab_penalty1_items200_h1200\PPO_2,PPO_2,65536,5,Finley,7.0
runs\ppo_tutor_multi_stage3_mask\PPO_2,PPO_2,65536,5,Finley,0.0
runs\ab_balanced_items200_h1000\PPO_2,PPO_2,75000,5,Finley,0.0
runs\ab_penalty1_items200_h1200\PPO_2,PPO_2,75000,5,Finley,3.0
runs\ppo_tutor_multi_stage3_mask\PPO_2,PPO_2,75000,5,Finley,1.0
runs\ab_balanced_items200_h1000\PPO_2,PPO_2,98304,5,Finley,0.0
runs\ab_penalty1_items200_h1200\PPO_2,PPO_2,98304,5,Finley,0.0
runs\ppo_tutor_multi_stage3_mask\PPO_2,PPO_2,98304,5,Finley,0.0
runs\ab_penalty1_items200_h1200\PPO_2,PPO_2,100000,5,Finley,0.0
runs\ppo_tutor_multi_stage3_mask\PPO_2,PPO_2,100000,5,Finley,0.0
runs\ab_penalty1_items200_h1200\PPO_2,PPO_2,125000,5,Finley,0.0
runs\ppo_tutor_multi_stage3_mask\PPO_2,PPO_2,125000,5,Finley,0.0
runs\ab_penalty1_items200_h1200\PPO_2,PPO_2,131072,5,Finley,4.0
runs\ppo_tutor_multi_stage3_mask\PPO_2,PPO_2,131072,5,Finley,0.0
runs\ab_penalty1_items200_h1200\PPO_2,PPO_2,150000,5,Finley,1.0
runs\ppo_tutor_multi_stage3_mask\PPO_2,PPO_2,150000,5,Finley,0.0
runs\ab_penalty1_items200_h1200\PPO_2,PPO_2,163840,5,Finley,0.0
runs\ppo_tutor_multi_stage3_mask\PPO_2,PPO_2,163840,5,Finley,0.0
runs\ab_penalty1_items200_h1200\PPO_2,PPO_2,175000,5,Finley,0.0
runs\ppo_tutor_multi_stage3_mask\PPO_2,PPO_2,175000,5,Finley,0.0
runs\ab_penalty1_items200_h1200\PPO_2,PPO_2,196608,5,Finley,4.0
runs\ppo_tutor_multi_stage3_mask\PPO_2,PPO_2,196608,5,Finley,0.0
runs\ab_penalty1_items200_h1200\PPO_2,PPO_2,200000,5,Finley,3.0
runs\ppo_tutor_multi_stage3_mask\PPO_2,PPO_2,200000,5,Finley,1.0
runs\ab_penalty1_items200_h1200\PPO_2,PPO_2,225000,5,Finley,0.0
runs\ppo_tutor_multi_stage3_mask\PPO_2,PPO_2,225000,5,Finley,0.0
runs\ab_penalty1_items200_h1200\PPO_2,PPO_2,229376,5,Finley,5.0
runs\ppo_tutor_multi_stage3_mask\PPO_2,PPO_2,229376,5,Finley,0.0
runs\ab_penalty1_items200_h1200\PPO_2,PPO_2,250000,5,Finley,0.0
runs\ppo_tutor_multi_stage3_mask\PPO_2,PPO_2,250000,5,Finley,0.0
runs\ab_penalty1_items200_h1200\PPO_2,PPO_2,262144,5,Finley,0.0
runs\ppo_tutor_multi_stage3_mask\PPO_2,PPO_2,262144,5,Finley,1.0
runs\ab_penalty1_items200_h1200\PPO_2,PPO_2,275000,5,Finley,6.0
runs\ppo_tutor_multi_stage3_mask\PPO_2,PPO_2,275000,5,Finley,0.0
runs\ab_penalty1_items200_h1200\PPO_2,PPO_2,294912,5,Finley,4.0
runs\ppo_tutor_multi_stage3_mask\PPO_2,PPO_2,294912,5,Finley,0.0
runs\ab_penalty1_items200_h1200\PPO_2,PPO_2,300000,5,Finley,0.0
runs\ppo_tutor_multi_stage3_mask\PPO_2,PPO_2,300000,5,Finley,0.0
runs\ab_penalty1_items200_h1200\PPO_2,PPO_2,325000,5,Finley,6.0
runs\ppo_tutor_multi_stage3_mask\PPO_2,PPO_2,325000,5,Finley,0.0
runs\ab_penalty1_items200_h1200\PPO_2,PPO_2,327680,5,Finley,0.0
runs\ppo_tutor_multi_stage3_mask\PPO_2,PPO_2,327680,5,Finley,1.0
runs\ab_penalty1_items200_h1200\PPO_2,PPO_2,350000,5,Finley,0.0
runs\ppo_tutor_multi_stage3_mask\PPO_2,PPO_2,350000,5,Finley,0.0
runs\ab_penalty1_items200_h1200\PPO_2,PPO_2,360448,5,Finley,2.0
runs\ppo_tutor_multi_stage3_mask\PPO_2,PPO_2,360448,5,Finley,0.0
runs\ab_penalty1_items200_h1200\PPO_2,PPO_2,375000,5,Finley,0.0
runs\ppo_tutor_multi_stage3_mask\PPO_2,PPO_2,375000,5,Finley,0.0
runs\ab_penalty1_items200_h1200\PPO_2,PPO_2,393216,5,Finley,7.0
runs\ppo_tutor_multi_stage3_mask\PPO_2,PPO_2,393216,5,Finley,0.0
runs\ab_penalty1_items200_h1200\PPO_2,PPO_2,400000,5,Finley,1.0
runs\ppo_tutor_multi_stage3_mask\PPO_2,PPO_2,400000,5,Finley,1.0
runs\ab_penalty1_items200_h1200\PPO_2,PPO_2,425000,5,Finley,0.0
runs\ppo_tutor_multi_stage3_mask\PPO_2,PPO_2,425000,5,Finley,0.0
runs\ab_penalty1_items200_h1200\PPO_2,PPO_2,425984,5,Finley,1.0
runs\ppo_tutor_multi_stage3_mask\PPO_2,PPO_2,425984,5,Finley,0.0
runs\ab_penalty1_items200_h1200\PPO_2,PPO_2,450000,5,Finley,3.0
runs\ppo_tutor_multi_stage3_mask\PPO_2,PPO_2,450000,5,Finley,0.0
runs\ab_penalty1_items200_h1200\PPO_2,PPO_2,458752,5,Finley,3.0
runs\ppo_tutor_multi_stage3_mask\PPO_2,PPO_2,458752,5,Finley,0.0
runs\ab_penalty1_items200_h1200\PPO_2,PPO_2,475000,5,Finley,0.0
runs\ppo_tutor_multi_stage3_mask\PPO_2,PPO_2,475000,5,Finley,0.0
runs\ab_penalty1_items200_h1200\PPO_2,PPO_2,491520,5,Finley,0.0
runs\ppo_tutor_multi_stage3_mask\PPO_2,PPO_2,491520,5,Finley,0.0
runs\ab_penalty1_items200_h1200\PPO_2,PPO_2,500000,5,Finley,0.0
runs\ppo_tutor_multi_stage3_mask\PPO_2,PPO_2,500000,5,Finley,0.0
runs\ab_penalty1_items200_h1200\PPO_2,PPO_2,524288,5,Finley,1.0
runs\ppo_tutor_multi_stage3_mask\PPO_2,PPO_2,524288,5,Finley,0.0
runs\ab_penalty1_items200_h1200\PPO_2,PPO_2,525000,5,Finley,3.0
runs\ppo_tutor_multi_stage3_mask\PPO_2,PPO_2,525000,5,Finley,0.0
runs\ab_penalty1_items200_h1200\PPO_2,PPO_2,550000,5,Finley,0.0
runs\ppo_tutor_multi_stage3_mask\PPO_2,PPO_2,550000,5,Finley,1.0
runs\ab_penalty1_items200_h1200\PPO_2,PPO_2,557056,5,Finley,0.0
runs\ppo_tutor_multi_stage3_mask\PPO_2,PPO_2,557056,5,Finley,0.0
runs\ab_penalty1_items200_h1200\PPO_2,PPO_2,575000,5,Finley,5.0
runs\ppo_tutor_multi_stage3_mask\PPO_2,PPO_2,575000,5,Finley,2.0
runs\ab_penalty1_items200_h1200\PPO_2,PPO_2,589824,5,Finley,2.0
runs\ppo_tutor_multi_stage3_mask\PPO_2,PPO_2,589824,5,Finley,0.0
runs\ab_penalty1_items200_h1200\PPO_2,PPO_2,600000,5,Finley,1.0
runs\ppo_tutor_multi_stage3_mask\PPO_2,PPO_2,600000,5,Finley,0.0
runs\ab_penalty1_items200_h1200\PPO_2,PPO_2,622592,5,Finley,2.0
runs\ppo_tutor_multi_stage3_mask\PPO_2,PPO_2,622592,5,Finley,0.0
runs\ab_penalty1_items200_h1200\PPO_2,PPO_2,625000,5,Finley,0.0
runs\ppo_tutor_multi_stage3_mask\PPO_2,PPO_2,625000,5,Finley,1.0
runs\ab_penalty1_items200_h1200\PPO_2,PPO_2,650000,5,Finley,5.0
runs\ppo_tutor_multi_stage3_mask\PPO_2,PPO_2,650000,5,Finley,0.0
runs\ab_penalty1_items200_h1200\PPO_2,PPO_2,655360,5,Finley,0.0
runs\ppo_tutor_multi_stage3_mask\PPO_2,PPO_2,655360,5,Finley,1.0
runs\ab_penalty1_items200_h1200\PPO_2,PPO_2,675000,5,Finley,0.0
runs\ppo_tutor_multi_stage3_mask\PPO_2,PPO_2,675000,5,Finley,1.0
runs\ab_penalty1_items200_h1200\PPO_2,PPO_2,688128,5,Finley,3.0
runs\ppo_tutor_multi_stage3_mask\PPO_2,PPO_2,688128,5,Finley,0.0
runs\ab_penalty1_items200_h1200\PPO_2,PPO_2,700000,5,Finley,6.0
runs\ppo_tutor_multi_stage3_mask\PPO_2,PPO_2,700000,5,Finley,0.0
runs\ab_penalty1_items200_h1200\PPO_2,PPO_2,720896,5,Finley,0.0
runs\ppo_tutor_multi_stage3_mask\PPO_2,PPO_2,720896,5,Finley,0.0
runs\ab_penalty1_items200_h1200\PPO_2,PPO_2,725000,5,Finley,1.0
runs\ppo_tutor_multi_stage3_mask\PPO_2,PPO_2,725000,5,Finley,1.0
runs\ab_penalty1_items200_h1200\PPO_2,PPO_2,750000,5,Finley,0.0
runs\ppo_tutor_multi_stage3_mask\PPO_2,PPO_2,750000,5,Finley,0.0
runs\ab_penalty1_items200_h1200\PPO_2,PPO_2,753664,5,Finley,0.0
runs\ppo_tutor_multi_stage3_mask\PPO_2,PPO_2,753664,5,Finley,0.0
runs\ab_penalty1_items200_h1200\PPO_2,PPO_2,775000,5,Finley,5.0
runs\ppo_tutor_multi_stage3_mask\PPO_2,PPO_2,775000,5,Finley,0.0
runs\ab_penalty1_items200_h1200\PPO_2,PPO_2,786432,5,Finley,2.0
runs\ppo_tutor_multi_stage3_mask\PPO_2,PPO_2,786432,5,Finley,1.0
runs\ab_penalty1_items200_h1200\PPO_2,PPO_2,800000,5,Finley,1.0
runs\ppo_tutor_multi_stage3_mask\PPO_2,PPO_2,800000,5,Finley,1.0
runs\ab_penalty1_items200_h1200\PPO_2,PPO_2,819200,5,Finley,0.0
runs\ppo_tutor_multi_stage3_mask\PPO_2,PPO_2,819200,5,Finley,0.0
runs\ab_penalty1_items200_h1200\PPO_2,PPO_2,825000,5,Finley,7.0
runs\ab_penalty1_items200_h1200\PPO_2,PPO_2,850000,5,Finley,0.0
runs\ab_penalty1_items200_h1200\PPO_2,PPO_2,851968,5,Finley,4.0
runs\ab_penalty1_items200_h1200\PPO_2,PPO_2,875000,5,Finley,1.0
runs\ab_penalty1_items200_h1200\PPO_2,PPO_2,884736,5,Finley,0.0
runs\ab_penalty1_items200_h1200\PPO_2,PPO_2,900000,5,Finley,5.0
runs\ab_penalty1_items200_h1200\PPO_2,PPO_2,917504,5,Finley,4.0
runs\ab_penalty1_items200_h1200\PPO_2,PPO_2,925000,5,Finley,0.0
runs\ab_penalty1_items200_h1200\PPO_2,PPO_2,950000,5,Finley,4.0
runs\ab_penalty1_items200_h1200\PPO_2,PPO_2,950272,5,Finley,11.0
runs\ab_penalty1_items200_h1200\PPO_2,PPO_2,975000,5,Finley,2.0
runs\ab_penalty1_items200_h1200\PPO_2,PPO_2,983040,5,Finley,1.0
runs\ab_penalty1_items200_h1200\PPO_2,PPO_2,1000000,5,Finley,0.0
runs\ab_penalty1_items200_h1200\PPO_2,PPO_2,1015808,5,Finley,5.0
runs\ab_penalty1_items200_h1200\PPO_2,PPO_2,1025000,5,Finley,3.0
runs\ab_penalty1_items200_h1200\PPO_2,PPO_2,1048576,5,Finley,0.0
runs\ab_penalty1_items200_h1200\PPO_2,PPO_2,1050000,5,Finley,1.0
runs\ab_penalty1_items200_h1200\PPO_2,PPO_2,1075000,5,Finley,3.0
runs\ab_penalty1_items200_h1200\PPO_2,PPO_2,1081344,5,Finley,0.0
runs\ab_penalty1_items200_h1200\PPO_2,PPO_2,1100000,5,Finley,2.0
runs\ab_penalty1_items200_h1200\PPO_2,PPO_2,1114112,5,Finley,0.0
runs\ab_penalty1_items200_h1200\PPO_2,PPO_2,1125000,5,Finley,0.0
runs\ab_penalty1_items200_h1200\PPO_2,PPO_2,1146880,5,Finley,1.0
runs\ab_penalty1_items200_h1200\PPO_2,PPO_2,1150000,5,Finley,4.0
runs\ab_penalty1_items200_h1200\PPO_2,PPO_2,1175000,5,Finley,1.0
runs\ab_penalty1_items200_h1200\PPO_2,PPO_2,1179648,5,Finley,6.0
runs\ab_penalty1_items200_h1200\PPO_2,PPO_2,1200000,5,Finley,7.0
runs\ab_penalty1_items200_h1200\PPO_2,PPO_2,1212416,5,Finley,0.0
runs\ab_penalty1_items200_h1200\PPO_2,PPO_2,1225000,5,Finley,3.0
runs\ab_penalty1_items200_h1200\PPO_2,PPO_2,1245184,5,Finley,3.0
runs\ab_penalty1_items200_h1200\PPO_2,PPO_2,1250000,5,Finley,0.0
runs\ab_penalty1_items200_h1200\PPO_2,PPO_2,1275000,5,Finley,6.0
runs\ab_penalty1_items200_h1200\PPO_2,PPO_2,1277952,5,Finley,0.0
runs\ab_penalty1_items200_h1200\PPO_2,PPO_2,1300000,5,Finley,1.0
runs\ab_penalty1_items200_h1200\PPO_2,PPO_2,1310720,5,Finley,2.0
runs\ab_penalty1_items200_h1200\PPO_2,PPO_2,1325000,5,Finley,0.0
runs\ab_penalty1_items200_h1200\PPO_2,PPO_2,1343488,5,Finley,5.0
runs\ab_penalty1_items200_h1200\PPO_2,PPO_2,1350000,5,Finley,3.0
runs\ab_penalty1_items200_h1200\PPO_2,PPO_2,1375000,5,Finley,0.0
runs\ab_penalty1_items200_h1200\PPO_2,PPO_2,1376256,5,Finley,1.0
runs\ab_penalty1_items200_h1200\PPO_2,PPO_2,1400000,5,Finley,4.0
runs\ab_penalty1_items200_h1200\PPO_2,PPO_2,1409024,5,Finley,4.0
runs\ab_penalty1_items200_h1200\PPO_2,PPO_2,1425000,5,Finley,1.0
runs\ab_penalty1_items200_h1200\PPO_2,PPO_2,1441792,5,Finley,0.0
runs\ab_penalty1_items200_h1200\PPO_2,PPO_2,1450000,5,Finley,0.0
runs\ab_penalty1_items200_h1200\PPO_2,PPO_2,1474560,5,Finley,4.0
runs\ab_penalty1_items200_h1200\PPO_2,PPO_2,1475000,5,Finley,3.0
runs\ab_penalty1_items200_h1200\PPO_2,PPO_2,1500000,5,Finley,0.0
runs\ab_penalty1_items200_h1200\PPO_2,PPO_2,1507328,5,Finley,0.0
runs\ab_penalty1_items200_h1200\PPO_2,PPO_2,1525000,5,Finley,4.0
runs\ab_penalty1_items200_h1200\PPO_2,PPO_2,1540096,5,Finley,2.0
runs\ab_penalty1_items200_h1200\PPO_2,PPO_2,1550000,5,Finley,1.0
runs\ab_penalty1_items200_h1200\PPO_2,PPO_2,1572864,5,Finley,5.0
runs\ab_penalty1_items200_h1200\PPO_2,PPO_2,1575000,5,Finley,0.0
runs\ab_penalty1_items200_h1200\PPO_2,PPO_2,1600000,5,Finley,4.0
runs\ab_penalty1_items200_h1200\PPO_2,PPO_2,1605632,5,Finley,0.0
runs\ab_penalty1_items200_h1200\PPO_2,PPO_2,1625000,5,Finley,1.0
runs\ab_penalty1_items200_h1200\PPO_2,PPO_2,1638400,5,Finley,1.0
runs\ab_penalty1_items200_h1200\PPO_2,PPO_2,1650000,5,Finley,2.0
runs\ab_penalty1_items200_h1200\PPO_2,PPO_2,1671168,5,Finley,0.0
runs\ab_penalty1_items200_h1200\PPO_2,PPO_2,1675000,5,Finley,2.0
runs\ab_penalty1_items200_h1200\PPO_2,PPO_2,1700000,5,Finley,0.0
runs\ab_penalty1_items200_h1200\PPO_2,PPO_2,1703936,5,Finley,1.0
runs\ab_penalty1_items200_h1200\PPO_2,PPO_2,1725000,5,Finley,3.0
runs\ab_penalty1_items200_h1200\PPO_2,PPO_2,1736704,5,Finley,4.0
runs\ab_penalty1_items200_h1200\PPO_2,PPO_2,1750000,5,Finley,0.0
runs\ab_penalty1_items200_h1200\PPO_2,PPO_2,1769472,5,Finley,0.0
runs\ab_penalty1_items200_h1200\PPO_2,PPO_2,1775000,5,Finley,6.0
runs\ab_penalty1_items200_h1200\PPO_2,PPO_2,1800000,5,Finley,1.0
runs\ab_penalty1_items200_h1200\PPO_2,PPO_2,1802240,5,Finley,4.0
runs\ab_balanced_items200_h1000\PPO_2,PPO_2,25000,6,Gray,0.0
runs\ab_penalty1_items200_h1200\PPO_2,PPO_2,25000,6,Gray,2.0
runs\ppo_tutor_multi_stage3_mask\PPO_2,PPO_2,25000,6,Gray,0.0
runs\ab_balanced_items200_h1000\PPO_2,PPO_2,32768,6,Gray,0.0
runs\ab_penalty1_items200_h1200\PPO_2,PPO_2,32768,6,Gray,1.0
runs\ppo_tutor_multi_stage3_mask\PPO_2,PPO_2,32768,6,Gray,0.0
runs\ab_balanced_items200_h1000\PPO_2,PPO_2,50000,6,Gray,1.0
runs\ab_penalty1_items200_h1200\PPO_2,PPO_2,50000,6,Gray,1.0
runs\ppo_tutor_multi_stage3_mask\PPO_2,PPO_2,50000,6,Gray,0.0
runs\ab_balanced_items200_h1000\PPO_2,PPO_2,65536,6,Gray,0.0
runs\ab_penalty1_items200_h1200\PPO_2,PPO_2,65536,6,Gray,7.0
runs\ppo_tutor_multi_stage3_mask\PPO_2,PPO_2,65536,6,Gray,0.0
runs\ab_balanced_items200_h1000\PPO_2,PPO_2,75000,6,Gray,0.0
runs\ab_penalty1_items200_h1200\PPO_2,PPO_2,75000,6,Gray,9.0
runs\ppo_tutor_multi_stage3_mask\PPO_2,PPO_2,75000,6,Gray,0.0
runs\ab_balanced_items200_h1000\PPO_2,PPO_2,98304,6,Gray,0.0
runs\ab_penalty1_items200_h1200\PPO_2,PPO_2,98304,6,Gray,0.0
runs\ppo_tutor_multi_stage3_mask\PPO_2,PPO_2,98304,6,Gray,0.0
runs\ab_penalty1_items200_h1200\PPO_2,PPO_2,100000,6,Gray,1.0
runs\ppo_tutor_multi_stage3_mask\PPO_2,PPO_2,100000,6,Gray,1.0
runs\ab_penalty1_items200_h1200\PPO_2,PPO_2,125000,6,Gray,0.0
runs\ppo_tutor_multi_stage3_mask\PPO_2,PPO_2,125000,6,Gray,0.0
runs\ab_penalty1_items200_h1200\PPO_2,PPO_2,131072,6,Gray,6.0
runs\ppo_tutor_multi_stage3_mask\PPO_2,PPO_2,131072,6,Gray,0.0
runs\ab_penalty1_items200_h1200\PPO_2,PPO_2,150000,6,Gray,4.0
runs\ppo_tutor_multi_stage3_mask\PPO_2,PPO_2,150000,6,Gray,0.0
runs\ab_penalty1_items200_h1200\PPO_2,PPO_2,163840,6,Gray,0.0
runs\ppo_tutor_multi_stage3_mask\PPO_2,PPO_2,163840,6,Gray,2.0
runs\ab_penalty1_items200_h1200\PPO_2,PPO_2,175000,6,Gray,0.0
runs\ppo_tutor_multi_stage3_mask\PPO_2,PPO_2,175000,6,Gray,1.0
runs\ab_penalty1_items200_h1200\PPO_2,PPO_2,196608,6,Gray,1.0
runs\ppo_tutor_multi_stage3_mask\PPO_2,PPO_2,196608,6,Gray,0.0
runs\ab_penalty1_items200_h1200\PPO_2,PPO_2,200000,6,Gray,7.0
runs\ppo_tutor_multi_stage3_mask\PPO_2,PPO_2,200000,6,Gray,3.0
runs\ab_penalty1_items200_h1200\PPO_2,PPO_2,225000,6,Gray,1.0
runs\ppo_tutor_multi_stage3_mask\PPO_2,PPO_2,225000,6,Gray,0.0
runs\ab_penalty1_items200_h1200\PPO_2,PPO_2,229376,6,Gray,10.0
runs\ppo_tutor_multi_stage3_mask\PPO_2,PPO_2,229376,6,Gray,0.0
runs\ab_penalty1_items200_h1200\PPO_2,PPO_2,250000,6,Gray,0.0
runs\ppo_tutor_multi_stage3_mask\PPO_2,PPO_2,250000,6,Gray,1.0
runs\ab_penalty1_items200_h1200\PPO_2,PPO_2,262144,6,Gray,0.0
runs\ppo_tutor_multi_stage3_mask\PPO_2,PPO_2,262144,6,Gray,0.0
runs\ab_penalty1_items200_h1200\PPO_2,PPO_2,275000,6,Gray,3.0
runs\ppo_tutor_multi_stage3_mask\PPO_2,PPO_2,275000,6,Gray,1.0
runs\ab_penalty1_items200_h1200\PPO_2,PPO_2,294912,6,Gray,4.0
runs\ppo_tutor_multi_stage3_mask\PPO_2,PPO_2,294912,6,Gray,1.0
runs\ab_penalty1_items200_h1200\PPO_2,PPO_2,300000,6,Gray,2.0
runs\ppo_tutor_multi_stage3_mask\PPO_2,PPO_2,300000,6,Gray,0.0
runs\ab_penalty1_items200_h1200\PPO_2,PPO_2,325000,6,Gray,7.0
runs\ppo_tutor_multi_stage3_mask\PPO_2,PPO_2,325000,6,Gray,0.0
runs\ab_penalty1_items200_h1200\PPO_2,PPO_2,327680,6,Gray,0.0
runs\ppo_tutor_multi_stage3_mask\PPO_2,PPO_2,327680,6,Gray,1.0
runs\ab_penalty1_items200_h1200\PPO_2,PPO_2,350000,6,Gray,1.0
runs\ppo_tutor_multi_stage3_mask\PPO_2,PPO_2,350000,6,Gray,0.0
runs\ab_penalty1_items200_h1200\PPO_2,PPO_2,360448,6,Gray,4.0
runs\ppo_tutor_multi_stage3_mask\PPO_2,PPO_2,360448,6,Gray,0.0
runs\ab_penalty1_items200_h1200\PPO_2,PPO_2,375000,6,Gray,0.0
runs\ppo_tutor_multi_stage3_mask\PPO_2,PPO_2,375000,6,Gray,1.0
runs\ab_penalty1_items200_h1200\PPO_2,PPO_2,393216,6,Gray,11.0
runs\ppo_tutor_multi_stage3_mask\PPO_2,PPO_2,393216,6,Gray,0.0
runs\ab_penalty1_items200_h1200\PPO_2,PPO_2,400000,6,Gray,7.0
runs\ppo_tutor_multi_stage3_mask\PPO_2,PPO_2,400000,6,Gray,0.0
runs\ab_penalty1_items200_h1200\PPO_2,PPO_2,425000,6,Gray,0.0
runs\ppo_tutor_multi_stage3_mask\PPO_2,PPO_2,425000,6,Gray,0.0
runs\ab_penalty1_items200_h1200\PPO_2,PPO_2,425984,6,Gray,1.0
runs\ppo_tutor_multi_stage3_mask\PPO_2,PPO_2,425984,6,Gray,0.0
runs\ab_penalty1_items200_h1200\PPO_2,PPO_2,450000,6,Gray,9.0
runs\ppo_tutor_multi_stage3_mask\PPO_2,PPO_2,450000,6,Gray,0.0
runs\ab_penalty1_items200_h1200\PPO_2,PPO_2,458752,6,Gray,10.0
runs\ppo_tutor_multi_stage3_mask\PPO_2,PPO_2,458752,6,Gray,0.0
runs\ab_penalty1_items200_h1200\PPO_2,PPO_2,475000,6,Gray,5.0
runs\ppo_tutor_multi_stage3_mask\PPO_2,PPO_2,475000,6,Gray,0.0
runs\ab_penalty1_items200_h1200\PPO_2,PPO_2,491520,6,Gray,1.0
runs\ppo_tutor_multi_stage3_mask\PPO_2,PPO_2,491520,6,Gray,2.0
runs\ab_penalty1_items200_h1200\PPO_2,PPO_2,500000,6,Gray,0.0
runs\ppo_tutor_multi_stage3_mask\PPO_2,PPO_2,500000,6,Gray,1.0
runs\ab_penalty1_items200_h1200\PPO_2,PPO_2,524288,6,Gray,3.0
runs\ppo_tutor_multi_stage3_mask\PPO_2,PPO_2,524288,6,Gray,0.0
runs\ab_penalty1_items200_h1200\PPO_2,PPO_2,525000,6,Gray,5.0
runs\ppo_tutor_multi_stage3_mask\PPO_2,PPO_2,525000,6,Gray,0.0
runs\ab_penalty1_items200_h1200\PPO_2,PPO_2,550000,6,Gray,2.0
runs\ppo_tutor_multi_stage3_mask\PPO_2,PPO_2,550000,6,Gray,0.0
runs\ab_penalty1_items200_h1200\PPO_2,PPO_2,557056,6,Gray,0.0
runs\ppo_tutor_multi_stage3_mask\PPO_2,PPO_2,557056,6,Gray,0.0
runs\ab_penalty1_items200_h1200\PPO_2,PPO_2,575000,6,Gray,18.0
runs\ppo_tutor_multi_stage3_mask\PPO_2,PPO_2,575000,6,Gray,1.0
runs\ab_penalty1_items200_h1200\PPO_2,PPO_2,589824,6,Gray,3.0
runs\ppo_tutor_multi_stage3_mask\PPO_2,PPO_2,589824,6,Gray,0.0
runs\ab_penalty1_items200_h1200\PPO_2,PPO_2,600000,6,Gray,3.0
runs\ppo_tutor_multi_stage3_mask\PPO_2,PPO_2,600000,6,Gray,2.0
runs\ab_penalty1_items200_h1200\PPO_2,PPO_2,622592,6,Gray,14.0
runs\ppo_tutor_multi_stage3_mask\PPO_2,PPO_2,622592,6,Gray,0.0
runs\ab_penalty1_items200_h1200\PPO_2,PPO_2,625000,6,Gray,0.0
runs\ppo_tutor_multi_stage3_mask\PPO_2,PPO_2,625000,6,Gray,0.0
runs\ab_penalty1_items200_h1200\PPO_2,PPO_2,650000,6,Gray,12.0
runs\ppo_tutor_multi_stage3_mask\PPO_2,PPO_2,650000,6,Gray,0.0
runs\ab_penalty1_items200_h1200\PPO_2,PPO_2,655360,6,Gray,1.0
runs\ppo_tutor_multi_stage3_mask\PPO_2,PPO_2,655360,6,Gray,2.0
runs\ab_penalty1_items200_h1200\PPO_2,PPO_2,675000,6,Gray,1.0
runs\ppo_tutor_multi_stage3_mask\PPO_2,PPO_2,675000,6,Gray,2.0
runs\ab_penalty1_items200_h1200\PPO_2,PPO_2,688128,6,Gray,5.0
runs\ppo_tutor_multi_stage3_mask\PPO_2,PPO_2,688128,6,Gray,0.0
runs\ab_penalty1_items200_h1200\PPO_2,PPO_2,700000,6,Gray,18.0
runs\ppo_tutor_multi_stage3_mask\PPO_2,PPO_2,700000,6,Gray,1.0
runs\ab_penalty1_items200_h1200\PPO_2,PPO_2,720896,6,Gray,0.0
runs\ppo_tutor_multi_stage3_mask\PPO_2,PPO_2,720896,6,Gray,1.0
runs\ab_penalty1_items200_h1200\PPO_2,PPO_2,725000,6,Gray,4.0
runs\ppo_tutor_multi_stage3_mask\PPO_2,PPO_2,725000,6,Gray,0.0
runs\ab_penalty1_items200_h1200\PPO_2,PPO_2,750000,6,Gray,0.0
runs\ppo_tutor_multi_stage3_mask\PPO_2,PPO_2,750000,6,Gray,0.0
runs\ab_penalty1_items200_h1200\PPO_2,PPO_2,753664,6,Gray,5.0
runs\ppo_tutor_multi_stage3_mask\PPO_2,PPO_2,753664,6,Gray,1.0
runs\ab_penalty1_items200_h1200\PPO_2,PPO_2,775000,6,Gray,11.0
runs\ppo_tutor_multi_stage3_mask\PPO_2,PPO_2,775000,6,Gray,2.0
runs\ab_penalty1_items200_h1200\PPO_2,PPO_2,786432,6,Gray,21.0
runs\ppo_tutor_multi_stage3_mask\PPO_2,PPO_2,786432,6,Gray,0.0
runs\ab_penalty1_items200_h1200\PPO_2,PPO_2,800000,6,Gray,2.0
runs\ppo_tutor_multi_stage3_mask\PPO_2,PPO_2,800000,6,Gray,1.0
runs\ab_penalty1_items200_h1200\PPO_2,PPO_2,819200,6,Gray,3.0
runs\ppo_tutor_multi_stage3_mask\PPO_2,PPO_2,819200,6,Gray,2.0
runs\ab_penalty1_items200_h1200\PPO_2,PPO_2,825000,6,Gray,20.0
runs\ab_penalty1_items200_h1200\PPO_2,PPO_2,850000,6,Gray,4.0
runs\ab_penalty1_items200_h1200\PPO_2,PPO_2,851968,6,Gray,13.0
runs\ab_penalty1_items200_h1200\PPO_2,PPO_2,875000,6,Gray,0.0
runs\ab_penalty1_items200_h1200\PPO_2,PPO_2,884736,6,Gray,1.0
runs\ab_penalty1_items200_h1200\PPO_2,PPO_2,900000,6,Gray,6.0
runs\ab_penalty1_items200_h1200\PPO_2,PPO_2,917504,6,Gray,10.0
runs\ab_penalty1_items200_h1200\PPO_2,PPO_2,925000,6,Gray,3.0
runs\ab_penalty1_items200_h1200\PPO_2,PPO_2,950000,6,Gray,21.0
runs\ab_penalty1_items200_h1200\PPO_2,PPO_2,950272,6,Gray,17.0
runs\ab_penalty1_items200_h1200\PPO_2,PPO_2,975000,6,Gray,9.0
runs\ab_penalty1_items200_h1200\PPO_2,PPO_2,983040,6,Gray,2.0
runs\ab_penalty1_items200_h1200\PPO_2,PPO_2,1000000,6,Gray,3.0
runs\ab_penalty1_items200_h1200\PPO_2,PPO_2,1015808,6,Gray,15.0
runs\ab_penalty1_items200_h1200\PPO_2,PPO_2,1025000,6,Gray,11.0
runs\ab_penalty1_items200_h1200\PPO_2,PPO_2,1048576,6,Gray,0.0
runs\ab_penalty1_items200_h1200\PPO_2,PPO_2,1050000,6,Gray,4.0
runs\ab_penalty1_items200_h1200\PPO_2,PPO_2,1075000,6,Gray,20.0
runs\ab_penalty1_items200_h1200\PPO_2,PPO_2,1081344,6,Gray,7.0
runs\ab_penalty1_items200_h1200\PPO_2,PPO_2,1100000,6,Gray,9.0
runs\ab_penalty1_items200_h1200\PPO_2,PPO_2,1114112,6,Gray,0.0
runs\ab_penalty1_items200_h1200\PPO_2,PPO_2,1125000,6,Gray,1.0
runs\ab_penalty1_items200_h1200\PPO_2,PPO_2,1146880,6,Gray,9.0
runs\ab_penalty1_items200_h1200\PPO_2,PPO_2,1150000,6,Gray,13.0
runs\ab_penalty1_items200_h1200\PPO_2,PPO_2,1175000,6,Gray,6.0
runs\ab_penalty1_items200_h1200\PPO_2,PPO_2,1179648,6,Gray,17.0
runs\ab_penalty1_items200_h1200\PPO_2,PPO_2,1200000,6,Gray,26.0
runs\ab_penalty1_items200_h1200\PPO_2,PPO_2,1212416,6,Gray,4.0
runs\ab_penalty1_items200_h1200\PPO_2,PPO_2,1225000,6,Gray,11.0
runs\ab_penalty1_items200_h1200\PPO_2,PPO_2,1245184,6,Gray,16.0
runs\ab_penalty1_items200_h1200\PPO_2,PPO_2,1250000,6,Gray,3.0
runs\ab_penalty1_items200_h1200\PPO_2,PPO_2,1275000,6,Gray,14.0
runs\ab_penalty1_items200_h1200\PPO_2,PPO_2,1277952,6,Gray,1.0
runs\ab_penalty1_items200_h1200\PPO_2,PPO_2,1300000,6,Gray,5.0
runs\ab_penalty1_items200_h1200\PPO_2,PPO_2,1310720,6,Gray,8.0
runs\ab_penalty1_items200_h1200\PPO_2,PPO_2,1325000,6,Gray,0.0
runs\ab_penalty1_items200_h1200\PPO_2,PPO_2,1343488,6,Gray,18.0
runs\ab_penalty1_items200_h1200\PPO_2,PPO_2,1350000,6,Gray,15.0
runs\ab_penalty1_items200_h1200\PPO_2,PPO_2,1375000,6,Gray,1.0
runs\ab_penalty1_items200_h1200\PPO_2,PPO_2,1376256,6,Gray,6.0
runs\ab_penalty1_items200_h1200\PPO_2,PPO_2,1400000,6,Gray,22.0
runs\ab_penalty1_items200_h1200\PPO_2,PPO_2,1409024,6,Gray,20.0
runs\ab_penalty1_items200_h1200\PPO_2,PPO_2,1425000,6,Gray,7.0
runs\ab_penalty1_items200_h1200\PPO_2,PPO_2,1441792,6,Gray,1.0
runs\ab_penalty1_items200_h1200\PPO_2,PPO_2,1450000,6,Gray,0.0
runs\ab_penalty1_items200_h1200\PPO_2,PPO_2,1474560,6,Gray,12.0
runs\ab_penalty1_items200_h1200\PPO_2,PPO_2,1475000,6,Gray,16.0
runs\ab_penalty1_items200_h1200\PPO_2,PPO_2,1500000,6,Gray,4.0
runs\ab_penalty1_items200_h1200\PPO_2,PPO_2,1507328,6,Gray,0.0
runs\ab_penalty1_items200_h1200\PPO_2,PPO_2,1525000,6,Gray,21.0
runs\ab_penalty1_items200_h1200\PPO_2,PPO_2,1540096,6,Gray,6.0
runs\ab_penalty1_items200_h1200\PPO_2,PPO_2,1550000,6,Gray,7.0
runs\ab_penalty1_items200_h1200\PPO_2,PPO_2,1572864,6,Gray,23.0
runs\ab_penalty1_items200_h1200\PPO_2,PPO_2,1575000,6,Gray,0.0
runs\ab_penalty1_items200_h1200\PPO_2,PPO_2,1600000,6,Gray,19.0
runs\ab_penalty1_items200_h1200\PPO_2,PPO_2,1605632,6,Gray,3.0
runs\ab_penalty1_items200_h1200\PPO_2,PPO_2,1625000,6,Gray,5.0
runs\ab_penalty1_items200_h1200\PPO_2,PPO_2,1638400,6,Gray,14.0
runs\ab_penalty1_items200_h1200\PPO_2,PPO_2,1650000,6,Gray,23.0
runs\ab_penalty1_items200_h1200\PPO_2,PPO_2,1671168,6,Gray,0.0
runs\ab_penalty1_items200_h1200\PPO_2,PPO_2,1675000,6,Gray,9.0
runs\ab_penalty1_items200_h1200\PPO_2,PPO_2,1700000,6,Gray,1.0
runs\ab_penalty1_items200_h1200\PPO_2,PPO_2,1703936,6,Gray,10.0
runs\ab_penalty1_items200_h1200\PPO_2,PPO_2,1725000,6,Gray,18.0
runs\ab_penalty1_items200_h1200\PPO_2,PPO_2,1736704,6,Gray,24.0
runs\ab_penalty1_items200_h1200\PPO_2,PPO_2,1750000,6,Gray,6.0
runs\ab_penalty1_items200_h1200\PPO_2,PPO_2,1769472,6,Gray,7.0
runs\ab_penalty1_items200_h1200\PPO_2,PPO_2,1775000,6,Gray,25.0
runs\ab_penalty1_items200_h1200\PPO_2,PPO_2,1800000,6,Gray,11.0
runs\ab_penalty1_items200_h1200\PPO_2,PPO_2,1802240,6,Gray,23.0
runs\ab_balanced_items200_h1000\PPO_2,PPO_2,25000,7,Harper,0.0
runs\ab_penalty1_items200_h1200\PPO_2,PPO_2,25000,7,Harper,1.0
runs\ppo_tutor_multi_stage3_mask\PPO_2,PPO_2,25000,7,Harper,0.0
runs\ab_balanced_items200_h1000\PPO_2,PPO_2,32768,7,Harper,0.0
runs\ab_penalty1_items200_h1200\PPO_2,PPO_2,32768,7,Harper,0.0
runs\ppo_tutor_multi_stage3_mask\PPO_2,PPO_2,32768,7,Harper,0.0
runs\ab_balanced_items200_h1000\PPO_2,PPO_2,50000,7,Harper,0.0
runs\ab_penalty1_items200_h1200\PPO_2,PPO_2,50000,7,Harper,0.0
runs\ppo_tutor_multi_stage3_mask\PPO_2,PPO_2,50000,7,Harper,0.0
runs\ab_balanced_items200_h1000\PPO_2,PPO_2,65536,7,Harper,0.0
runs\ab_penalty1_items200_h1200\PPO_2,PPO_2,65536,7,Harper,5.0
runs\ppo_tutor_multi_stage3_mask\PPO_2,PPO_2,65536,7,Harper,0.0
runs\ab_balanced_items200_h1000\PPO_2,PPO_2,75000,7,Harper,0.0
runs\ab_penalty1_items200_h1200\PPO_2,PPO_2,75000,7,Harper,2.0
runs\ppo_tutor_multi_stage3_mask\PPO_2,PPO_2,75000,7,Harper,0.0
runs\ab_balanced_items200_h1000\PPO_2,PPO_2,98304,7,Harper,0.0
runs\ab_penalty1_items200_h1200\PPO_2,PPO_2,98304,7,Harper,0.0
runs\ppo_tutor_multi_stage3_mask\PPO_2,PPO_2,98304,7,Harper,0.0
runs\ab_penalty1_items200_h1200\PPO_2,PPO_2,100000,7,Harper,1.0
runs\ppo_tutor_multi_stage3_mask\PPO_2,PPO_2,100000,7,Harper,1.0
runs\ab_penalty1_items200_h1200\PPO_2,PPO_2,125000,7,Harper,0.0
runs\ppo_tutor_multi_stage3_mask\PPO_2,PPO_2,125000,7,Harper,0.0
runs\ab_penalty1_items200_h1200\PPO_2,PPO_2,131072,7,Harper,2.0
runs\ppo_tutor_multi_stage3_mask\PPO_2,PPO_2,131072,7,Harper,2.0
runs\ab_penalty1_items200_h1200\PPO_2,PPO_2,150000,7,Harper,7.0
runs\ppo_tutor_multi_stage3_mask\PPO_2,PPO_2,150000,7,Harper,0.0
runs\ab_penalty1_items200_h1200\PPO_2,PPO_2,163840,7,Harper,0.0
runs\ppo_tutor_multi_stage3_mask\PPO_2,PPO_2,163840,7,Harper,0.0
runs\ab_penalty1_items200_h1200\PPO_2,PPO_2,175000,7,Harper,0.0
runs\ppo_tutor_multi_stage3_mask\PPO_2,PPO_2,175000,7,Harper,0.0
runs\ab_penalty1_items200_h1200\PPO_2,PPO_2,196608,7,Harper,1.0
runs\ppo_tutor_multi_stage3_mask\PPO_2,PPO_2,196608,7,Harper,0.0
runs\ab_penalty1_items200_h1200\PPO_2,PPO_2,200000,7,Harper,11.0
runs\ppo_tutor_multi_stage3_mask\PPO_2,PPO_2,200000,7,Harper,0.0
runs\ab_penalty1_items200_h1200\PPO_2,PPO_2,225000,7,Harper,0.0
runs\ppo_tutor_multi_stage3_mask\PPO_2,PPO_2,225000,7,Harper,0.0
runs\ab_penalty1_items200_h1200\PPO_2,PPO_2,229376,7,Harper,8.0
runs\ppo_tutor_multi_stage3_mask\PPO_2,PPO_2,229376,7,Harper,0.0
runs\ab_penalty1_items200_h1200\PPO_2,PPO_2,250000,7,Harper,0.0
runs\ppo_tutor_multi_stage3_mask\PPO_2,PPO_2,250000,7,Harper,0.0
runs\ab_penalty1_items200_h1200\PPO_2,PPO_2,262144,7,Harper,0.0
runs\ppo_tutor_multi_stage3_mask\PPO_2,PPO_2,262144,7,Harper,0.0
runs\ab_penalty1_items200_h1200\PPO_2,PPO_2,275000,7,Harper,4.0
runs\ppo_tutor_multi_stage3_mask\PPO_2,PPO_2,275000,7,Harper,0.0
runs\ab_penalty1_items200_h1200\PPO_2,PPO_2,294912,7,Harper,7.0
runs\ppo_tutor_multi_stage3_mask\PPO_2,PPO_2,294912,7,Harper,0.0
runs\ab_penalty1_items200_h1200\PPO_2,PPO_2,300000,7,Harper,1.0
runs\ppo_tutor_multi_stage3_mask\PPO_2,PPO_2,300000,7,Harper,0.0
runs\ab_penalty1_items200_h1200\PPO_2,PPO_2,325000,7,Harper,8.0
runs\ppo_tutor_multi_stage3_mask\PPO_2,PPO_2,325000,7,Harper,0.0
runs\ab_penalty1_items200_h1200\PPO_2,PPO_2,327680,7,Harper,0.0
runs\ppo_tutor_multi_stage3_mask\PPO_2,PPO_2,327680,7,Harper,1.0
runs\ab_penalty1_items200_h1200\PPO_2,PPO_2,350000,7,Harper,4.0
runs\ppo_tutor_multi_stage3_mask\PPO_2,PPO_2,350000,7,Harper,0.0
runs\ab_penalty1_items200_h1200\PPO_2,PPO_2,360448,7,Harper,3.0
runs\ppo_tutor_multi_stage3_mask\PPO_2,PPO_2,360448,7,Harper,0.0
runs\ab_penalty1_items200_h1200\PPO_2,PPO_2,375000,7,Harper,0.0
runs\ppo_tutor_multi_stage3_mask\PPO_2,PPO_2,375000,7,Harper,0.0
runs\ab_penalty1_items200_h1200\PPO_2,PPO_2,393216,7,Harper,16.0
runs\ppo_tutor_multi_stage3_mask\PPO_2,PPO_2,393216,7,Harper,0.0
runs\ab_penalty1_items200_h1200\PPO_2,PPO_2,400000,7,Harper,10.0
runs\ppo_tutor_multi_stage3_mask\PPO_2,PPO_2,400000,7,Harper,2.0
runs\ab_penalty1_items200_h1200\PPO_2,PPO_2,425000,7,Harper,1.0
runs\ppo_tutor_multi_stage3_mask\PPO_2,PPO_2,425000,7,Harper,1.0
runs\ab_penalty1_items200_h1200\PPO_2,PPO_2,425984,7,Harper,1.0
runs\ppo_tutor_multi_stage3_mask\PPO_2,PPO_2,425984,7,Harper,1.0
runs\ab_penalty1_items200_h1200\PPO_2,PPO_2,450000,7,Harper,10.0
runs\ppo_tutor_multi_stage3_mask\PPO_2,PPO_2,450000,7,Harper,0.0
runs\ab_penalty1_items200_h1200\PPO_2,PPO_2,458752,7,Harper,10.0
runs\ppo_tutor_multi_stage3_mask\PPO_2,PPO_2,458752,7,Harper,0.0
runs\ab_penalty1_items200_h1200\PPO_2,PPO_2,475000,7,Harper,9.0
runs\ppo_tutor_multi_stage3_mask\PPO_2,PPO_2,475000,7,Harper,1.0
runs\ab_penalty1_items200_h1200\PPO_2,PPO_2,491520,7,Harper,0.0
runs\ppo_tutor_multi_stage3_mask\PPO_2,PPO_2,491520,7,Harper,1.0
runs\ab_penalty1_items200_h1200\PPO_2,PPO_2,500000,7,Harper,0.0
runs\ppo_tutor_multi_stage3_mask\PPO_2,PPO_2,500000,7,Harper,0.0
runs\ab_penalty1_items200_h1200\PPO_2,PPO_2,524288,7,Harper,7.0
runs\ppo_tutor_multi_stage3_mask\PPO_2,PPO_2,524288,7,Harper,0.0
runs\ab_penalty1_items200_h1200\PPO_2,PPO_2,525000,7,Harper,13.0
runs\ppo_tutor_multi_stage3_mask\PPO_2,PPO_2,525000,7,Harper,1.0
runs\ab_penalty1_items200_h1200\PPO_2,PPO_2,550000,7,Harper,3.0
runs\ppo_tutor_multi_stage3_mask\PPO_2,PPO_2,550000,7,Harper,1.0
runs\ab_penalty1_items200_h1200\PPO_2,PPO_2,557056,7,Harper,0.0
runs\ppo_tutor_multi_stage3_mask\PPO_2,PPO_2,557056,7,Harper,0.0
runs\ab_penalty1_items200_h1200\PPO_2,PPO_2,575000,7,Harper,18.0
runs\ppo_tutor_multi_stage3_mask\PPO_2,PPO_2,575000,7,Harper,0.0
runs\ab_penalty1_items200_h1200\PPO_2,PPO_2,589824,7,Harper,4.0
runs\ppo_tutor_multi_stage3_mask\PPO_2,PPO_2,589824,7,Harper,0.0
runs\ab_penalty1_items200_h1200\PPO_2,PPO_2,600000,7,Harper,5.0
runs\ppo_tutor_multi_stage3_mask\PPO_2,PPO_2,600000,7,Harper,1.0
runs\ab_penalty1_items200_h1200\PPO_2,PPO_2,622592,7,Harper,13.0
runs\ppo_tutor_multi_stage3_mask\PPO_2,PPO_2,622592,7,Harper,0.0
runs\ab_penalty1_items200_h1200\PPO_2,PPO_2,625000,7,Harper,0.0
runs\ppo_tutor_multi_stage3_mask\PPO_2,PPO_2,625000,7,Harper,0.0
runs\ab_penalty1_items200_h1200\PPO_2,PPO_2,650000,7,Harper,14.0
runs\ppo_tutor_multi_stage3_mask\PPO_2,PPO_2,650000,7,Harper,1.0
runs\ab_penalty1_items200_h1200\PPO_2,PPO_2,655360,7,Harper,1.0
runs\ppo_tutor_multi_stage3_mask\PPO_2,PPO_2,655360,7,Harper,1.0
runs\ab_penalty1_items200_h1200\PPO_2,PPO_2,675000,7,Harper,3.0
runs\ppo_tutor_multi_stage3_mask\PPO_2,PPO_2,675000,7,Harper,2.0
runs\ab_penalty1_items200_h1200\PPO_2,PPO_2,688128,7,Harper,15.0
runs\ppo_tutor_multi_stage3_mask\PPO_2,PPO_2,688128,7,Harper,0.0
runs\ab_penalty1_items200_h1200\PPO_2,PPO_2,700000,7,Harper,22.0
runs\ppo_tutor_multi_stage3_mask\PPO_2,PPO_2,700000,7,Harper,4.0
runs\ab_penalty1_items200_h1200\PPO_2,PPO_2,720896,7,Harper,1.0
runs\ppo_tutor_multi_stage3_mask\PPO_2,PPO_2,720896,7,Harper,0.0
runs\ab_penalty1_items200_h1200\PPO_2,PPO_2,725000,7,Harper,12.0
runs\ppo_tutor_multi_stage3_mask\PPO_2,PPO_2,725000,7,Harper,0.0
runs\ab_penalty1_items200_h1200\PPO_2,PPO_2,750000,7,Harper,1.0
runs\ppo_tutor_multi_stage3_mask\PPO_2,PPO_2,750000,7,Harper,2.0
runs\ab_penalty1_items200_h1200\PPO_2,PPO_2,753664,7,Harper,14.0
runs\ppo_tutor_multi_stage3_mask\PPO_2,PPO_2,753664,7,Harper,0.0
runs\ab_penalty1_items200_h1200\PPO_2,PPO_2,775000,7,Harper,19.0
runs\ppo_tutor_multi_stage3_mask\PPO_2,PPO_2,775000,7,Harper,0.0
runs\ab_penalty1_items200_h1200\PPO_2,PPO_2,786432,7,Harper,22.0
runs\ppo_tutor_multi_stage3_mask\PPO_2,PPO_2,786432,7,Harper,0.0
runs\ab_penalty1_items200_h1200\PPO_2,PPO_2,800000,7,Harper,7.0
runs\ppo_tutor_multi_stage3_mask\PPO_2,PPO_2,800000,7,Harper,2.0
runs\ab_penalty1_items200_h1200\PPO_2,PPO_2,819200,7,Harper,9.0
runs\ppo_tutor_multi_stage3_mask\PPO_2,PPO_2,819200,7,Harper,0.0
runs\ab_penalty1_items200_h1200\PPO_2,PPO_2,825000,7,Harper,27.0
runs\ab_penalty1_items200_h1200\PPO_2,PPO_2,850000,7,Harper,18.0
runs\ab_penalty1_items200_h1200\PPO_2,PPO_2,851968,7,Harper,15.0
runs\ab_penalty1_items200_h1200\PPO_2,PPO_2,875000,7,Harper,4.0
runs\ab_penalty1_items200_h1200\PPO_2,PPO_2,884736,7,Harper,2.0
runs\ab_penalty1_items200_h1200\PPO_2,PPO_2,900000,7,Harper,18.0
runs\ab_penalty1_items200_h1200\PPO_2,PPO_2,917504,7,Harper,11.0
runs\ab_penalty1_items200_h1200\PPO_2,PPO_2,925000,7,Harper,7.0
runs\ab_penalty1_items200_h1200\PPO_2,PPO_2,950000,7,Harper,25.0
runs\ab_penalty1_items200_h1200\PPO_2,PPO_2,950272,7,Harper,26.0
runs\ab_penalty1_items200_h1200\PPO_2,PPO_2,975000,7,Harper,14.0
runs\ab_penalty1_items200_h1200\PPO_2,PPO_2,983040,7,Harper,8.0
runs\ab_penalty1_items200_h1200\PPO_2,PPO_2,1000000,7,Harper,6.0
runs\ab_penalty1_items200_h1200\PPO_2,PPO_2,1015808,7,Harper,21.0
runs\ab_penalty1_items200_h1200\PPO_2,PPO_2,1025000,7,Harper,19.0
runs\ab_penalty1_items200_h1200\PPO_2,PPO_2,1048576,7,Harper,6.0
runs\ab_penalty1_items200_h1200\PPO_2,PPO_2,1050000,7,Harper,9.0
runs\ab_penalty1_items200_h1200\PPO_2,PPO_2,1075000,7,Harper,20.0
runs\ab_penalty1_items200_h1200\PPO_2,PPO_2,1081344,7,Harper,13.0
runs\ab_penalty1_items200_h1200\PPO_2,PPO_2,1100000,7,Harper,17.0
runs\ab_penalty1_items200_h1200\PPO_2,PPO_2,1114112,7,Harper,2.0
runs\ab_penalty1_items200_h1200\PPO_2,PPO_2,1125000,7,Harper,7.0
runs\ab_penalty1_items200_h1200\PPO_2,PPO_2,1146880,7,Harper,13.0
runs\ab_penalty1_items200_h1200\PPO_2,PPO_2,1150000,7,Harper,20.0
runs\ab_penalty1_items200_h1200\PPO_2,PPO_2,1175000,7,Harper,12.0
runs\ab_penalty1_items200_h1200\PPO_2,PPO_2,1179648,7,Harper,26.0
runs\ab_penalty1_items200_h1200\PPO_2,PPO_2,1200000,7,Harper,25.0
runs\ab_penalty1_items200_h1200\PPO_2,PPO_2,1212416,7,Harper,7.0
runs\ab_penalty1_items200_h1200\PPO_2,PPO_2,1225000,7,Harper,19.0
runs\ab_penalty1_items200_h1200\PPO_2,PPO_2,1245184,7,Harper,22.0
runs\ab_penalty1_items200_h1200\PPO_2,PPO_2,1250000,7,Harper,8.0
runs\ab_penalty1_items200_h1200\PPO_2,PPO_2,1275000,7,Harper,24.0
runs\ab_penalty1_items200_h1200\PPO_2,PPO_2,1277952,7,Harper,1.0
runs\ab_penalty1_items200_h1200\PPO_2,PPO_2,1300000,7,Harper,14.0
runs\ab_penalty1_items200_h1200\PPO_2,PPO_2,1310720,7,Harper,16.0
runs\ab_penalty1_items200_h1200\PPO_2,PPO_2,1325000,7,Harper,0.0
runs\ab_penalty1_items200_h1200\PPO_2,PPO_2,1343488,7,Harper,25.0
runs\ab_penalty1_items200_h1200\PPO_2,PPO_2,1350000,7,Harper,21.0
runs\ab_penalty1_items200_h1200\PPO_2,PPO_2,1375000,7,Harper,9.0
runs\ab_penalty1_items200_h1200\PPO_2,PPO_2,1376256,7,Harper,11.0
runs\ab_penalty1_items200_h1200\PPO_2,PPO_2,1400000,7,Harper,21.0
runs\ab_penalty1_items200_h1200\PPO_2,PPO_2,1409024,7,Harper,24.0
runs\ab_penalty1_items200_h1200\PPO_2,PPO_2,1425000,7,Harper,16.0
runs\ab_penalty1_items200_h1200\PPO_2,PPO_2,1441792,7,Harper,7.0
runs\ab_penalty1_items200_h1200\PPO_2,PPO_2,1450000,7,Harper,0.0
runs\ab_penalty1_items200_h1200\PPO_2,PPO_2,1474560,7,Harper,20.0
runs\ab_penalty1_items200_h1200\PPO_2,PPO_2,1475000,7,Harper,17.0
runs\ab_penalty1_items200_h1200\PPO_2,PPO_2,1500000,7,Harper,11.0
runs\ab_penalty1_items200_h1200\PPO_2,PPO_2,1507328,7,Harper,0.0
runs\ab_penalty1_items200_h1200\PPO_2,PPO_2,1525000,7,Harper,25.0
runs\ab_penalty1_items200_h1200\PPO_2,PPO_2,1540096,7,Harper,16.0
runs\ab_penalty1_items200_h1200\PPO_2,PPO_2,1550000,7,Harper,18.0
runs\ab_penalty1_items200_h1200\PPO_2,PPO_2,1572864,7,Harper,28.0
runs\ab_penalty1_items200_h1200\PPO_2,PPO_2,1575000,7,Harper,1.0
runs\ab_penalty1_items200_h1200\PPO_2,PPO_2,1600000,7,Harper,22.0
runs\ab_penalty1_items200_h1200\PPO_2,PPO_2,1605632,7,Harper,13.0
runs\ab_penalty1_items200_h1200\PPO_2,PPO_2,1625000,7,Harper,12.0
runs\ab_penalty1_items200_h1200\PPO_2,PPO_2,1638400,7,Harper,20.0
runs\ab_penalty1_items200_h1200\PPO_2,PPO_2,1650000,7,Harper,27.0
runs\ab_penalty1_items200_h1200\PPO_2,PPO_2,1671168,7,Harper,6.0
runs\ab_penalty1_items200_h1200\PPO_2,PPO_2,1675000,7,Harper,16.0
runs\ab_penalty1_items200_h1200\PPO_2,PPO_2,1700000,7,Harper,4.0
runs\ab_penalty1_items200_h1200\PPO_2,PPO_2,1703936,7,Harper,16.0
runs\ab_penalty1_items200_h1200\PPO_2,PPO_2,1725000,7,Harper,24.0
runs\ab_penalty1_items200_h1200\PPO_2,PPO_2,1736704,7,Harper,30.0
runs\ab_penalty1_items200_h1200\PPO_2,PPO_2,1750000,7,Harper,11.0
runs\ab_penalty1_items200_h1200\PPO_2,PPO_2,1769472,7,Harper,12.0
runs\ab_penalty1_items200_h1200\PPO_2,PPO_2,1775000,7,Harper,30.0
runs\ab_penalty1_items200_h1200\PPO_2,PPO_2,1800000,7,Harper,19.0
runs\ab_penalty1_items200_h1200\PPO_2,PPO_2,1802240,7,Harper,25.0
runs\ab_balanced_items200_h1000\PPO_3,PPO_3,25000,0,Alex,0.0
runs\ab_balanced_items200_h1000\PPO_3,PPO_3,25000,1,Bailey,0.0
runs\ab_balanced_items200_h1000\PPO_3,PPO_3,25000,2,Casey,0.0
runs\ab_balanced_items200_h1000\PPO_3,PPO_3,25000,3,Devi,0.0
runs\ab_balanced_items200_h1000\PPO_3,PPO_3,25000,4,Eden,0.0
runs\ab_balanced_items200_h1000\PPO_3,PPO_3,25000,5,Finley,0.0
runs\ab_balanced_items200_h1000\PPO_3,PPO_3,25000,6,Gray,0.0
runs\ab_balanced_items200_h1000\PPO_3,PPO_3,25000,7,Harper,0.0
runs\ab_balanced_items200_h1000\PPO_4,PPO_4,25000,0,Alex,0.0
runs\ab_balanced_items200_h1000\PPO_4,PPO_4,32768,0,Alex,0.0
runs\ab_balanced_items200_h1000\PPO_4,PPO_4,50000,0,Alex,1.0
runs\ab_balanced_items200_h1000\PPO_4,PPO_4,65536,0,Alex,0.0
runs\ab_balanced_items200_h1000\PPO_4,PPO_4,75000,0,Alex,0.0
runs\ab_balanced_items200_h1000\PPO_4,PPO_4,98304,0,Alex,1.0
runs\ab_balanced_items200_h1000\PPO_4,PPO_4,100000,0,Alex,1.0
runs\ab_balanced_items200_h1000\PPO_4,PPO_4,125000,0,Alex,1.0
runs\ab_balanced_items200_h1000\PPO_4,PPO_4,131072,0,Alex,0.0
runs\ab_balanced_items200_h1000\PPO_4,PPO_4,150000,0,Alex,6.0
runs\ab_balanced_items200_h1000\PPO_4,PPO_4,163840,0,Alex,2.0
runs\ab_balanced_items200_h1000\PPO_4,PPO_4,175000,0,Alex,2.0
runs\ab_balanced_items200_h1000\PPO_4,PPO_4,196608,0,Alex,0.0
runs\ab_balanced_items200_h1000\PPO_4,PPO_4,200000,0,Alex,8.0
runs\ab_balanced_items200_h1000\PPO_4,PPO_4,225000,0,Alex,0.0
runs\ab_balanced_items200_h1000\PPO_4,PPO_4,229376,0,Alex,1.0
runs\ab_balanced_items200_h1000\PPO_4,PPO_4,250000,0,Alex,0.0
runs\ab_balanced_items200_h1000\PPO_4,PPO_4,262144,0,Alex,4.0
runs\ab_balanced_items200_h1000\PPO_4,PPO_4,275000,0,Alex,0.0
runs\ab_balanced_items200_h1000\PPO_4,PPO_4,294912,0,Alex,3.0
runs\ab_balanced_items200_h1000\PPO_4,PPO_4,300000,0,Alex,3.0
runs\ab_balanced_items200_h1000\PPO_4,PPO_4,325000,0,Alex,7.0
runs\ab_balanced_items200_h1000\PPO_4,PPO_4,327680,0,Alex,5.0
runs\ab_balanced_items200_h1000\PPO_4,PPO_4,350000,0,Alex,3.0
runs\ab_balanced_items200_h1000\PPO_4,PPO_4,360448,0,Alex,0.0
runs\ab_balanced_items200_h1000\PPO_4,PPO_4,375000,0,Alex,4.0
runs\ab_balanced_items200_h1000\PPO_4,PPO_4,393216,0,Alex,0.0
runs\ab_balanced_items200_h1000\PPO_4,PPO_4,400000,0,Alex,10.0
runs\ab_balanced_items200_h1000\PPO_4,PPO_4,425000,0,Alex,0.0
runs\ab_balanced_items200_h1000\PPO_4,PPO_4,425984,0,Alex,0.0
runs\ab_balanced_items200_h1000\PPO_4,PPO_4,450000,0,Alex,1.0
runs\ab_balanced_items200_h1000\PPO_4,PPO_4,458752,0,Alex,1.0
runs\ab_balanced_items200_h1000\PPO_4,PPO_4,475000,0,Alex,3.0
runs\ab_balanced_items200_h1000\PPO_4,PPO_4,491520,0,Alex,3.0
runs\ab_balanced_items200_h1000\PPO_4,PPO_4,500000,0,Alex,2.0
runs\ab_balanced_items200_h1000\PPO_4,PPO_4,524288,0,Alex,3.0
runs\ab_balanced_items200_h1000\PPO_4,PPO_4,525000,0,Alex,1.0
runs\ab_balanced_items200_h1000\PPO_4,PPO_4,550000,0,Alex,4.0
runs\ab_balanced_items200_h1000\PPO_4,PPO_4,557056,0,Alex,5.0
runs\ab_balanced_items200_h1000\PPO_4,PPO_4,575000,0,Alex,4.0
runs\ab_balanced_items200_h1000\PPO_4,PPO_4,589824,0,Alex,5.0
runs\ab_balanced_items200_h1000\PPO_4,PPO_4,600000,0,Alex,10.0
runs\ab_balanced_items200_h1000\PPO_4,PPO_4,622592,0,Alex,10.0
runs\ab_balanced_items200_h1000\PPO_4,PPO_4,625000,0,Alex,1.0
runs\ab_balanced_items200_h1000\PPO_4,PPO_4,650000,0,Alex,1.0
runs\ab_balanced_items200_h1000\PPO_4,PPO_4,655360,0,Alex,12.0
runs\ab_balanced_items200_h1000\PPO_4,PPO_4,675000,0,Alex,4.0
runs\ab_balanced_items200_h1000\PPO_4,PPO_4,688128,0,Alex,0.0
runs\ab_balanced_items200_h1000\PPO_4,PPO_4,700000,0,Alex,5.0
runs\ab_balanced_items200_h1000\PPO_4,PPO_4,720896,0,Alex,0.0
runs\ab_balanced_items200_h1000\PPO_4,PPO_4,725000,0,Alex,7.0
runs\ab_balanced_items200_h1000\PPO_4,PPO_4,750000,0,Alex,11.0
runs\ab_balanced_items200_h1000\PPO_4,PPO_4,753664,0,Alex,2.0
runs\ab_balanced_items200_h1000\PPO_4,PPO_4,775000,0,Alex,13.0
runs\ab_balanced_items200_h1000\PPO_4,PPO_4,786432,0,Alex,3.0
runs\ab_balanced_items200_h1000\PPO_4,PPO_4,800000,0,Alex,12.0
runs\ab_balanced_items200_h1000\PPO_4,PPO_4,819200,0,Alex,4.0
runs\ab_balanced_items200_h1000\PPO_4,PPO_4,825000,0,Alex,0.0
runs\ab_balanced_items200_h1000\PPO_4,PPO_4,850000,0,Alex,3.0
runs\ab_balanced_items200_h1000\PPO_4,PPO_4,851968,0,Alex,8.0
runs\ab_balanced_items200_h1000\PPO_4,PPO_4,875000,0,Alex,3.0
runs\ab_balanced_items200_h1000\PPO_4,PPO_4,884736,0,Alex,11.0
runs\ab_balanced_items200_h1000\PPO_4,PPO_4,900000,0,Alex,12.0
runs\ab_balanced_items200_h1000\PPO_4,PPO_4,917504,0,Alex,14.0
runs\ab_balanced_items200_h1000\PPO_4,PPO_4,925000,0,Alex,13.0
runs\ab_balanced_items200_h1000\PPO_4,PPO_4,950000,0,Alex,13.0
runs\ab_balanced_items200_h1000\PPO_4,PPO_4,950272,0,Alex,16.0
runs\ab_balanced_items200_h1000\PPO_4,PPO_4,975000,0,Alex,17.0
runs\ab_balanced_items200_h1000\PPO_4,PPO_4,983040,0,Alex,18.0
runs\ab_balanced_items200_h1000\PPO_4,PPO_4,1000000,0,Alex,17.0
runs\ab_balanced_items200_h1000\PPO_4,PPO_4,1015808,0,Alex,17.0
runs\ab_balanced_items200_h1000\PPO_4,PPO_4,1025000,0,Alex,2.0
runs\ab_balanced_items200_h1000\PPO_4,PPO_4,1048576,0,Alex,0.0
runs\ab_balanced_items200_h1000\PPO_4,PPO_4,1050000,0,Alex,7.0
runs\ab_balanced_items200_h1000\PPO_4,PPO_4,1075000,0,Alex,9.0
runs\ab_balanced_items200_h1000\PPO_4,PPO_4,1081344,0,Alex,2.0
runs\ab_balanced_items200_h1000\PPO_4,PPO_4,1100000,0,Alex,11.0
runs\ab_balanced_items200_h1000\PPO_4,PPO_4,1114112,0,Alex,2.0
runs\ab_balanced_items200_h1000\PPO_4,PPO_4,1125000,0,Alex,17.0
runs\ab_balanced_items200_h1000\PPO_4,PPO_4,1146880,0,Alex,10.0
runs\ab_balanced_items200_h1000\PPO_4,PPO_4,1150000,0,Alex,16.0
runs\ab_balanced_items200_h1000\PPO_4,PPO_4,1175000,0,Alex,18.0
runs\ab_balanced_items200_h1000\PPO_4,PPO_4,1179648,0,Alex,12.0
runs\ab_balanced_items200_h1000\PPO_4,PPO_4,1200000,0,Alex,21.0
runs\ab_balanced_items200_h1000\PPO_4,PPO_4,1212416,0,Alex,14.0
runs\ab_balanced_items200_h1000\PPO_4,PPO_4,1225000,0,Alex,1.0
runs\ab_balanced_items200_h1000\PPO_4,PPO_4,1245184,0,Alex,16.0
runs\ab_balanced_items200_h1000\PPO_4,PPO_4,1250000,0,Alex,8.0
runs\ab_balanced_items200_h1000\PPO_4,PPO_4,1275000,0,Alex,11.0
runs\ab_balanced_items200_h1000\PPO_4,PPO_4,1277952,0,Alex,19.0
runs\ab_balanced_items200_h1000\PPO_4,PPO_4,1300000,0,Alex,12.0
runs\ab_balanced_items200_h1000\PPO_4,PPO_4,1310720,0,Alex,21.0
runs\ab_balanced_items200_h1000\PPO_4,PPO_4,1325000,0,Alex,14.0
runs\ab_balanced_items200_h1000\PPO_4,PPO_4,1343488,0,Alex,17.0
runs\ab_balanced_items200_h1000\PPO_4,PPO_4,1350000,0,Alex,16.0
runs\ab_balanced_items200_h1000\PPO_4,PPO_4,1375000,0,Alex,17.0
runs\ab_balanced_items200_h1000\PPO_4,PPO_4,1376256,0,Alex,0.0
runs\ab_balanced_items200_h1000\PPO_4,PPO_4,1400000,0,Alex,17.0
runs\ab_balanced_items200_h1000\PPO_4,PPO_4,1409024,0,Alex,2.0
runs\ab_balanced_items200_h1000\PPO_4,PPO_4,1425000,0,Alex,4.0
runs\ab_balanced_items200_h1000\PPO_4,PPO_4,1441792,0,Alex,5.0
runs\ab_balanced_items200_h1000\PPO_4,PPO_4,1450000,0,Alex,9.0
runs\ab_balanced_items200_h1000\PPO_4,PPO_4,1474560,0,Alex,10.0
runs\ab_balanced_items200_h1000\PPO_4,PPO_4,1475000,0,Alex,10.0
runs\ab_balanced_items200_h1000\PPO_4,PPO_4,1500000,0,Alex,15.0
runs\ab_balanced_items200_h1000\PPO_4,PPO_4,1507328,0,Alex,14.0
runs\ab_balanced_items200_h1000\PPO_4,PPO_4,1525000,0,Alex,17.0
runs\ab_balanced_items200_h1000\PPO_4,PPO_4,1540096,0,Alex,11.0
runs\ab_balanced_items200_h1000\PPO_4,PPO_4,1550000,0,Alex,17.0
runs\ab_balanced_items200_h1000\PPO_4,PPO_4,1572864,0,Alex,17.0
runs\ab_balanced_items200_h1000\PPO_4,PPO_4,1575000,0,Alex,18.0
runs\ab_balanced_items200_h1000\PPO_4,PPO_4,1600000,0,Alex,19.0
runs\ab_balanced_items200_h1000\PPO_4,PPO_4,1605632,0,Alex,15.0
runs\ab_balanced_items200_h1000\PPO_4,PPO_4,25000,1,Bailey,0.0
runs\ab_balanced_items200_h1000\PPO_4,PPO_4,32768,1,Bailey,0.0
runs\ab_balanced_items200_h1000\PPO_4,PPO_4,50000,1,Bailey,0.0
runs\ab_balanced_items200_h1000\PPO_4,PPO_4,65536,1,Bailey,0.0
runs\ab_balanced_items200_h1000\PPO_4,PPO_4,75000,1,Bailey,0.0
runs\ab_balanced_items200_h1000\PPO_4,PPO_4,98304,1,Bailey,0.0
runs\ab_balanced_items200_h1000\PPO_4,PPO_4,100000,1,Bailey,1.0
runs\ab_balanced_items200_h1000\PPO_4,PPO_4,125000,1,Bailey,2.0
runs\ab_balanced_items200_h1000\PPO_4,PPO_4,131072,1,Bailey,2.0
runs\ab_balanced_items200_h1000\PPO_4,PPO_4,150000,1,Bailey,5.0
runs\ab_balanced_items200_h1000\PPO_4,PPO_4,163840,1,Bailey,2.0
runs\ab_balanced_items200_h1000\PPO_4,PPO_4,175000,1,Bailey,7.0
runs\ab_balanced_items200_h1000\PPO_4,PPO_4,196608,1,Bailey,2.0
runs\ab_balanced_items200_h1000\PPO_4,PPO_4,200000,1,Bailey,5.0
runs\ab_balanced_items200_h1000\PPO_4,PPO_4,225000,1,Bailey,0.0
runs\ab_balanced_items200_h1000\PPO_4,PPO_4,229376,1,Bailey,3.0
runs\ab_balanced_items200_h1000\PPO_4,PPO_4,250000,1,Bailey,0.0
runs\ab_balanced_items200_h1000\PPO_4,PPO_4,262144,1,Bailey,7.0
runs\ab_balanced_items200_h1000\PPO_4,PPO_4,275000,1,Bailey,3.0
runs\ab_balanced_items200_h1000\PPO_4,PPO_4,294912,1,Bailey,10.0
runs\ab_balanced_items200_h1000\PPO_4,PPO_4,300000,1,Bailey,1.0
runs\ab_balanced_items200_h1000\PPO_4,PPO_4,325000,1,Bailey,3.0
runs\ab_balanced_items200_h1000\PPO_4,PPO_4,327680,1,Bailey,6.0
runs\ab_balanced_items200_h1000\PPO_4,PPO_4,350000,1,Bailey,7.0
runs\ab_balanced_items200_h1000\PPO_4,PPO_4,360448,1,Bailey,0.0
runs\ab_balanced_items200_h1000\PPO_4,PPO_4,375000,1,Bailey,10.0
runs\ab_balanced_items200_h1000\PPO_4,PPO_4,393216,1,Bailey,1.0
runs\ab_balanced_items200_h1000\PPO_4,PPO_4,400000,1,Bailey,11.0
runs\ab_balanced_items200_h1000\PPO_4,PPO_4,425000,1,Bailey,0.0
runs\ab_balanced_items200_h1000\PPO_4,PPO_4,425984,1,Bailey,1.0
runs\ab_balanced_items200_h1000\PPO_4,PPO_4,450000,1,Bailey,0.0
runs\ab_balanced_items200_h1000\PPO_4,PPO_4,458752,1,Bailey,2.0
runs\ab_balanced_items200_h1000\PPO_4,PPO_4,475000,1,Bailey,0.0
runs\ab_balanced_items200_h1000\PPO_4,PPO_4,491520,1,Bailey,6.0
runs\ab_balanced_items200_h1000\PPO_4,PPO_4,500000,1,Bailey,4.0
runs\ab_balanced_items200_h1000\PPO_4,PPO_4,524288,1,Bailey,8.0
runs\ab_balanced_items200_h1000\PPO_4,PPO_4,525000,1,Bailey,8.0
runs\ab_balanced_items200_h1000\PPO_4,PPO_4,550000,1,Bailey,5.0
runs\ab_balanced_items200_h1000\PPO_4,PPO_4,557056,1,Bailey,9.0
runs\ab_balanced_items200_h1000\PPO_4,PPO_4,575000,1,Bailey,13.0
runs\ab_balanced_items200_h1000\PPO_4,PPO_4,589824,1,Bailey,11.0
runs\ab_balanced_items200_h1000\PPO_4,PPO_4,600000,1,Bailey,17.0
runs\ab_balanced_items200_h1000\PPO_4,PPO_4,622592,1,Bailey,17.0
runs\ab_balanced_items200_h1000\PPO_4,PPO_4,625000,1,Bailey,0.0
runs\ab_balanced_items200_h1000\PPO_4,PPO_4,650000,1,Bailey,1.0
runs\ab_balanced_items200_h1000\PPO_4,PPO_4,655360,1,Bailey,12.0
runs\ab_balanced_items200_h1000\PPO_4,PPO_4,675000,1,Bailey,1.0
runs\ab_balanced_items200_h1000\PPO_4,PPO_4,688128,1,Bailey,0.0
runs\ab_balanced_items200_h1000\PPO_4,PPO_4,700000,1,Bailey,5.0
runs\ab_balanced_items200_h1000\PPO_4,PPO_4,720896,1,Bailey,0.0
runs\ab_balanced_items200_h1000\PPO_4,PPO_4,725000,1,Bailey,11.0
runs\ab_balanced_items200_h1000\PPO_4,PPO_4,750000,1,Bailey,10.0
runs\ab_balanced_items200_h1000\PPO_4,PPO_4,753664,1,Bailey,1.0
runs\ab_balanced_items200_h1000\PPO_4,PPO_4,775000,1,Bailey,17.0
runs\ab_balanced_items200_h1000\PPO_4,PPO_4,786432,1,Bailey,3.0
runs\ab_balanced_items200_h1000\PPO_4,PPO_4,800000,1,Bailey,21.0
runs\ab_balanced_items200_h1000\PPO_4,PPO_4,819200,1,Bailey,8.0
runs\ab_balanced_items200_h1000\PPO_4,PPO_4,825000,1,Bailey,0.0
runs\ab_balanced_items200_h1000\PPO_4,PPO_4,850000,1,Bailey,3.0
runs\ab_balanced_items200_h1000\PPO_4,PPO_4,851968,1,Bailey,9.0
runs\ab_balanced_items200_h1000\PPO_4,PPO_4,875000,1,Bailey,7.0
runs\ab_balanced_items200_h1000\PPO_4,PPO_4,884736,1,Bailey,9.0
runs\ab_balanced_items200_h1000\PPO_4,PPO_4,900000,1,Bailey,9.0
runs\ab_balanced_items200_h1000\PPO_4,PPO_4,917504,1,Bailey,16.0
runs\ab_balanced_items200_h1000\PPO_4,PPO_4,925000,1,Bailey,19.0
runs\ab_balanced_items200_h1000\PPO_4,PPO_4,950000,1,Bailey,16.0
runs\ab_balanced_items200_h1000\PPO_4,PPO_4,950272,1,Bailey,17.0
runs\ab_balanced_items200_h1000\PPO_4,PPO_4,975000,1,Bailey,19.0
runs\ab_balanced_items200_h1000\PPO_4,PPO_4,983040,1,Bailey,21.0
runs\ab_balanced_items200_h1000\PPO_4,PPO_4,1000000,1,Bailey,25.0
runs\ab_balanced_items200_h1000\PPO_4,PPO_4,1015808,1,Bailey,24.0
runs\ab_balanced_items200_h1000\PPO_4,PPO_4,1025000,1,Bailey,1.0
runs\ab_balanced_items200_h1000\PPO_4,PPO_4,1048576,1,Bailey,0.0
runs\ab_balanced_items200_h1000\PPO_4,PPO_4,1050000,1,Bailey,5.0
runs\ab_balanced_items200_h1000\PPO_4,PPO_4,1075000,1,Bailey,11.0
runs\ab_balanced_items200_h1000\PPO_4,PPO_4,1081344,1,Bailey,3.0
runs\ab_balanced_items200_h1000\PPO_4,PPO_4,1100000,1,Bailey,13.0
runs\ab_balanced_items200_h1000\PPO_4,PPO_4,1114112,1,Bailey,7.0
runs\ab_balanced_items200_h1000\PPO_4,PPO_4,1125000,1,Bailey,18.0
runs\ab_balanced_items200_h1000\PPO_4,PPO_4,1146880,1,Bailey,8.0
runs\ab_balanced_items200_h1000\PPO_4,PPO_4,1150000,1,Bailey,15.0
runs\ab_balanced_items200_h1000\PPO_4,PPO_4,1175000,1,Bailey,19.0
runs\ab_balanced_items200_h1000\PPO_4,PPO_4,1179648,1,Bailey,10.0
runs\ab_balanced_items200_h1000\PPO_4,PPO_4,1200000,1,Bailey,25.0
runs\ab_balanced_items200_h1000\PPO_4,PPO_4,1212416,1,Bailey,15.0
runs\ab_balanced_items200_h1000\PPO_4,PPO_4,1225000,1,Bailey,2.0
runs\ab_balanced_items200_h1000\PPO_4,PPO_4,1245184,1,Bailey,14.0
runs\ab_balanced_items200_h1000\PPO_4,PPO_4,1250000,1,Bailey,8.0
runs\ab_balanced_items200_h1000\PPO_4,PPO_4,1275000,1,Bailey,8.0
runs\ab_balanced_items200_h1000\PPO_4,PPO_4,1277952,1,Bailey,15.0
runs\ab_balanced_items200_h1000\PPO_4,PPO_4,1300000,1,Bailey,10.0
runs\ab_balanced_items200_h1000\PPO_4,PPO_4,1310720,1,Bailey,20.0
runs\ab_balanced_items200_h1000\PPO_4,PPO_4,1325000,1,Bailey,20.0
runs\ab_balanced_items200_h1000\PPO_4,PPO_4,1343488,1,Bailey,17.0
runs\ab_balanced_items200_h1000\PPO_4,PPO_4,1350000,1,Bailey,17.0
runs\ab_balanced_items200_h1000\PPO_4,PPO_4,1375000,1,Bailey,18.0
runs\ab_balanced_items200_h1000\PPO_4,PPO_4,1376256,1,Bailey,1.0
runs\ab_balanced_items200_h1000\PPO_4,PPO_4,1400000,1,Bailey,23.0
runs\ab_balanced_items200_h1000\PPO_4,PPO_4,1409024,1,Bailey,3.0
runs\ab_balanced_items200_h1000\PPO_4,PPO_4,1425000,1,Bailey,2.0
runs\ab_balanced_items200_h1000\PPO_4,PPO_4,1441792,1,Bailey,4.0
runs\ab_balanced_items200_h1000\PPO_4,PPO_4,1450000,1,Bailey,9.0
runs\ab_balanced_items200_h1000\PPO_4,PPO_4,1474560,1,Bailey,9.0
runs\ab_balanced_items200_h1000\PPO_4,PPO_4,1475000,1,Bailey,9.0
runs\ab_balanced_items200_h1000\PPO_4,PPO_4,1500000,1,Bailey,14.0
runs\ab_balanced_items200_h1000\PPO_4,PPO_4,1507328,1,Bailey,11.0
runs\ab_balanced_items200_h1000\PPO_4,PPO_4,1525000,1,Bailey,15.0
runs\ab_balanced_items200_h1000\PPO_4,PPO_4,1540096,1,Bailey,16.0
runs\ab_balanced_items200_h1000\PPO_4,PPO_4,1550000,1,Bailey,15.0
runs\ab_balanced_items200_h1000\PPO_4,PPO_4,1572864,1,Bailey,17.0
runs\ab_balanced_items200_h1000\PPO_4,PPO_4,1575000,1,Bailey,19.0
runs\ab_balanced_items200_h1000\PPO_4,PPO_4,1600000,1,Bailey,21.0
runs\ab_balanced_items200_h1000\PPO_4,PPO_4,1605632,1,Bailey,18.0
runs\ab_balanced_items200_h1000\PPO_4,PPO_4,25000,2,Casey,0.0
runs\ab_balanced_items200_h1000\PPO_4,PPO_4,32768,2,Casey,0.0
runs\ab_balanced_items200_h1000\PPO_4,PPO_4,50000,2,Casey,0.0
runs\ab_balanced_items200_h1000\PPO_4,PPO_4,65536,2,Casey,0.0
runs\ab_balanced_items200_h1000\PPO_4,PPO_4,75000,2,Casey,0.0
runs\ab_balanced_items200_h1000\PPO_4,PPO_4,98304,2,Casey,0.0
runs\ab_balanced_items200_h1000\PPO_4,PPO_4,100000,2,Casey,0.0
runs\ab_balanced_items200_h1000\PPO_4,PPO_4,125000,2,Casey,3.0
runs\ab_balanced_items200_h1000\PPO_4,PPO_4,131072,2,Casey,2.0
runs\ab_balanced_items200_h1000\PPO_4,PPO_4,150000,2,Casey,3.0
runs\ab_balanced_items200_h1000\PPO_4,PPO_4,163840,2,Casey,0.0
runs\ab_balanced_items200_h1000\PPO_4,PPO_4,175000,2,Casey,1.0
runs\ab_balanced_items200_h1000\PPO_4,PPO_4,196608,2,Casey,4.0
runs\ab_balanced_items200_h1000\PPO_4,PPO_4,200000,2,Casey,7.0
runs\ab_balanced_items200_h1000\PPO_4,PPO_4,225000,2,Casey,0.0
runs\ab_balanced_items200_h1000\PPO_4,PPO_4,229376,2,Casey,1.0
runs\ab_balanced_items200_h1000\PPO_4,PPO_4,250000,2,Casey,0.0
runs\ab_balanced_items200_h1000\PPO_4,PPO_4,262144,2,Casey,5.0
runs\ab_balanced_items200_h1000\PPO_4,PPO_4,275000,2,Casey,1.0
runs\ab_balanced_items200_h1000\PPO_4,PPO_4,294912,2,Casey,4.0
runs\ab_balanced_items200_h1000\PPO_4,PPO_4,300000,2,Casey,1.0
runs\ab_balanced_items200_h1000\PPO_4,PPO_4,325000,2,Casey,3.0
runs\ab_balanced_items200_h1000\PPO_4,PPO_4,327680,2,Casey,10.0
runs\ab_balanced_items200_h1000\PPO_4,PPO_4,350000,2,Casey,7.0
runs\ab_balanced_items200_h1000\PPO_4,PPO_4,360448,2,Casey,0.0
runs\ab_balanced_items200_h1000\PPO_4,PPO_4,375000,2,Casey,7.0
runs\ab_balanced_items200_h1000\PPO_4,PPO_4,393216,2,Casey,1.0
runs\ab_balanced_items200_h1000\PPO_4,PPO_4,400000,2,Casey,6.0
runs\ab_balanced_items200_h1000\PPO_4,PPO_4,425000,2,Casey,0.0
runs\ab_balanced_items200_h1000\PPO_4,PPO_4,425984,2,Casey,0.0
runs\ab_balanced_items200_h1000\PPO_4,PPO_4,450000,2,Casey,0.0
runs\ab_balanced_items200_h1000\PPO_4,PPO_4,458752,2,Casey,0.0
runs\ab_balanced_items200_h1000\PPO_4,PPO_4,475000,2,Casey,0.0
runs\ab_balanced_items200_h1000\PPO_4,PPO_4,491520,2,Casey,4.0
runs\ab_balanced_items200_h1000\PPO_4,PPO_4,500000,2,Casey,5.0
runs\ab_balanced_items200_h1000\PPO_4,PPO_4,524288,2,Casey,3.0
runs\ab_balanced_items200_h1000\PPO_4,PPO_4,525000,2,Casey,6.0
runs\ab_balanced_items200_h1000\PPO_4,PPO_4,550000,2,Casey,11.0
runs\ab_balanced_items200_h1000\PPO_4,PPO_4,557056,2,Casey,5.0
runs\ab_balanced_items200_h1000\PPO_4,PPO_4,575000,2,Casey,10.0
runs\ab_balanced_items200_h1000\PPO_4,PPO_4,589824,2,Casey,8.0
runs\ab_balanced_items200_h1000\PPO_4,PPO_4,600000,2,Casey,15.0
runs\ab_balanced_items200_h1000\PPO_4,PPO_4,622592,2,Casey,7.0
runs\ab_balanced_items200_h1000\PPO_4,PPO_4,625000,2,Casey,0.0
runs\ab_balanced_items200_h1000\PPO_4,PPO_4,650000,2,Casey,1.0
runs\ab_balanced_items200_h1000\PPO_4,PPO_4,655360,2,Casey,10.0
runs\ab_balanced_items200_h1000\PPO_4,PPO_4,675000,2,Casey,5.0
runs\ab_balanced_items200_h1000\PPO_4,PPO_4,688128,2,Casey,0.0
runs\ab_balanced_items200_h1000\PPO_4,PPO_4,700000,2,Casey,4.0
runs\ab_balanced_items200_h1000\PPO_4,PPO_4,720896,2,Casey,0.0
runs\ab_balanced_items200_h1000\PPO_4,PPO_4,725000,2,Casey,9.0
runs\ab_balanced_items200_h1000\PPO_4,PPO_4,750000,2,Casey,11.0
runs\ab_balanced_items200_h1000\PPO_4,PPO_4,753664,2,Casey,2.0
runs\ab_balanced_items200_h1000\PPO_4,PPO_4,775000,2,Casey,11.0
runs\ab_balanced_items200_h1000\PPO_4,PPO_4,786432,2,Casey,3.0
runs\ab_balanced_items200_h1000\PPO_4,PPO_4,800000,2,Casey,12.0
runs\ab_balanced_items200_h1000\PPO_4,PPO_4,819200,2,Casey,8.0
runs\ab_balanced_items200_h1000\PPO_4,PPO_4,825000,2,Casey,1.0
runs\ab_balanced_items200_h1000\PPO_4,PPO_4,850000,2,Casey,7.0
runs\ab_balanced_items200_h1000\PPO_4,PPO_4,851968,2,Casey,5.0
runs\ab_balanced_items200_h1000\PPO_4,PPO_4,875000,2,Casey,7.0
runs\ab_balanced_items200_h1000\PPO_4,PPO_4,884736,2,Casey,11.0
runs\ab_balanced_items200_h1000\PPO_4,PPO_4,900000,2,Casey,9.0
runs\ab_balanced_items200_h1000\PPO_4,PPO_4,917504,2,Casey,9.0
runs\ab_balanced_items200_h1000\PPO_4,PPO_4,925000,2,Casey,11.0
runs\ab_balanced_items200_h1000\PPO_4,PPO_4,950000,2,Casey,12.0
runs\ab_balanced_items200_h1000\PPO_4,PPO_4,950272,2,Casey,11.0
runs\ab_balanced_items200_h1000\PPO_4,PPO_4,975000,2,Casey,10.0
runs\ab_balanced_items200_h1000\PPO_4,PPO_4,983040,2,Casey,15.0
runs\ab_balanced_items200_h1000\PPO_4,PPO_4,1000000,2,Casey,18.0
runs\ab_balanced_items200_h1000\PPO_4,PPO_4,1015808,2,Casey,17.0
runs\ab_balanced_items200_h1000\PPO_4,PPO_4,1025000,2,Casey,0.0
runs\ab_balanced_items200_h1000\PPO_4,PPO_4,1048576,2,Casey,0.0
runs\ab_balanced_items200_h1000\PPO_4,PPO_4,1050000,2,Casey,4.0
runs\ab_balanced_items200_h1000\PPO_4,PPO_4,1075000,2,Casey,4.0
runs\ab_balanced_items200_h1000\PPO_4,PPO_4,1081344,2,Casey,0.0
runs\ab_balanced_items200_h1000\PPO_4,PPO_4,1100000,2,Casey,9.0
runs\ab_balanced_items200_h1000\PPO_4,PPO_4,1114112,2,Casey,2.0
runs\ab_balanced_items200_h1000\PPO_4,PPO_4,1125000,2,Casey,11.0
runs\ab_balanced_items200_h1000\PPO_4,PPO_4,1146880,2,Casey,3.0
runs\ab_balanced_items200_h1000\PPO_4,PPO_4,1150000,2,Casey,13.0
runs\ab_balanced_items200_h1000\PPO_4,PPO_4,1175000,2,Casey,16.0
runs\ab_balanced_items200_h1000\PPO_4,PPO_4,1179648,2,Casey,9.0
runs\ab_balanced_items200_h1000\PPO_4,PPO_4,1200000,2,Casey,17.0
runs\ab_balanced_items200_h1000\PPO_4,PPO_4,1212416,2,Casey,6.0
runs\ab_balanced_items200_h1000\PPO_4,PPO_4,1225000,2,Casey,2.0
runs\ab_balanced_items200_h1000\PPO_4,PPO_4,1245184,2,Casey,11.0
runs\ab_balanced_items200_h1000\PPO_4,PPO_4,1250000,2,Casey,4.0
runs\ab_balanced_items200_h1000\PPO_4,PPO_4,1275000,2,Casey,8.0
runs\ab_balanced_items200_h1000\PPO_4,PPO_4,1277952,2,Casey,12.0
runs\ab_balanced_items200_h1000\PPO_4,PPO_4,1300000,2,Casey,10.0
runs\ab_balanced_items200_h1000\PPO_4,PPO_4,1310720,2,Casey,13.0
runs\ab_balanced_items200_h1000\PPO_4,PPO_4,1325000,2,Casey,12.0
runs\ab_balanced_items200_h1000\PPO_4,PPO_4,1343488,2,Casey,15.0
runs\ab_balanced_items200_h1000\PPO_4,PPO_4,1350000,2,Casey,13.0
runs\ab_balanced_items200_h1000\PPO_4,PPO_4,1375000,2,Casey,15.0
runs\ab_balanced_items200_h1000\PPO_4,PPO_4,1376256,2,Casey,1.0
runs\ab_balanced_items200_h1000\PPO_4,PPO_4,1400000,2,Casey,12.0
runs\ab_balanced_items200_h1000\PPO_4,PPO_4,1409024,2,Casey,2.0
runs\ab_balanced_items200_h1000\PPO_4,PPO_4,1425000,2,Casey,2.0
runs\ab_balanced_items200_h1000\PPO_4,PPO_4,1441792,2,Casey,3.0
runs\ab_balanced_items200_h1000\PPO_4,PPO_4,1450000,2,Casey,3.0
runs\ab_balanced_items200_h1000\PPO_4,PPO_4,1474560,2,Casey,6.0
runs\ab_balanced_items200_h1000\PPO_4,PPO_4,1475000,2,Casey,6.0
runs\ab_balanced_items200_h1000\PPO_4,PPO_4,1500000,2,Casey,11.0
runs\ab_balanced_items200_h1000\PPO_4,PPO_4,1507328,2,Casey,6.0
runs\ab_balanced_items200_h1000\PPO_4,PPO_4,1525000,2,Casey,12.0
runs\ab_balanced_items200_h1000\PPO_4,PPO_4,1540096,2,Casey,8.0
runs\ab_balanced_items200_h1000\PPO_4,PPO_4,1550000,2,Casey,15.0
runs\ab_balanced_items200_h1000\PPO_4,PPO_4,1572864,2,Casey,10.0
runs\ab_balanced_items200_h1000\PPO_4,PPO_4,1575000,2,Casey,14.0
runs\ab_balanced_items200_h1000\PPO_4,PPO_4,1600000,2,Casey,18.0
runs\ab_balanced_items200_h1000\PPO_4,PPO_4,1605632,2,Casey,16.0
runs\ab_balanced_items200_h1000\PPO_4,PPO_4,25000,3,Devi,0.0
runs\ab_balanced_items200_h1000\PPO_4,PPO_4,32768,3,Devi,0.0
runs\ab_balanced_items200_h1000\PPO_4,PPO_4,50000,3,Devi,0.0
runs\ab_balanced_items200_h1000\PPO_4,PPO_4,65536,3,Devi,0.0
runs\ab_balanced_items200_h1000\PPO_4,PPO_4,75000,3,Devi,0.0
runs\ab_balanced_items200_h1000\PPO_4,PPO_4,98304,3,Devi,1.0
runs\ab_balanced_items200_h1000\PPO_4,PPO_4,100000,3,Devi,1.0
runs\ab_balanced_items200_h1000\PPO_4,PPO_4,125000,3,Devi,1.0
runs\ab_balanced_items200_h1000\PPO_4,PPO_4,131072,3,Devi,0.0
runs\ab_balanced_items200_h1000\PPO_4,PPO_4,150000,3,Devi,3.0
runs\ab_balanced_items200_h1000\PPO_4,PPO_4,163840,3,Devi,1.0
runs\ab_balanced_items200_h1000\PPO_4,PPO_4,175000,3,Devi,3.0
runs\ab_balanced_items200_h1000\PPO_4,PPO_4,196608,3,Devi,2.0
runs\ab_balanced_items200_h1000\PPO_4,PPO_4,200000,3,Devi,6.0
runs\ab_balanced_items200_h1000\PPO_4,PPO_4,225000,3,Devi,0.0
runs\ab_balanced_items200_h1000\PPO_4,PPO_4,229376,3,Devi,1.0
runs\ab_balanced_items200_h1000\PPO_4,PPO_4,250000,3,Devi,0.0
runs\ab_balanced_items200_h1000\PPO_4,PPO_4,262144,3,Devi,1.0
runs\ab_balanced_items200_h1000\PPO_4,PPO_4,275000,3,Devi,1.0
runs\ab_balanced_items200_h1000\PPO_4,PPO_4,294912,3,Devi,3.0
runs\ab_balanced_items200_h1000\PPO_4,PPO_4,300000,3,Devi,0.0
runs\ab_balanced_items200_h1000\PPO_4,PPO_4,325000,3,Devi,1.0
runs\ab_balanced_items200_h1000\PPO_4,PPO_4,327680,3,Devi,3.0
runs\ab_balanced_items200_h1000\PPO_4,PPO_4,350000,3,Devi,4.0
runs\ab_balanced_items200_h1000\PPO_4,PPO_4,360448,3,Devi,0.0
runs\ab_balanced_items200_h1000\PPO_4,PPO_4,375000,3,Devi,1.0
runs\ab_balanced_items200_h1000\PPO_4,PPO_4,393216,3,Devi,0.0
runs\ab_balanced_items200_h1000\PPO_4,PPO_4,400000,3,Devi,2.0
runs\ab_balanced_items200_h1000\PPO_4,PPO_4,425000,3,Devi,0.0
runs\ab_balanced_items200_h1000\PPO_4,PPO_4,425984,3,Devi,1.0
runs\ab_balanced_items200_h1000\PPO_4,PPO_4,450000,3,Devi,0.0
runs\ab_balanced_items200_h1000\PPO_4,PPO_4,458752,3,Devi,0.0
runs\ab_balanced_items200_h1000\PPO_4,PPO_4,475000,3,Devi,2.0
runs\ab_balanced_items200_h1000\PPO_4,PPO_4,491520,3,Devi,2.0
runs\ab_balanced_items200_h1000\PPO_4,PPO_4,500000,3,Devi,3.0
runs\ab_balanced_items200_h1000\PPO_4,PPO_4,524288,3,Devi,2.0
runs\ab_balanced_items200_h1000\PPO_4,PPO_4,525000,3,Devi,4.0
runs\ab_balanced_items200_h1000\PPO_4,PPO_4,550000,3,Devi,4.0
runs\ab_balanced_items200_h1000\PPO_4,PPO_4,557056,3,Devi,2.0
runs\ab_balanced_items200_h1000\PPO_4,PPO_4,575000,3,Devi,4.0
runs\ab_balanced_items200_h1000\PPO_4,PPO_4,589824,3,Devi,2.0
runs\ab_balanced_items200_h1000\PPO_4,PPO_4,600000,3,Devi,9.0
runs\ab_balanced_items200_h1000\PPO_4,PPO_4,622592,3,Devi,5.0
runs\ab_balanced_items200_h1000\PPO_4,PPO_4,625000,3,Devi,0.0
runs\ab_balanced_items200_h1000\PPO_4,PPO_4,650000,3,Devi,0.0
runs\ab_balanced_items200_h1000\PPO_4,PPO_4,655360,3,Devi,4.0
runs\ab_balanced_items200_h1000\PPO_4,PPO_4,675000,3,Devi,0.0
runs\ab_balanced_items200_h1000\PPO_4,PPO_4,688128,3,Devi,0.0
runs\ab_balanced_items200_h1000\PPO_4,PPO_4,700000,3,Devi,5.0
runs\ab_balanced_items200_h1000\PPO_4,PPO_4,720896,3,Devi,0.0
runs\ab_balanced_items200_h1000\PPO_4,PPO_4,725000,3,Devi,5.0
runs\ab_balanced_items200_h1000\PPO_4,PPO_4,750000,3,Devi,3.0
runs\ab_balanced_items200_h1000\PPO_4,PPO_4,753664,3,Devi,1.0
runs\ab_balanced_items200_h1000\PPO_4,PPO_4,775000,3,Devi,6.0
runs\ab_balanced_items200_h1000\PPO_4,PPO_4,786432,3,Devi,0.0
runs\ab_balanced_items200_h1000\PPO_4,PPO_4,800000,3,Devi,9.0
runs\ab_balanced_items200_h1000\PPO_4,PPO_4,819200,3,Devi,3.0
runs\ab_balanced_items200_h1000\PPO_4,PPO_4,825000,3,Devi,1.0
runs\ab_balanced_items200_h1000\PPO_4,PPO_4,850000,3,Devi,4.0
runs\ab_balanced_items200_h1000\PPO_4,PPO_4,851968,3,Devi,3.0
runs\ab_balanced_items200_h1000\PPO_4,PPO_4,875000,3,Devi,2.0
runs\ab_balanced_items200_h1000\PPO_4,PPO_4,884736,3,Devi,3.0
runs\ab_balanced_items200_h1000\PPO_4,PPO_4,900000,3,Devi,3.0
runs\ab_balanced_items200_h1000\PPO_4,PPO_4,917504,3,Devi,3.0
runs\ab_balanced_items200_h1000\PPO_4,PPO_4,925000,3,Devi,4.0
runs\ab_balanced_items200_h1000\PPO_4,PPO_4,950000,3,Devi,1.0
runs\ab_balanced_items200_h1000\PPO_4,PPO_4,950272,3,Devi,2.0
runs\ab_balanced_items200_h1000\PPO_4,PPO_4,975000,3,Devi,7.0
runs\ab_balanced_items200_h1000\PPO_4,PPO_4,983040,3,Devi,6.0
runs\ab_balanced_items200_h1000\PPO_4,PPO_4,1000000,3,Devi,6.0
runs\ab_balanced_items200_h1000\PPO_4,PPO_4,1015808,3,Devi,8.0
runs\ab_balanced_items200_h1000\PPO_4,PPO_4,1025000,3,Devi,0.0
runs\ab_balanced_items200_h1000\PPO_4,PPO_4,1048576,3,Devi,0.0
runs\ab_balanced_items200_h1000\PPO_4,PPO_4,1050000,3,Devi,1.0
runs\ab_balanced_items200_h1000\PPO_4,PPO_4,1075000,3,Devi,1.0
runs\ab_balanced_items200_h1000\PPO_4,PPO_4,1081344,3,Devi,0.0
runs\ab_balanced_items200_h1000\PPO_4,PPO_4,1100000,3,Devi,3.0
runs\ab_balanced_items200_h1000\PPO_4,PPO_4,1114112,3,Devi,0.0
runs\ab_balanced_items200_h1000\PPO_4,PPO_4,1125000,3,Devi,3.0
runs\ab_balanced_items200_h1000\PPO_4,PPO_4,1146880,3,Devi,3.0
runs\ab_balanced_items200_h1000\PPO_4,PPO_4,1150000,3,Devi,4.0
runs\ab_balanced_items200_h1000\PPO_4,PPO_4,1175000,3,Devi,5.0
runs\ab_balanced_items200_h1000\PPO_4,PPO_4,1179648,3,Devi,2.0
runs\ab_balanced_items200_h1000\PPO_4,PPO_4,1200000,3,Devi,8.0
runs\ab_balanced_items200_h1000\PPO_4,PPO_4,1212416,3,Devi,2.0
runs\ab_balanced_items200_h1000\PPO_4,PPO_4,1225000,3,Devi,0.0
runs\ab_balanced_items200_h1000\PPO_4,PPO_4,1245184,3,Devi,3.0
runs\ab_balanced_items200_h1000\PPO_4,PPO_4,1250000,3,Devi,2.0
runs\ab_balanced_items200_h1000\PPO_4,PPO_4,1275000,3,Devi,1.0
runs\ab_balanced_items200_h1000\PPO_4,PPO_4,1277952,3,Devi,5.0
runs\ab_balanced_items200_h1000\PPO_4,PPO_4,1300000,3,Devi,1.0
runs\ab_balanced_items200_h1000\PPO_4,PPO_4,1310720,3,Devi,4.0
runs\ab_balanced_items200_h1000\PPO_4,PPO_4,1325000,3,Devi,3.0
runs\ab_balanced_items200_h1000\PPO_4,PPO_4,1343488,3,Devi,3.0
runs\ab_balanced_items200_h1000\PPO_4,PPO_4,1350000,3,Devi,4.0
runs\ab_balanced_items200_h1000\PPO_4,PPO_4,1375000,3,Devi,4.0
runs\ab_balanced_items200_h1000\PPO_4,PPO_4,1376256,3,Devi,0.0
runs\ab_balanced_items200_h1000\PPO_4,PPO_4,1400000,3,Devi,6.0
runs\ab_balanced_items200_h1000\PPO_4,PPO_4,1409024,3,Devi,0.0
runs\ab_balanced_items200_h1000\PPO_4,PPO_4,1425000,3,Devi,0.0
runs\ab_balanced_items200_h1000\PPO_4,PPO_4,1441792,3,Devi,1.0
runs\ab_balanced_items200_h1000\PPO_4,PPO_4,1450000,3,Devi,1.0
runs\ab_balanced_items200_h1000\PPO_4,PPO_4,1474560,3,Devi,1.0
runs\ab_balanced_items200_h1000\PPO_4,PPO_4,1475000,3,Devi,2.0
runs\ab_balanced_items200_h1000\PPO_4,PPO_4,1500000,3,Devi,7.0
runs\ab_balanced_items200_h1000\PPO_4,PPO_4,1507328,3,Devi,1.0
runs\ab_balanced_items200_h1000\PPO_4,PPO_4,1525000,3,Devi,4.0
runs\ab_balanced_items200_h1000\PPO_4,PPO_4,1540096,3,Devi,5.0
runs\ab_balanced_items200_h1000\PPO_4,PPO_4,1550000,3,Devi,6.0
runs\ab_balanced_items200_h1000\PPO_4,PPO_4,1572864,3,Devi,6.0
runs\ab_balanced_items200_h1000\PPO_4,PPO_4,1575000,3,Devi,6.0
runs\ab_balanced_items200_h1000\PPO_4,PPO_4,1600000,3,Devi,7.0
runs\ab_balanced_items200_h1000\PPO_4,PPO_4,1605632,3,Devi,5.0
runs\ab_balanced_items200_h1000\PPO_4,PPO_4,25000,4,Eden,0.0
runs\ab_balanced_items200_h1000\PPO_4,PPO_4,32768,4,Eden,0.0
runs\ab_balanced_items200_h1000\PPO_4,PPO_4,50000,4,Eden,0.0
runs\ab_balanced_items200_h1000\PPO_4,PPO_4,65536,4,Eden,0.0
runs\ab_balanced_items200_h1000\PPO_4,PPO_4,75000,4,Eden,0.0
runs\ab_balanced_items200_h1000\PPO_4,PPO_4,98304,4,Eden,0.0
runs\ab_balanced_items200_h1000\PPO_4,PPO_4,100000,4,Eden,2.0
runs\ab_balanced_items200_h1000\PPO_4,PPO_4,125000,4,Eden,4.0
runs\ab_balanced_items200_h1000\PPO_4,PPO_4,131072,4,Eden,1.0
runs\ab_balanced_items200_h1000\PPO_4,PPO_4,150000,4,Eden,1.0
runs\ab_balanced_items200_h1000\PPO_4,PPO_4,163840,4,Eden,0.0
runs\ab_balanced_items200_h1000\PPO_4,PPO_4,175000,4,Eden,2.0
runs\ab_balanced_items200_h1000\PPO_4,PPO_4,196608,4,Eden,3.0
runs\ab_balanced_items200_h1000\PPO_4,PPO_4,200000,4,Eden,5.0
runs\ab_balanced_items200_h1000\PPO_4,PPO_4,225000,4,Eden,0.0
runs\ab_balanced_items200_h1000\PPO_4,PPO_4,229376,4,Eden,2.0
runs\ab_balanced_items200_h1000\PPO_4,PPO_4,250000,4,Eden,0.0
runs\ab_balanced_items200_h1000\PPO_4,PPO_4,262144,4,Eden,2.0
runs\ab_balanced_items200_h1000\PPO_4,PPO_4,275000,4,Eden,2.0
runs\ab_balanced_items200_h1000\PPO_4,PPO_4,294912,4,Eden,7.0
runs\ab_balanced_items200_h1000\PPO_4,PPO_4,300000,4,Eden,2.0
runs\ab_balanced_items200_h1000\PPO_4,PPO_4,325000,4,Eden,2.0
runs\ab_balanced_items200_h1000\PPO_4,PPO_4,327680,4,Eden,5.0
runs\ab_balanced_items200_h1000\PPO_4,PPO_4,350000,4,Eden,5.0
runs\ab_balanced_items200_h1000\PPO_4,PPO_4,360448,4,Eden,0.0
runs\ab_balanced_items200_h1000\PPO_4,PPO_4,375000,4,Eden,8.0
runs\ab_balanced_items200_h1000\PPO_4,PPO_4,393216,4,Eden,0.0
runs\ab_balanced_items200_h1000\PPO_4,PPO_4,400000,4,Eden,7.0
runs\ab_balanced_items200_h1000\PPO_4,PPO_4,425000,4,Eden,0.0
runs\ab_balanced_items200_h1000\PPO_4,PPO_4,425984,4,Eden,0.0
runs\ab_balanced_items200_h1000\PPO_4,PPO_4,450000,4,Eden,0.0
runs\ab_balanced_items200_h1000\PPO_4,PPO_4,458752,4,Eden,0.0
runs\ab_balanced_items200_h1000\PPO_4,PPO_4,475000,4,Eden,1.0
runs\ab_balanced_items200_h1000\PPO_4,PPO_4,491520,4,Eden,1.0
runs\ab_balanced_items200_h1000\PPO_4,PPO_4,500000,4,Eden,1.0
runs\ab_balanced_items200_h1000\PPO_4,PPO_4,524288,4,Eden,4.0
runs\ab_balanced_items200_h1000\PPO_4,PPO_4,525000,4,Eden,8.0
runs\ab_balanced_items200_h1000\PPO_4,PPO_4,550000,4,Eden,7.0
runs\ab_balanced_items200_h1000\PPO_4,PPO_4,557056,4,Eden,6.0
runs\ab_balanced_items200_h1000\PPO_4,PPO_4,575000,4,Eden,6.0
runs\ab_balanced_items200_h1000\PPO_4,PPO_4,589824,4,Eden,3.0
runs\ab_balanced_items200_h1000\PPO_4,PPO_4,600000,4,Eden,13.0
runs\ab_balanced_items200_h1000\PPO_4,PPO_4,622592,4,Eden,4.0
runs\ab_balanced_items200_h1000\PPO_4,PPO_4,625000,4,Eden,0.0
runs\ab_balanced_items200_h1000\PPO_4,PPO_4,650000,4,Eden,3.0
runs\ab_balanced_items200_h1000\PPO_4,PPO_4,655360,4,Eden,8.0
runs\ab_balanced_items200_h1000\PPO_4,PPO_4,675000,4,Eden,2.0
runs\ab_balanced_items200_h1000\PPO_4,PPO_4,688128,4,Eden,0.0
runs\ab_balanced_items200_h1000\PPO_4,PPO_4,700000,4,Eden,4.0
runs\ab_balanced_items200_h1000\PPO_4,PPO_4,720896,4,Eden,0.0
runs\ab_balanced_items200_h1000\PPO_4,PPO_4,725000,4,Eden,6.0
runs\ab_balanced_items200_h1000\PPO_4,PPO_4,750000,4,Eden,7.0
runs\ab_balanced_items200_h1000\PPO_4,PPO_4,753664,4,Eden,1.0
runs\ab_balanced_items200_h1000\PPO_4,PPO_4,775000,4,Eden,11.0
runs\ab_balanced_items200_h1000\PPO_4,PPO_4,786432,4,Eden,4.0
runs\ab_balanced_items200_h1000\PPO_4,PPO_4,800000,4,Eden,13.0
runs\ab_balanced_items200_h1000\PPO_4,PPO_4,819200,4,Eden,4.0
runs\ab_balanced_items200_h1000\PPO_4,PPO_4,825000,4,Eden,0.0
runs\ab_balanced_items200_h1000\PPO_4,PPO_4,850000,4,Eden,3.0
runs\ab_balanced_items200_h1000\PPO_4,PPO_4,851968,4,Eden,6.0
runs\ab_balanced_items200_h1000\PPO_4,PPO_4,875000,4,Eden,5.0
runs\ab_balanced_items200_h1000\PPO_4,PPO_4,884736,4,Eden,9.0
runs\ab_balanced_items200_h1000\PPO_4,PPO_4,900000,4,Eden,6.0
runs\ab_balanced_items200_h1000\PPO_4,PPO_4,917504,4,Eden,12.0
runs\ab_balanced_items200_h1000\PPO_4,PPO_4,925000,4,Eden,12.0
runs\ab_balanced_items200_h1000\PPO_4,PPO_4,950000,4,Eden,13.0
runs\ab_balanced_items200_h1000\PPO_4,PPO_4,950272,4,Eden,12.0
runs\ab_balanced_items200_h1000\PPO_4,PPO_4,975000,4,Eden,11.0
runs\ab_balanced_items200_h1000\PPO_4,PPO_4,983040,4,Eden,14.0
runs\ab_balanced_items200_h1000\PPO_4,PPO_4,1000000,4,Eden,16.0
runs\ab_balanced_items200_h1000\PPO_4,PPO_4,1015808,4,Eden,16.0
runs\ab_balanced_items200_h1000\PPO_4,PPO_4,1025000,4,Eden,1.0
runs\ab_balanced_items200_h1000\PPO_4,PPO_4,1048576,4,Eden,0.0
runs\ab_balanced_items200_h1000\PPO_4,PPO_4,1050000,4,Eden,4.0
runs\ab_balanced_items200_h1000\PPO_4,PPO_4,1075000,4,Eden,7.0
runs\ab_balanced_items200_h1000\PPO_4,PPO_4,1081344,4,Eden,3.0
runs\ab_balanced_items200_h1000\PPO_4,PPO_4,1100000,4,Eden,12.0
runs\ab_balanced_items200_h1000\PPO_4,PPO_4,1114112,4,Eden,4.0
runs\ab_balanced_items200_h1000\PPO_4,PPO_4,1125000,4,Eden,8.0
runs\ab_balanced_items200_h1000\PPO_4,PPO_4,1146880,4,Eden,9.0
runs\ab_balanced_items200_h1000\PPO_4,PPO_4,1150000,4,Eden,10.0
runs\ab_balanced_items200_h1000\PPO_4,PPO_4,1175000,4,Eden,15.0
runs\ab_balanced_items200_h1000\PPO_4,PPO_4,1179648,4,Eden,9.0
runs\ab_balanced_items200_h1000\PPO_4,PPO_4,1200000,4,Eden,17.0
runs\ab_balanced_items200_h1000\PPO_4,PPO_4,1212416,4,Eden,9.0
runs\ab_balanced_items200_h1000\PPO_4,PPO_4,1225000,4,Eden,1.0
runs\ab_balanced_items200_h1000\PPO_4,PPO_4,1245184,4,Eden,11.0
runs\ab_balanced_items200_h1000\PPO_4,PPO_4,1250000,4,Eden,7.0
runs\ab_balanced_items200_h1000\PPO_4,PPO_4,1275000,4,Eden,11.0
runs\ab_balanced_items200_h1000\PPO_4,PPO_4,1277952,4,Eden,14.0
runs\ab_balanced_items200_h1000\PPO_4,PPO_4,1300000,4,Eden,11.0
runs\ab_balanced_items200_h1000\PPO_4,PPO_4,1310720,4,Eden,15.0
runs\ab_balanced_items200_h1000\PPO_4,PPO_4,1325000,4,Eden,10.0
runs\ab_balanced_items200_h1000\PPO_4,PPO_4,1343488,4,Eden,15.0
runs\ab_balanced_items200_h1000\PPO_4,PPO_4,1350000,4,Eden,14.0
runs\ab_balanced_items200_h1000\PPO_4,PPO_4,1375000,4,Eden,16.0
runs\ab_balanced_items200_h1000\PPO_4,PPO_4,1376256,4,Eden,0.0
runs\ab_balanced_items200_h1000\PPO_4,PPO_4,1400000,4,Eden,17.0
runs\ab_balanced_items200_h1000\PPO_4,PPO_4,1409024,4,Eden,2.0
runs\ab_balanced_items200_h1000\PPO_4,PPO_4,1425000,4,Eden,4.0
runs\ab_balanced_items200_h1000\PPO_4,PPO_4,1441792,4,Eden,6.0
runs\ab_balanced_items200_h1000\PPO_4,PPO_4,1450000,4,Eden,6.0
runs\ab_balanced_items200_h1000\PPO_4,PPO_4,1474560,4,Eden,9.0
runs\ab_balanced_items200_h1000\PPO_4,PPO_4,1475000,4,Eden,11.0
runs\ab_balanced_items200_h1000\PPO_4,PPO_4,1500000,4,Eden,11.0
runs\ab_balanced_items200_h1000\PPO_4,PPO_4,1507328,4,Eden,7.0
runs\ab_balanced_items200_h1000\PPO_4,PPO_4,1525000,4,Eden,14.0
runs\ab_balanced_items200_h1000\PPO_4,PPO_4,1540096,4,Eden,11.0
runs\ab_balanced_items200_h1000\PPO_4,PPO_4,1550000,4,Eden,15.0
runs\ab_balanced_items200_h1000\PPO_4,PPO_4,1572864,4,Eden,12.0
runs\ab_balanced_items200_h1000\PPO_4,PPO_4,1575000,4,Eden,16.0
runs\ab_balanced_items200_h1000\PPO_4,PPO_4,1600000,4,Eden,23.0
runs\ab_balanced_items200_h1000\PPO_4,PPO_4,1605632,4,Eden,13.0
runs\ab_balanced_items200_h1000\PPO_4,PPO_4,25000,5,Finley,0.0
runs\ab_balanced_items200_h1000\PPO_4,PPO_4,32768,5,Finley,0.0
runs\ab_balanced_items200_h1000\PPO_4,PPO_4,50000,5,Finley,0.0
runs\ab_balanced_items200_h1000\PPO_4,PPO_4,65536,5,Finley,0.0
runs\ab_balanced_items200_h1000\PPO_4,PPO_4,75000,5,Finley,0.0
runs\ab_balanced_items200_h1000\PPO_4,PPO_4,98304,5,Finley,0.0
runs\ab_balanced_items200_h1000\PPO_4,PPO_4,100000,5,Finley,0.0
runs\ab_balanced_items200_h1000\PPO_4,PPO_4,125000,5,Finley,2.0
runs\ab_balanced_items200_h1000\PPO_4,PPO_4,131072,5,Finley,0.0
runs\ab_balanced_items200_h1000\PPO_4,PPO_4,150000,5,Finley,1.0
runs\ab_balanced_items200_h1000\PPO_4,PPO_4,163840,5,Finley,1.0
runs\ab_balanced_items200_h1000\PPO_4,PPO_4,175000,5,Finley,3.0
runs\ab_balanced_items200_h1000\PPO_4,PPO_4,196608,5,Finley,1.0
runs\ab_balanced_items200_h1000\PPO_4,PPO_4,200000,5,Finley,5.0
runs\ab_balanced_items200_h1000\PPO_4,PPO_4,225000,5,Finley,0.0
runs\ab_balanced_items200_h1000\PPO_4,PPO_4,229376,5,Finley,3.0
runs\ab_balanced_items200_h1000\PPO_4,PPO_4,250000,5,Finley,0.0
runs\ab_balanced_items200_h1000\PPO_4,PPO_4,262144,5,Finley,2.0
runs\ab_balanced_items200_h1000\PPO_4,PPO_4,275000,5,Finley,0.0
runs\ab_balanced_items200_h1000\PPO_4,PPO_4,294912,5,Finley,2.0
runs\ab_balanced_items200_h1000\PPO_4,PPO_4,300000,5,Finley,0.0
runs\ab_balanced_items200_h1000\PPO_4,PPO_4,325000,5,Finley,1.0
runs\ab_balanced_items200_h1000\PPO_4,PPO_4,327680,5,Finley,3.0
runs\ab_balanced_items200_h1000\PPO_4,PPO_4,350000,5,Finley,2.0
runs\ab_balanced_items200_h1000\PPO_4,PPO_4,360448,5,Finley,0.0
runs\ab_balanced_items200_h1000\PPO_4,PPO_4,375000,5,Finley,2.0
runs\ab_balanced_items200_h1000\PPO_4,PPO_4,393216,5,Finley,0.0
runs\ab_balanced_items200_h1000\PPO_4,PPO_4,400000,5,Finley,7.0
runs\ab_balanced_items200_h1000\PPO_4,PPO_4,425000,5,Finley,0.0
runs\ab_balanced_items200_h1000\PPO_4,PPO_4,425984,5,Finley,0.0
runs\ab_balanced_items200_h1000\PPO_4,PPO_4,450000,5,Finley,1.0
runs\ab_balanced_items200_h1000\PPO_4,PPO_4,458752,5,Finley,0.0
runs\ab_balanced_items200_h1000\PPO_4,PPO_4,475000,5,Finley,1.0
runs\ab_balanced_items200_h1000\PPO_4,PPO_4,491520,5,Finley,0.0
runs\ab_balanced_items200_h1000\PPO_4,PPO_4,500000,5,Finley,0.0
runs\ab_balanced_items200_h1000\PPO_4,PPO_4,524288,5,Finley,0.0
runs\ab_balanced_items200_h1000\PPO_4,PPO_4,525000,5,Finley,0.0
runs\ab_balanced_items200_h1000\PPO_4,PPO_4,550000,5,Finley,5.0
runs\ab_balanced_items200_h1000\PPO_4,PPO_4,557056,5,Finley,2.0
runs\ab_balanced_items200_h1000\PPO_4,PPO_4,575000,5,Finley,8.0
runs\ab_balanced_items200_h1000\PPO_4,PPO_4,589824,5,Finley,3.0
runs\ab_balanced_items200_h1000\PPO_4,PPO_4,600000,5,Finley,6.0
runs\ab_balanced_items200_h1000\PPO_4,PPO_4,622592,5,Finley,5.0
runs\ab_balanced_items200_h1000\PPO_4,PPO_4,625000,5,Finley,0.0
runs\ab_balanced_items200_h1000\PPO_4,PPO_4,650000,5,Finley,0.0
runs\ab_balanced_items200_h1000\PPO_4,PPO_4,655360,5,Finley,2.0
runs\ab_balanced_items200_h1000\PPO_4,PPO_4,675000,5,Finley,0.0
runs\ab_balanced_items200_h1000\PPO_4,PPO_4,688128,5,Finley,0.0
runs\ab_balanced_items200_h1000\PPO_4,PPO_4,700000,5,Finley,0.0
runs\ab_balanced_items200_h1000\PPO_4,PPO_4,720896,5,Finley,0.0
runs\ab_balanced_items200_h1000\PPO_4,PPO_4,725000,5,Finley,0.0
runs\ab_balanced_items200_h1000\PPO_4,PPO_4,750000,5,Finley,3.0
runs\ab_balanced_items200_h1000\PPO_4,PPO_4,753664,5,Finley,0.0
runs\ab_balanced_items200_h1000\PPO_4,PPO_4,775000,5,Finley,4.0
runs\ab_balanced_items200_h1000\PPO_4,PPO_4,786432,5,Finley,0.0
runs\ab_balanced_items200_h1000\PPO_4,PPO_4,800000,5,Finley,6.0
runs\ab_balanced_items200_h1000\PPO_4,PPO_4,819200,5,Finley,0.0
runs\ab_balanced_items200_h1000\PPO_4,PPO_4,825000,5,Finley,0.0
runs\ab_balanced_items200_h1000\PPO_4,PPO_4,850000,5,Finley,0.0
runs\ab_balanced_items200_h1000\PPO_4,PPO_4,851968,5,Finley,1.0
runs\ab_balanced_items200_h1000\PPO_4,PPO_4,875000,5,Finley,0.0
runs\ab_balanced_items200_h1000\PPO_4,PPO_4,884736,5,Finley,2.0
runs\ab_balanced_items200_h1000\PPO_4,PPO_4,900000,5,Finley,4.0
runs\ab_balanced_items200_h1000\PPO_4,PPO_4,917504,5,Finley,5.0
runs\ab_balanced_items200_h1000\PPO_4,PPO_4,925000,5,Finley,1.0
runs\ab_balanced_items200_h1000\PPO_4,PPO_4,950000,5,Finley,0.0
runs\ab_balanced_items200_h1000\PPO_4,PPO_4,950272,5,Finley,2.0
runs\ab_balanced_items200_h1000\PPO_4,PPO_4,975000,5,Finley,2.0
runs\ab_balanced_items200_h1000\PPO_4,PPO_4,983040,5,Finley,7.0
runs\ab_balanced_items200_h1000\PPO_4,PPO_4,1000000,5,Finley,3.0
runs\ab_balanced_items200_h1000\PPO_4,PPO_4,1015808,5,Finley,3.0
runs\ab_balanced_items200_h1000\PPO_4,PPO_4,1025000,5,Finley,0.0
runs\ab_balanced_items200_h1000\PPO_4,PPO_4,1048576,5,Finley,0.0
runs\ab_balanced_items200_h1000\PPO_4,PPO_4,1050000,5,Finley,0.0
runs\ab_balanced_items200_h1000\PPO_4,PPO_4,1075000,5,Finley,0.0
runs\ab_balanced_items200_h1000\PPO_4,PPO_4,1081344,5,Finley,0.0
runs\ab_balanced_items200_h1000\PPO_4,PPO_4,1100000,5,Finley,0.0
runs\ab_balanced_items200_h1000\PPO_4,PPO_4,1114112,5,Finley,0.0
runs\ab_balanced_items200_h1000\PPO_4,PPO_4,1125000,5,Finley,1.0
runs\ab_balanced_items200_h1000\PPO_4,PPO_4,1146880,5,Finley,0.0
runs\ab_balanced_items200_h1000\PPO_4,PPO_4,1150000,5,Finley,3.0
runs\ab_balanced_items200_h1000\PPO_4,PPO_4,1175000,5,Finley,6.0
runs\ab_balanced_items200_h1000\PPO_4,PPO_4,1179648,5,Finley,0.0
runs\ab_balanced_items200_h1000\PPO_4,PPO_4,1200000,5,Finley,3.0
runs\ab_balanced_items200_h1000\PPO_4,PPO_4,1212416,5,Finley,1.0
runs\ab_balanced_items200_h1000\PPO_4,PPO_4,1225000,5,Finley,0.0
runs\ab_balanced_items200_h1000\PPO_4,PPO_4,1245184,5,Finley,3.0
runs\ab_balanced_items200_h1000\PPO_4,PPO_4,1250000,5,Finley,0.0
runs\ab_balanced_items200_h1000\PPO_4,PPO_4,1275000,5,Finley,0.0
runs\ab_balanced_items200_h1000\PPO_4,PPO_4,1277952,5,Finley,2.0
runs\ab_balanced_items200_h1000\PPO_4,PPO_4,1300000,5,Finley,0.0
runs\ab_balanced_items200_h1000\PPO_4,PPO_4,1310720,5,Finley,3.0
runs\ab_balanced_items200_h1000\PPO_4,PPO_4,1325000,5,Finley,3.0
runs\ab_balanced_items200_h1000\PPO_4,PPO_4,1343488,5,Finley,2.0
runs\ab_balanced_items200_h1000\PPO_4,PPO_4,1350000,5,Finley,4.0
runs\ab_balanced_items200_h1000\PPO_4,PPO_4,1375000,5,Finley,2.0
runs\ab_balanced_items200_h1000\PPO_4,PPO_4,1376256,5,Finley,0.0
runs\ab_balanced_items200_h1000\PPO_4,PPO_4,1400000,5,Finley,3.0
runs\ab_balanced_items200_h1000\PPO_4,PPO_4,1409024,5,Finley,0.0
runs\ab_balanced_items200_h1000\PPO_4,PPO_4,1425000,5,Finley,0.0
runs\ab_balanced_items200_h1000\PPO_4,PPO_4,1441792,5,Finley,0.0
runs\ab_balanced_items200_h1000\PPO_4,PPO_4,1450000,5,Finley,0.0
runs\ab_balanced_items200_h1000\PPO_4,PPO_4,1474560,5,Finley,0.0
runs\ab_balanced_items200_h1000\PPO_4,PPO_4,1475000,5,Finley,0.0
runs\ab_balanced_items200_h1000\PPO_4,PPO_4,1500000,5,Finley,1.0
runs\ab_balanced_items200_h1000\PPO_4,PPO_4,1507328,5,Finley,1.0
runs\ab_balanced_items200_h1000\PPO_4,PPO_4,1525000,5,Finley,1.0
runs\ab_balanced_items200_h1000\PPO_4,PPO_4,1540096,5,Finley,0.0
runs\ab_balanced_items200_h1000\PPO_4,PPO_4,1550000,5,Finley,2.0
runs\ab_balanced_items200_h1000\PPO_4,PPO_4,1572864,5,Finley,1.0
runs\ab_balanced_items200_h1000\PPO_4,PPO_4,1575000,5,Finley,2.0
runs\ab_balanced_items200_h1000\PPO_4,PPO_4,1600000,5,Finley,4.0
runs\ab_balanced_items200_h1000\PPO_4,PPO_4,1605632,5,Finley,3.0
runs\ab_balanced_items200_h1000\PPO_4,PPO_4,25000,6,Gray,0.0
runs\ab_balanced_items200_h1000\PPO_4,PPO_4,32768,6,Gray,0.0
runs\ab_balanced_items200_h1000\PPO_4,PPO_4,50000,6,Gray,1.0
runs\ab_balanced_items200_h1000\PPO_4,PPO_4,65536,6,Gray,0.0
runs\ab_balanced_items200_h1000\PPO_4,PPO_4,75000,6,Gray,0.0
runs\ab_balanced_items200_h1000\PPO_4,PPO_4,98304,6,Gray,0.0
runs\ab_balanced_items200_h1000\PPO_4,PPO_4,100000,6,Gray,0.0
runs\ab_balanced_items200_h1000\PPO_4,PPO_4,125000,6,Gray,1.0
runs\ab_balanced_items200_h1000\PPO_4,PPO_4,131072,6,Gray,2.0
runs\ab_balanced_items200_h1000\PPO_4,PPO_4,150000,6,Gray,4.0
runs\ab_balanced_items200_h1000\PPO_4,PPO_4,163840,6,Gray,2.0
runs\ab_balanced_items200_h1000\PPO_4,PPO_4,175000,6,Gray,6.0
runs\ab_balanced_items200_h1000\PPO_4,PPO_4,196608,6,Gray,1.0
runs\ab_balanced_items200_h1000\PPO_4,PPO_4,200000,6,Gray,3.0
runs\ab_balanced_items200_h1000\PPO_4,PPO_4,225000,6,Gray,0.0
runs\ab_balanced_items200_h1000\PPO_4,PPO_4,229376,6,Gray,4.0
runs\ab_balanced_items200_h1000\PPO_4,PPO_4,250000,6,Gray,0.0
runs\ab_balanced_items200_h1000\PPO_4,PPO_4,262144,6,Gray,4.0
runs\ab_balanced_items200_h1000\PPO_4,PPO_4,275000,6,Gray,0.0
runs\ab_balanced_items200_h1000\PPO_4,PPO_4,294912,6,Gray,4.0
runs\ab_balanced_items200_h1000\PPO_4,PPO_4,300000,6,Gray,3.0
runs\ab_balanced_items200_h1000\PPO_4,PPO_4,325000,6,Gray,2.0
runs\ab_balanced_items200_h1000\PPO_4,PPO_4,327680,6,Gray,7.0
runs\ab_balanced_items200_h1000\PPO_4,PPO_4,350000,6,Gray,3.0
runs\ab_balanced_items200_h1000\PPO_4,PPO_4,360448,6,Gray,0.0
runs\ab_balanced_items200_h1000\PPO_4,PPO_4,375000,6,Gray,4.0
runs\ab_balanced_items200_h1000\PPO_4,PPO_4,393216,6,Gray,1.0
runs\ab_balanced_items200_h1000\PPO_4,PPO_4,400000,6,Gray,5.0
runs\ab_balanced_items200_h1000\PPO_4,PPO_4,425000,6,Gray,0.0
runs\ab_balanced_items200_h1000\PPO_4,PPO_4,425984,6,Gray,0.0
runs\ab_balanced_items200_h1000\PPO_4,PPO_4,450000,6,Gray,0.0
runs\ab_balanced_items200_h1000\PPO_4,PPO_4,458752,6,Gray,0.0
runs\ab_balanced_items200_h1000\PPO_4,PPO_4,475000,6,Gray,2.0
runs\ab_balanced_items200_h1000\PPO_4,PPO_4,491520,6,Gray,2.0
runs\ab_balanced_items200_h1000\PPO_4,PPO_4,500000,6,Gray,4.0
runs\ab_balanced_items200_h1000\PPO_4,PPO_4,524288,6,Gray,3.0
runs\ab_balanced_items200_h1000\PPO_4,PPO_4,525000,6,Gray,5.0
runs\ab_balanced_items200_h1000\PPO_4,PPO_4,550000,6,Gray,6.0
runs\ab_balanced_items200_h1000\PPO_4,PPO_4,557056,6,Gray,5.0
runs\ab_balanced_items200_h1000\PPO_4,PPO_4,575000,6,Gray,7.0
runs\ab_balanced_items200_h1000\PPO_4,PPO_4,589824,6,Gray,5.0
runs\ab_balanced_items200_h1000\PPO_4,PPO_4,600000,6,Gray,15.0
runs\ab_balanced_items200_h1000\PPO_4,PPO_4,622592,6,Gray,8.0
runs\ab_balanced_items200_h1000\PPO_4,PPO_4,625000,6,Gray,0.0
runs\ab_balanced_items200_h1000\PPO_4,PPO_4,650000,6,Gray,0.0
runs\ab_balanced_items200_h1000\PPO_4,PPO_4,655360,6,Gray,10.0
runs\ab_balanced_items200_h1000\PPO_4,PPO_4,675000,6,Gray,3.0
runs\ab_balanced_items200_h1000\PPO_4,PPO_4,688128,6,Gray,0.0
runs\ab_balanced_items200_h1000\PPO_4,PPO_4,700000,6,Gray,4.0
runs\ab_balanced_items200_h1000\PPO_4,PPO_4,720896,6,Gray,0.0
runs\ab_balanced_items200_h1000\PPO_4,PPO_4,725000,6,Gray,4.0
runs\ab_balanced_items200_h1000\PPO_4,PPO_4,750000,6,Gray,7.0
runs\ab_balanced_items200_h1000\PPO_4,PPO_4,753664,6,Gray,2.0
runs\ab_balanced_items200_h1000\PPO_4,PPO_4,775000,6,Gray,10.0
runs\ab_balanced_items200_h1000\PPO_4,PPO_4,786432,6,Gray,1.0
runs\ab_balanced_items200_h1000\PPO_4,PPO_4,800000,6,Gray,15.0
runs\ab_balanced_items200_h1000\PPO_4,PPO_4,819200,6,Gray,3.0
runs\ab_balanced_items200_h1000\PPO_4,PPO_4,825000,6,Gray,0.0
runs\ab_balanced_items200_h1000\PPO_4,PPO_4,850000,6,Gray,1.0
runs\ab_balanced_items200_h1000\PPO_4,PPO_4,851968,6,Gray,5.0
runs\ab_balanced_items200_h1000\PPO_4,PPO_4,875000,6,Gray,4.0
runs\ab_balanced_items200_h1000\PPO_4,PPO_4,884736,6,Gray,4.0
runs\ab_balanced_items200_h1000\PPO_4,PPO_4,900000,6,Gray,3.0
runs\ab_balanced_items200_h1000\PPO_4,PPO_4,917504,6,Gray,11.0
runs\ab_balanced_items200_h1000\PPO_4,PPO_4,925000,6,Gray,8.0
runs\ab_balanced_items200_h1000\PPO_4,PPO_4,950000,6,Gray,10.0
runs\ab_balanced_items200_h1000\PPO_4,PPO_4,950272,6,Gray,13.0
runs\ab_balanced_items200_h1000\PPO_4,PPO_4,975000,6,Gray,13.0
runs\ab_balanced_items200_h1000\PPO_4,PPO_4,983040,6,Gray,14.0
runs\ab_balanced_items200_h1000\PPO_4,PPO_4,1000000,6,Gray,16.0
runs\ab_balanced_items200_h1000\PPO_4,PPO_4,1015808,6,Gray,17.0
runs\ab_balanced_items200_h1000\PPO_4,PPO_4,1025000,6,Gray,0.0
runs\ab_balanced_items200_h1000\PPO_4,PPO_4,1048576,6,Gray,0.0
runs\ab_balanced_items200_h1000\PPO_4,PPO_4,1050000,6,Gray,2.0
runs\ab_balanced_items200_h1000\PPO_4,PPO_4,1075000,6,Gray,1.0
runs\ab_balanced_items200_h1000\PPO_4,PPO_4,1081344,6,Gray,0.0
runs\ab_balanced_items200_h1000\PPO_4,PPO_4,1100000,6,Gray,6.0
runs\ab_balanced_items200_h1000\PPO_4,PPO_4,1114112,6,Gray,2.0
runs\ab_balanced_items200_h1000\PPO_4,PPO_4,1125000,6,Gray,7.0
runs\ab_balanced_items200_h1000\PPO_4,PPO_4,1146880,6,Gray,2.0
runs\ab_balanced_items200_h1000\PPO_4,PPO_4,1150000,6,Gray,11.0
runs\ab_balanced_items200_h1000\PPO_4,PPO_4,1175000,6,Gray,13.0
runs\ab_balanced_items200_h1000\PPO_4,PPO_4,1179648,6,Gray,5.0
runs\ab_balanced_items200_h1000\PPO_4,PPO_4,1200000,6,Gray,20.0
runs\ab_balanced_items200_h1000\PPO_4,PPO_4,1212416,6,Gray,7.0
runs\ab_balanced_items200_h1000\PPO_4,PPO_4,1225000,6,Gray,0.0
runs\ab_balanced_items200_h1000\PPO_4,PPO_4,1245184,6,Gray,10.0
runs\ab_balanced_items200_h1000\PPO_4,PPO_4,1250000,6,Gray,1.0
runs\ab_balanced_items200_h1000\PPO_4,PPO_4,1275000,6,Gray,3.0
runs\ab_balanced_items200_h1000\PPO_4,PPO_4,1277952,6,Gray,10.0
runs\ab_balanced_items200_h1000\PPO_4,PPO_4,1300000,6,Gray,5.0
runs\ab_balanced_items200_h1000\PPO_4,PPO_4,1310720,6,Gray,12.0
runs\ab_balanced_items200_h1000\PPO_4,PPO_4,1325000,6,Gray,9.0
runs\ab_balanced_items200_h1000\PPO_4,PPO_4,1343488,6,Gray,16.0
runs\ab_balanced_items200_h1000\PPO_4,PPO_4,1350000,6,Gray,10.0
runs\ab_balanced_items200_h1000\PPO_4,PPO_4,1375000,6,Gray,15.0
runs\ab_balanced_items200_h1000\PPO_4,PPO_4,1376256,6,Gray,0.0
runs\ab_balanced_items200_h1000\PPO_4,PPO_4,1400000,6,Gray,16.0
runs\ab_balanced_items200_h1000\PPO_4,PPO_4,1409024,6,Gray,0.0
runs\ab_balanced_items200_h1000\PPO_4,PPO_4,1425000,6,Gray,0.0
runs\ab_balanced_items200_h1000\PPO_4,PPO_4,1441792,6,Gray,0.0
runs\ab_balanced_items200_h1000\PPO_4,PPO_4,1450000,6,Gray,2.0
runs\ab_balanced_items200_h1000\PPO_4,PPO_4,1474560,6,Gray,0.0
runs\ab_balanced_items200_h1000\PPO_4,PPO_4,1475000,6,Gray,5.0
runs\ab_balanced_items200_h1000\PPO_4,PPO_4,1500000,6,Gray,7.0
runs\ab_balanced_items200_h1000\PPO_4,PPO_4,1507328,6,Gray,2.0
runs\ab_balanced_items200_h1000\PPO_4,PPO_4,1525000,6,Gray,12.0
runs\ab_balanced_items200_h1000\PPO_4,PPO_4,1540096,6,Gray,6.0
runs\ab_balanced_items200_h1000\PPO_4,PPO_4,1550000,6,Gray,15.0
runs\ab_balanced_items200_h1000\PPO_4,PPO_4,1572864,6,Gray,10.0
runs\ab_balanced_items200_h1000\PPO_4,PPO_4,1575000,6,Gray,15.0
runs\ab_balanced_items200_h1000\PPO_4,PPO_4,1600000,6,Gray,20.0
runs\ab_balanced_items200_h1000\PPO_4,PPO_4,1605632,6,Gray,7.0
runs\ab_balanced_items200_h1000\PPO_4,PPO_4,25000,7,Harper,0.0
runs\ab_balanced_items200_h1000\PPO_4,PPO_4,32768,7,Harper,0.0
runs\ab_balanced_items200_h1000\PPO_4,PPO_4,50000,7,Harper,0.0
runs\ab_balanced_items200_h1000\PPO_4,PPO_4,65536,7,Harper,0.0
runs\ab_balanced_items200_h1000\PPO_4,PPO_4,75000,7,Harper,0.0
runs\ab_balanced_items200_h1000\PPO_4,PPO_4,98304,7,Harper,0.0
runs\ab_balanced_items200_h1000\PPO_4,PPO_4,100000,7,Harper,1.0
runs\ab_balanced_items200_h1000\PPO_4,PPO_4,125000,7,Harper,3.0
runs\ab_balanced_items200_h1000\PPO_4,PPO_4,131072,7,Harper,0.0
runs\ab_balanced_items200_h1000\PPO_4,PPO_4,150000,7,Harper,5.0
runs\ab_balanced_items200_h1000\PPO_4,PPO_4,163840,7,Harper,0.0
runs\ab_balanced_items200_h1000\PPO_4,PPO_4,175000,7,Harper,5.0
runs\ab_balanced_items200_h1000\PPO_4,PPO_4,196608,7,Harper,3.0
runs\ab_balanced_items200_h1000\PPO_4,PPO_4,200000,7,Harper,10.0
runs\ab_balanced_items200_h1000\PPO_4,PPO_4,225000,7,Harper,0.0
runs\ab_balanced_items200_h1000\PPO_4,PPO_4,229376,7,Harper,3.0
runs\ab_balanced_items200_h1000\PPO_4,PPO_4,250000,7,Harper,1.0
runs\ab_balanced_items200_h1000\PPO_4,PPO_4,262144,7,Harper,2.0
runs\ab_balanced_items200_h1000\PPO_4,PPO_4,275000,7,Harper,0.0
runs\ab_balanced_items200_h1000\PPO_4,PPO_4,294912,7,Harper,6.0
runs\ab_balanced_items200_h1000\PPO_4,PPO_4,300000,7,Harper,3.0
runs\ab_balanced_items200_h1000\PPO_4,PPO_4,325000,7,Harper,8.0
runs\ab_balanced_items200_h1000\PPO_4,PPO_4,327680,7,Harper,7.0
runs\ab_balanced_items200_h1000\PPO_4,PPO_4,350000,7,Harper,8.0
runs\ab_balanced_items200_h1000\PPO_4,PPO_4,360448,7,Harper,0.0
runs\ab_balanced_items200_h1000\PPO_4,PPO_4,375000,7,Harper,7.0
runs\ab_balanced_items200_h1000\PPO_4,PPO_4,393216,7,Harper,0.0
runs\ab_balanced_items200_h1000\PPO_4,PPO_4,400000,7,Harper,14.0
runs\ab_balanced_items200_h1000\PPO_4,PPO_4,425000,7,Harper,0.0
runs\ab_balanced_items200_h1000\PPO_4,PPO_4,425984,7,Harper,2.0
runs\ab_balanced_items200_h1000\PPO_4,PPO_4,450000,7,Harper,0.0
runs\ab_balanced_items200_h1000\PPO_4,PPO_4,458752,7,Harper,0.0
runs\ab_balanced_items200_h1000\PPO_4,PPO_4,475000,7,Harper,0.0
runs\ab_balanced_items200_h1000\PPO_4,PPO_4,491520,7,Harper,2.0
runs\ab_balanced_items200_h1000\PPO_4,PPO_4,500000,7,Harper,3.0
runs\ab_balanced_items200_h1000\PPO_4,PPO_4,524288,7,Harper,2.0
runs\ab_balanced_items200_h1000\PPO_4,PPO_4,525000,7,Harper,11.0
runs\ab_balanced_items200_h1000\PPO_4,PPO_4,550000,7,Harper,7.0
runs\ab_balanced_items200_h1000\PPO_4,PPO_4,557056,7,Harper,3.0
runs\ab_balanced_items200_h1000\PPO_4,PPO_4,575000,7,Harper,10.0
runs\ab_balanced_items200_h1000\PPO_4,PPO_4,589824,7,Harper,10.0
runs\ab_balanced_items200_h1000\PPO_4,PPO_4,600000,7,Harper,16.0
runs\ab_balanced_items200_h1000\PPO_4,PPO_4,622592,7,Harper,16.0
runs\ab_balanced_items200_h1000\PPO_4,PPO_4,625000,7,Harper,0.0
runs\ab_balanced_items200_h1000\PPO_4,PPO_4,650000,7,Harper,1.0
runs\ab_balanced_items200_h1000\PPO_4,PPO_4,655360,7,Harper,13.0
runs\ab_balanced_items200_h1000\PPO_4,PPO_4,675000,7,Harper,8.0
runs\ab_balanced_items200_h1000\PPO_4,PPO_4,688128,7,Harper,0.0
runs\ab_balanced_items200_h1000\PPO_4,PPO_4,700000,7,Harper,9.0
runs\ab_balanced_items200_h1000\PPO_4,PPO_4,720896,7,Harper,0.0
runs\ab_balanced_items200_h1000\PPO_4,PPO_4,725000,7,Harper,8.0
runs\ab_balanced_items200_h1000\PPO_4,PPO_4,750000,7,Harper,10.0
runs\ab_balanced_items200_h1000\PPO_4,PPO_4,753664,7,Harper,1.0
runs\ab_balanced_items200_h1000\PPO_4,PPO_4,775000,7,Harper,19.0
runs\ab_balanced_items200_h1000\PPO_4,PPO_4,786432,7,Harper,3.0
runs\ab_balanced_items200_h1000\PPO_4,PPO_4,800000,7,Harper,17.0
runs\ab_balanced_items200_h1000\PPO_4,PPO_4,819200,7,Harper,6.0
runs\ab_balanced_items200_h1000\PPO_4,PPO_4,825000,7,Harper,0.0
runs\ab_balanced_items200_h1000\PPO_4,PPO_4,850000,7,Harper,2.0
runs\ab_balanced_items200_h1000\PPO_4,PPO_4,851968,7,Harper,7.0
runs\ab_balanced_items200_h1000\PPO_4,PPO_4,875000,7,Harper,4.0
runs\ab_balanced_items200_h1000\PPO_4,PPO_4,884736,7,Harper,9.0
runs\ab_balanced_items200_h1000\PPO_4,PPO_4,900000,7,Harper,8.0
runs\ab_balanced_items200_h1000\PPO_4,PPO_4,917504,7,Harper,15.0
runs\ab_balanced_items200_h1000\PPO_4,PPO_4,925000,7,Harper,10.0
runs\ab_balanced_items200_h1000\PPO_4,PPO_4,950000,7,Harper,12.0
runs\ab_balanced_items200_h1000\PPO_4,PPO_4,950272,7,Harper,8.0
runs\ab_balanced_items200_h1000\PPO_4,PPO_4,975000,7,Harper,16.0
runs\ab_balanced_items200_h1000\PPO_4,PPO_4,983040,7,Harper,14.0
runs\ab_balanced_items200_h1000\PPO_4,PPO_4,1000000,7,Harper,23.0
runs\ab_balanced_items200_h1000\PPO_4,PPO_4,1015808,7,Harper,17.0
runs\ab_balanced_items200_h1000\PPO_4,PPO_4,1025000,7,Harper,2.0
runs\ab_balanced_items200_h1000\PPO_4,PPO_4,1048576,7,Harper,2.0
runs\ab_balanced_items200_h1000\PPO_4,PPO_4,1050000,7,Harper,4.0
runs\ab_balanced_items200_h1000\PPO_4,PPO_4,1075000,7,Harper,6.0
runs\ab_balanced_items200_h1000\PPO_4,PPO_4,1081344,7,Harper,3.0
runs\ab_balanced_items200_h1000\PPO_4,PPO_4,1100000,7,Harper,10.0
runs\ab_balanced_items200_h1000\PPO_4,PPO_4,1114112,7,Harper,4.0
runs\ab_balanced_items200_h1000\PPO_4,PPO_4,1125000,7,Harper,13.0
runs\ab_balanced_items200_h1000\PPO_4,PPO_4,1146880,7,Harper,8.0
runs\ab_balanced_items200_h1000\PPO_4,PPO_4,1150000,7,Harper,16.0
runs\ab_balanced_items200_h1000\PPO_4,PPO_4,1175000,7,Harper,16.0
runs\ab_balanced_items200_h1000\PPO_4,PPO_4,1179648,7,Harper,10.0
runs\ab_balanced_items200_h1000\PPO_4,PPO_4,1200000,7,Harper,23.0
runs\ab_balanced_items200_h1000\PPO_4,PPO_4,1212416,7,Harper,10.0
runs\ab_balanced_items200_h1000\PPO_4,PPO_4,1225000,7,Harper,5.0
runs\ab_balanced_items200_h1000\PPO_4,PPO_4,1245184,7,Harper,13.0
runs\ab_balanced_items200_h1000\PPO_4,PPO_4,1250000,7,Harper,5.0
runs\ab_balanced_items200_h1000\PPO_4,PPO_4,1275000,7,Harper,6.0
runs\ab_balanced_items200_h1000\PPO_4,PPO_4,1277952,7,Harper,15.0
runs\ab_balanced_items200_h1000\PPO_4,PPO_4,1300000,7,Harper,10.0
runs\ab_balanced_items200_h1000\PPO_4,PPO_4,1310720,7,Harper,23.0
runs\ab_balanced_items200_h1000\PPO_4,PPO_4,1325000,7,Harper,14.0
runs\ab_balanced_items200_h1000\PPO_4,PPO_4,1343488,7,Harper,23.0
runs\ab_balanced_items200_h1000\PPO_4,PPO_4,1350000,7,Harper,19.0
runs\ab_balanced_items200_h1000\PPO_4,PPO_4,1375000,7,Harper,22.0
runs\ab_balanced_items200_h1000\PPO_4,PPO_4,1376256,7,Harper,0.0
runs\ab_balanced_items200_h1000\PPO_4,PPO_4,1400000,7,Harper,22.0
runs\ab_balanced_items200_h1000\PPO_4,PPO_4,1409024,7,Harper,2.0
runs\ab_balanced_items200_h1000\PPO_4,PPO_4,1425000,7,Harper,2.0
runs\ab_balanced_items200_h1000\PPO_4,PPO_4,1441792,7,Harper,6.0
runs\ab_balanced_items200_h1000\PPO_4,PPO_4,1450000,7,Harper,7.0
runs\ab_balanced_items200_h1000\PPO_4,PPO_4,1474560,7,Harper,6.0
runs\ab_balanced_items200_h1000\PPO_4,PPO_4,1475000,7,Harper,8.0
runs\ab_balanced_items200_h1000\PPO_4,PPO_4,1500000,7,Harper,15.0
runs\ab_balanced_items200_h1000\PPO_4,PPO_4,1507328,7,Harper,12.0
runs\ab_balanced_items200_h1000\PPO_4,PPO_4,1525000,7,Harper,14.0
runs\ab_balanced_items200_h1000\PPO_4,PPO_4,1540096,7,Harper,12.0
runs\ab_balanced_items200_h1000\PPO_4,PPO_4,1550000,7,Harper,20.0
runs\ab_balanced_items200_h1000\PPO_4,PPO_4,1572864,7,Harper,16.0
runs\ab_balanced_items200_h1000\PPO_4,PPO_4,1575000,7,Harper,23.0
runs\ab_balanced_items200_h1000\PPO_4,PPO_4,1600000,7,Harper,26.0
runs\ab_balanced_items200_h1000\PPO_4,PPO_4,1605632,7,Harper,18.0
